{
	"variants": {
		"axis=y": [
			{"model": "minecraft:block/exposed_copper_chain", "weight": 5 },
			{"model": "minecraft:block/exposed_copper_chain_alt", "weight": 2 },
			{"model": "minecraft:block/exposed_copper_chain_alt", "weight": 2, "y":180 }
		],
		
		"axis=x": [
			{"model": "minecraft:block/exposed_copper_chain",	"x": 90,	"y": 90 },
			{"model": "minecraft:block/exposed_copper_chain_alt",	"x": 90,	"y": 90 }
		],
		
		"axis=z": [
			{"model": "minecraft:block/exposed_copper_chain",	"x": 90 },
			{"model": "minecraft:block/exposed_copper_chain_alt",	"x": 90 }
		]
	}
}