{
    "multipart": [
		{	"apply":	{ "model": "block/jukebox/jukebox" }},
		
		{	"when":		{ "has_record": "true" },		
				"apply":[		
					{ "model": "block/jukebox/music_disc_5" },
					{ "model": "block/jukebox/music_disc_13" },
					{ "model": "block/jukebox/music_disc_blocks" },
					{ "model": "block/jukebox/music_disc_cat" },
					{ "model": "block/jukebox/music_disc_chirp" },
					{ "model": "block/jukebox/music_disc_creator" },
					{ "model": "block/jukebox/music_disc_creator_music_box" },
					{ "model": "block/jukebox/music_disc_far" },
					{ "model": "block/jukebox/music_disc_lava_chicken" },
					{ "model": "block/jukebox/music_disc_mall" },
					{ "model": "block/jukebox/music_disc_mellohi" },
					{ "model": "block/jukebox/music_disc_other_side" },
					{ "model": "block/jukebox/music_disc_pigstep" },
					{ "model": "block/jukebox/music_disc_precipice" },
					{ "model": "block/jukebox/music_disc_relic" },
					{ "model": "block/jukebox/music_disc_stal" },
					{ "model": "block/jukebox/music_disc_strad" },
					{ "model": "block/jukebox/music_disc_tears" },
					{ "model": "block/jukebox/music_disc_wait" },
					{ "model": "block/jukebox/music_disc_ward" }
				]
		}
    ]
}
