{
	"format_version": "1.21.6",
	"credit": "Made with Blockbench",
	"textures": {
		"layer0": "item/brick",
		"particle": "item/copper_block"
	},
	"elements": [
		{
			"from": [1.5, 3, 5],
			"to": [14.5, 7, 11],
			"rotation": {"angle": 0, "axis": "y", "origin": [1.5, 5, 5]},
			"faces": {
				"north": {"uv": [7, 16, 11, 3], "rotation": 90, "texture": "#layer0"},
				"east": {"uv": [13, 3, 7, 7], "texture": "#layer0"},
				"south": {"uv": [2, 3, 6, 16], "rotation": 90, "texture": "#layer0"},
				"west": {"uv": [6, 12, 0, 16], "texture": "#layer0"},
				"up": {"uv": [7, 3, 13, 16], "rotation": 90, "texture": "#layer0"},
				"down": {"uv": [0, 16, 6, 3], "rotation": 90, "texture": "#layer0"}
			}
		}
	],
	"display": {
		"thirdperson_righthand": {
			"translation": [0, 3, 1],
			"scale": [0.55, 0.55, 0.55]
		},
		"thirdperson_lefthand": {
			"translation": [0, 3, 1],
			"scale": [0.55, 0.55, 0.55]
		},
		"firstperson_righthand": {
			"rotation": [0, -180, 0],
			"translation": [0.5, 3.25, 1.25],
			"scale": [0.4, 0.4, 0.4]
		},
		"firstperson_lefthand": {
			"rotation": [0, -180, 0],
			"translation": [1.13, 3.2, 1.13],
			"scale": [0.68, 0.68, 0.68]
		},
		"ground": {
			"translation": [0, 2, 0],
			"scale": [0.5, 0.5, 0.5]
		},
		"gui": {
			"rotation": [28, 36, 1],
			"translation": [0, 2.75, 0]
		},
		"head": {
			"rotation": [0, -180, 0],
			"translation": [0, 11.25, -0.75]
		},
		"fixed": {
			"rotation": [-90, -180, 0],
			"translation": [0, 0, -4]
		}
	}
}