{
	"format_version": "1.21.6",
	"credit": "Made with Blockbench",
	"parent": "minecraft:block/tinted_cross",
	"textures": {
		"1": "block/furnace_log_unlit",
		"particle": "block/furnace_log_unlit",
		"cross": "item/bush"
	},
	"elements": [
		{
			"from": [3, 2, 3],
			"to": [13, 12, 13],
			"rotation": {"angle": 0, "axis": "y", "origin": [3, 2, 3]},
			"faces": {
				"north": {"uv": [4, 6, 14, 16], "texture": "#cross", "tintindex": 0},
				"east": {"uv": [4, 6, 14, 16], "texture": "#cross", "tintindex": 0},
				"south": {"uv": [4, 6, 14, 16], "texture": "#cross", "tintindex": 0},
				"west": {"uv": [4, 6, 14, 16], "texture": "#cross", "tintindex": 0},
				"up": {"uv": [4, 6, 14, 16], "texture": "#cross", "tintindex": 0},
				"down": {"uv": [4, 6, 14, 16], "texture": "#cross", "tintindex": 0}
			}
		},
		{
			"from": [7, 0, 7],
			"to": [9, 2, 9],
			"rotation": {"angle": 0, "axis": "y", "origin": [7, 0, 7]},
			"faces": {
				"north": {"uv": [2, 0, 4, 2], "texture": "#1"},
				"east": {"uv": [8, 1, 10, 3], "texture": "#1"},
				"south": {"uv": [12, 1, 14, 3], "texture": "#1"},
				"west": {"uv": [7, 2, 9, 4], "texture": "#1"},
				"up": {"uv": [7, 2, 9, 4], "texture": "#1"},
				"down": {"uv": [7, 2, 9, 4], "texture": "#1"}
			}
		},
		{
			"from": [0, 1.5, 3.5],
			"to": [0, 12.75, 19.25],
			"rotation": {"angle": 45, "axis": "y", "origin": [0, 0, 0]},
			"faces": {
				"north": {"uv": [0, 0, 0, 11], "texture": "#cross", "tintindex": 0},
				"east": {"uv": [1, 5, 16, 16], "texture": "#cross", "tintindex": 0},
				"south": {"uv": [0, 0, 0, 11], "texture": "#cross", "tintindex": 0},
				"west": {"uv": [1, 5, 16, 16], "texture": "#cross", "tintindex": 0},
				"up": {"uv": [0, 0, 0, 15.25], "texture": "#cross", "tintindex": 0},
				"down": {"uv": [0, 0, 0, 15.25], "texture": "#cross", "tintindex": 0}
			}
		},
		{
			"from": [0.16834, 1.5, 8.04334],
			"to": [15.91834, 12.75, 8.04334],
			"rotation": {"angle": 45, "axis": "y", "origin": [8.04334, 7.125, 8.04334]},
			"faces": {
				"north": {"uv": [1, 5, 16, 16], "texture": "#cross", "tintindex": 0},
				"east": {"uv": [0, 0, 0, 11], "texture": "#cross", "tintindex": 0},
				"south": {"uv": [1, 5, 16, 16], "texture": "#cross", "tintindex": 0},
				"west": {"uv": [0, 0, 0, 11], "texture": "#cross", "tintindex": 0},
				"up": {"uv": [0, 0, 0, 15.25], "rotation": 270, "texture": "#cross", "tintindex": 0},
				"down": {"uv": [0, 0, 0, 15.25], "rotation": 90, "texture": "#cross", "tintindex": 0}
			}
		}
	],
	"gui_light": "front",
	"display": {
		"thirdperson_righthand": {
			"rotation": [75, 45, 0],
			"translation": [0, 2.5, 0],
			"scale": [0.375, 0.375, 0.375]
		},
		"thirdperson_lefthand": {
			"rotation": [75, 45, 0],
			"translation": [0, 2.5, 0],
			"scale": [0.375, 0.375, 0.375]
		},
		"firstperson_righthand": {
			"rotation": [0, 45, 0],
			"translation": [0, 3.25, 0],
			"scale": [0.4, 0.4, 0.4]
		},
		"firstperson_lefthand": {
			"rotation": [0, -135, 0],
			"translation": [0, 3.75, 0],
			"scale": [0.4, 0.4, 0.4]
		},
		"ground": {
			"translation": [0, 3, 0],
			"scale": [0.4, 0.4, 0.4]
		},
		"gui": {
			"rotation": [0, -90, 0],
			"translation": [0, 1.25, 0]
		},
		"head": {
			"translation": [0, 14.25, 0]
		},
		"fixed": {
			"translation": [0, 1.75, 0],
			"scale": [0.7, 0.7, 0.7]
		}
	}
}