{
	"format_version": "1.21.6",
	"credit": "Made with Blockbench",
	"textures": {
		"1": "item/charcoal",
		"particle": "item/charcoal"
	},
	"elements": [
		{
			"from": [4, 3, 4],
			"to": [12, 11, 12],
			"rotation": {"angle": 0, "axis": "y", "origin": [8, 7, 8]},
			"faces": {
				"north": {"uv": [4, 5, 12, 13], "texture": "#1"},
				"east": {"uv": [4, 5, 12, 13], "texture": "#1"},
				"south": {"uv": [4, 5, 12, 13], "texture": "#1"},
				"west": {"uv": [4, 5, 12, 13], "texture": "#1"},
				"up": {"uv": [4, 5, 12, 13], "texture": "#1"},
				"down": {"uv": [4, 5, 12, 13], "texture": "#1"}
			}
		},
		{
			"from": [5, 2, 5],
			"to": [11, 3, 11],
			"rotation": {"angle": 0, "axis": "y", "origin": [4, 3, 4]},
			"faces": {
				"north": {"uv": [5, 12, 11, 13], "texture": "#1"},
				"east": {"uv": [5, 12, 11, 13], "texture": "#1"},
				"south": {"uv": [5, 12, 11, 13], "texture": "#1"},
				"west": {"uv": [5, 12, 11, 13], "texture": "#1"},
				"up": {"uv": [4, 5, 12, 13], "texture": "#1"},
				"down": {"uv": [6, 7, 12, 13], "texture": "#1"}
			}
		},
		{
			"from": [12, 3, 5],
			"to": [13, 9, 11],
			"rotation": {"angle": 0, "axis": "y", "origin": [8, 7, 8]},
			"faces": {
				"north": {"uv": [9, 6, 10, 12], "texture": "#1"},
				"east": {"uv": [4, 6, 10, 12], "texture": "#1"},
				"south": {"uv": [4, 6, 5, 12], "texture": "#1"},
				"west": {"uv": [0, 0, 0, 0], "texture": "#1"},
				"up": {"uv": [10, 6, 4, 7], "rotation": 90, "texture": "#1"},
				"down": {"uv": [9, 6, 10, 12], "texture": "#1"}
			}
		},
		{
			"from": [12, 4, 6],
			"to": [14, 7, 9],
			"rotation": {"angle": 0, "axis": "y", "origin": [8, 7, 8]},
			"faces": {
				"north": {"uv": [9, 9, 10, 12], "texture": "#1"},
				"east": {"uv": [7, 9, 10, 12], "texture": "#1"},
				"south": {"uv": [7, 9, 8, 12], "texture": "#1"},
				"west": {"uv": [0, 0, 0, 0], "texture": "#1"},
				"up": {"uv": [9, 9, 10, 12], "texture": "#1"},
				"down": {"uv": [7, 9, 8, 12], "texture": "#1"}
			}
		},
		{
			"from": [3, 4, 6],
			"to": [5, 7, 9],
			"rotation": {"angle": 0, "axis": "y", "origin": [8, 7, 8]},
			"faces": {
				"north": {"uv": [10, 9, 9, 12], "texture": "#1"},
				"east": {"uv": [0, 0, 0, 0], "texture": "#1"},
				"south": {"uv": [8, 9, 7, 12], "texture": "#1"},
				"west": {"uv": [13, 9, 10, 12], "texture": "#1"},
				"up": {"uv": [10, 9, 9, 12], "texture": "#1"},
				"down": {"uv": [8, 9, 7, 12], "texture": "#1"}
			}
		},
		{
			"from": [6, 4, 2],
			"to": [9, 7, 4],
			"rotation": {"angle": 0, "axis": "y", "origin": [8, 7, 8]},
			"faces": {
				"north": {"uv": [4, 8, 7, 11], "texture": "#1"},
				"east": {"uv": [7, 9, 8, 12], "texture": "#1"},
				"south": {"uv": [0, 0, 0, 0], "texture": "#1"},
				"west": {"uv": [9, 9, 10, 12], "texture": "#1"},
				"up": {"uv": [10, 12, 9, 9], "rotation": 90, "texture": "#1"},
				"down": {"uv": [8, 12, 7, 9], "rotation": 270, "texture": "#1"}
			}
		},
		{
			"from": [5, 3, 3],
			"to": [11, 9, 4],
			"rotation": {"angle": 0, "axis": "y", "origin": [8, 7, 8]},
			"faces": {
				"north": {"uv": [4, 6, 10, 12], "texture": "#1"},
				"east": {"uv": [4, 6, 5, 12], "texture": "#1"},
				"south": {"uv": [0, 0, 0, 0], "texture": "#1"},
				"west": {"uv": [9, 6, 10, 12], "texture": "#1"},
				"up": {"uv": [4, 7, 10, 6], "rotation": 180, "texture": "#1"},
				"down": {"uv": [10, 12, 9, 6], "rotation": 270, "texture": "#1"}
			}
		},
		{
			"from": [6, 4, 11],
			"to": [10, 9, 13],
			"rotation": {"angle": 0, "axis": "y", "origin": [8, 7, 8]},
			"faces": {
				"north": {"uv": [0, 0, 0, 0], "texture": "#1"},
				"east": {"uv": [11, 7, 10, 12], "texture": "#1"},
				"south": {"uv": [9, 7, 5, 12], "texture": "#1"},
				"west": {"uv": [8, 7, 7, 12], "texture": "#1"},
				"up": {"uv": [11, 7, 7, 8], "texture": "#1"},
				"down": {"uv": [11, 11, 7, 12], "texture": "#1"}
			}
		},
		{
			"from": [5, 11, 5],
			"to": [11, 12, 11],
			"rotation": {"angle": 0, "axis": "y", "origin": [5, 11, 5]},
			"faces": {
				"north": {"uv": [4, 4, 10, 5], "texture": "#1"},
				"east": {"uv": [4, 4, 10, 5], "texture": "#1"},
				"south": {"uv": [4, 4, 10, 5], "texture": "#1"},
				"west": {"uv": [4, 4, 10, 5], "texture": "#1"},
				"up": {"uv": [4, 4, 10, 10], "texture": "#1"},
				"down": {"uv": [4, 4, 10, 10], "texture": "#1"}
			}
		},
		{
			"from": [6, 11, 7],
			"to": [9, 13, 10],
			"rotation": {"angle": 0, "axis": "y", "origin": [5, 11, 5]},
			"faces": {
				"north": {"uv": [4, 4, 7, 5], "texture": "#1"},
				"east": {"uv": [4, 4, 7, 5], "texture": "#1"},
				"south": {"uv": [4, 4, 7, 5], "texture": "#1"},
				"west": {"uv": [4, 4, 7, 5], "texture": "#1"},
				"up": {"uv": [5, 6, 8, 9], "texture": "#1"},
				"down": {"uv": [4, 4, 10, 10], "texture": "#1"}
			}
		}
	],
	"display": {
		"thirdperson_righthand": {
			"translation": [0, 3.25, 1],
			"scale": [0.55, 0.55, 0.55]
		},
		"thirdperson_lefthand": {
			"translation": [0, 3.25, 1],
			"scale": [0.55, 0.55, 0.55]
		},
		"firstperson_righthand": {
			"rotation": [0, 161, -3],
			"translation": [1.13, 3.2, 1.13],
			"scale": [0.68, 0.68, 0.68]
		},
		"firstperson_lefthand": {
			"rotation": [0, 161, -3],
			"translation": [1.13, 3.2, 1.13],
			"scale": [0.68, 0.68, 0.68]
		},
		"ground": {
			"translation": [0, 2, 0],
			"scale": [0.5, 0.5, 0.5]
		},
		"gui": {
			"rotation": [0, -90, 0],
			"translation": [-0.5, 0.5, 0]
		},
		"head": {
			"translation": [0, 12.25, 0]
		},
		"fixed": {
			"translation": [0, 0, -1.75]
		}
	}
}