{
	"format_version": "1.21.6",
	"credit": "Made with Blockbench",
	"textures": {
		"layer0": "item/copper_nugget_3d",
		"particle": "item/copper_block"
	},
	"elements": [
		{
			"from": [5, 3, 6.5],
			"to": [12, 6, 9.5],
			"rotation": {"angle": 45, "axis": "z", "origin": [5, 5, 6.5]},
			"faces": {
				"north": {"uv": [13, 9, 16, 16], "rotation": 270, "texture": "#layer0"},
				"east": {"uv": [13, 9, 16, 12], "rotation": 270, "texture": "#layer0"},
				"south": {"uv": [13, 16, 16, 9], "rotation": 270, "texture": "#layer0"},
				"west": {"uv": [13, 13, 16, 16], "rotation": 270, "texture": "#layer0"},
				"up": {"uv": [13, 16, 16, 9], "rotation": 270, "texture": "#layer0"},
				"down": {"uv": [13, 16, 16, 9], "rotation": 270, "texture": "#layer0"}
			}
		},
		{
			"from": [6, 6, 7],
			"to": [10, 7, 9],
			"rotation": {"angle": 45, "axis": "z", "origin": [5, 5, 6.5]},
			"faces": {
				"north": {"uv": [15, 9, 16, 13], "rotation": 270, "texture": "#layer0"},
				"east": {"uv": [14, 12, 16, 13], "rotation": 180, "texture": "#layer0"},
				"south": {"uv": [14, 9, 15, 13], "rotation": 270, "texture": "#layer0"},
				"west": {"uv": [14, 9, 16, 10], "rotation": 180, "texture": "#layer0"},
				"up": {"uv": [14, 9, 16, 13], "rotation": 270, "texture": "#layer0"},
				"down": {"uv": [14, 9, 16, 13], "rotation": 270, "texture": "#layer0"}
			}
		},
		{
			"from": [5.5, 7.5, 6.5],
			"to": [10.5, 6.5, 9.5],
			"rotation": {"angle": 45, "axis": "z", "origin": [5, 5, 6.5]},
			"faces": {
				"north": {"uv": [10, 10, 11, 9], "rotation": 270, "texture": "#layer0"},
				"east": {"uv": [10, 10, 11, 9], "rotation": 270, "texture": "#layer0"},
				"south": {"uv": [10, 10, 11, 9], "rotation": 270, "texture": "#layer0"},
				"west": {"uv": [10, 10, 11, 9], "rotation": 270, "texture": "#layer0"},
				"down": {"uv": [10, 10, 11, 9], "rotation": 270, "texture": "#layer0"}
			}
		},
		{
			"from": [4.5, 6.5, 6],
			"to": [12.5, 2.5, 10],
			"rotation": {"angle": 45, "axis": "z", "origin": [5, 5, 6.5]},
			"faces": {
				"north": {"uv": [10, 10, 11, 9], "rotation": 270, "texture": "#layer0"},
				"east": {"uv": [10, 10, 11, 9], "rotation": 270, "texture": "#layer0"},
				"south": {"uv": [10, 10, 11, 9], "rotation": 270, "texture": "#layer0"},
				"west": {"uv": [10, 10, 11, 9], "rotation": 270, "texture": "#layer0"},
				"up": {"uv": [10, 10, 11, 9], "rotation": 270, "texture": "#layer0"}
			}
		},
		{
			"from": [10.5, 6.5, 6],
			"to": [12.5, 6.5, 10],
			"rotation": {"angle": 45, "axis": "z", "origin": [5, 5, 6.5]},
			"faces": {
				"north": {"uv": [10, 10, 11, 9], "rotation": 270, "texture": "#layer0"},
				"east": {"uv": [10, 10, 11, 9], "rotation": 270, "texture": "#layer0"},
				"south": {"uv": [10, 10, 11, 9], "rotation": 270, "texture": "#layer0"},
				"west": {"uv": [10, 10, 11, 9], "rotation": 270, "texture": "#layer0"},
				"down": {"uv": [10, 10, 11, 9], "rotation": 270, "texture": "#layer0"}
			}
		},
		{
			"from": [4.5, 6.5, 6],
			"to": [5.5, 6.5, 10],
			"rotation": {"angle": 45, "axis": "z", "origin": [5, 5, 6.5]},
			"faces": {
				"north": {"uv": [10, 10, 11, 9], "rotation": 270, "texture": "#layer0"},
				"east": {"uv": [10, 10, 11, 9], "rotation": 270, "texture": "#layer0"},
				"south": {"uv": [10, 10, 11, 9], "rotation": 270, "texture": "#layer0"},
				"west": {"uv": [10, 10, 11, 9], "rotation": 270, "texture": "#layer0"},
				"down": {"uv": [10, 10, 11, 9], "rotation": 270, "texture": "#layer0"}
			}
		},
		{
			"from": [5.5, 6.5, 9.5],
			"to": [10.5, 6.5, 10],
			"rotation": {"angle": 45, "axis": "z", "origin": [5, 5, 6.5]},
			"faces": {
				"north": {"uv": [10, 10, 11, 9], "rotation": 270, "texture": "#layer0"},
				"east": {"uv": [10, 10, 11, 9], "rotation": 270, "texture": "#layer0"},
				"south": {"uv": [10, 10, 11, 9], "rotation": 270, "texture": "#layer0"},
				"west": {"uv": [10, 10, 11, 9], "rotation": 270, "texture": "#layer0"},
				"down": {"uv": [10, 10, 11, 9], "rotation": 270, "texture": "#layer0"}
			}
		},
		{
			"from": [5.5, 6.5, 6],
			"to": [10.5, 6.5, 6.5],
			"rotation": {"angle": 45, "axis": "z", "origin": [5, 5, 9.5]},
			"faces": {
				"north": {"uv": [10, 9, 11, 10], "rotation": 270, "texture": "#layer0"},
				"east": {"uv": [10, 9, 11, 10], "rotation": 270, "texture": "#layer0"},
				"south": {"uv": [10, 9, 11, 10], "rotation": 270, "texture": "#layer0"},
				"west": {"uv": [10, 9, 11, 10], "rotation": 270, "texture": "#layer0"},
				"down": {"uv": [11, 10, 10, 9], "rotation": 270, "texture": "#layer0"}
			}
		}
	],
	"display": {
		"thirdperson_righthand": {
			"translation": [0, 2.5, 1],
			"scale": [0.55, 0.55, 0.55]
		},
		"thirdperson_lefthand": {
			"translation": [0, 2.5, 1],
			"scale": [0.55, 0.55, 0.55]
		},
		"firstperson_righthand": {
			"rotation": [0, 102, 25],
			"translation": [1.13, 3.2, 1.13],
			"scale": [0.68, 0.68, 0.68]
		},
		"firstperson_lefthand": {
			"rotation": [0, -64, -31],
			"translation": [1.13, 3.2, 1.13],
			"scale": [0.68, 0.68, 0.68]
		},
		"ground": {
			"translation": [0, 2, 0],
			"scale": [0.5, 0.5, 0.5]
		},
		"head": {
			"rotation": [0, -180, 0],
			"translation": [0, 11.5, 0.5]
		},
		"fixed": {
			"rotation": [0, -180, 0],
			"translation": [0, 0, -2.25]
		},
		"on_shelf": {
			"rotation": [0, -180, 0]
		}
	},
	"groups": [
		0,
		1,
		{
			"name": "Outline",
			"origin": [5, 5, 6.5],
			"color": 0,
			"children": [2, 3, 4, 5, 6, 7]
		}
	]
}