{
	"format_version": "1.21.6",
	"credit": "Made with Blockbench",
	"textures": {
		"1": "block/furnace_log_unlit",
		"2": "block/stripped_oak_log_darker",
		"3": "block/stripped_dark_oak_log",
		"particle": "block/furnace_log_unlit"
	},
	"elements": [
		{
			"from": [1.5, 2, 7],
			"to": [3.5, 19, 9],
			"rotation": {"angle": -45, "axis": "z", "origin": [1.5, 2, 7]},
			"faces": {
				"north": {"uv": [0, 0, 2, 16], "texture": "#2"},
				"east": {"uv": [0, 0, 2, 16], "texture": "#2"},
				"south": {"uv": [0, 0, 2, 16], "texture": "#2"},
				"west": {"uv": [0, 0, 2, 16], "texture": "#2"},
				"up": {"uv": [0, 4, 2, 6], "texture": "#2"},
				"down": {"uv": [0, 4, 2, 6], "texture": "#2"}
			}
		},
		{
			"from": [4, 1.45, 6.5],
			"to": [1, 19.5, 9.5],
			"rotation": {"angle": -45, "axis": "z", "origin": [1.5, 2, 7]},
			"faces": {
				"north": {"uv": [0, 0, 1, 1], "texture": "#3"},
				"east": {"uv": [0, 0, 1, 1], "texture": "#3"},
				"south": {"uv": [0, 0, 1, 1], "texture": "#3"},
				"west": {"uv": [0, 0, 1, 1], "texture": "#3"},
				"up": {"uv": [5, 5, 6, 6], "texture": "#1"},
				"down": {"uv": [5, 5, 6, 6], "texture": "#1"}
			}
		},
		{
			"from": [13.52082, 12.62082, 7.05],
			"to": [14.92082, 14.02082, 8.95],
			"rotation": {"angle": 0, "axis": "z", "origin": [-1.47918, 14.02082, 7]},
			"faces": {
				"north": {"uv": [0, 6, 2, 8], "texture": "#2"},
				"east": {"uv": [0, 6, 2, 8], "texture": "#2"},
				"south": {"uv": [0, 6, 2, 8], "texture": "#2"},
				"west": {"uv": [0, 4, 2, 6], "rotation": 90, "texture": "#2"},
				"up": {"uv": [0, 6, 2, 8], "texture": "#2"},
				"down": {"uv": [0, 0, 2, 16], "rotation": 90, "texture": "#2"}
			}
		},
		{
			"from": [13.52082, 14.72792, 6.51],
			"to": [15.62082, 12.57792, 9.49],
			"rotation": {"angle": 0, "axis": "z", "origin": [14.52082, 13.22792, 8]},
			"faces": {
				"north": {"uv": [0, 0, 1, 1], "rotation": 90, "texture": "#3"},
				"east": {"uv": [0, 0, 1, 1], "rotation": 270, "texture": "#3"},
				"south": {"uv": [0, 0, 1, 1], "rotation": 270, "texture": "#3"},
				"west": {"uv": [5, 5, 6, 6], "rotation": 270, "texture": "#1"},
				"up": {"uv": [5, 5, 6, 6], "rotation": 270, "texture": "#1"},
				"down": {"uv": [0, 0, 1, 1], "rotation": 270, "texture": "#3"}
			}
		},
		{
			"from": [1.5, 0.6, 7.01],
			"to": [2.9, 2, 8.99],
			"rotation": {"angle": 0, "axis": "y", "origin": [17.9, 0.6, 6.95]},
			"faces": {
				"north": {"uv": [2, 8, 0, 6], "texture": "#2"},
				"east": {"uv": [2, 6, 0, 4], "rotation": 90, "texture": "#2"},
				"south": {"uv": [0, 11, 2, 9], "texture": "#2"},
				"west": {"uv": [2, 8, 0, 6], "texture": "#2"},
				"up": {"uv": [2, 16, 0, 0], "rotation": 90, "texture": "#2"},
				"down": {"uv": [2, 8, 0, 6], "texture": "#2"}
			}
		},
		{
			"from": [0.79289, 2, 6.52],
			"to": [2.89289, -0.15, 9.5],
			"rotation": {"angle": 0, "axis": "y", "origin": [1.89289, 1.35, 8.01]},
			"faces": {
				"north": {"uv": [1, 1, 0, 0], "rotation": 90, "texture": "#3"},
				"east": {"uv": [6, 6, 5, 5], "rotation": 270, "texture": "#1"},
				"south": {"uv": [1, 1, 0, 0], "rotation": 270, "texture": "#3"},
				"west": {"uv": [1, 1, 0, 0], "rotation": 270, "texture": "#3"},
				"up": {"uv": [1, 1, 0, 0], "rotation": 270, "texture": "#3"},
				"down": {"uv": [6, 6, 5, 5], "rotation": 270, "texture": "#1"}
			}
		}
	],
	"gui_light": "front",
	"display": {
		"thirdperson_righthand": {
			"translation": [0, 3, 1],
			"scale": [0.55, 0.55, 0.55]
		},
		"thirdperson_lefthand": {
			"translation": [0, 3, 1],
			"scale": [0.55, 0.55, 0.55]
		},
		"firstperson_righthand": {
			"rotation": [0, -90, 25],
			"translation": [1.13, 3.2, 1.13],
			"scale": [0.58, 0.58, 0.58]
		},
		"firstperson_lefthand": {
			"rotation": [0, -90, 25],
			"translation": [1.13, 3.2, 1.13],
			"scale": [0.58, 0.58, 0.58]
		},
		"ground": {
			"translation": [0, 3, 0],
			"scale": [0.5, 0.5, 0.5]
		},
		"gui": {
			"translation": [-0.25, 0.5, 0],
			"scale": [0.9, 0.9, 0.9]
		},
		"head": {
			"rotation": [0, -180, 45],
			"translation": [0.75, 10.75, 0]
		},
		"fixed": {
			"rotation": [0, -180, 0],
			"translation": [0, 0, -1.75]
		}
	}
}