{
	"format_version": "1.21.6",
	"credit": "Made with Blockbench",
	"textures": {
		"layer0": "item/diamond"
	},
	"elements": [
		{
			"from": [4.73, 3.685, 6.365],
			"to": [11.27, 11.315, 9.635],
			"light_emission": 10,
			"rotation": {"angle": 0, "axis": "y", "origin": [4.73, 3.685, 6.91]},
			"faces": {
				"north": {"uv": [5, 5, 11, 12], "texture": "#layer0"},
				"east": {"uv": [8, 6, 11, 12], "texture": "#layer0"},
				"south": {"uv": [5, 5, 11, 12], "texture": "#layer0"},
				"west": {"uv": [4, 6, 7, 12], "texture": "#layer0"},
				"up": {"uv": [4, 6, 10, 9], "texture": "#layer0"},
				"down": {"uv": [5, 10, 11, 13], "texture": "#layer0"}
			}
		},
		{
			"from": [10.8186, 10.7217, 6.1593],
			"to": [5.1014, 4.2183, 4.8007],
			"light_emission": 10,
			"rotation": {"angle": 0, "axis": "y", "origin": [11.8186, 11.9717, 10.5524]},
			"faces": {
				"north": {"uv": [7, 1, 8, 2], "texture": "#layer0"},
				"east": {"uv": [7, 2, 8, 3], "texture": "#layer0"},
				"south": {"uv": [7, 2, 8, 3], "texture": "#layer0"},
				"west": {"uv": [7, 2, 8, 3], "texture": "#layer0"},
				"up": {"uv": [7, 2, 8, 3], "texture": "#layer0"},
				"down": {"uv": [7, 2, 8, 3], "texture": "#layer0"}
			}
		},
		{
			"from": [10.8186, 10.7217, 11.1993],
			"to": [5.1014, 4.2183, 9.8407],
			"light_emission": 10,
			"rotation": {"angle": 0, "axis": "y", "origin": [11.8186, 11.9717, 5.4476]},
			"faces": {
				"north": {"uv": [8, 2, 7, 3], "texture": "#layer0"},
				"east": {"uv": [8, 2, 7, 3], "texture": "#layer0"},
				"south": {"uv": [8, 1, 7, 2], "texture": "#layer0"},
				"west": {"uv": [8, 2, 7, 3], "texture": "#layer0"},
				"up": {"uv": [7, 3, 8, 2], "texture": "#layer0"},
				"down": {"uv": [7, 3, 8, 2], "texture": "#layer0"}
			}
		},
		{
			"from": [11.8186, 11.9717, 9.8593],
			"to": [4.1014, 2.9683, 6.1007],
			"light_emission": 10,
			"rotation": {"angle": 0, "axis": "y", "origin": [11.8186, 11.9717, 10.5524]},
			"faces": {
				"north": {"uv": [7, 2, 8, 3], "texture": "#layer0"},
				"east": {"uv": [7, 2, 8, 3], "texture": "#layer0"},
				"south": {"uv": [7, 2, 8, 3], "texture": "#layer0"},
				"west": {"uv": [7, 2, 8, 3], "texture": "#layer0"},
				"up": {"uv": [7, 2, 8, 3], "texture": "#layer0"},
				"down": {"uv": [7, 2, 8, 3], "texture": "#layer0"}
			}
		},
		{
			"from": [5.8, 4.75, 5.25],
			"to": [10.2, 10.25, 10.75],
			"light_emission": 10,
			"rotation": {"angle": 0, "axis": "y", "origin": [4.7, 3.65, 6.9]},
			"faces": {
				"north": {"uv": [6, 5, 10, 10], "texture": "#layer0"},
				"east": {"uv": [6, 6, 7, 11], "texture": "#layer0"},
				"south": {"uv": [6, 5, 10, 10], "texture": "#layer0"},
				"west": {"uv": [9, 6, 10, 11], "texture": "#layer0"},
				"up": {"uv": [6, 6, 10, 7], "texture": "#layer0"},
				"down": {"uv": [6, 10, 10, 11], "texture": "#layer0"}
			}
		}
	],
	"display": {
		"thirdperson_righthand": {
			"translation": [0, 3, 1],
			"scale": [0.55, 0.55, 0.55]
		},
		"thirdperson_lefthand": {
			"translation": [0, 3, 1],
			"scale": [0.55, 0.55, 0.55]
		},
		"firstperson_righthand": {
			"rotation": [0, -90, 25],
			"translation": [1.13, 3.2, 1.13],
			"scale": [0.68, 0.68, 0.68]
		},
		"firstperson_lefthand": {
			"rotation": [0, -90, 25],
			"translation": [1.13, 3.2, 1.13],
			"scale": [0.68, 0.68, 0.68]
		},
		"ground": {
			"translation": [0, 2, 0],
			"scale": [0.5, 0.5, 0.5]
		},
		"gui": {
			"rotation": [8, 51, 15],
			"translation": [0, 0.75, 0]
		},
		"head": {
			"rotation": [0, -180, 0],
			"translation": [0, 13, 7]
		},
		"fixed": {
			"rotation": [0, -180, 0],
			"translation": [0, 0, -2]
		}
	}
}