{
	"format_version": "1.21.6",
	"credit": "Made with Blockbench",
	"textures": {
		"1": "item/ender_pearl_3d",
		"particle": "item/ender_pearl_3d"
	},
	"elements": [
		{
			"from": [4, 4, 4],
			"to": [12, 12, 12],
			"rotation": {"angle": 0, "axis": "y", "origin": [8, 8, 8]},
			"faces": {
				"north": {"uv": [4, 8, 12, 16], "texture": "#1"},
				"east": {"uv": [4, 0, 12, 8], "texture": "#1"},
				"south": {"uv": [4, 0, 12, 8], "texture": "#1"},
				"west": {"uv": [4, 0, 12, 8], "texture": "#1"},
				"up": {"uv": [4, 0, 12, 8], "texture": "#1"},
				"down": {"uv": [4, 0, 12, 8], "texture": "#1"}
			}
		},
		{
			"from": [13, 3, 3],
			"to": [3, 13, 13],
			"rotation": {"angle": 0, "axis": "y", "origin": [8, 8, 8]},
			"faces": {
				"north": {"uv": [12, 0, 13, 1], "texture": "#1"},
				"east": {"uv": [12, 0, 16, 4], "texture": "#1"},
				"south": {"uv": [12, 0, 16, 4], "texture": "#1"},
				"west": {"uv": [12, 0, 16, 4], "texture": "#1"},
				"up": {"uv": [12, 0, 16, 4], "texture": "#1"},
				"down": {"uv": [12, 0, 16, 4], "texture": "#1"}
			}
		},
		{
			"from": [6, 6, 3.5],
			"to": [10, 10, 4],
			"rotation": {"angle": 0, "axis": "y", "origin": [8, 8, 8]},
			"faces": {
				"north": {"uv": [6, 10, 10, 14], "texture": "#1"},
				"east": {"uv": [6, 10, 7, 14], "texture": "#1"},
				"south": {"uv": [0, 0, 2, 2], "texture": "#1"},
				"west": {"uv": [9, 10, 10, 14], "texture": "#1"},
				"up": {"uv": [10, 10, 6, 11], "texture": "#1"},
				"down": {"uv": [6, 13, 10, 14], "texture": "#1"}
			}
		},
		{
			"from": [6, 6, 12],
			"to": [10, 10, 12.5],
			"rotation": {"angle": 0, "axis": "y", "origin": [8, 8, 8]},
			"faces": {
				"north": {"uv": [2, 0, 0, 2], "texture": "#1"},
				"east": {"uv": [7, 2, 6, 6], "texture": "#1"},
				"south": {"uv": [10, 2, 6, 6], "texture": "#1"},
				"west": {"uv": [10, 2, 9, 6], "texture": "#1"},
				"up": {"uv": [10, 3, 6, 2], "texture": "#1"},
				"down": {"uv": [6, 6, 10, 5], "texture": "#1"}
			}
		},
		{
			"from": [3.5, 6, 6],
			"to": [4, 10, 10],
			"rotation": {"angle": 0, "axis": "y", "origin": [8, 8, 8]},
			"faces": {
				"north": {"uv": [10, 2, 9, 6], "texture": "#1"},
				"east": {"uv": [2, 0, 0, 2], "texture": "#1"},
				"south": {"uv": [7, 2, 6, 6], "texture": "#1"},
				"west": {"uv": [10, 2, 6, 6], "texture": "#1"},
				"up": {"uv": [10, 3, 6, 2], "rotation": 90, "texture": "#1"},
				"down": {"uv": [6, 6, 10, 5], "rotation": 270, "texture": "#1"}
			}
		},
		{
			"from": [12, 6, 6],
			"to": [12.5, 10, 10],
			"rotation": {"angle": 0, "axis": "y", "origin": [8, 8, 8]},
			"faces": {
				"north": {"uv": [9, 2, 10, 6], "texture": "#1"},
				"east": {"uv": [6, 2, 10, 6], "texture": "#1"},
				"south": {"uv": [6, 2, 7, 6], "texture": "#1"},
				"west": {"uv": [0, 0, 2, 2], "texture": "#1"},
				"up": {"uv": [10, 2, 6, 3], "rotation": 90, "texture": "#1"},
				"down": {"uv": [6, 5, 10, 6], "rotation": 270, "texture": "#1"}
			}
		},
		{
			"from": [6, 3.5, 6],
			"to": [10, 4, 10],
			"rotation": {"angle": 0, "axis": "y", "origin": [8, 8, 8]},
			"faces": {
				"north": {"uv": [9, 2, 10, 6], "rotation": 270, "texture": "#1"},
				"east": {"uv": [10, 2, 6, 3], "rotation": 180, "texture": "#1"},
				"south": {"uv": [6, 2, 7, 6], "rotation": 90, "texture": "#1"},
				"west": {"uv": [6, 5, 10, 6], "texture": "#1"},
				"up": {"uv": [0, 0, 2, 2], "rotation": 90, "texture": "#1"},
				"down": {"uv": [6, 2, 10, 6], "rotation": 90, "texture": "#1"}
			}
		},
		{
			"from": [6, 12, 6],
			"to": [10, 12.5, 10],
			"rotation": {"angle": 0, "axis": "y", "origin": [8, 8, 8]},
			"faces": {
				"north": {"uv": [10, 2, 9, 6], "rotation": 270, "texture": "#1"},
				"east": {"uv": [10, 3, 6, 2], "rotation": 180, "texture": "#1"},
				"south": {"uv": [7, 2, 6, 6], "rotation": 90, "texture": "#1"},
				"west": {"uv": [6, 6, 10, 5], "texture": "#1"},
				"up": {"uv": [10, 2, 6, 6], "rotation": 90, "texture": "#1"},
				"down": {"uv": [2, 0, 0, 2], "rotation": 90, "texture": "#1"}
			}
		},
		{
			"from": [13, 5.5, 5.5],
			"to": [2.5, 10.5, 10.5],
			"rotation": {"angle": 0, "axis": "y", "origin": [8, 8, 8]},
			"faces": {
				"north": {"uv": [14, 16, 15, 3.4], "rotation": 90, "texture": "#1"},
				"east": {"uv": [14, 3, 15, 4], "rotation": 90, "texture": "#1"},
				"south": {"uv": [14, 3.4, 15, 16], "rotation": 90, "texture": "#1"},
				"west": {"uv": [12, 0, 13, 1], "texture": "#1"},
				"up": {"uv": [14, 3.4, 15, 16], "rotation": 90, "texture": "#1"},
				"down": {"uv": [14, 3.4, 15, 16], "rotation": 90, "texture": "#1"}
			}
		},
		{
			"from": [13.5, 5.5, 5.5],
			"to": [3, 10.5, 10.5],
			"rotation": {"angle": 0, "axis": "y", "origin": [8, 8, 8]},
			"faces": {
				"north": {"uv": [14, 3.4, 15, 16], "rotation": 90, "texture": "#1"},
				"east": {"uv": [13, 0, 12, 1], "texture": "#1"},
				"south": {"uv": [14, 16, 15, 3.4], "rotation": 90, "texture": "#1"},
				"west": {"uv": [14, 4, 15, 3], "rotation": 90, "texture": "#1"},
				"up": {"uv": [14, 16, 15, 3.4], "rotation": 90, "texture": "#1"},
				"down": {"uv": [14, 16, 15, 3.4], "rotation": 90, "texture": "#1"}
			}
		},
		{
			"from": [5.5, 13.5, 5.5],
			"to": [10.5, 3, 10.5],
			"rotation": {"angle": 0, "axis": "y", "origin": [8, 8, 8]},
			"faces": {
				"north": {"uv": [14, 3.4, 15, 16], "rotation": 180, "texture": "#1"},
				"east": {"uv": [14, 16, 15, 3.4], "texture": "#1"},
				"south": {"uv": [14, 16, 15, 3.4], "texture": "#1"},
				"west": {"uv": [14, 16, 15, 3.4], "texture": "#1"},
				"up": {"uv": [13, 0, 12, 1], "rotation": 270, "texture": "#1"},
				"down": {"uv": [14, 4, 15, 3], "texture": "#1"}
			}
		},
		{
			"from": [5.5, 13, 5.5],
			"to": [10.5, 2.5, 10.5],
			"rotation": {"angle": 0, "axis": "y", "origin": [8, 8, 8]},
			"faces": {
				"north": {"uv": [14, 16, 15, 3.4], "rotation": 180, "texture": "#1"},
				"east": {"uv": [14, 3.4, 15, 16], "texture": "#1"},
				"south": {"uv": [14, 3.4, 15, 16], "texture": "#1"},
				"west": {"uv": [14, 3.4, 15, 16], "texture": "#1"},
				"up": {"uv": [14, 3, 15, 4], "texture": "#1"},
				"down": {"uv": [12, 0, 13, 1], "rotation": 270, "texture": "#1"}
			}
		},
		{
			"from": [5.5, 5.5, 13.5],
			"to": [10.5, 10.5, 3],
			"rotation": {"angle": 0, "axis": "y", "origin": [8, 8, 8]},
			"faces": {
				"north": {"uv": [14, 3, 15, 4], "rotation": 180, "texture": "#1"},
				"east": {"uv": [14, 3.4, 15, 16], "rotation": 90, "texture": "#1"},
				"south": {"uv": [12, 0, 13, 1], "rotation": 270, "texture": "#1"},
				"west": {"uv": [14, 3.4, 15, 16], "rotation": 270, "texture": "#1"},
				"up": {"uv": [14, 3.4, 15, 16], "texture": "#1"},
				"down": {"uv": [14, 16, 15, 3.4], "texture": "#1"}
			}
		}
	],
	"gui_light": "front",
	"display": {
		"thirdperson_righthand": {
			"rotation": [75, 45, 0],
			"translation": [0, 2.5, 0],
			"scale": [0.375, 0.375, 0.375]
		},
		"thirdperson_lefthand": {
			"rotation": [75, 45, 0],
			"translation": [0, 2.5, 0],
			"scale": [0.375, 0.375, 0.375]
		},
		"firstperson_righthand": {
			"rotation": [0, 45, 0],
			"translation": [0, 1, 0],
			"scale": [0.6, 0.6, 0.6]
		},
		"firstperson_lefthand": {
			"rotation": [0, 45, 0],
			"translation": [0, 1, 0],
			"scale": [0.6, 0.6, 0.6]
		},
		"ground": {
			"translation": [0, 3, 0],
			"scale": [0.6, 0.6, 0.6]
		},
		"gui": {
			"rotation": [30, -135, 0],
			"scale": [0.8, 0.8, 0.8]
		},
		"head": {
			"scale": [1.7, 1.7, 1.7]
		},
		"fixed": {
			"translation": [0, 0, -5.25]
		}
	}
}