{
	"format_version": "1.21.6",
	"credit": "Made with Blockbench",
	"textures": {
		"layer0": "item/firework_rocket_3d"
	},
	"elements": [
		{
			"from": [6.5, 2, 6.5],
			"to": [9.5, 10, 9.5],
			"rotation": {"angle": 0, "axis": "y", "origin": [6.5, 2, 6.5]},
			"faces": {
				"north": {"uv": [7, 6, 10, 14], "texture": "#layer0"},
				"east": {"uv": [7, 6, 10, 14], "texture": "#layer0"},
				"south": {"uv": [7, 6, 10, 14], "texture": "#layer0"},
				"west": {"uv": [7, 6, 10, 14], "texture": "#layer0"},
				"down": {"uv": [0, 13, 3, 16], "texture": "#layer0"}
			}
		},
		{
			"from": [5.5, 10, 5.5],
			"to": [10.5, 11, 10.5],
			"rotation": {"angle": 0, "axis": "y", "origin": [5.5, 10, 5.5]},
			"faces": {
				"north": {"uv": [6, 5, 11, 6], "texture": "#layer0"},
				"east": {"uv": [6, 5, 11, 6], "texture": "#layer0"},
				"south": {"uv": [6, 5, 11, 6], "texture": "#layer0"},
				"west": {"uv": [6, 5, 11, 6], "texture": "#layer0"},
				"up": {"uv": [0, 8, 5, 13], "texture": "#layer0"},
				"down": {"uv": [0, 8, 5, 13], "texture": "#layer0"}
			}
		},
		{
			"from": [6, 11, 6],
			"to": [10, 12, 10],
			"rotation": {"angle": 0, "axis": "y", "origin": [5.5, 10, 5.5]},
			"faces": {
				"north": {"uv": [6, 4, 10, 5], "texture": "#layer0"},
				"east": {"uv": [6, 4, 10, 5], "texture": "#layer0"},
				"south": {"uv": [6, 4, 10, 5], "texture": "#layer0"},
				"west": {"uv": [6, 4, 10, 5], "texture": "#layer0"},
				"up": {"uv": [0, 8, 4, 12], "texture": "#layer0"},
				"down": {"uv": [0, 8, 5, 13], "texture": "#layer0"}
			}
		},
		{
			"from": [6.5, 12, 6.5],
			"to": [9.5, 13, 9.5],
			"rotation": {"angle": 0, "axis": "y", "origin": [5.5, 10, 5.5]},
			"faces": {
				"north": {"uv": [7, 3, 10, 4], "texture": "#layer0"},
				"east": {"uv": [7, 3, 10, 4], "texture": "#layer0"},
				"south": {"uv": [7, 3, 10, 4], "texture": "#layer0"},
				"west": {"uv": [7, 3, 10, 4], "texture": "#layer0"},
				"up": {"uv": [1, 9, 4, 12], "texture": "#layer0"},
				"down": {"uv": [0, 8, 5, 13], "texture": "#layer0"}
			}
		},
		{
			"from": [7, 13, 7],
			"to": [9, 14, 9],
			"rotation": {"angle": 0, "axis": "y", "origin": [5.5, 10, 5.5]},
			"faces": {
				"north": {"uv": [7, 3, 9, 4], "texture": "#layer0"},
				"east": {"uv": [7, 3, 9, 4], "texture": "#layer0"},
				"south": {"uv": [7, 3, 9, 4], "texture": "#layer0"},
				"west": {"uv": [7, 3, 9, 4], "texture": "#layer0"},
				"up": {"uv": [3, 11, 5, 13], "texture": "#layer0"},
				"down": {"uv": [0, 8, 5, 13], "texture": "#layer0"}
			}
		},
		{
			"from": [7.5, 13, 7.5],
			"to": [8.5, 14.5, 8.5],
			"rotation": {"angle": 0, "axis": "y", "origin": [5.5, 10, 5.5]},
			"faces": {
				"north": {"uv": [8, 2, 9, 3], "texture": "#layer0"},
				"east": {"uv": [8, 2, 9, 3], "texture": "#layer0"},
				"south": {"uv": [8, 2, 9, 3], "texture": "#layer0"},
				"west": {"uv": [8, 2, 9, 3], "texture": "#layer0"},
				"up": {"uv": [8, 2, 9, 3], "texture": "#layer0"},
				"down": {"uv": [0, 8, 5, 13], "texture": "#layer0"}
			}
		},
		{
			"from": [7.79289, 0.70711, 7.5],
			"to": [8.79289, 2.20711, 8.5],
			"rotation": {"angle": 45, "axis": "z", "origin": [7.79289, 1.70711, 7.5]},
			"faces": {
				"north": {"uv": [1, 15, 2, 16], "rotation": 270, "texture": "#layer0"},
				"east": {"uv": [1, 15, 2, 16], "rotation": 270, "texture": "#layer0"},
				"south": {"uv": [1, 15, 2, 16], "rotation": 270, "texture": "#layer0"},
				"west": {"uv": [1, 15, 2, 16], "rotation": 270, "texture": "#layer0"},
				"up": {"uv": [1, 15, 2, 16], "rotation": 270, "texture": "#layer0"},
				"down": {"uv": [1, 15, 2, 16], "rotation": 270, "texture": "#layer0"}
			}
		},
		{
			"from": [10.20711, 0.70711, 7.5],
			"to": [11.20711, 3.70711, 8.5],
			"rotation": {"angle": -45, "axis": "z", "origin": [11.20711, 1.70711, 7.5]},
			"faces": {
				"north": {"uv": [1, 16, 2, 15], "rotation": 270, "texture": "#layer0"},
				"east": {"uv": [1, 16, 2, 15], "rotation": 270, "texture": "#layer0"},
				"south": {"uv": [1, 16, 2, 15], "rotation": 270, "texture": "#layer0"},
				"west": {"uv": [1, 16, 2, 15], "rotation": 270, "texture": "#layer0"},
				"up": {"uv": [1, 16, 2, 15], "rotation": 270, "texture": "#layer0"},
				"down": {"uv": [1, 16, 2, 15], "rotation": 270, "texture": "#layer0"}
			}
		},
		{
			"from": [8.5, 1, 7.5],
			"to": [10.5, 2, 8.5],
			"rotation": {"angle": 0, "axis": "y", "origin": [8.5, 2, 7.5]},
			"faces": {
				"north": {"uv": [1, 15, 2, 16], "rotation": 270, "texture": "#layer0"},
				"east": {"uv": [1, 15, 2, 16], "rotation": 270, "texture": "#layer0"},
				"south": {"uv": [1, 15, 2, 16], "rotation": 270, "texture": "#layer0"},
				"west": {"uv": [1, 15, 2, 16], "rotation": 270, "texture": "#layer0"},
				"up": {"uv": [1, 15, 2, 16], "rotation": 270, "texture": "#layer0"},
				"down": {"uv": [1, 15, 2, 16], "rotation": 270, "texture": "#layer0"}
			}
		},
		{
			"from": [11.91421, 2.82843, 7.5],
			"to": [13.91421, 3.82843, 8.5],
			"rotation": {"angle": 0, "axis": "y", "origin": [12.32843, 5.65685, 7.5]},
			"faces": {
				"north": {"uv": [1, 15, 2, 16], "rotation": 270, "texture": "#layer0"},
				"east": {"uv": [1, 15, 2, 16], "rotation": 270, "texture": "#layer0"},
				"south": {"uv": [1, 15, 2, 16], "rotation": 270, "texture": "#layer0"},
				"west": {"uv": [1, 15, 2, 16], "rotation": 270, "texture": "#layer0"},
				"up": {"uv": [1, 15, 2, 16], "rotation": 270, "texture": "#layer0"},
				"down": {"uv": [1, 15, 2, 16], "rotation": 270, "texture": "#layer0"}
			}
		}
	],
	"gui_light": "front",
	"display": {
		"thirdperson_righthand": {
			"translation": [0, 3.5, 1],
			"scale": [0.55, 0.55, 0.55]
		},
		"thirdperson_lefthand": {
			"translation": [0, 3.5, 1],
			"scale": [0.55, 0.55, 0.55]
		},
		"firstperson_righthand": {
			"rotation": [0, -90, 25],
			"translation": [1.13, 3.2, 1.13],
			"scale": [0.68, 0.68, 0.68]
		},
		"firstperson_lefthand": {
			"rotation": [0, -90, 25],
			"translation": [1.13, 3.2, 1.13],
			"scale": [0.68, 0.68, 0.68]
		},
		"ground": {
			"translation": [0, 2, 0],
			"scale": [0.5, 0.5, 0.5]
		},
		"head": {
			"rotation": [0, -180, 0],
			"translation": [10.75, 4.5, 0.25]
		},
		"fixed": {
			"rotation": [0, -180, 0]
		},
		"on_shelf": {
			"rotation": [0, -180, 0],
			"translation": [0, 0, -2.5]
		}
	}
}