{
	"format_version": "1.21.6",
	"credit": "Made with Blockbench",
	"textures": {
		"3": "item/gold_nugget_3d",
		"particle": "item/gold_ingot"
	},
	"elements": [
		{
			"from": [6, 6, 6],
			"to": [10, 10, 10],
			"rotation": {"angle": 0, "axis": "z", "origin": [6, 6, 6]},
			"faces": {
				"north": {"uv": [12, 12, 16, 16], "texture": "#3"},
				"east": {"uv": [16, 12, 12, 16], "texture": "#3"},
				"south": {"uv": [12, 12, 16, 16], "texture": "#3"},
				"west": {"uv": [16, 12, 12, 16], "texture": "#3"},
				"up": {"uv": [0, 0, 4, 4], "texture": "#3"},
				"down": {"uv": [8, 12, 12, 16], "texture": "#3"}
			}
		},
		{
			"from": [7, 5, 7],
			"to": [9, 6, 9],
			"rotation": {"angle": 0, "axis": "y", "origin": [6.5, 5, 6.5]},
			"faces": {
				"north": {"uv": [7, 10, 9, 11], "texture": "#3"},
				"east": {"uv": [7, 10, 9, 11], "texture": "#3"},
				"south": {"uv": [7, 10, 9, 11], "texture": "#3"},
				"west": {"uv": [9, 10, 7, 11], "texture": "#3"},
				"up": {"uv": [10, 14, 12, 16], "texture": "#3"},
				"down": {"uv": [10, 14, 12, 16], "texture": "#3"}
			}
		},
		{
			"from": [6, 10, 6.5],
			"to": [9, 11, 8.5],
			"rotation": {"angle": 0, "axis": "y", "origin": [6, 5, 5.5]},
			"faces": {
				"north": {"uv": [3, 2, 0, 3], "texture": "#3"},
				"east": {"uv": [2, 2, 3, 4], "texture": "#3"},
				"south": {"uv": [3, 3, 0, 4], "texture": "#3"},
				"west": {"uv": [1, 2, 2, 4], "rotation": 90, "texture": "#3"},
				"up": {"uv": [0, 2, 3, 4], "texture": "#3"},
				"down": {"uv": [10, 14, 12, 16], "texture": "#3"}
			}
		},
		{
			"from": [5.5, 5.5, 10.5],
			"to": [10.5, 10.5, 5.5],
			"rotation": {"angle": 0, "axis": "y", "origin": [6, 5, 5]},
			"faces": {
				"north": {"uv": [10, 6, 11, 7], "texture": "#3"},
				"east": {"uv": [10, 6, 11, 7], "texture": "#3"},
				"south": {"uv": [10, 6, 11, 7], "texture": "#3"},
				"west": {"uv": [10, 6, 11, 7], "texture": "#3"},
				"up": {"uv": [12, 3, 15.35, 6.95], "rotation": 90, "texture": "#3"},
				"down": {"uv": [1.25, 4.25, 4.75, 7.75], "texture": "#3"}
			}
		},
		{
			"from": [5.5, 10.5, 9],
			"to": [9.5, 11.5, 6],
			"rotation": {"angle": 0, "axis": "y", "origin": [6, 10.5, 7]},
			"faces": {
				"north": {"uv": [11, 7, 12, 8], "texture": "#3"},
				"east": {"uv": [11, 7, 12, 8], "texture": "#3"},
				"south": {"uv": [11, 7, 12, 8], "texture": "#3"},
				"west": {"uv": [11, 7, 12, 8], "texture": "#3"},
				"up": {"uv": [11, 7, 12, 8], "texture": "#3"}
			}
		},
		{
			"from": [6.5, 5.5, 6.5],
			"to": [9.5, 4.5, 9.5],
			"rotation": {"angle": 0, "axis": "y", "origin": [7, 5.5, 8]},
			"faces": {
				"north": {"uv": [0, 4, 1, 5], "texture": "#3"},
				"east": {"uv": [0, 4, 1, 5], "texture": "#3"},
				"south": {"uv": [0, 4, 1, 5], "texture": "#3"},
				"west": {"uv": [0, 4, 1, 5], "texture": "#3"},
				"up": {"uv": [0, 4, 1, 5], "texture": "#3"}
			}
		}
	],
	"display": {
		"thirdperson_righthand": {
			"translation": [0, 2, 1],
			"scale": [0.55, 0.55, 0.55]
		},
		"thirdperson_lefthand": {
			"translation": [0, 2, 1],
			"scale": [0.55, 0.55, 0.55]
		},
		"firstperson_righthand": {
			"rotation": [0, 20, 25],
			"translation": [1.13, 3.2, 1.13],
			"scale": [0.68, 0.68, 0.68]
		},
		"firstperson_lefthand": {
			"rotation": [0, 20, 25],
			"translation": [1.13, 3.2, 1.13],
			"scale": [0.68, 0.68, 0.68]
		},
		"ground": {
			"translation": [0, 2, 0],
			"scale": [0.5, 0.5, 0.5]
		},
		"head": {
			"rotation": [0, -180, 0],
			"translation": [0, 10.25, -0.25]
		},
		"fixed": {
			"translation": [0, 0, -2.75]
		},
		"on_shelf": {
			"rotation": [0, -180, 0]
		}
	}
}