{
	"format_version": "1.21.6",
	"credit": "Made with Blockbench",
	"texture_size": [32, 32],
	"textures": {
		"1": "item/lapis_outline",
		"layer0": "item/lapis_lazuli_3d",
		"particle": "item/lapis_outline"
	},
	"elements": [
		{
			"from": [6, 5, 6],
			"to": [10, 11, 10],
			"rotation": {"angle": 0, "axis": "y", "origin": [6, 5, 6]},
			"faces": {
				"north": {"uv": [0, 0, 4, 6], "texture": "#layer0"},
				"east": {"uv": [0, 0, 4, 6], "texture": "#layer0"},
				"south": {"uv": [0, 0, 4, 6], "texture": "#layer0"},
				"west": {"uv": [0, 0, 4, 6], "texture": "#layer0"},
				"up": {"uv": [12, 12, 16, 16], "texture": "#layer0"},
				"down": {"uv": [12, 12, 16, 16], "texture": "#layer0"}
			}
		},
		{
			"from": [7, 6, 5],
			"to": [9, 10, 6],
			"rotation": {"angle": 0, "axis": "y", "origin": [6, 5, 5]},
			"faces": {
				"north": {"uv": [1, 1, 3, 5], "texture": "#layer0"},
				"east": {"uv": [2, 1, 3, 5], "texture": "#layer0"},
				"south": {"uv": [0, 0, 4, 6], "texture": "#layer0"},
				"west": {"uv": [2, 1, 3, 5], "texture": "#layer0"},
				"up": {"uv": [1, 1, 3, 2], "texture": "#layer0"},
				"down": {"uv": [1, 4, 3, 5], "texture": "#layer0"}
			}
		},
		{
			"from": [5, 6, 7],
			"to": [6, 10, 9],
			"rotation": {"angle": 0, "axis": "y", "origin": [8, 8, 8]},
			"faces": {
				"north": {"uv": [3, 1, 2, 5], "texture": "#layer0"},
				"east": {"uv": [4, 0, 0, 6], "texture": "#layer0"},
				"south": {"uv": [3, 1, 2, 5], "texture": "#layer0"},
				"west": {"uv": [3, 1, 1, 5], "texture": "#layer0"},
				"up": {"uv": [1, 2, 3, 1], "rotation": 90, "texture": "#layer0"},
				"down": {"uv": [1, 5, 3, 4], "rotation": 270, "texture": "#layer0"}
			}
		},
		{
			"from": [10, 6, 7],
			"to": [11, 10, 9],
			"rotation": {"angle": 0, "axis": "y", "origin": [8, 8, 8]},
			"faces": {
				"north": {"uv": [2, 1, 3, 5], "texture": "#layer0"},
				"east": {"uv": [1, 1, 3, 5], "texture": "#layer0"},
				"south": {"uv": [2, 1, 3, 5], "texture": "#layer0"},
				"west": {"uv": [0, 0, 4, 6], "texture": "#layer0"},
				"up": {"uv": [1, 1, 3, 2], "rotation": 90, "texture": "#layer0"},
				"down": {"uv": [1, 4, 3, 5], "rotation": 270, "texture": "#layer0"}
			}
		},
		{
			"from": [7, 6, 10],
			"to": [9, 10, 11],
			"rotation": {"angle": 0, "axis": "y", "origin": [6, 5, 11]},
			"faces": {
				"north": {"uv": [4, 0, 0, 6], "texture": "#layer0"},
				"east": {"uv": [3, 1, 2, 5], "texture": "#layer0"},
				"south": {"uv": [3, 1, 1, 5], "texture": "#layer0"},
				"west": {"uv": [3, 1, 2, 5], "texture": "#layer0"},
				"up": {"uv": [1, 2, 3, 1], "texture": "#layer0"},
				"down": {"uv": [1, 5, 3, 4], "texture": "#layer0"}
			}
		},
		{
			"from": [7, 11, 7],
			"to": [9, 12, 9],
			"rotation": {"angle": 0, "axis": "y", "origin": [7, 11, 7]},
			"faces": {
				"north": {"uv": [15, 14, 13, 15], "texture": "#layer0"},
				"east": {"uv": [13, 14, 15, 15], "texture": "#layer0"},
				"south": {"uv": [15, 14, 13, 15], "texture": "#layer0"},
				"west": {"uv": [13, 14, 15, 15], "texture": "#layer0"},
				"up": {"uv": [13, 13, 15, 15], "texture": "#layer0"},
				"down": {"uv": [13, 13, 15, 15], "texture": "#layer0"}
			}
		},
		{
			"from": [7, 4, 7],
			"to": [9, 5, 9],
			"rotation": {"angle": 0, "axis": "y", "origin": [7, 5, 7]},
			"faces": {
				"north": {"uv": [15, 15, 13, 14], "texture": "#layer0"},
				"east": {"uv": [13, 15, 15, 14], "texture": "#layer0"},
				"south": {"uv": [15, 15, 13, 14], "texture": "#layer0"},
				"west": {"uv": [13, 15, 15, 14], "texture": "#layer0"},
				"up": {"uv": [13, 13, 15, 15], "texture": "#layer0"},
				"down": {"uv": [13, 15, 15, 13], "texture": "#layer0"}
			}
		},
		{
			"name": "cube_outline",
			"from": [9.15, 12.15, 9.15],
			"to": [6.85, 10.85, 6.85],
			"rotation": {"angle": 0, "axis": "y", "origin": [7, 11, 7]},
			"faces": {
				"north": {"uv": [15, 14, 13, 15], "rotation": 180, "texture": "#1"},
				"east": {"uv": [13, 14, 15, 15], "rotation": 180, "texture": "#1"},
				"south": {"uv": [15, 14, 13, 15], "rotation": 180, "texture": "#1"},
				"west": {"uv": [13, 14, 15, 15], "rotation": 180, "texture": "#1"},
				"up": {"uv": [13, 13, 15, 15], "rotation": 180, "texture": "#1"},
				"down": {"uv": [13, 13, 15, 15], "rotation": 180, "texture": "#1"}
			}
		},
		{
			"name": "cube_outline",
			"from": [9.15, 5.15, 9.15],
			"to": [6.85, 3.85, 6.85],
			"rotation": {"angle": 0, "axis": "y", "origin": [7, 5, 7]},
			"faces": {
				"north": {"uv": [15, 15, 13, 14], "rotation": 180, "texture": "#1"},
				"east": {"uv": [13, 15, 15, 14], "rotation": 180, "texture": "#1"},
				"south": {"uv": [15, 15, 13, 14], "rotation": 180, "texture": "#1"},
				"west": {"uv": [13, 15, 15, 14], "rotation": 180, "texture": "#1"},
				"up": {"uv": [13, 15, 15, 13], "rotation": 180, "texture": "#1"},
				"down": {"uv": [13, 13, 15, 15], "rotation": 180, "texture": "#1"}
			}
		},
		{
			"name": "cube_outline",
			"from": [10.15, 11.15, 10.15],
			"to": [5.85, 4.85, 5.85],
			"rotation": {"angle": 0, "axis": "y", "origin": [6, 5, 6]},
			"faces": {
				"north": {"uv": [0, 0, 4, 6], "rotation": 180, "texture": "#1"},
				"east": {"uv": [0, 0, 4, 6], "rotation": 180, "texture": "#1"},
				"south": {"uv": [0, 0, 4, 6], "rotation": 180, "texture": "#1"},
				"west": {"uv": [0, 0, 4, 6], "rotation": 180, "texture": "#1"},
				"up": {"uv": [12, 12, 16, 16], "rotation": 180, "texture": "#1"},
				"down": {"uv": [12, 12, 16, 16], "rotation": 180, "texture": "#1"}
			}
		},
		{
			"name": "cube_outline",
			"from": [9.15, 10.15, 6.15],
			"to": [6.85, 5.85, 4.85],
			"rotation": {"angle": 0, "axis": "y", "origin": [6, 5, 5]},
			"faces": {
				"north": {"uv": [0, 0, 4, 6], "rotation": 180, "texture": "#1"},
				"east": {"uv": [2, 1, 3, 5], "rotation": 180, "texture": "#1"},
				"south": {"uv": [1, 1, 3, 5], "rotation": 180, "texture": "#1"},
				"west": {"uv": [2, 1, 3, 5], "rotation": 180, "texture": "#1"},
				"up": {"uv": [1, 4, 3, 5], "rotation": 180, "texture": "#1"},
				"down": {"uv": [1, 1, 3, 2], "rotation": 180, "texture": "#1"}
			}
		},
		{
			"name": "cube_outline",
			"from": [6.15, 10.15, 9.15],
			"to": [4.85, 5.85, 6.85],
			"rotation": {"angle": 0, "axis": "y", "origin": [8, 8, 8]},
			"faces": {
				"north": {"uv": [3, 1, 2, 5], "rotation": 180, "texture": "#1"},
				"east": {"uv": [3, 1, 1, 5], "rotation": 180, "texture": "#1"},
				"south": {"uv": [3, 1, 2, 5], "rotation": 180, "texture": "#1"},
				"west": {"uv": [4, 0, 0, 6], "rotation": 180, "texture": "#1"},
				"up": {"uv": [1, 5, 3, 4], "rotation": 180, "texture": "#1"},
				"down": {"uv": [1, 2, 3, 1], "rotation": 180, "texture": "#1"}
			}
		},
		{
			"name": "cube_outline",
			"from": [11.15, 10.15, 9.15],
			"to": [9.85, 5.85, 6.85],
			"rotation": {"angle": 0, "axis": "y", "origin": [8, 8, 8]},
			"faces": {
				"north": {"uv": [2, 1, 3, 5], "rotation": 180, "texture": "#1"},
				"east": {"uv": [0, 0, 4, 6], "rotation": 180, "texture": "#1"},
				"south": {"uv": [2, 1, 3, 5], "rotation": 180, "texture": "#1"},
				"west": {"uv": [1, 1, 3, 5], "rotation": 180, "texture": "#1"},
				"up": {"uv": [1, 4, 3, 5], "rotation": 180, "texture": "#1"},
				"down": {"uv": [1, 1, 3, 2], "rotation": 180, "texture": "#1"}
			}
		},
		{
			"name": "cube_outline",
			"from": [9.15, 10.15, 11.15],
			"to": [6.85, 5.85, 9.85],
			"rotation": {"angle": 0, "axis": "y", "origin": [6, 5, 11]},
			"faces": {
				"north": {"uv": [3, 1, 1, 5], "rotation": 180, "texture": "#1"},
				"east": {"uv": [3, 1, 2, 5], "rotation": 180, "texture": "#1"},
				"south": {"uv": [4, 0, 0, 6], "rotation": 180, "texture": "#1"},
				"west": {"uv": [3, 1, 2, 5], "rotation": 180, "texture": "#1"},
				"up": {"uv": [1, 5, 3, 4], "rotation": 180, "texture": "#1"},
				"down": {"uv": [1, 2, 3, 1], "rotation": 180, "texture": "#1"}
			}
		}
	],
	"display": {
		"thirdperson_righthand": {
			"translation": [0, 3, 1],
			"scale": [0.55, 0.55, 0.55]
		},
		"thirdperson_lefthand": {
			"translation": [0, 3, 1],
			"scale": [0.55, 0.55, 0.55]
		},
		"firstperson_righthand": {
			"rotation": [0, -175, 0],
			"translation": [1.13, 3.2, 1.13],
			"scale": [0.68, 0.68, 0.68]
		},
		"firstperson_lefthand": {
			"rotation": [0, -175, 0],
			"translation": [1.13, 3.2, 1.13],
			"scale": [0.68, 0.68, 0.68]
		},
		"ground": {
			"translation": [0, 2, 0],
			"scale": [0.6, 0.6, 0.6]
		},
		"gui": {
			"rotation": [8, 51, 15],
			"scale": [1.2, 1.2, 1.2]
		},
		"head": {
			"rotation": [0, -180, 0],
			"translation": [0, 11, -0.5]
		},
		"fixed": {
			"rotation": [0, -180, 0],
			"translation": [0, 0, -3.25],
			"scale": [1.2, 1.2, 1.2]
		},
		"on_shelf": {
			"rotation": [0, -180, 0]
		}
	},
	"groups": [
		0,
		1,
		2,
		3,
		4,
		5,
		6,
		{
			"name": "cube_outline",
			"origin": [6, 5, 11],
			"color": 0,
			"children": [7, 8, 9, 10, 11, 12, 13]
		}
	]
}