{
	"format_version": "1.21.6",
	"credit": "Made with Blockbench",
	"parent": "minecraft:item/handheld_mace",
	"textures": {
		"1": "item/heavy_core",
		"layer0": "item/mace",
		"particle": "item/heavy_core"
	},
	"elements": [
		{
			"from": [5.2, 5.2, 4],
			"to": [13.2, 13.2, 12],
			"rotation": {"angle": 45, "axis": "z", "origin": [5.2, 5.2, 4]},
			"faces": {
				"north": {"uv": [0, 8, 8, 16], "texture": "#1"},
				"east": {"uv": [0, 8, 8, 16], "texture": "#1"},
				"south": {"uv": [0, 8, 8, 16], "texture": "#1"},
				"west": {"uv": [0, 8, 8, 16], "texture": "#1"},
				"up": {"uv": [0, 0, 8, 8], "texture": "#1"},
				"down": {"uv": [8, 0, 16, 8], "texture": "#1"}
			}
		},
		{
			"from": [8.75, -0.4, 7.25],
			"to": [10.25, 8.1, 8.75],
			"rotation": {"angle": 45, "axis": "z", "origin": [8.5, 6.1, 7]},
			"faces": {
				"north": {"uv": [0, 0, 2, 8.5], "texture": "#layer0"},
				"east": {"uv": [0, 0, 2, 8.5], "texture": "#layer0"},
				"south": {"uv": [0, 0, 2, 8.5], "texture": "#layer0"},
				"west": {"uv": [0, 0, 2, 8.5], "texture": "#layer0"},
				"up": {"uv": [0, 0, 2, 2], "texture": "#layer0"},
				"down": {"uv": [0, 0, 2, 2], "texture": "#layer0"}
			}
		},
		{
			"from": [4.25, 7.1, 9.25],
			"to": [1.75, -1.65, 6.75],
			"rotation": {"angle": 45, "axis": "z", "origin": [4, 13.6, 9]},
			"faces": {
				"north": {"uv": [2, 0, 4, 8.5], "texture": "#layer0"},
				"east": {"uv": [2, 0, 4, 8.5], "texture": "#layer0"},
				"south": {"uv": [2, 0, 4, 8.5], "texture": "#layer0"},
				"west": {"uv": [2, 0, 4, 8.5], "texture": "#layer0"},
				"up": {"uv": [2, 0, 4, 2], "texture": "#layer0"},
				"down": {"uv": [2, 0, 4, 2], "texture": "#layer0"}
			}
		},
		{
			"from": [13, 0, 6.5],
			"to": [16, 3, 9.5],
			"rotation": {"angle": 0, "axis": "y", "origin": [13, 0, 6.5]},
			"faces": {
				"north": {"uv": [0, 13, 3, 16], "texture": "#layer0"},
				"east": {"uv": [0, 13, 3, 16], "texture": "#layer0"},
				"south": {"uv": [0, 13, 3, 16], "texture": "#layer0"},
				"west": {"uv": [0, 13, 3, 16], "texture": "#layer0"},
				"up": {"uv": [0, 13, 3, 16], "texture": "#layer0"},
				"down": {"uv": [0, 13, 3, 16], "texture": "#layer0"}
			}
		},
		{
			"from": [1, 13, 7],
			"to": [3, 15, 9],
			"rotation": {"angle": 0, "axis": "y", "origin": [0, 13, 6]},
			"faces": {
				"north": {"uv": [0, 13, 3, 16], "texture": "#layer0"},
				"east": {"uv": [0, 13, 3, 16], "texture": "#layer0"},
				"south": {"uv": [0, 13, 3, 16], "texture": "#layer0"},
				"west": {"uv": [0, 13, 3, 16], "texture": "#layer0"},
				"up": {"uv": [0, 13, 3, 16], "texture": "#layer0"},
				"down": {"uv": [0, 13, 3, 16], "texture": "#layer0"}
			}
		}
	],
	"display": {
		"thirdperson_righthand": {
			"rotation": [42, 0, -44],
			"translation": [0, 2.25, 2],
			"scale": [0.75, 0.75, 0.75]
		},
		"thirdperson_lefthand": {
			"rotation": [27, 0, 45],
			"translation": [0, 1.75, 2.25],
			"scale": [0.75, 0.75, 0.75]
		},
		"firstperson_righthand": {
			"rotation": [0, 90, -47],
			"translation": [1.13, 3.2, 1.13],
			"scale": [0.68, 0.68, 0.68]
		},
		"firstperson_lefthand": {
			"rotation": [0, 90, 48],
			"translation": [1.13, 3.2, 1.13],
			"scale": [0.68, 0.68, 0.68]
		},
		"ground": {
			"translation": [0, 2.25, 0],
			"scale": [0.6, 0.6, 0.6]
		},
		"gui": {
			"rotation": [0, 156, 0],
			"translation": [-0.5, -0.25, 0],
			"scale": [0.9, 0.9, 0.9]
		},
		"head": {
			"rotation": [-124, -150, 0],
			"translation": [-1.5, 13, 0.75]
		},
		"fixed": {
			"rotation": [0, -180, 0],
			"translation": [0, 0, -1.5]
		}
	}
}