{
	"format_version": "1.21.6",
	"credit": "Made with Blockbench",
	"parent": "block/thin_block",
	"textures": {
		"4": "block/moss_block",
		"particle": "block/moss_block"
	},
	"elements": [
		{
			"from": [0, 0, 0],
			"to": [16, 1, 16],
			"faces": {
				"north": {"uv": [0, 15, 16, 16], "texture": "#4", "cullface": "north"},
				"east": {"uv": [0, 15, 16, 16], "texture": "#4", "cullface": "east"},
				"south": {"uv": [0, 15, 16, 16], "texture": "#4", "cullface": "south"},
				"west": {"uv": [0, 15, 16, 16], "texture": "#4", "cullface": "west"},
				"up": {"uv": [0, 0, 16, 16], "texture": "#4"},
				"down": {"uv": [0, 0, 16, 16], "texture": "#4", "cullface": "down"}
			}
		}
	],
	"groups": [
		0,
		{
			"name": "SIDE",
			"origin": [-14, 1, 16],
			"color": 0,
			"children": []
		},
		{
			"name": "SIDE",
			"origin": [-14, 1, 16],
			"color": 0,
			"children": []
		},
		{
			"name": "SIDE",
			"origin": [-14, 1, 16],
			"color": 0,
			"children": []
		},
		{
			"name": "SIDE",
			"origin": [-14, 1, 16],
			"color": 0,
			"children": []
		}
	]
}