{
	"format_version": "1.21.6",
	"credit": "Made with Blockbench",
	"textures": {
		"layer0": "item/netherite_scrap_3d"
	},
	"elements": [
		{
			"from": [4, 8, 6],
			"to": [15, 9, 12],
			"rotation": {"angle": 0, "axis": "y", "origin": [4, 8, 6]},
			"faces": {
				"north": {"uv": [16, 10, 5, 11], "texture": "#layer0"},
				"east": {"uv": [15, 10, 16, 16], "rotation": 90, "texture": "#layer0"},
				"south": {"uv": [5, 15, 16, 16], "texture": "#layer0"},
				"west": {"uv": [5, 16, 6, 10], "rotation": 90, "texture": "#layer0"},
				"up": {"uv": [5, 10, 16, 16], "texture": "#layer0"},
				"down": {"uv": [5, 16, 16, 10], "texture": "#layer0"}
			}
		},
		{
			"from": [2, 6.5, 5],
			"to": [13, 7.5, 11],
			"rotation": {"angle": 0, "axis": "y", "origin": [2, 6.5, 5]},
			"faces": {
				"north": {"uv": [11, 0, 0, 1], "texture": "#layer0"},
				"east": {"uv": [10, 0, 11, 6], "rotation": 90, "texture": "#layer0"},
				"south": {"uv": [0, 5, 11, 6], "texture": "#layer0"},
				"west": {"uv": [0, 6, 1, 0], "rotation": 90, "texture": "#layer0"},
				"up": {"uv": [0, 0, 11, 6], "texture": "#layer0"},
				"down": {"uv": [0, 6, 11, 0], "texture": "#layer0"}
			}
		},
		{
			"from": [1.5, 6, 11.5],
			"to": [13.5, 8, 4.5],
			"rotation": {"angle": 0, "axis": "y", "origin": [2, 7, 5]},
			"faces": {
				"north": {"uv": [13, 6, 14, 7], "texture": "#layer0"},
				"east": {"uv": [13, 6, 14, 7], "texture": "#layer0"},
				"south": {"uv": [13, 6, 14, 7], "texture": "#layer0"},
				"west": {"uv": [13, 6, 14, 7], "texture": "#layer0"},
				"down": {"uv": [13, 6, 14, 7], "texture": "#layer0"}
			}
		},
		{
			"from": [13.5, 7.5, 12.5],
			"to": [15.5, 7.5, 5.5],
			"rotation": {"angle": 0, "axis": "y", "origin": [15, 8.5, 5]},
			"faces": {
				"north": {"uv": [14, 7, 13, 6], "texture": "#layer0"},
				"east": {"uv": [14, 7, 13, 6], "texture": "#layer0"},
				"south": {"uv": [14, 7, 13, 6], "texture": "#layer0"},
				"west": {"uv": [14, 7, 13, 6], "texture": "#layer0"},
				"down": {"uv": [14, 7, 13, 6], "texture": "#layer0"}
			}
		},
		{
			"from": [3.5, 7.5, 12.5],
			"to": [15.5, 9.5, 5.5],
			"rotation": {"angle": 0, "axis": "y", "origin": [15, 9, 5]},
			"faces": {
				"north": {"uv": [14, 7, 13, 6], "texture": "#layer0"},
				"east": {"uv": [14, 7, 13, 6], "texture": "#layer0"},
				"south": {"uv": [14, 7, 13, 6], "texture": "#layer0"},
				"west": {"uv": [14, 7, 13, 6], "texture": "#layer0"},
				"up": {"uv": [14, 7, 13, 6], "texture": "#layer0"}
			}
		},
		{
			"from": [1.5, 8, 11.5],
			"to": [3.5, 8, 4.5],
			"rotation": {"angle": 0, "axis": "y", "origin": [2, 7, 5]},
			"faces": {
				"north": {"uv": [13, 6, 14, 7], "texture": "#layer0"},
				"east": {"uv": [13, 6, 14, 7], "texture": "#layer0"},
				"south": {"uv": [13, 6, 14, 7], "texture": "#layer0"},
				"west": {"uv": [13, 6, 14, 7], "texture": "#layer0"},
				"up": {"uv": [13, 6, 14, 7], "texture": "#layer0"}
			}
		},
		{
			"from": [3.5, 8, 5.5],
			"to": [13.5, 8, 4.5],
			"rotation": {"angle": 0, "axis": "y", "origin": [2, 7, 5]},
			"faces": {
				"north": {"uv": [13, 6, 14, 7], "texture": "#layer0"},
				"east": {"uv": [13, 6, 14, 7], "texture": "#layer0"},
				"south": {"uv": [13, 6, 14, 7], "texture": "#layer0"},
				"west": {"uv": [13, 6, 14, 7], "texture": "#layer0"},
				"up": {"uv": [13, 6, 14, 7], "texture": "#layer0"}
			}
		},
		{
			"from": [3.5, 7.5, 12.5],
			"to": [13.5, 7.5, 11.5],
			"rotation": {"angle": 0, "axis": "y", "origin": [2, 8.5, 12]},
			"faces": {
				"north": {"uv": [14, 7, 13, 6], "texture": "#layer0"},
				"east": {"uv": [14, 7, 13, 6], "texture": "#layer0"},
				"south": {"uv": [14, 7, 13, 6], "texture": "#layer0"},
				"west": {"uv": [14, 7, 13, 6], "texture": "#layer0"},
				"down": {"uv": [13, 6, 14, 7], "texture": "#layer0"}
			}
		}
	],
	"display": {
		"thirdperson_righthand": {
			"translation": [0, 1.25, 1],
			"scale": [0.55, 0.55, 0.55]
		},
		"thirdperson_lefthand": {
			"translation": [0, 1.25, 1],
			"scale": [0.55, 0.55, 0.55]
		},
		"firstperson_righthand": {
			"rotation": [0, 55, 25],
			"translation": [1.13, 3.2, 1.13],
			"scale": [0.68, 0.68, 0.68]
		},
		"firstperson_lefthand": {
			"rotation": [0, 86, 25],
			"translation": [1.13, 3.2, 1.13],
			"scale": [0.68, 0.68, 0.68]
		},
		"ground": {
			"translation": [0, 2, 0],
			"scale": [0.5, 0.5, 0.5]
		},
		"gui": {
			"rotation": [30, 115, 0],
			"translation": [0, -0.25, 0],
			"scale": [1.2, 1.2, 1.2]
		},
		"head": {
			"rotation": [0, -180, 0],
			"translation": [0, 8.5, 0.75]
		},
		"fixed": {
			"rotation": [-90, 0, 0],
			"translation": [0, 0, -2.25]
		},
		"on_shelf": {
			"rotation": [0, -180, 0]
		}
	}
}