{
	"format_version": "1.21.6",
	"credit": "Made with Blockbench",
	"textures": {
		"0": "item/netherite_ingot",
		"particle": "item/netherite_ingot"
	},
	"elements": [
		{
			"from": [1.5, 3, 5],
			"to": [14.5, 7, 11],
			"rotation": {"angle": 0, "axis": "y", "origin": [1.5, 5, 5]},
			"faces": {
				"north": {"uv": [7, 16, 11, 3], "rotation": 90, "texture": "#0"},
				"east": {"uv": [13, 3, 7, 7], "texture": "#0"},
				"south": {"uv": [2, 3, 6, 16], "rotation": 90, "texture": "#0"},
				"west": {"uv": [6, 12, 0, 16], "texture": "#0"},
				"up": {"uv": [7, 3, 13, 16], "rotation": 90, "texture": "#0"},
				"down": {"uv": [0, 16, 6, 3], "rotation": 90, "texture": "#0"}
			}
		},
		{
			"from": [2.5, 7, 6],
			"to": [13.5, 7.5, 10],
			"rotation": {"angle": 0, "axis": "x", "origin": [2.5, 6, 6]},
			"faces": {
				"north": {"uv": [8, 4, 9, 15], "rotation": 90, "texture": "#0"},
				"east": {"uv": [8, 4, 12, 5], "texture": "#0"},
				"south": {"uv": [11, 4, 12, 15], "rotation": 90, "texture": "#0"},
				"west": {"uv": [8, 14, 12, 15], "texture": "#0"},
				"up": {"uv": [8, 4, 12, 15], "rotation": 90, "texture": "#0"},
				"down": {"uv": [8, 4, 12, 15], "rotation": 90, "texture": "#0"}
			}
		},
		{
			"from": [2.5, 6.5, 10],
			"to": [13.5, 7.5, 11.4],
			"rotation": {"angle": 45, "axis": "x", "origin": [2.5, 7.5, 10]},
			"faces": {
				"north": {"uv": [12, 4, 13, 15], "rotation": 90, "texture": "#0"},
				"east": {"uv": [11, 3, 12, 4], "rotation": 90, "texture": "#0"},
				"south": {"uv": [12, 4, 13, 15], "rotation": 90, "texture": "#0"},
				"west": {"uv": [11, 14, 12, 15], "texture": "#0"},
				"up": {"uv": [12, 4, 13, 15], "rotation": 90, "texture": "#0"},
				"down": {"uv": [8, 4, 12, 15], "rotation": 90, "texture": "#0"}
			}
		},
		{
			"from": [2.5, 6.5, 4.6],
			"to": [13.5, 7.5, 6],
			"rotation": {"angle": -45, "axis": "x", "origin": [2.5, 7.5, 6]},
			"faces": {
				"north": {"uv": [12, 15, 13, 4], "rotation": 90, "texture": "#0"},
				"east": {"uv": [8, 4, 9, 3], "rotation": 90, "texture": "#0"},
				"south": {"uv": [8, 15, 9, 4], "rotation": 90, "texture": "#0"},
				"west": {"uv": [8, 14, 7, 15], "texture": "#0"},
				"up": {"uv": [8, 4, 7, 15], "rotation": 90, "texture": "#0"},
				"down": {"uv": [12, 4, 8, 15], "rotation": 90, "texture": "#0"}
			}
		},
		{
			"from": [1.1, 6.5, 6],
			"to": [2.5, 7.5, 10],
			"rotation": {"angle": 45, "axis": "z", "origin": [2.5, 7.5, 6]},
			"faces": {
				"north": {"uv": [8, 14, 7, 15], "texture": "#0"},
				"east": {"uv": [8, 4, 12, 5], "texture": "#0"},
				"south": {"uv": [11, 15, 12, 16], "rotation": 90, "texture": "#0"},
				"west": {"uv": [8, 15, 12, 16], "texture": "#0"},
				"up": {"uv": [8, 15, 12, 16], "rotation": 90, "texture": "#0"},
				"down": {"uv": [8, 4, 12, 15], "rotation": 90, "texture": "#0"}
			}
		},
		{
			"from": [13.5, 6.5, 6],
			"to": [14.9, 7.5, 10],
			"rotation": {"angle": -45, "axis": "z", "origin": [13.5, 7.5, 6]},
			"faces": {
				"north": {"uv": [8, 4, 9, 3], "rotation": 90, "texture": "#0"},
				"east": {"uv": [12, 15, 8, 16], "texture": "#0"},
				"south": {"uv": [11, 4, 12, 3], "rotation": 90, "texture": "#0"},
				"west": {"uv": [12, 4, 8, 5], "texture": "#0"},
				"up": {"uv": [8, 4, 12, 3], "rotation": 90, "texture": "#0"},
				"down": {"uv": [8, 15, 12, 4], "rotation": 90, "texture": "#0"}
			}
		}
	],
	"display": {
		"thirdperson_righthand": {
			"translation": [0, 3, 1],
			"scale": [0.55, 0.55, 0.55]
		},
		"thirdperson_lefthand": {
			"translation": [0, 3, 1],
			"scale": [0.55, 0.55, 0.55]
		},
		"firstperson_righthand": {
			"rotation": [0, -180, 0],
			"translation": [0.5, 3.25, 1.25],
			"scale": [0.4, 0.4, 0.4]
		},
		"firstperson_lefthand": {
			"rotation": [0, -180, 0],
			"translation": [1.13, 3.2, 1.13],
			"scale": [0.68, 0.68, 0.68]
		},
		"ground": {
			"translation": [0, 2, 0],
			"scale": [0.5, 0.5, 0.5]
		},
		"gui": {
			"rotation": [28, 36, 1],
			"translation": [0, 2.75, 0]
		},
		"head": {
			"rotation": [0, -180, 0],
			"translation": [0, 11.25, -0.75]
		},
		"fixed": {
			"rotation": [-90, -180, 0],
			"translation": [0, 0, -4]
		}
	},
	"groups": [
		0,
		{
			"name": "BEVEL",
			"origin": [13.5, 7.5, 6],
			"color": 0,
			"children": [1, 2, 3, 4, 5]
		}
	]
}