{
	"format_version": "1.21.6",
	"credit": "Made with Blockbench",
	"textures": {
		"3": "block/netherrack",
		"layer0": "item/quartz_3d",
		"particle": "block/stone"
	},
	"elements": [
		{
			"from": [4.5, 0, 4.5],
			"to": [11.5, 2, 11.5],
			"rotation": {"angle": 0, "axis": "y", "origin": [8, 1, 8]},
			"faces": {
				"north": {"uv": [0, 0, 7, 2], "texture": "#3"},
				"east": {"uv": [0, 0, 7, 2], "texture": "#3"},
				"south": {"uv": [0, 0, 7, 2], "texture": "#3"},
				"west": {"uv": [0, 0, 7, 2], "texture": "#3"},
				"up": {"uv": [0, 0, 7, 7], "texture": "#3"},
				"down": {"uv": [0, 0, 7, 7], "texture": "#3"}
			}
		},
		{
			"from": [4.5, 0.25, 4.5],
			"to": [11.5, 1.75, 11.5],
			"rotation": {"angle": 45, "axis": "y", "origin": [8, 1, 8]},
			"faces": {
				"north": {"uv": [0, 0, 7, 1.5], "texture": "#3"},
				"east": {"uv": [0, 0, 7, 1.5], "texture": "#3"},
				"south": {"uv": [0, 0, 7, 1.5], "texture": "#3"},
				"west": {"uv": [0, 0, 7, 1.5], "texture": "#3"},
				"up": {"uv": [0, 0, 7, 7], "texture": "#3"},
				"down": {"uv": [0, 0, 7, 7], "texture": "#3"}
			}
		},
		{
			"from": [8, 1.25, 6.5],
			"to": [11, 9.25, 9.5],
			"rotation": {"angle": -22.5, "axis": "z", "origin": [9.5, 1.25, 8]},
			"faces": {
				"north": {"uv": [10, 2, 7, 10], "texture": "#layer0"},
				"east": {"uv": [10, 2, 7, 10], "texture": "#layer0"},
				"south": {"uv": [10, 2, 7, 10], "texture": "#layer0"},
				"west": {"uv": [10, 2, 7, 10], "texture": "#layer0"},
				"up": {"uv": [10, 2, 7, 5], "texture": "#layer0"},
				"down": {"uv": [10, 7, 7, 10], "texture": "#layer0"}
			}
		},
		{
			"from": [14.06751, 5.84619, 6.55],
			"to": [16.21751, 7.94619, 9.45],
			"rotation": {"angle": 22.5, "axis": "z", "origin": [9.5, 1.25, 8]},
			"faces": {
				"north": {"uv": [10, 2, 7, 5], "texture": "#layer0"},
				"east": {"uv": [10, 2, 7, 5], "texture": "#layer0"},
				"south": {"uv": [10, 2, 7, 5], "texture": "#layer0"},
				"west": {"uv": [10, 2, 7, 5], "texture": "#layer0"},
				"up": {"uv": [10, 2, 7, 5], "texture": "#layer0"},
				"down": {"uv": [10, 7, 7, 10], "texture": "#layer0"}
			}
		},
		{
			"from": [5, 1.25, 6.5],
			"to": [8, 8.25, 9.5],
			"rotation": {"angle": 22.5, "axis": "z", "origin": [6.5, 0.25, 8]},
			"faces": {
				"north": {"uv": [7, 2, 10, 10], "texture": "#layer0"},
				"east": {"uv": [7, 2, 10, 10], "texture": "#layer0"},
				"south": {"uv": [7, 2, 10, 10], "texture": "#layer0"},
				"west": {"uv": [7, 2, 10, 10], "texture": "#layer0"},
				"up": {"uv": [7, 2, 10, 5], "texture": "#layer0"},
				"down": {"uv": [7, 7, 10, 10], "texture": "#layer0"}
			}
		},
		{
			"from": [-0.21751, 4.84619, 6.55],
			"to": [1.93249, 6.94619, 9.45],
			"rotation": {"angle": -22.5, "axis": "z", "origin": [6.5, 0.25, 8]},
			"faces": {
				"north": {"uv": [7, 2, 10, 5], "texture": "#layer0"},
				"east": {"uv": [7, 2, 10, 5], "texture": "#layer0"},
				"south": {"uv": [7, 2, 10, 5], "texture": "#layer0"},
				"west": {"uv": [7, 2, 10, 5], "texture": "#layer0"},
				"up": {"uv": [7, 2, 10, 5], "texture": "#layer0"},
				"down": {"uv": [7, 7, 10, 10], "texture": "#layer0"}
			}
		},
		{
			"from": [7, 1, 5],
			"to": [9, 9, 7],
			"rotation": {"angle": -22.5, "axis": "x", "origin": [8, 1, 6]},
			"faces": {
				"north": {"uv": [7, 2, 9, 10], "texture": "#layer0"},
				"east": {"uv": [7, 2, 9, 10], "texture": "#layer0"},
				"south": {"uv": [7, 2, 9, 10], "texture": "#layer0"},
				"west": {"uv": [7, 2, 9, 10], "texture": "#layer0"},
				"up": {"uv": [7, 2, 9, 4], "rotation": 90, "texture": "#layer0"},
				"down": {"uv": [7, 8, 9, 10], "rotation": 270, "texture": "#layer0"}
			}
		},
		{
			"from": [7, 5.94975, -0.36396],
			"to": [9, 7.34975, 1.03604],
			"rotation": {"angle": 22.5, "axis": "x", "origin": [8, 1, 6]},
			"faces": {
				"north": {"uv": [7, 2, 9, 4], "texture": "#layer0"},
				"east": {"uv": [7, 2, 9, 4], "texture": "#layer0"},
				"south": {"uv": [7, 2, 9, 4], "texture": "#layer0"},
				"west": {"uv": [7, 2, 9, 4], "texture": "#layer0"},
				"up": {"uv": [7, 2, 9, 4], "rotation": 90, "texture": "#layer0"},
				"down": {"uv": [7, 8, 9, 10], "rotation": 270, "texture": "#layer0"}
			}
		},
		{
			"from": [7, 1, 8.75],
			"to": [9, 8, 10.75],
			"rotation": {"angle": 22.5, "axis": "x", "origin": [8, 0, 9.75]},
			"faces": {
				"north": {"uv": [9, 2, 7, 10], "texture": "#layer0"},
				"east": {"uv": [9, 2, 7, 10], "texture": "#layer0"},
				"south": {"uv": [9, 2, 7, 10], "texture": "#layer0"},
				"west": {"uv": [9, 2, 7, 10], "texture": "#layer0"},
				"up": {"uv": [9, 2, 7, 4], "rotation": 90, "texture": "#layer0"},
				"down": {"uv": [9, 8, 7, 10], "rotation": 270, "texture": "#layer0"}
			}
		},
		{
			"from": [7, 4.94975, 14.71396],
			"to": [9, 6.34975, 16.11396],
			"rotation": {"angle": -22.5, "axis": "x", "origin": [8, 0, 9.75]},
			"faces": {
				"north": {"uv": [9, 2, 7, 4], "texture": "#layer0"},
				"east": {"uv": [9, 2, 7, 4], "texture": "#layer0"},
				"south": {"uv": [9, 2, 7, 4], "texture": "#layer0"},
				"west": {"uv": [9, 2, 7, 4], "texture": "#layer0"},
				"up": {"uv": [9, 2, 7, 4], "rotation": 90, "texture": "#layer0"},
				"down": {"uv": [9, 8, 7, 10], "rotation": 270, "texture": "#layer0"}
			}
		},
		{
			"from": [7, 2, 7],
			"to": [9, 10, 9],
			"rotation": {"angle": 0, "axis": "x", "origin": [8, 2, 8]},
			"faces": {
				"north": {"uv": [9, 2, 7, 10], "texture": "#layer0"},
				"east": {"uv": [9, 2, 7, 10], "texture": "#layer0"},
				"south": {"uv": [9, 2, 7, 10], "texture": "#layer0"},
				"west": {"uv": [9, 2, 7, 10], "texture": "#layer0"},
				"up": {"uv": [9, 2, 7, 4], "rotation": 90, "texture": "#layer0"},
				"down": {"uv": [9, 8, 7, 10], "rotation": 270, "texture": "#layer0"}
			}
		},
		{
			"from": [7, 6.94975, 12.96396],
			"to": [9, 8.34975, 14.36396],
			"rotation": {"angle": -45, "axis": "x", "origin": [8, 2, 8]},
			"faces": {
				"north": {"uv": [9, 2, 7, 4], "texture": "#layer0"},
				"east": {"uv": [9, 2, 7, 4], "texture": "#layer0"},
				"south": {"uv": [9, 2, 7, 4], "texture": "#layer0"},
				"west": {"uv": [9, 2, 7, 4], "texture": "#layer0"},
				"up": {"uv": [9, 2, 7, 4], "rotation": 90, "texture": "#layer0"},
				"down": {"uv": [9, 8, 7, 10], "rotation": 270, "texture": "#layer0"}
			}
		}
	],
	"display": {
		"thirdperson_righthand": {
			"translation": [0, 3, 1],
			"scale": [0.55, 0.55, 0.55]
		},
		"thirdperson_lefthand": {
			"translation": [0, 4.25, 1],
			"scale": [0.55, 0.55, 0.55]
		},
		"firstperson_righthand": {
			"rotation": [0, -90, 25],
			"translation": [0.38, 4, 1.13],
			"scale": [0.5, 0.5, 0.5]
		},
		"firstperson_lefthand": {
			"rotation": [0, -90, 25],
			"translation": [0.38, 4, 1.13],
			"scale": [0.5, 0.5, 0.5]
		},
		"ground": {
			"translation": [0, 2, 0],
			"scale": [0.5, 0.5, 0.5]
		},
		"gui": {
			"translation": [0, 1.25, 0]
		},
		"head": {
			"rotation": [0, -180, 0],
			"translation": [0, 13, 7]
		},
		"fixed": {
			"rotation": [0, -180, 0],
			"translation": [0, 3, 0]
		},
		"on_shelf": {
			"rotation": [0, -180, 0]
		}
	},
	"groups": [
		0,
		1,
		{
			"name": "Thick Crystal",
			"origin": [9.5, 1.25, 7.5],
			"color": 0,
			"children": [2, 3]
		},
		{
			"name": "Thick Crystal",
			"origin": [6.5, 0.25, 7.5],
			"color": 0,
			"children": [4, 5]
		},
		{
			"name": "Thin Crystal",
			"origin": [-4.24264, 3.75736, 0],
			"color": 0,
			"children": [6, 7]
		},
		{
			"name": "Thin Crystal",
			"origin": [-4.24264, 3.75736, 0],
			"color": 0,
			"children": [8, 9]
		},
		{
			"name": "Thin Crystal",
			"origin": [-4.24264, 3.75736, 0],
			"color": 0,
			"children": [10, 11]
		}
	]
}