{
	"format_version": "1.21.6",
	"credit": "Made with Blockbench",
	"textures": {
		"particle": "item/raw_copper_3d",
		"layer0": "item/raw_copper_3d"
	},
	"elements": [
		{
			"from": [3.5, 3, 3.5],
			"to": [7.5, 8, 7.5],
			"rotation": {"angle": 0, "axis": "y", "origin": [4, 5.75, 5.5]},
			"faces": {
				"north": {"uv": [9, 9, 13, 14], "texture": "#layer0"},
				"east": {"uv": [9, 9, 13, 14], "texture": "#layer0"},
				"south": {"uv": [9, 9, 13, 14], "texture": "#layer0"},
				"west": {"uv": [9, 9, 13, 14], "texture": "#layer0"},
				"up": {"uv": [13, 13, 9, 9], "texture": "#layer0"},
				"down": {"uv": [13, 13, 9, 9], "texture": "#layer0"}
			}
		},
		{
			"from": [1.5, 4, 4.5],
			"to": [3.5, 8, 6.5],
			"rotation": {"angle": 0, "axis": "y", "origin": [4, 5.75, 5.5]},
			"faces": {
				"north": {"uv": [13, 9, 15, 13], "texture": "#layer0"},
				"east": {"uv": [9, 9, 13, 14], "texture": "#layer0"},
				"south": {"uv": [13, 9, 15, 13], "texture": "#layer0"},
				"west": {"uv": [13, 9, 15, 13], "texture": "#layer0"},
				"up": {"uv": [15, 11, 13, 9], "texture": "#layer0"},
				"down": {"uv": [15, 13, 13, 11], "texture": "#layer0"}
			}
		},
		{
			"from": [4.5, 4, 5.5],
			"to": [13.5, 12, 10.5],
			"rotation": {"angle": 22.5, "axis": "y", "origin": [10.5, 9.25, 7.75]},
			"faces": {
				"north": {"uv": [2, 4, 11, 12], "texture": "#layer0"},
				"east": {"uv": [2, 4, 7, 12], "texture": "#layer0"},
				"south": {"uv": [11, 4, 2, 12], "texture": "#layer0"},
				"west": {"uv": [9, 3, 14, 11], "texture": "#layer0"},
				"up": {"uv": [11, 8, 2, 3], "texture": "#layer0"},
				"down": {"uv": [11, 12, 2, 7], "texture": "#layer0"}
			}
		},
		{
			"from": [7.5, 12, 6.5],
			"to": [12.5, 13, 9.5],
			"rotation": {"angle": 22.5, "axis": "y", "origin": [10.5, 9.25, 7.75]},
			"faces": {
				"north": {"uv": [2, 5, 7, 6], "texture": "#layer0"},
				"east": {"uv": [2, 6, 3, 3], "rotation": 90, "texture": "#layer0"},
				"south": {"uv": [2, 3, 7, 4], "texture": "#layer0"},
				"west": {"uv": [6, 3, 7, 6], "rotation": 90, "texture": "#layer0"},
				"up": {"uv": [7, 6, 2, 3], "texture": "#layer0"}
			}
		},
		{
			"from": [6.5, 5, 10.5],
			"to": [12.5, 11, 11.5],
			"rotation": {"angle": 22.5, "axis": "y", "origin": [10.5, 9.25, 7.75]},
			"faces": {
				"east": {"uv": [7, 6, 8, 12], "texture": "#layer0"},
				"south": {"uv": [7, 6, 13, 12], "texture": "#layer0"},
				"west": {"uv": [7, 6, 8, 12], "texture": "#layer0"},
				"up": {"uv": [13, 7, 7, 6], "texture": "#layer0"},
				"down": {"uv": [13, 7, 7, 6], "texture": "#layer0"}
			}
		},
		{
			"from": [5.5, 5, 4.5],
			"to": [11.5, 11, 5.5],
			"rotation": {"angle": 22.5, "axis": "y", "origin": [10.5, 9.25, 7.75]},
			"faces": {
				"north": {"uv": [4, 5, 10, 11], "texture": "#layer0"},
				"east": {"uv": [4, 5, 5, 11], "texture": "#layer0"},
				"west": {"uv": [8, 6, 7, 12], "texture": "#layer0"},
				"up": {"uv": [10, 6, 4, 5], "texture": "#layer0"},
				"down": {"uv": [13, 6, 7, 7], "texture": "#layer0"}
			}
		}
	],
	"display": {
		"thirdperson_righthand": {
			"translation": [0, 3, 1],
			"scale": [0.55, 0.55, 0.55]
		},
		"thirdperson_lefthand": {
			"translation": [0, 3, 1],
			"scale": [0.55, 0.55, 0.55]
		},
		"firstperson_righthand": {
			"rotation": [0, 120, 25],
			"translation": [1.13, 3.2, 1.13],
			"scale": [0.68, 0.68, 0.68]
		},
		"firstperson_lefthand": {
			"rotation": [0, 153, -24],
			"translation": [1.13, 3.2, 1.13],
			"scale": [0.68, 0.68, 0.68]
		},
		"ground": {
			"translation": [0, 2, 0],
			"scale": [0.5, 0.5, 0.5]
		},
		"head": {
			"rotation": [0, -180, 0],
			"translation": [0, 13, 7]
		},
		"fixed": {
			"rotation": [0, -8, 0],
			"translation": [0, 0, -1.25]
		},
		"on_shelf": {
			"rotation": [0, -180, 0]
		}
	},
	"groups": [
		{
			"name": "Small Clump",
			"origin": [12.5, 4.75, 5],
			"color": 0,
			"children": [0, 1]
		},
		{
			"name": "Large Clump",
			"origin": [3, 4, 12.5],
			"color": 0,
			"children": [2, 3, 4, 5]
		}
	]
}