{
	"format_version": "1.21.6",
	"credit": "By Ewan Howell",
	"parent": "block/block",
	"textures": {
		"1": "block/white_wool",
		"2": "block/stripped_oak_log",
		"particle": "block/stripped_oak_log"
	},
	"elements": [
		{
			"from": [13, 0, 13],
			"to": [16, 3, 16],
			"rotation": {"angle": 0, "axis": "y", "origin": [0, 0, -16]},
			"faces": {
				"north": {"uv": [14, 2.25, 14.75, 3], "texture": "#bed"},
				"east": {"uv": [13.25, 2.25, 14, 3], "texture": "#bed"},
				"south": {"uv": [12.5, 2.25, 13.25, 3], "texture": "#bed"},
				"west": {"uv": [14.75, 2.25, 15.5, 3], "texture": "#bed"},
				"up": {"uv": [14, 2.25, 13.25, 1.5], "rotation": 90, "texture": "#bed"},
				"down": {"uv": [14.75, 1.5, 14, 2.25], "rotation": 270, "texture": "#bed"}
			}
		},
		{
			"from": [0, 0, 13],
			"to": [3, 3, 16],
			"rotation": {"angle": 0, "axis": "y", "origin": [0, 0, -16]},
			"faces": {
				"north": {"uv": [14.75, 5.25, 15.5, 6], "texture": "#bed"},
				"east": {"uv": [14, 5.25, 14.75, 6], "texture": "#bed"},
				"south": {"uv": [13.25, 5.25, 14, 6], "texture": "#bed"},
				"west": {"uv": [12.5, 5.25, 13.25, 6], "texture": "#bed"},
				"up": {"uv": [14, 5.25, 13.25, 4.5], "rotation": 180, "texture": "#bed"},
				"down": {"uv": [14.75, 4.5, 14, 5.25], "rotation": 180, "texture": "#bed"}
			}
		},
		{
			"from": [13, 0, -14.75],
			"to": [16, 3, -11.75],
			"rotation": {"angle": 0, "axis": "y", "origin": [0, 0, -14.75]},
			"faces": {
				"north": {"uv": [13.25, 0.75, 14, 1.5], "texture": "#bed"},
				"east": {"uv": [12.5, 0.75, 13.25, 1.5], "texture": "#bed"},
				"south": {"uv": [14.75, 0.75, 15.5, 1.5], "texture": "#bed"},
				"west": {"uv": [14, 0.75, 14.75, 1.5], "texture": "#bed"},
				"up": {"uv": [14, 0.75, 13.25, 0], "texture": "#bed"},
				"down": {"uv": [14.75, 0, 14, 0.75], "texture": "#bed"}
			}
		},
		{
			"from": [0, 0, -14.75],
			"to": [3, 3, -11.75],
			"rotation": {"angle": 0, "axis": "y", "origin": [0, 0, -14.75]},
			"faces": {
				"north": {"uv": [12.5, 3.75, 13.25, 4.5], "texture": "#bed"},
				"east": {"uv": [14.75, 3.75, 15.5, 4.5], "texture": "#bed"},
				"south": {"uv": [14, 3.75, 14.75, 4.5], "texture": "#bed"},
				"west": {"uv": [13.25, 3.75, 14, 4.5], "texture": "#bed"},
				"up": {"uv": [14, 3.75, 13.25, 3], "rotation": 270, "texture": "#bed"},
				"down": {"uv": [14.75, 3, 14, 3.75], "rotation": 90, "texture": "#bed"}
			}
		},
		{
			"from": [0, 3, 0],
			"to": [16, 9, 16],
			"rotation": {"angle": 0, "axis": "y", "origin": [0, 0, -16]},
			"faces": {
				"north": {"uv": [9.5, 0, 5.5, 1.5], "rotation": 180, "texture": "#bed"},
				"east": {"uv": [0, 1.5, 1.5, 5.5], "rotation": 270, "texture": "#bed"},
				"south": {"uv": [5.5, 1.5, 1.5, 0], "texture": "#bed"},
				"west": {"uv": [5.5, 1.5, 7, 5.5], "rotation": 90, "texture": "#bed"},
				"up": {"uv": [1.5, 1.5, 5.5, 5.5], "rotation": 180, "texture": "#bed"},
				"down": {"uv": [7, 1.5, 11, 5.5], "texture": "#bed"}
			}
		},
		{
			"from": [0, 3, -14.5],
			"to": [16, 9, 0],
			"rotation": {"angle": 0, "axis": "y", "origin": [0, 0, -16]},
			"faces": {
				"north": {"uv": [9.5, 5.5, 5.5, 7], "rotation": 180, "texture": "#bed"},
				"east": {"uv": [0, 7, 1.5, 11], "rotation": 270, "texture": "#bed"},
				"south": {"uv": [5.5, 7, 1.5, 5.5], "texture": "#bed"},
				"west": {"uv": [5.5, 7, 7, 11], "rotation": 90, "texture": "#bed"},
				"up": {"uv": [1.5, 7, 5.5, 11], "rotation": 180, "texture": "#bed"},
				"down": {"uv": [7, 7, 11, 11], "texture": "#bed"}
			}
		},
		{
			"from": [14.5, -4, 14.5],
			"to": [17.5, 12, 17.5],
			"rotation": {"angle": 0, "axis": "y", "origin": [17.5, 0, 16.5]},
			"faces": {
				"north": {"uv": [3, 0, 0, 16], "texture": "#2"},
				"east": {"uv": [3, 0, 0, 16], "texture": "#2"},
				"south": {"uv": [3, 0, 0, 16], "texture": "#2"},
				"west": {"uv": [3, 0, 0, 16], "texture": "#2"},
				"up": {"uv": [3, 0, 0, 3], "texture": "#2"},
				"down": {"uv": [3, 13, 0, 16], "texture": "#2"}
			}
		},
		{
			"from": [-1.5, -4, 14.5],
			"to": [1.5, 12, 17.5],
			"rotation": {"angle": 0, "axis": "y", "origin": [-1.5, 0, 16.5]},
			"faces": {
				"north": {"uv": [0, 0, 3, 16], "texture": "#2"},
				"east": {"uv": [0, 0, 3, 16], "texture": "#2"},
				"south": {"uv": [0, 0, 3, 16], "texture": "#2"},
				"west": {"uv": [0, 0, 3, 16], "texture": "#2"},
				"up": {"uv": [0, 0, 3, 3], "texture": "#2"},
				"down": {"uv": [0, 13, 3, 16], "texture": "#2"}
			}
		},
		{
			"from": [2.5, 8.8, 8.25],
			"to": [13.5, 10.8, 14.25],
			"rotation": {"angle": -7.5, "axis": "x", "origin": [8, 10.8, 14.25]},
			"faces": {
				"north": {"uv": [0, 0, 11, 2], "texture": "#1"},
				"east": {"uv": [0, 0, 6, 2], "texture": "#1"},
				"south": {"uv": [0, 0, 11, 2], "texture": "#1"},
				"west": {"uv": [0, 0, 6, 2], "texture": "#1"},
				"up": {"uv": [0, 0, 11, 6], "texture": "#1"},
				"down": {"uv": [0, 0, 11, 6], "texture": "#1"}
			}
		},
		{
			"from": [1.5, 2.65, 15.5],
			"to": [14.5, 7, 16.5],
			"rotation": {"angle": 0, "axis": "y", "origin": [1.5, 3, 15.5]},
			"faces": {
				"north": {"uv": [1, 0, 14, 4], "texture": "#2"},
				"east": {"uv": [0, 0, 1, 4], "texture": "#2"},
				"south": {"uv": [1, 0, 14, 4], "texture": "#2"},
				"west": {"uv": [0, 0, 1, 4], "texture": "#2"},
				"up": {"uv": [1, 0, 14, 1], "texture": "#2"},
				"down": {"uv": [1, 0, 14, 1], "texture": "#2"}
			}
		},
		{
			"from": [-0.5, 2.65, 0],
			"to": [0.5, 7, 14.5],
			"rotation": {"angle": 0, "axis": "y", "origin": [-0.5, 3, 0]},
			"faces": {
				"north": {"uv": [0, 0, 1, 4], "texture": "#2"},
				"east": {"uv": [2, 9, 16, 13], "texture": "#2"},
				"south": {"uv": [0, 0, 1, 4], "texture": "#2"},
				"west": {"uv": [2, 9, 16, 13], "texture": "#2"},
				"up": {"uv": [2, 9, 16, 10], "rotation": 90, "texture": "#2"},
				"down": {"uv": [2, 9, 16, 10], "rotation": 90, "texture": "#2"}
			}
		},
		{
			"from": [15.5, 2.65, 0],
			"to": [16.5, 7, 14.5],
			"rotation": {"angle": 0, "axis": "y", "origin": [16.5, 3, 0]},
			"faces": {
				"north": {"uv": [1, 0, 0, 4], "texture": "#2"},
				"east": {"uv": [16, 9, 2, 13], "texture": "#2"},
				"south": {"uv": [1, 0, 0, 4], "texture": "#2"},
				"west": {"uv": [16, 9, 2, 13], "texture": "#2"},
				"up": {"uv": [2, 10, 16, 9], "rotation": 90, "texture": "#2"},
				"down": {"uv": [2, 10, 16, 9], "rotation": 90, "texture": "#2"}
			}
		},
		{
			"from": [14.5, -4, -16],
			"to": [17.5, 12, -13],
			"rotation": {"angle": 0, "axis": "y", "origin": [17.5, 0, -15]},
			"faces": {
				"north": {"uv": [0, 0, 3, 16], "texture": "#2"},
				"east": {"uv": [0, 0, 3, 16], "texture": "#2"},
				"south": {"uv": [0, 0, 3, 16], "texture": "#2"},
				"west": {"uv": [0, 0, 3, 16], "texture": "#2"},
				"up": {"uv": [3, 3, 0, 0], "texture": "#2"},
				"down": {"uv": [3, 16, 0, 13], "texture": "#2"}
			}
		},
		{
			"from": [-1.5, -4, -16],
			"to": [1.5, 12, -13],
			"rotation": {"angle": 0, "axis": "y", "origin": [-1.5, 0, -15]},
			"faces": {
				"north": {"uv": [3, 0, 0, 16], "texture": "#2"},
				"east": {"uv": [3, 0, 0, 16], "texture": "#2"},
				"south": {"uv": [3, 0, 0, 16], "texture": "#2"},
				"west": {"uv": [3, 0, 0, 16], "texture": "#2"},
				"up": {"uv": [0, 3, 3, 0], "texture": "#2"},
				"down": {"uv": [0, 16, 3, 13], "texture": "#2"}
			}
		},
		{
			"from": [1.5, 2.65, -15],
			"to": [14.5, 7, -14],
			"rotation": {"angle": 0, "axis": "y", "origin": [1.5, 3, -14]},
			"faces": {
				"north": {"uv": [14, 0, 1, 4], "texture": "#2"},
				"east": {"uv": [1, 0, 0, 4], "texture": "#2"},
				"south": {"uv": [14, 0, 1, 4], "texture": "#2"},
				"west": {"uv": [1, 0, 0, 4], "texture": "#2"},
				"up": {"uv": [1, 1, 14, 0], "texture": "#2"},
				"down": {"uv": [1, 1, 14, 0], "texture": "#2"}
			}
		},
		{
			"from": [15.5, 2.65, -13],
			"to": [16.5, 7, 0],
			"rotation": {"angle": 0, "axis": "y", "origin": [16.5, 3, 1.5]},
			"faces": {
				"north": {"uv": [0, 0, 1, 4], "texture": "#2"},
				"east": {"uv": [2, 9, 16, 13], "texture": "#2"},
				"south": {"uv": [0, 0, 1, 4], "texture": "#2"},
				"west": {"uv": [2, 9, 16, 13], "texture": "#2"},
				"up": {"uv": [16, 10, 2, 9], "rotation": 90, "texture": "#2"},
				"down": {"uv": [16, 10, 2, 9], "rotation": 90, "texture": "#2"}
			}
		},
		{
			"from": [-0.5, 2.65, -13],
			"to": [0.5, 7, 0],
			"rotation": {"angle": 0, "axis": "y", "origin": [-0.5, 3, 1.5]},
			"faces": {
				"north": {"uv": [1, 0, 0, 4], "texture": "#2"},
				"east": {"uv": [16, 9, 2, 13], "texture": "#2"},
				"south": {"uv": [1, 0, 0, 4], "texture": "#2"},
				"west": {"uv": [16, 9, 2, 13], "texture": "#2"},
				"up": {"uv": [16, 9, 2, 10], "rotation": 90, "texture": "#2"},
				"down": {"uv": [16, 9, 2, 10], "rotation": 90, "texture": "#2"}
			}
		}
	],
	"gui_light": "front",
	"display": {
		"thirdperson_righthand": {
			"rotation": [30, 160, 0],
			"translation": [0, 3, -2],
			"scale": [0.23, 0.23, 0.23]
		},
		"firstperson_righthand": {
			"rotation": [30, 160, 0],
			"translation": [0, 3, 0],
			"scale": [0.375, 0.375, 0.375]
		},
		"ground": {
			"translation": [0, 1, 2],
			"scale": [0.25, 0.25, 0.25]
		},
		"gui": {
			"rotation": [30, 160, 0],
			"translation": [1.25, 3, 0],
			"scale": [0.5, 0.5, 0.5]
		},
		"head": {
			"rotation": [0, -180, 0],
			"translation": [0, 10, -8]
		},
		"fixed": {
			"rotation": [-90, 0, 0],
			"translation": [0, 4, -2],
			"scale": [0.5, 0.5, 0.5]
		}
	}
}