{
	"format_version": "1.21.6",
	"credit": "Made with Blockbench",
	"textures": {
		"1": "item/totem_of_never_dying_three_dee",
		"particle": "item/totem_of_never_dying_three_dee",
		"layer0": "item/totem_of_never_dying"
	},
	"elements": [
		{
			"from": [4.75, 12.5, 9],
			"to": [11.25, 14.25, 9],
			"light_emission": 15,
			"rotation": {"angle": 0, "axis": "y", "origin": [11.25, 12.5, 9]},
			"faces": {
				"north": {"uv": [0, 10, 3.5, 11], "texture": "#1"},
				"south": {"uv": [0, 10, 3.5, 11], "texture": "#1"}
			}
		},
		{
			"from": [6, 0, 7.5],
			"to": [10, 1, 8.5],
			"rotation": {"angle": 0, "axis": "y", "origin": [6, 0, 7.5]},
			"faces": {
				"north": {"uv": [6, 15, 10, 16], "texture": "#layer0"},
				"east": {"uv": [6, 15, 10, 16], "texture": "#layer0"},
				"south": {"uv": [6, 15, 10, 16], "texture": "#layer0"},
				"west": {"uv": [6, 15, 10, 16], "texture": "#layer0"},
				"up": {"uv": [6, 15, 10, 16], "texture": "#layer0"},
				"down": {"uv": [6, 15, 10, 16], "texture": "#layer0"}
			}
		},
		{
			"from": [5, 1, 7.5],
			"to": [11, 3, 8.5],
			"rotation": {"angle": 0, "axis": "y", "origin": [6, 0, 7.5]},
			"faces": {
				"north": {"uv": [5, 13, 11, 15], "texture": "#layer0"},
				"east": {"uv": [6, 15, 10, 16], "texture": "#layer0"},
				"south": {"uv": [5, 13, 11, 15], "texture": "#layer0"},
				"west": {"uv": [6, 15, 10, 16], "texture": "#layer0"},
				"up": {"uv": [6, 15, 10, 16], "texture": "#layer0"},
				"down": {"uv": [6, 15, 10, 16], "texture": "#layer0"}
			}
		},
		{
			"from": [4, 3, 7.5],
			"to": [12, 5, 8.5],
			"rotation": {"angle": 0, "axis": "y", "origin": [6, 0, 7.5]},
			"faces": {
				"north": {"uv": [4, 11, 12, 13], "texture": "#layer0"},
				"east": {"uv": [6, 15, 10, 16], "texture": "#layer0"},
				"south": {"uv": [4, 11, 12, 13], "texture": "#layer0"},
				"west": {"uv": [6, 15, 10, 16], "texture": "#layer0"},
				"up": {"uv": [6, 15, 10, 16], "texture": "#layer0"},
				"down": {"uv": [6, 15, 10, 16], "texture": "#layer0"}
			}
		},
		{
			"from": [2, 5, 7.5],
			"to": [14, 6, 8.5],
			"rotation": {"angle": 0, "axis": "y", "origin": [6, 0, 7.5]},
			"faces": {
				"north": {"uv": [2, 10, 14, 11], "texture": "#layer0"},
				"east": {"uv": [6, 15, 10, 16], "texture": "#layer0"},
				"south": {"uv": [2, 10, 14, 11], "texture": "#layer0"},
				"west": {"uv": [6, 15, 10, 16], "texture": "#layer0"},
				"up": {"uv": [6, 15, 10, 16], "texture": "#layer0"},
				"down": {"uv": [6, 15, 10, 16], "texture": "#layer0"}
			}
		},
		{
			"from": [1, 6, 7.5],
			"to": [15, 8, 8.5],
			"rotation": {"angle": 0, "axis": "y", "origin": [6, 0, 7.5]},
			"faces": {
				"north": {"uv": [1, 8, 15, 10], "texture": "#layer0"},
				"east": {"uv": [6, 15, 10, 16], "texture": "#layer0"},
				"south": {"uv": [1, 8, 15, 10], "texture": "#layer0"},
				"west": {"uv": [6, 15, 10, 16], "texture": "#layer0"},
				"up": {"uv": [6, 15, 10, 16], "texture": "#layer0"},
				"down": {"uv": [6, 15, 10, 16], "texture": "#layer0"}
			}
		},
		{
			"from": [4, 8, 7.5],
			"to": [12, 14, 8.5],
			"rotation": {"angle": 0, "axis": "y", "origin": [6, 0, 7.5]},
			"faces": {
				"north": {"uv": [4, 2, 12, 8], "texture": "#layer0"},
				"east": {"uv": [6, 15, 10, 16], "texture": "#layer0"},
				"south": {"uv": [4, 2, 12, 8], "texture": "#layer0"},
				"west": {"uv": [6, 15, 10, 16], "texture": "#layer0"},
				"up": {"uv": [6, 15, 10, 16], "texture": "#layer0"},
				"down": {"uv": [6, 15, 10, 16], "texture": "#layer0"}
			}
		},
		{
			"from": [5, 14, 7.5],
			"to": [11, 15, 8.5],
			"rotation": {"angle": 0, "axis": "y", "origin": [6, 0, 7.5]},
			"faces": {
				"north": {"uv": [5, 1, 11, 2], "texture": "#layer0"},
				"east": {"uv": [6, 15, 10, 16], "texture": "#layer0"},
				"south": {"uv": [5, 1, 11, 2], "texture": "#layer0"},
				"west": {"uv": [6, 15, 10, 16], "texture": "#layer0"},
				"up": {"uv": [6, 15, 10, 16], "texture": "#layer0"},
				"down": {"uv": [6, 15, 10, 16], "texture": "#layer0"}
			}
		}
	],
	"gui_light": "front",
	"display": {
		"thirdperson_righthand": {
			"translation": [0, 3, 1],
			"scale": [0.55, 0.55, 0.55]
		},
		"thirdperson_lefthand": {
			"translation": [0, 3, 1],
			"scale": [0.55, 0.55, 0.55]
		},
		"firstperson_righthand": {
			"rotation": [0, -90, 25],
			"translation": [1.13, 3.2, 1.13],
			"scale": [0.68, 0.68, 0.68]
		},
		"firstperson_lefthand": {
			"rotation": [0, -90, 25],
			"translation": [1.13, 3.2, 1.13],
			"scale": [0.68, 0.68, 0.68]
		},
		"ground": {
			"translation": [0, 2, 0],
			"scale": [0.5, 0.5, 0.5]
		},
		"head": {
			"rotation": [0, -180, 0],
			"translation": [0, 13, 7]
		},
		"fixed": {
			"rotation": [0, -180, 0]
		},
		"on_shelf": {
			"rotation": [0, -180, 0]
		}
	}
}