{
	"format_version": "1.21.6",
	"credit": "Made with Blockbench",
	"textures": {
		"2": "item/totem_of_never_dying_three_dee",
		"particle": "item/totem_of_never_dying",
		"layer0": "item/totem_of_undying"
	},
	"elements": [
		{
			"from": [5, 8, 5],
			"to": [11, 14, 11],
			"light_emission": 15,
			"rotation": {"angle": 0, "axis": "y", "origin": [5, 8, 5]},
			"faces": {
				"north": {"uv": [0, 0, 3, 3], "texture": "#2"},
				"east": {"uv": [3, 0, 6, 3], "texture": "#2"},
				"south": {"uv": [3, 0, 6, 3], "texture": "#2"},
				"west": {"uv": [3, 0, 6, 3], "texture": "#2"},
				"up": {"uv": [9, 3, 6, 0], "texture": "#2"},
				"down": {"uv": [3, 3, 0, 6], "texture": "#2"}
			}
		},
		{
			"from": [6, 7, 6],
			"to": [10, 8, 10],
			"light_emission": 15,
			"rotation": {"angle": 0, "axis": "y", "origin": [6, 7, 6]},
			"faces": {
				"north": {"uv": [3.5, 5, 5.5, 5.5], "texture": "#2"},
				"east": {"uv": [5, 3.5, 5.5, 5.5], "texture": "#2"},
				"south": {"uv": [3.5, 5, 5.5, 5.5], "texture": "#2"},
				"west": {"uv": [5, 3.5, 5.5, 5.5], "texture": "#2"},
				"up": {"uv": [3.5, 3.5, 5.5, 5.5], "texture": "#2"},
				"down": {"uv": [3.5, 3.5, 5.5, 5.5], "texture": "#2"}
			}
		},
		{
			"from": [5, 3, 5],
			"to": [11, 7, 11],
			"light_emission": 15,
			"rotation": {"angle": 0, "axis": "y", "origin": [5.5, 4, 5.5]},
			"faces": {
				"north": {"uv": [6, 3, 9, 5], "texture": "#2"},
				"east": {"uv": [6, 5, 9, 7], "texture": "#2"},
				"south": {"uv": [6, 5, 9, 7], "texture": "#2"},
				"west": {"uv": [6, 5, 9, 7], "texture": "#2"},
				"up": {"uv": [3.5, 3.5, 5.5, 5.5], "texture": "#2"},
				"down": {"uv": [3.5, 3.5, 5.5, 5.5], "texture": "#2"}
			}
		},
		{
			"from": [6, 1, 6],
			"to": [10, 3, 10],
			"light_emission": 15,
			"rotation": {"angle": 0, "axis": "y", "origin": [6, 2, 6]},
			"faces": {
				"north": {"uv": [6, 13, 10, 15], "texture": "#layer0"},
				"east": {"uv": [6, 13, 10, 15], "texture": "#layer0"},
				"south": {"uv": [6, 13, 10, 15], "texture": "#layer0"},
				"west": {"uv": [6, 13, 10, 15], "texture": "#layer0"},
				"up": {"uv": [3.5, 3.5, 5.5, 5.5], "texture": "#2"},
				"down": {"uv": [3.5, 3.5, 5.5, 5.5], "texture": "#2"}
			}
		},
		{
			"from": [5.01, 4.1, 5],
			"to": [10.99, 7, 6.25],
			"light_emission": 15,
			"rotation": {"angle": 15, "axis": "x", "origin": [8, 7, 5]},
			"faces": {
				"north": {"uv": [6, 3, 9, 4.425], "texture": "#2"},
				"east": {"uv": [6, 3, 6.5, 4.425], "texture": "#2"},
				"south": {"uv": [0, 0, 6, 2.8], "texture": "#missing"},
				"west": {"uv": [8.5, 3, 9, 4.425], "texture": "#2"},
				"up": {"uv": [6, 3, 9, 3.425], "texture": "#2"},
				"down": {"uv": [6, 4.5, 9, 4.925], "texture": "#2"}
			}
		},
		{
			"from": [1, 6, 8],
			"to": [5, 7, 8.25],
			"light_emission": 15,
			"rotation": {"angle": 0, "axis": "z", "origin": [4, 6, 8]},
			"faces": {
				"north": {"uv": [9, 0, 11, 0.5], "texture": "#2"},
				"east": {"uv": [9, 0, 9.5, 0.5], "texture": "#2"},
				"south": {"uv": [11, 0, 9, 0.5], "texture": "#2"},
				"west": {"uv": [11, 0, 10.5, 0.5], "texture": "#2"},
				"up": {"uv": [11, 0, 9, 0.5], "texture": "#2"},
				"down": {"uv": [11, 0, 9, 0.5], "texture": "#2"}
			}
		},
		{
			"from": [11, 5, 8],
			"to": [14, 6, 8.25],
			"light_emission": 15,
			"rotation": {"angle": 0, "axis": "y", "origin": [12, 6, 8]},
			"faces": {
				"north": {"uv": [10.5, 0.5, 9, 1], "texture": "#2"},
				"east": {"uv": [10.5, 0, 11, 0.5], "texture": "#2"},
				"south": {"uv": [9, 0.5, 10.5, 1], "texture": "#2"},
				"west": {"uv": [9.5, 0, 9, 0.5], "texture": "#2"},
				"up": {"uv": [9, 0, 11, 0.5], "texture": "#2"},
				"down": {"uv": [9, 0.5, 10.5, 1], "texture": "#2"}
			}
		},
		{
			"from": [11, 4, 8],
			"to": [12, 5, 8.25],
			"light_emission": 15,
			"rotation": {"angle": 0, "axis": "y", "origin": [12, 6, 8]},
			"faces": {
				"north": {"uv": [9.5, 1, 9, 1.5], "texture": "#2"},
				"east": {"uv": [9.5, 1, 9, 1.5], "texture": "#2"},
				"south": {"uv": [9.5, 1, 9, 1.5], "texture": "#2"},
				"west": {"uv": [9.5, 1, 9, 1.5], "texture": "#2"},
				"up": {"uv": [9.5, 1, 9, 1.5], "texture": "#2"},
				"down": {"uv": [9.5, 1, 9, 1.5], "texture": "#2"}
			}
		},
		{
			"from": [2, 5, 8],
			"to": [5, 6, 8.25],
			"light_emission": 15,
			"rotation": {"angle": 0, "axis": "y", "origin": [4, 6, 8]},
			"faces": {
				"north": {"uv": [9, 0.5, 10.5, 1], "texture": "#2"},
				"east": {"uv": [9, 0, 9.5, 0.5], "texture": "#2"},
				"south": {"uv": [10.5, 0.5, 9, 1], "texture": "#2"},
				"west": {"uv": [11, 0, 10.5, 0.5], "texture": "#2"},
				"up": {"uv": [11, 0, 9, 0.5], "texture": "#2"},
				"down": {"uv": [10.5, 0.5, 9, 1], "texture": "#2"}
			}
		},
		{
			"from": [4, 4, 8],
			"to": [5, 5, 8.25],
			"light_emission": 15,
			"rotation": {"angle": 0, "axis": "y", "origin": [4, 6, 8]},
			"faces": {
				"north": {"uv": [9, 1, 9.5, 1.5], "texture": "#2"},
				"east": {"uv": [9, 1, 9.5, 1.5], "texture": "#2"},
				"south": {"uv": [9, 1, 9.5, 1.5], "texture": "#2"},
				"west": {"uv": [9, 1, 9.5, 1.5], "texture": "#2"},
				"up": {"uv": [9, 1, 9.5, 1.5], "texture": "#2"},
				"down": {"uv": [9, 1, 9.5, 1.5], "texture": "#2"}
			}
		},
		{
			"from": [11, 6, 8],
			"to": [15, 7, 8.25],
			"light_emission": 15,
			"rotation": {"angle": 0, "axis": "y", "origin": [12, 6, 8]},
			"faces": {
				"north": {"uv": [11, 0, 9, 0.5], "texture": "#2"},
				"east": {"uv": [10.5, 0, 11, 0.5], "texture": "#2"},
				"south": {"uv": [9, 0, 11, 0.5], "texture": "#2"},
				"west": {"uv": [9.5, 0, 9, 0.5], "texture": "#2"},
				"up": {"uv": [9, 0, 11, 0.5], "texture": "#2"},
				"down": {"uv": [9, 0, 11, 0.5], "texture": "#2"}
			}
		},
		{
			"from": [1.5, 4.65, 8.5],
			"to": [3.5, 7.5, 7.5],
			"shade": false,
			"light_emission": 15,
			"rotation": {"angle": 0, "axis": "y", "origin": [3.5, 6, 7.5]},
			"faces": {
				"north": {"uv": [11, 10, 12, 11], "texture": "#2"},
				"south": {"uv": [11, 10, 12, 11], "texture": "#2"},
				"west": {"uv": [11, 7.75, 12, 8.137], "texture": "#2"},
				"up": {"uv": [11, 10, 12, 11], "texture": "#2"},
				"down": {"uv": [11, 10, 12, 11], "texture": "#2"}
			}
		},
		{
			"from": [0.5, 5.65, 8.5],
			"to": [1.5, 7.5, 7.5],
			"shade": false,
			"light_emission": 15,
			"rotation": {"angle": 0, "axis": "y", "origin": [3.5, 6, 7.5]},
			"faces": {
				"north": {"uv": [11, 10, 12, 11], "texture": "#2"},
				"south": {"uv": [11, 10, 12, 11], "texture": "#2"},
				"west": {"uv": [11, 8, 12, 9], "texture": "#2"},
				"up": {"uv": [11, 10, 12, 11], "texture": "#2"},
				"down": {"uv": [11, 10, 12, 11], "texture": "#2"}
			}
		},
		{
			"from": [3.5, 3.75, 8.5],
			"to": [4.5, 7.5, 7.5],
			"shade": false,
			"light_emission": 15,
			"rotation": {"angle": 0, "axis": "y", "origin": [3.5, 6, 7.5]},
			"faces": {
				"north": {"uv": [11, 10, 12, 11], "texture": "#2"},
				"south": {"uv": [11, 10, 12, 11], "texture": "#2"},
				"west": {"uv": [11, 7.625, 12, 8.125], "texture": "#2"},
				"up": {"uv": [11, 10, 12, 11], "texture": "#2"},
				"down": {"uv": [11, 10, 12, 11], "texture": "#2"}
			}
		},
		{
			"from": [11.5, 3.75, 8.5],
			"to": [12.5, 7.5, 7.5],
			"shade": false,
			"light_emission": 15,
			"rotation": {"angle": 0, "axis": "y", "origin": [12.5, 6, 7.5]},
			"faces": {
				"north": {"uv": [12, 10, 11, 11], "texture": "#2"},
				"east": {"uv": [12, 7.625, 11, 8.125], "texture": "#2"},
				"south": {"uv": [12, 10, 11, 11], "texture": "#2"},
				"up": {"uv": [12, 10, 11, 11], "texture": "#2"},
				"down": {"uv": [12, 10, 11, 11], "texture": "#2"}
			}
		},
		{
			"from": [12.5, 4.65, 8.5],
			"to": [14.5, 7.5, 7.5],
			"shade": false,
			"light_emission": 15,
			"rotation": {"angle": 0, "axis": "y", "origin": [12.5, 6, 7.5]},
			"faces": {
				"north": {"uv": [12, 10, 11, 11], "texture": "#2"},
				"east": {"uv": [12, 7.75, 11, 8.137], "texture": "#2"},
				"south": {"uv": [12, 10, 11, 11], "texture": "#2"},
				"up": {"uv": [12, 10, 11, 11], "texture": "#2"},
				"down": {"uv": [12, 10, 11, 11], "texture": "#2"}
			}
		},
		{
			"from": [14.5, 5.65, 8.5],
			"to": [15.5, 7.5, 7.5],
			"shade": false,
			"light_emission": 15,
			"rotation": {"angle": 0, "axis": "y", "origin": [12.5, 6, 7.5]},
			"faces": {
				"north": {"uv": [12, 10, 11, 11], "texture": "#2"},
				"east": {"uv": [12, 8, 11, 9], "texture": "#2"},
				"south": {"uv": [12, 10, 11, 11], "texture": "#2"},
				"up": {"uv": [12, 10, 11, 11], "texture": "#2"},
				"down": {"uv": [12, 10, 11, 11], "texture": "#2"}
			}
		},
		{
			"from": [6.5, 8.5, 4.5],
			"to": [9.5, 10.5, 5],
			"light_emission": 15,
			"rotation": {"angle": 0, "axis": "y", "origin": [6.5, 8.5, 4]},
			"faces": {
				"north": {"uv": [0.5, 8, 2.5, 9.5], "texture": "#2"},
				"east": {"uv": [1, 8, 1.5, 9.5], "texture": "#2"},
				"south": {"uv": [0.5, 8, 2.5, 9.5], "texture": "#2"},
				"west": {"uv": [1.5, 8, 2, 9.5], "texture": "#2"},
				"up": {"uv": [0.5, 8, 2.5, 8.5], "texture": "#2"},
				"down": {"uv": [2.5, 9, 0.5, 9.5], "texture": "#2"}
			}
		},
		{
			"from": [4.75, 12.5, 4.75],
			"to": [11.25, 14.25, 4.75],
			"light_emission": 15,
			"rotation": {"angle": 0, "axis": "y", "origin": [4.75, 12.5, 4.75]},
			"faces": {
				"north": {"uv": [0, 10, 3.5, 11], "texture": "#2"},
				"south": {"uv": [0, 10, 3.5, 11], "texture": "#2"}
			}
		},
		{
			"from": [4.75, 12.5, 11.25],
			"to": [11.25, 14.25, 11.25],
			"light_emission": 15,
			"rotation": {"angle": 0, "axis": "y", "origin": [11.25, 12.5, 11.25]},
			"faces": {
				"north": {"uv": [0, 10, 3.5, 11], "texture": "#2"},
				"south": {"uv": [0, 10, 3.5, 11], "texture": "#2"}
			}
		},
		{
			"from": [4.75, 12.5, 4.75],
			"to": [4.75, 14.25, 11.25],
			"light_emission": 15,
			"rotation": {"angle": 0, "axis": "y", "origin": [8, 13.375, 8]},
			"faces": {
				"east": {"uv": [0, 10, 3.5, 11], "texture": "#2"},
				"west": {"uv": [0, 10, 3.5, 11], "texture": "#2"}
			}
		},
		{
			"from": [11.25, 12.5, 4.75],
			"to": [11.25, 14.25, 11.25],
			"light_emission": 15,
			"rotation": {"angle": 0, "axis": "y", "origin": [8, 13.375, 8]},
			"faces": {
				"east": {"uv": [0, 10, 3.5, 11], "texture": "#2"},
				"west": {"uv": [0, 10, 3.5, 11], "texture": "#2"}
			}
		},
		{
			"from": [4.5, 2.5, 11.5],
			"to": [11.5, 14.5, 4],
			"shade": false,
			"light_emission": 15,
			"rotation": {"angle": 0, "axis": "y", "origin": [4, 3, 8]},
			"faces": {
				"north": {"uv": [9, 3, 12, 7.5], "texture": "#2"},
				"east": {"uv": [9, 3, 12, 7.5], "texture": "#2"},
				"south": {"uv": [9, 3, 12, 7.5], "texture": "#2"},
				"west": {"uv": [9, 3, 12, 7.5], "texture": "#2"},
				"up": {"uv": [9, 3, 12, 7.5], "texture": "#2"},
				"down": {"uv": [9.775, 8.775, 11.225, 10.225], "texture": "#2"}
			}
		},
		{
			"from": [5.5, 0.5, 10.35],
			"to": [10.5, 2.5, 5.2],
			"shade": false,
			"light_emission": 15,
			"rotation": {"angle": 0, "axis": "y", "origin": [6, 0, 0]},
			"faces": {
				"north": {"uv": [14, 6.5, 15, 7.5], "texture": "#2"},
				"east": {"uv": [14, 6.5, 15, 7.5], "texture": "#2"},
				"south": {"uv": [14, 6.5, 15, 7.5], "texture": "#2"},
				"west": {"uv": [14, 6.5, 15, 7.5], "texture": "#2"},
				"down": {"uv": [14, 6.5, 15, 7.5], "texture": "#2"}
			}
		}
	],
	"gui_light": "front",
	"display": {
		"thirdperson_righthand": {
			"rotation": [0, 150, 0],
			"translation": [0, 3, 1],
			"scale": [0.55, 0.55, 0.55]
		},
		"thirdperson_lefthand": {
			"rotation": [0, 150, 0],
			"translation": [0, 3, 1],
			"scale": [0.55, 0.55, 0.55]
		},
		"firstperson_righthand": {
			"rotation": [0, 90, 25],
			"translation": [1.13, 3.2, 1.13],
			"scale": [0.68, 0.68, 0.68]
		},
		"firstperson_lefthand": {
			"rotation": [0, 90, 25],
			"translation": [1.13, 3.2, 1.13],
			"scale": [0.68, 0.68, 0.68]
		},
		"ground": {
			"translation": [0, 2, 0],
			"scale": [0.5, 0.5, 0.5]
		},
		"gui": {
			"rotation": [0, -180, 0],
			"translation": [0, 0.5, 0]
		},
		"head": {
			"translation": [10.75, 1.75, 0.25]
		},
		"fixed": {
			"translation": [0, 0, -4.25]
		}
	},
	"groups": [
		0,
		1,
		2,
		3,
		4,
		5,
		{
			"name": "The Wings",
			"origin": [4, 6, 8],
			"color": 0,
			"children": [6, 7, 8, 9, 10]
		},
		{
			"name": "Wing Outline",
			"origin": [3.5, 6, 7.5],
			"color": 0,
			"children": [11, 12, 13]
		},
		{
			"name": "Wing Outline",
			"origin": [3.5, 6, 7.5],
			"color": 0,
			"children": [14, 15, 16]
		},
		17,
		{
			"name": "Crown",
			"origin": [8, 13.375, 8],
			"color": 0,
			"children": [18, 19, 20, 21]
		},
		22,
		23
	]
}