{
  "sources": [
    {
      "type": "single",
      "resource": "entity/bed/transparent",
      "sprite": "entity/bed/black"
    },
    {
      "type": "single",
      "resource": "entity/bed/transparent",
      "sprite": "entity/bed/blue"
    },
    {
      "type": "single",
      "resource": "entity/bed/transparent",
      "sprite": "entity/bed/brown"
    },
    {
      "type": "single",
      "resource": "entity/bed/transparent",
      "sprite": "entity/bed/cyan"
    },
    {
      "type": "single",
      "resource": "entity/bed/transparent",
      "sprite": "entity/bed/gray"
    },
    {
      "type": "single",
      "resource": "entity/bed/transparent",
      "sprite": "entity/bed/green"
    },
    {
      "type": "single",
      "resource": "entity/bed/transparent",
      "sprite": "entity/bed/light_blue"
    },
    {
      "type": "single",
      "resource": "entity/bed/transparent",
      "sprite": "entity/bed/light_gray"
    },
    {
      "type": "single",
      "resource": "entity/bed/transparent",
      "sprite": "entity/bed/lime"
    },
    {
      "type": "single",
      "resource": "entity/bed/transparent",
      "sprite": "entity/bed/magenta"
    },
    {
      "type": "single",
      "resource": "entity/bed/transparent",
      "sprite": "entity/bed/orange"
    },
    {
      "type": "single",
      "resource": "entity/bed/transparent",
      "sprite": "entity/bed/pink"
    },
    {
      "type": "single",
      "resource": "entity/bed/transparent",
      "sprite": "entity/bed/purple"
    },
    {
      "type": "single",
      "resource": "entity/bed/transparent",
      "sprite": "entity/bed/red"
    },
    {
      "type": "single",
      "resource": "entity/bed/transparent",
      "sprite": "entity/bed/white"
    },
    {
      "type": "single",
      "resource": "entity/bed/transparent",
      "sprite": "entity/bed/yellow"
    }
  ]
}