{
  "variants": {
    "facing=east": [
	{"model": "minecraft:block/ladder", "weight": 5, "y": 90},
	{"model": "minecraft:block/ladder2", "weight": 5, "y": 90},
	{"model": "minecraft:block/ladder3", "weight": 5, "y": 90},
	{"model": "minecraft:block/ladder_broken1", "weight": 1, "y": 90},
	{"model": "minecraft:block/ladder_broken2", "weight": 1, "y": 90},
	{"model": "minecraft:block/ladder_broken3", "weight": 1, "y": 90}
    ],
    "facing=north": [
	{"model": "minecraft:block/ladder", "weight": 5},
	{"model": "minecraft:block/ladder2", "weight": 5},
	{"model": "minecraft:block/ladder3", "weight": 5},
	{"model": "minecraft:block/ladder_broken1", "weight": 1},
	{"model": "minecraft:block/ladder_broken2", "weight": 1},
	{"model": "minecraft:block/ladder_broken3", "weight": 1}
    ],
    "facing=south": [
	{"model": "minecraft:block/ladder", "weight": 5, "y": 180},
	{"model": "minecraft:block/ladder2", "weight": 5, "y": 180},
	{"model": "minecraft:block/ladder3", "weight": 5, "y": 180},
	{"model": "minecraft:block/ladder_broken1", "weight": 1, "y": 180},
	{"model": "minecraft:block/ladder_broken2", "weight": 1, "y": 180},
	{"model": "minecraft:block/ladder_broken3", "weight": 1, "y": 180}
    ],
    "facing=west": [
	{"model": "minecraft:block/ladder", "weight": 5, "y": 270},
	{"model": "minecraft:block/ladder2", "weight": 5, "y": 270},
	{"model": "minecraft:block/ladder3", "weight": 5, "y": 270},
	{"model": "minecraft:block/ladder_broken1", "weight": 1, "y": 270},
	{"model": "minecraft:block/ladder_broken2", "weight": 1, "y": 270},
	{"model": "minecraft:block/ladder_broken3", "weight": 1, "y": 270}
    ]
  }
}