{
  "variants": {
    "part=head,facing=north": { "model": "block/pink_bed_head", "y": 180 },
    "part=head,facing=east":  { "model": "block/pink_bed_head", "y": 270 },
    "part=head,facing=south": { "model": "block/pink_bed_head" },
    "part=head,facing=west":  { "model": "block/pink_bed_head", "y": 90 },
    "part=foot,facing=north": { "model": "block/pink_bed_foot", "y": 180 },
    "part=foot,facing=east":  { "model": "block/pink_bed_foot", "y": 270 },
    "part=foot,facing=south": { "model": "block/pink_bed_foot" },
    "part=foot,facing=west":  { "model": "block/pink_bed_foot", "y": 90 }
  }
}