{
	"format_version": "1.21.6",
	"credit": "Made with Blockbench",
	"parent": "minecraft:block/cross",
	"textures": {
		"cross": "block/allium_block"
	},
	"elements": [
		{
			"from": [7.5, 0, 7.5],
			"to": [8.5, 9, 8.5],
			"rotation": {"angle": 0, "axis": "y", "origin": [7, 0, 7]},
			"faces": {
				"north": {"uv": [7, 7, 8, 16], "texture": "#cross"},
				"east": {"uv": [7, 7, 8, 16], "texture": "#cross"},
				"south": {"uv": [7, 7, 8, 16], "texture": "#cross"},
				"west": {"uv": [7, 7, 8, 16], "texture": "#cross"},
				"up": {"uv": [7, 7, 8, 8], "texture": "#cross"},
				"down": {"uv": [7, 15, 8, 16], "texture": "#cross"}
			}
		},
		{
			"from": [5.5, 9, 5.5],
			"to": [10.5, 14, 10.5],
			"rotation": {"angle": 0, "axis": "y", "origin": [7, 9, 7]},
			"faces": {
				"north": {"uv": [5, 2, 10, 7], "texture": "#cross"},
				"east": {"uv": [5, 2, 10, 7], "texture": "#cross"},
				"south": {"uv": [5, 2, 10, 7], "texture": "#cross"},
				"west": {"uv": [5, 2, 10, 7], "texture": "#cross"},
				"up": {"uv": [5, 2, 10, 7], "texture": "#cross"},
				"down": {"uv": [5, 2, 10, 7], "texture": "#cross"}
			}
		},
		{
			"from": [5, 8.5, 5],
			"to": [11, 14.5, 11],
			"rotation": {"angle": 0, "axis": "y", "origin": [7, 9, 7]},
			"faces": {
				"north": {"uv": [11, 11, 16, 16], "texture": "#cross"},
				"east": {"uv": [11, 11, 16, 16], "texture": "#cross"},
				"south": {"uv": [11, 11, 16, 16], "texture": "#cross"},
				"west": {"uv": [11, 11, 16, 16], "texture": "#cross"},
				"up": {"uv": [11, 11, 16, 16], "texture": "#cross"},
				"down": {"uv": [11, 11, 16, 16], "texture": "#cross"}
			}
		},
		{
			"from": [11, 14.5, 11],
			"to": [5, 8.5, 5],
			"rotation": {"angle": 0, "axis": "y", "origin": [19, 25, 19]},
			"faces": {
				"north": {"uv": [11, 11, 16, 16], "texture": "#cross"},
				"east": {"uv": [11, 11, 16, 16], "texture": "#cross"},
				"south": {"uv": [11, 11, 16, 16], "texture": "#cross"},
				"west": {"uv": [11, 11, 16, 16], "texture": "#cross"},
				"up": {"uv": [11, 11, 16, 16], "texture": "#cross"},
				"down": {"uv": [11, 11, 16, 16], "texture": "#cross"}
			}
		}
	]
}