{
	"format_version": "1.21.6",
	"credit": "Made with Blockbench",
	"parent": "minecraft:block/cube_bottom_top",
	"textures": {
		"5": "block/stripped_oak_log_darker",
		"bottom": "block/barrel_bottom",
		"particle": "block/barrel_side",
		"side": "block/barrel_side",
		"top": "block/barrel_top",
		"inside": "block/barrel_inside"
	},
	"elements": [
		{
			"from": [0, 0, 0],
			"to": [16, 1, 16],
			"faces": {
				"north": {"uv": [0, 15, 16, 16], "texture": "#side"},
				"east": {"uv": [0, 15, 16, 16], "texture": "#side"},
				"south": {"uv": [0, 15, 16, 16], "texture": "#side"},
				"west": {"uv": [0, 15, 16, 16], "texture": "#side"},
				"up": {"uv": [0, 0, 16, 16], "texture": "#inside"},
				"down": {"uv": [0, 0, 16, 16], "texture": "#bottom"}
			}
		},
		{
			"from": [0, 1, 0],
			"to": [1, 16, 16],
			"faces": {
				"north": {"uv": [15, 0, 16, 15], "texture": "#side"},
				"east": {"uv": [0, 0, 16, 15], "texture": "#inside"},
				"south": {"uv": [0, 0, 1, 15], "texture": "#side"},
				"west": {"uv": [0, 0, 16, 15], "texture": "#side"},
				"up": {"uv": [15, 0, 16, 16], "texture": "#top"},
				"down": {"uv": [0, 0, 16, 16], "texture": "#bottom"}
			}
		},
		{
			"from": [1, 1, 0],
			"to": [15, 16, 1],
			"rotation": {"angle": 0, "axis": "y", "origin": [8, 8.5, 8]},
			"faces": {
				"north": {"uv": [1, 0, 15, 15], "texture": "#side"},
				"east": {"uv": [15, 0, 16, 15], "texture": "#side"},
				"south": {"uv": [1, 0, 15, 15], "texture": "#inside"},
				"west": {"uv": [0, 0, 1, 15], "texture": "#side"},
				"up": {"uv": [1, 0, 15, 1], "texture": "#top"},
				"down": {"uv": [0, 0, 16, 16], "rotation": 270, "texture": "#bottom"}
			}
		},
		{
			"from": [1, 1, 15.05],
			"to": [15, 16, 16],
			"rotation": {"angle": 0, "axis": "y", "origin": [8, 8.5, 8]},
			"faces": {
				"north": {"uv": [15, 0, 1, 15], "texture": "#inside"},
				"east": {"uv": [16, 0, 15, 15], "texture": "#side"},
				"south": {"uv": [15, 0, 1, 15], "texture": "#side"},
				"west": {"uv": [1, 0, 0, 15], "texture": "#side"},
				"up": {"uv": [1, 16, 15, 15], "texture": "#top"},
				"down": {"uv": [16, 0, 0, 16], "rotation": 270, "texture": "#bottom"}
			}
		},
		{
			"from": [1, 15, 15.15],
			"to": [15, 16, 15.3],
			"rotation": {"angle": 0, "axis": "y", "origin": [8, 8.5, 7.3]},
			"faces": {
				"north": {"uv": [15, 0, 1, 1], "texture": "#top"},
				"east": {"uv": [16, 0, 15, 15], "texture": "#side"},
				"south": {"uv": [15, 0, 1, 15], "texture": "#side"},
				"west": {"uv": [1, 0, 0, 15], "texture": "#side"},
				"up": {"uv": [1, 16, 15, 15], "texture": "#top"},
				"down": {"uv": [16, 0, 0, 16], "rotation": 270, "texture": "#bottom"}
			}
		},
		{
			"from": [15, 1, 0],
			"to": [16, 16, 16],
			"rotation": {"angle": 0, "axis": "y", "origin": [16, 0, 0]},
			"faces": {
				"north": {"uv": [16, 0, 15, 15], "texture": "#side"},
				"east": {"uv": [16, 0, 0, 15], "texture": "#side"},
				"south": {"uv": [1, 0, 0, 15], "texture": "#side"},
				"west": {"uv": [16, 0, 0, 15], "texture": "#inside"},
				"up": {"uv": [1, 0, 0, 16], "texture": "#top"},
				"down": {"uv": [16, 0, 0, 16], "texture": "#bottom"}
			}
		},
		{
			"from": [-0.5, 3, -0.5],
			"to": [0, 5, 16.5],
			"rotation": {"angle": 0, "axis": "y", "origin": [-0.5, 3, 0]},
			"faces": {
				"north": {"uv": [15, 11, 16, 13], "texture": "#side"},
				"east": {"uv": [0, 11, 16, 13], "texture": "#side"},
				"south": {"uv": [0, 11, 1, 13], "texture": "#side"},
				"west": {"uv": [0, 11, 16, 13], "texture": "#side"},
				"up": {"uv": [0, 11, 16, 12], "rotation": 90, "texture": "#side"},
				"down": {"uv": [0, 12, 16, 13], "rotation": 90, "texture": "#side"}
			}
		},
		{
			"from": [16, 11, -0.5],
			"to": [16.5, 13, 16.5],
			"rotation": {"angle": 0, "axis": "y", "origin": [16.5, 11, 0]},
			"faces": {
				"north": {"uv": [16, 11, 15, 13], "texture": "#side"},
				"east": {"uv": [16, 11, 0, 13], "texture": "#side"},
				"south": {"uv": [1, 11, 0, 13], "texture": "#side"},
				"west": {"uv": [16, 11, 0, 13], "texture": "#side"},
				"up": {"uv": [0, 12, 16, 11], "rotation": 90, "texture": "#side"},
				"down": {"uv": [0, 13, 16, 12], "rotation": 90, "texture": "#side"}
			}
		},
		{
			"from": [16, 3, -0.5],
			"to": [16.5, 5, 16.5],
			"rotation": {"angle": 0, "axis": "y", "origin": [16.5, 3, 0]},
			"faces": {
				"north": {"uv": [16, 11, 15, 13], "texture": "#side"},
				"east": {"uv": [16, 11, 0, 13], "texture": "#side"},
				"south": {"uv": [1, 11, 0, 13], "texture": "#side"},
				"west": {"uv": [16, 11, 0, 13], "texture": "#side"},
				"up": {"uv": [0, 12, 16, 11], "rotation": 90, "texture": "#side"},
				"down": {"uv": [0, 13, 16, 12], "rotation": 90, "texture": "#side"}
			}
		},
		{
			"from": [-0.5, 3, 16],
			"to": [16.5, 5, 16.5],
			"rotation": {"angle": 0, "axis": "y", "origin": [8, 8, 8]},
			"faces": {
				"north": {"uv": [0, 11, 16, 13], "texture": "#side"},
				"east": {"uv": [0, 11, 1, 13], "texture": "#side"},
				"south": {"uv": [0, 11, 16, 13], "texture": "#side"},
				"west": {"uv": [15, 11, 16, 13], "texture": "#side"},
				"up": {"uv": [0, 11, 16, 12], "texture": "#side"},
				"down": {"uv": [0, 12, 16, 13], "rotation": 180, "texture": "#side"}
			}
		},
		{
			"from": [-0.5, 11, 16],
			"to": [16.5, 13, 16.5],
			"rotation": {"angle": 0, "axis": "y", "origin": [8, 8, 8]},
			"faces": {
				"north": {"uv": [0, 11, 16, 13], "texture": "#side"},
				"east": {"uv": [0, 11, 1, 13], "texture": "#side"},
				"south": {"uv": [0, 11, 16, 13], "texture": "#side"},
				"west": {"uv": [15, 11, 16, 13], "texture": "#side"},
				"up": {"uv": [0, 11, 16, 12], "texture": "#side"},
				"down": {"uv": [0, 12, 16, 13], "rotation": 180, "texture": "#side"}
			}
		},
		{
			"from": [-0.5, 11, -0.5],
			"to": [16.5, 13, 0],
			"rotation": {"angle": 0, "axis": "y", "origin": [8, 8, 8]},
			"faces": {
				"north": {"uv": [16, 11, 0, 13], "texture": "#side"},
				"east": {"uv": [1, 11, 0, 13], "texture": "#side"},
				"south": {"uv": [16, 11, 0, 13], "texture": "#side"},
				"west": {"uv": [16, 11, 15, 13], "texture": "#side"},
				"up": {"uv": [0, 12, 16, 11], "texture": "#side"},
				"down": {"uv": [0, 13, 16, 12], "rotation": 180, "texture": "#side"}
			}
		},
		{
			"from": [-0.5, 3, -0.5],
			"to": [16.5, 5, 0],
			"rotation": {"angle": 0, "axis": "y", "origin": [8, 8, 8]},
			"faces": {
				"north": {"uv": [16, 11, 0, 13], "texture": "#side"},
				"east": {"uv": [1, 11, 0, 13], "texture": "#side"},
				"south": {"uv": [16, 11, 0, 13], "texture": "#side"},
				"west": {"uv": [16, 11, 15, 13], "texture": "#side"},
				"up": {"uv": [0, 12, 16, 11], "texture": "#side"},
				"down": {"uv": [0, 13, 16, 12], "rotation": 180, "texture": "#side"}
			}
		},
		{
			"from": [-0.5, 11, -0.5],
			"to": [0, 13, 16.5],
			"rotation": {"angle": 0, "axis": "y", "origin": [-0.5, 11, 0]},
			"faces": {
				"north": {"uv": [15, 11, 16, 13], "texture": "#side"},
				"east": {"uv": [0, 11, 16, 13], "texture": "#side"},
				"south": {"uv": [0, 11, 1, 13], "texture": "#side"},
				"west": {"uv": [0, 11, 16, 13], "texture": "#side"},
				"up": {"uv": [0, 11, 16, 12], "rotation": 90, "texture": "#side"},
				"down": {"uv": [0, 12, 16, 13], "rotation": 90, "texture": "#side"}
			}
		},
		{
			"from": [1, 14.5, 1],
			"to": [3, 15.5, 15],
			"rotation": {"angle": 0, "axis": "y", "origin": [1, 14.5, 1]},
			"faces": {
				"north": {"uv": [0, 0, 2, 1], "texture": "#top"},
				"east": {"uv": [0, 0, 14, 1], "texture": "#top"},
				"south": {"uv": [0, 0, 2, 1], "texture": "#top"},
				"west": {"uv": [0, 0, 14, 1], "texture": "#top"},
				"up": {"uv": [1, 1, 3, 15], "texture": "#top"},
				"down": {"uv": [0, 0, 2, 14], "texture": "#top"}
			}
		},
		{
			"from": [13, 14.5, 1],
			"to": [15, 15.5, 15],
			"rotation": {"angle": 0, "axis": "y", "origin": [15, 14.5, 1]},
			"faces": {
				"north": {"uv": [2, 0, 0, 1], "texture": "#top"},
				"east": {"uv": [14, 0, 0, 1], "texture": "#top"},
				"south": {"uv": [2, 0, 0, 1], "texture": "#top"},
				"west": {"uv": [14, 0, 0, 1], "texture": "#top"},
				"up": {"uv": [3, 1, 1, 15], "texture": "#top"},
				"down": {"uv": [2, 0, 0, 14], "texture": "#top"}
			}
		},
		{
			"from": [1, 14.5, 1],
			"to": [15, 15.5, 3],
			"rotation": {"angle": 0, "axis": "y", "origin": [8, 15, 8]},
			"faces": {
				"north": {"uv": [0, 0, 14, 1], "texture": "#top"},
				"east": {"uv": [0, 0, 2, 1], "texture": "#top"},
				"south": {"uv": [0, 0, 14, 1], "texture": "#top"},
				"west": {"uv": [0, 0, 2, 1], "texture": "#top"},
				"up": {"uv": [1, 1, 3, 15], "rotation": 90, "texture": "#top"},
				"down": {"uv": [0, 0, 2, 14], "rotation": 270, "texture": "#top"}
			}
		},
		{
			"from": [1, 14.5, 13],
			"to": [15, 15.5, 15],
			"rotation": {"angle": 0, "axis": "y", "origin": [8, 15, 8]},
			"faces": {
				"north": {"uv": [14, 0, 0, 1], "texture": "#top"},
				"east": {"uv": [2, 0, 0, 1], "texture": "#top"},
				"south": {"uv": [14, 0, 0, 1], "texture": "#top"},
				"west": {"uv": [2, 0, 0, 1], "texture": "#top"},
				"up": {"uv": [3, 1, 1, 15], "rotation": 90, "texture": "#top"},
				"down": {"uv": [2, 0, 0, 14], "rotation": 270, "texture": "#top"}
			}
		},
		{
			"from": [3.75, 14.4, 1.25],
			"to": [5.75, 15.6, 5.25],
			"rotation": {"angle": -45, "axis": "y", "origin": [3.75, 14.5, 2.25]},
			"faces": {
				"north": {"uv": [0, 0, 2, 1.2], "texture": "#top"},
				"east": {"uv": [16, 0, 13, 0.9], "texture": "#top"},
				"south": {"uv": [0, 0, 2, 1.2], "texture": "#top"},
				"west": {"uv": [5, 1, 1, 1.6], "texture": "#top"},
				"up": {"uv": [6, 5, 2, 7], "rotation": 90, "texture": "#bottom"},
				"down": {"uv": [0, 0, 2, 4], "texture": "#top"}
			}
		},
		{
			"from": [10.25, 14.4, 1.25],
			"to": [12.25, 15.6, 5.25],
			"rotation": {"angle": 45, "axis": "y", "origin": [12.25, 14.5, 2.25]},
			"faces": {
				"north": {"uv": [2, 0, 0, 1.2], "texture": "#top"},
				"east": {"uv": [5, 1, 1, 1.6], "texture": "#top"},
				"south": {"uv": [2, 0, 0, 1.2], "texture": "#top"},
				"west": {"uv": [16, 0, 13, 0.9], "texture": "#top"},
				"up": {"uv": [6, 5, 2, 7], "rotation": 90, "texture": "#bottom"},
				"down": {"uv": [2, 0, 0, 4], "texture": "#top"}
			}
		},
		{
			"from": [3.75, 14.4, 10.75],
			"to": [5.75, 15.6, 14.75],
			"rotation": {"angle": 45, "axis": "y", "origin": [3.75, 14.5, 13.75]},
			"faces": {
				"north": {"uv": [2, 0, 0, 1.2], "texture": "#top"},
				"east": {"uv": [16, 0, 13, 0.9], "texture": "#top"},
				"south": {"uv": [2, 0, 0, 1.2], "texture": "#top"},
				"west": {"uv": [5, 1, 1, 1.6], "texture": "#top"},
				"up": {"uv": [6, 5, 2, 7], "rotation": 90, "texture": "#bottom"},
				"down": {"uv": [0, 4, 2, 0], "texture": "#top"}
			}
		},
		{
			"from": [4.44289, 14.4, 12.45711],
			"to": [11.54289, 15.65, 14.45711],
			"rotation": {"angle": 0, "axis": "y", "origin": [10.54289, 14.5, 14.45711]},
			"faces": {
				"north": {"uv": [6, 0, 1, 0.9], "texture": "#top"},
				"east": {"uv": [5, 1, 1, 1.6], "texture": "#top"},
				"south": {"uv": [5, 1, 1, 1.6], "texture": "#top"},
				"west": {"uv": [2, 0, 0, 1.2], "texture": "#top"},
				"up": {"uv": [14, 8, 7, 10], "texture": "#bottom"},
				"down": {"uv": [0, 4, 2, 0], "rotation": 90, "texture": "#top"}
			}
		},
		{
			"from": [4.44289, 14.4, 1.54289],
			"to": [11.54289, 15.65, 3.54289],
			"rotation": {"angle": 0, "axis": "y", "origin": [10.54289, 14.5, 1.54289]},
			"faces": {
				"north": {"uv": [5, 1, 1, 1.6], "texture": "#top"},
				"east": {"uv": [5, 1, 1, 1.6], "texture": "#top"},
				"south": {"uv": [1, 0, 6, 0.9], "texture": "#top"},
				"west": {"uv": [0, 0, 2, 1.2], "texture": "#top"},
				"up": {"uv": [14, 10, 7, 8], "texture": "#bottom"},
				"down": {"uv": [2, 4, 0, 0], "rotation": 90, "texture": "#top"}
			}
		},
		{
			"from": [12.45, 14.4, 4.45],
			"to": [14.45, 15.65, 11.55],
			"rotation": {"angle": 0, "axis": "y", "origin": [7.99289, 15.025, 8]},
			"faces": {
				"north": {"uv": [5, 1, 1, 1.6], "texture": "#top"},
				"east": {"uv": [5, 1, 1, 1.6], "texture": "#top"},
				"south": {"uv": [5, 1, 1, 1.6], "texture": "#top"},
				"west": {"uv": [6, 0, 1, 0.9], "texture": "#top"},
				"up": {"uv": [14, 8, 7, 10], "rotation": 270, "texture": "#bottom"},
				"down": {"uv": [0, 4, 2, 0], "rotation": 180, "texture": "#top"}
			}
		},
		{
			"from": [1.53579, 14.4, 4.45],
			"to": [3.53579, 15.65, 11.55],
			"rotation": {"angle": 0, "axis": "y", "origin": [7.99289, 15.025, 8]},
			"faces": {
				"north": {"uv": [5, 1, 1, 1.6], "texture": "#top"},
				"east": {"uv": [1, 0, 6, 0.9], "texture": "#top"},
				"south": {"uv": [5, 1, 1, 1.6], "texture": "#top"},
				"west": {"uv": [5, 1, 1, 1.6], "texture": "#top"},
				"up": {"uv": [14, 10, 7, 8], "rotation": 270, "texture": "#bottom"},
				"down": {"uv": [2, 4, 0, 0], "rotation": 180, "texture": "#top"}
			}
		},
		{
			"from": [10.25, 14.4, 10.75],
			"to": [12.25, 15.6, 14.75],
			"rotation": {"angle": -45, "axis": "y", "origin": [12.25, 14.5, 13.75]},
			"faces": {
				"north": {"uv": [0, 0, 2, 1.2], "texture": "#top"},
				"east": {"uv": [5, 1, 1, 1.6], "texture": "#top"},
				"south": {"uv": [0, 0, 2, 1.2], "texture": "#top"},
				"west": {"uv": [16, 0, 13, 0.9], "texture": "#top"},
				"up": {"uv": [6, 5, 2, 7], "rotation": 90, "texture": "#bottom"},
				"down": {"uv": [2, 4, 0, 0], "texture": "#top"}
			}
		},
		{
			"from": [3.30145, 15.30887, 3.30188],
			"to": [12.69769, 16.24849, 12.69812],
			"rotation": {"angle": 0, "axis": "y", "origin": [3.30145, 15.30887, 3.30188]},
			"faces": {
				"north": {"uv": [0, 0, 10, 1], "texture": "#missing"},
				"east": {"uv": [0, 0, 10, 1], "texture": "#missing"},
				"south": {"uv": [0, 0, 10, 1], "texture": "#missing"},
				"west": {"uv": [0, 0, 10, 1], "texture": "#missing"},
				"up": {"uv": [3, 3, 13, 13], "texture": "#5"},
				"down": {"uv": [0, 0, 10, 10], "texture": "#missing"}
			}
		},
		{
			"from": [4.65723, 15.16792, 1.93275],
			"to": [11.32856, 16.34245, 3.812],
			"rotation": {"angle": 0, "axis": "y", "origin": [10.38893, 15.26189, 1.93275]},
			"faces": {
				"north": {"uv": [14, 9.75, 7, 9], "rotation": 180, "texture": "#5"},
				"east": {"uv": [5, 1, 1, 1.6], "texture": "#5"},
				"south": {"uv": [14, 8, 7, 10], "texture": "#5"},
				"west": {"uv": [0, 0, 2, 1.2], "texture": "#5"},
				"up": {"uv": [14, 10, 7, 8], "texture": "#5"},
				"down": {"uv": [2, 4, 0, 0], "rotation": 90, "texture": "#top"}
			}
		},
		{
			"from": [4.00617, 15.16792, 1.65754],
			"to": [5.88542, 16.29547, 5.51191],
			"rotation": {"angle": -45, "axis": "y", "origin": [4.00617, 15.26189, 2.59716]},
			"faces": {
				"north": {"uv": [0, 0, 2, 1.2], "texture": "#top"},
				"east": {"uv": [14, 8, 7, 10], "texture": "#5"},
				"south": {"uv": [0, 0, 2, 1.2], "texture": "#5"},
				"west": {"uv": [5, 1, 1, 1.6], "texture": "#5"},
				"up": {"uv": [2, 9, 4, 5], "texture": "#5"},
				"down": {"uv": [0, 0, 2, 4], "texture": "#top"}
			}
		},
		{
			"from": [1.92564, 15.16792, 4.66433],
			"to": [3.33508, 16.34245, 11.33567],
			"rotation": {"angle": 0, "axis": "y", "origin": [7.99289, 15.75519, 8]},
			"faces": {
				"north": {"uv": [5, 1, 1, 1.6], "texture": "#5"},
				"east": {"uv": [14, 8, 7, 10], "texture": "#5"},
				"south": {"uv": [5, 1, 1, 1.6], "texture": "#5"},
				"west": {"uv": [14, 9.75, 7.25, 9], "rotation": 180, "texture": "#5"},
				"up": {"uv": [14, 10, 7.25, 9], "rotation": 270, "texture": "#5"},
				"down": {"uv": [2, 4, 0, 0], "rotation": 180, "texture": "#top"}
			}
		},
		{
			"from": [4.00617, 15.16792, 10.48809],
			"to": [5.88542, 16.29547, 14.34246],
			"rotation": {"angle": 45, "axis": "y", "origin": [4.00617, 15.26189, 13.40284]},
			"faces": {
				"north": {"uv": [14, 9.75, 7.25, 9], "rotation": 180, "texture": "#5"},
				"east": {"uv": [14, 8, 7, 10], "texture": "#5"},
				"south": {"uv": [2, 0, 0, 1.2], "texture": "#top"},
				"west": {"uv": [5, 1, 1, 1.6], "texture": "#5"},
				"up": {"uv": [2, 9, 4, 5], "texture": "#5"},
				"down": {"uv": [0, 4, 2, 0], "texture": "#top"}
			}
		},
		{
			"from": [4.65723, 15.16792, 12.188],
			"to": [11.32856, 16.34245, 14.06725],
			"rotation": {"angle": 0, "axis": "y", "origin": [10.38893, 15.26189, 14.06725]},
			"faces": {
				"north": {"uv": [14, 8, 7, 10], "texture": "#5"},
				"east": {"uv": [5, 1, 1, 1.6], "texture": "#5"},
				"south": {"uv": [14, 9.75, 7, 9], "rotation": 180, "texture": "#5"},
				"west": {"uv": [2, 0, 0, 1.2], "texture": "#5"},
				"up": {"uv": [14, 8, 7, 10], "texture": "#5"},
				"down": {"uv": [0, 4, 2, 0], "rotation": 90, "texture": "#top"}
			}
		},
		{
			"from": [10.11372, 15.16792, 10.48809],
			"to": [11.99297, 16.29547, 14.34246],
			"rotation": {"angle": -45, "axis": "y", "origin": [11.99297, 15.26189, 13.40284]},
			"faces": {
				"north": {"uv": [14, 9.75, 7.25, 9], "rotation": 180, "texture": "#5"},
				"east": {"uv": [5, 1, 1, 1.6], "texture": "#5"},
				"south": {"uv": [0, 0, 2, 1.2], "texture": "#top"},
				"west": {"uv": [14, 8, 7, 10], "texture": "#5"},
				"up": {"uv": [2, 9, 4, 5], "texture": "#5"},
				"down": {"uv": [2, 4, 0, 0], "texture": "#top"}
			}
		},
		{
			"from": [12.65071, 15.16792, 4.66433],
			"to": [14.06015, 16.34245, 11.33567],
			"rotation": {"angle": 0, "axis": "y", "origin": [7.99289, 15.75519, 8]},
			"faces": {
				"north": {"uv": [5, 1, 1, 1.6], "texture": "#5"},
				"east": {"uv": [7.25, 10, 14, 9], "rotation": 180, "texture": "#5"},
				"south": {"uv": [5, 1, 1, 1.6], "texture": "#5"},
				"west": {"uv": [14, 8, 7, 10], "texture": "#5"},
				"up": {"uv": [14, 10, 7.25, 9], "rotation": 270, "texture": "#5"},
				"down": {"uv": [0, 4, 2, 0], "rotation": 180, "texture": "#top"}
			}
		},
		{
			"from": [10.11372, 15.16792, 1.65754],
			"to": [11.99297, 16.29547, 5.51191],
			"rotation": {"angle": 45, "axis": "y", "origin": [11.99297, 15.26189, 2.59716]},
			"faces": {
				"north": {"uv": [2, 0, 0, 1.2], "texture": "#top"},
				"east": {"uv": [5, 1, 1, 1.6], "texture": "#5"},
				"south": {"uv": [2, 0, 0, 1.2], "texture": "#top"},
				"west": {"uv": [14, 8, 7, 10], "texture": "#5"},
				"up": {"uv": [2, 9, 4, 5], "texture": "#5"},
				"down": {"uv": [2, 0, 0, 4], "texture": "#top"}
			}
		},
		{
			"from": [9.87882, 16.24849, 6.12075],
			"to": [11.75807, 17.18811, 8],
			"rotation": {"angle": 0, "axis": "y", "origin": [9.87882, 16.24849, 6.12075]},
			"faces": {
				"north": {"uv": [3, 9, 5, 10], "rotation": 180, "texture": "#top"},
				"east": {"uv": [5, 9, 3, 10], "rotation": 180, "texture": "#top"},
				"south": {"uv": [3, 8, 5, 9], "rotation": 180, "texture": "#top"},
				"west": {"uv": [5, 8, 3, 9], "rotation": 180, "texture": "#top"},
				"up": {"uv": [3, 8, 5, 10], "rotation": 180, "texture": "#top"},
				"down": {"uv": [0, 0, 2, 2], "texture": "#missing"}
			}
		}
	],
	"groups": [
		0,
		1,
		2,
		3,
		4,
		5,
		6,
		7,
		8,
		9,
		10,
		11,
		12,
		13,
		14,
		15,
		16,
		17,
		18,
		19,
		20,
		21,
		22,
		23,
		24,
		25,
		{
			"name": "LID",
			"origin": [3, 16, 3],
			"color": 0,
			"children": [26, 27, 28, 29, 30, 31, 32, 33, 34, 35]
		}
	]
}