{
	"format_version": "1.21.6",
	"credit": "Made with Blockbench",
	"ambientocclusion": false,
	"textures": {
		"particle": "block/beetroots_stage3",
		"crop": "block/beetroots_stage3"
	},
	"elements": [
		{
			"from": [3.75, -1, 3],
			"to": [5.75, 0, 5],
			"rotation": {"angle": 0, "axis": "y", "origin": [4, -1, 3]},
			"faces": {
				"north": {"uv": [6, 14, 9, 15], "texture": "#crop"},
				"east": {"uv": [6, 14, 9, 15], "texture": "#crop"},
				"south": {"uv": [6, 14, 9, 15], "texture": "#crop"},
				"west": {"uv": [6, 14, 9, 15], "texture": "#crop"},
				"up": {"uv": [6, 13, 9, 16], "texture": "#crop"},
				"down": {"uv": [6, 13, 9, 16], "texture": "#crop"}
			}
		},
		{
			"from": [5, 0, 1],
			"to": [5, 5, 8],
			"rotation": {"angle": -22.5, "axis": "y", "origin": [5, 0, 4]},
			"faces": {
				"north": {"uv": [0, 0, 0, 11], "texture": "#missing"},
				"east": {"uv": [4, 6, 12, 12], "texture": "#crop"},
				"south": {"uv": [0, 0, 0, 11], "texture": "#missing"},
				"west": {"uv": [4, 6, 12, 12], "texture": "#crop"},
				"up": {"uv": [0, 0, 7, 0], "rotation": 270, "texture": "#missing"},
				"down": {"uv": [0, 0, 7, 0], "rotation": 90, "texture": "#missing"}
			}
		},
		{
			"from": [1, 0, 4],
			"to": [8, 5, 4],
			"rotation": {"angle": -22.5, "axis": "y", "origin": [5, 0, 4]},
			"faces": {
				"north": {"uv": [4, 6, 12, 12], "texture": "#crop"},
				"south": {"uv": [4, 6, 12, 12], "texture": "#crop"}
			}
		},
		{
			"from": [11.25, -1, 4],
			"to": [13.25, 0, 6],
			"rotation": {"angle": 0, "axis": "y", "origin": [11, -1, 4]},
			"faces": {
				"north": {"uv": [6, 14, 9, 15], "texture": "#crop"},
				"east": {"uv": [6, 14, 9, 15], "texture": "#crop"},
				"south": {"uv": [6, 14, 9, 15], "texture": "#crop"},
				"west": {"uv": [6, 14, 9, 15], "texture": "#crop"},
				"up": {"uv": [6, 13, 9, 16], "texture": "#crop"},
				"down": {"uv": [6, 13, 9, 16], "texture": "#crop"}
			}
		},
		{
			"from": [8, 0, 5],
			"to": [15, 5, 5],
			"rotation": {"angle": -45, "axis": "y", "origin": [12, 0, 5]},
			"faces": {
				"north": {"uv": [4, 6, 12, 12], "texture": "#crop"},
				"south": {"uv": [4, 6, 12, 12], "texture": "#crop"}
			}
		},
		{
			"from": [12, 0, 1],
			"to": [12, 5, 8],
			"rotation": {"angle": -45, "axis": "y", "origin": [12, 0, 5]},
			"faces": {
				"east": {"uv": [4, 6, 12, 12], "texture": "#crop"},
				"west": {"uv": [4, 6, 12, 12], "texture": "#crop"}
			}
		},
		{
			"from": [10, -1, 12],
			"to": [12, 0, 14],
			"rotation": {"angle": 0, "axis": "y", "origin": [10, -1, 12]},
			"faces": {
				"north": {"uv": [6, 14, 9, 15], "texture": "#crop"},
				"east": {"uv": [6, 14, 9, 15], "texture": "#crop"},
				"south": {"uv": [6, 14, 9, 15], "texture": "#crop"},
				"west": {"uv": [6, 14, 9, 15], "texture": "#crop"},
				"up": {"uv": [6, 13, 9, 16], "texture": "#crop"},
				"down": {"uv": [6, 13, 9, 16], "texture": "#crop"}
			}
		},
		{
			"from": [7, 0, 13],
			"to": [14, 5, 13],
			"rotation": {"angle": 22.5, "axis": "y", "origin": [11, 0, 13]},
			"faces": {
				"north": {"uv": [4, 6, 12, 12], "texture": "#crop"},
				"south": {"uv": [4, 6, 12, 12], "texture": "#crop"}
			}
		},
		{
			"from": [11, 0, 9],
			"to": [11, 5, 16],
			"rotation": {"angle": 22.5, "axis": "y", "origin": [11, 0, 13]},
			"faces": {
				"east": {"uv": [4, 6, 12, 12], "texture": "#crop"},
				"west": {"uv": [4, 6, 12, 12], "texture": "#crop"}
			}
		},
		{
			"from": [2.75, -1, 10],
			"to": [5, 0, 11.75],
			"rotation": {"angle": 0, "axis": "y", "origin": [3, -1, 10]},
			"faces": {
				"north": {"uv": [6, 14, 9, 15], "texture": "#crop"},
				"east": {"uv": [6, 14, 9, 15], "texture": "#crop"},
				"south": {"uv": [6, 14, 9, 15], "texture": "#crop"},
				"west": {"uv": [6, 14, 9, 15], "texture": "#crop"},
				"up": {"uv": [6, 13, 9, 16], "texture": "#crop"},
				"down": {"uv": [6, 13, 9, 16], "texture": "#crop"}
			}
		},
		{
			"from": [0, 0, 11],
			"to": [7, 5, 11],
			"rotation": {"angle": -22.5, "axis": "y", "origin": [4, 0, 11]},
			"faces": {
				"north": {"uv": [4, 6, 12, 12], "texture": "#crop"},
				"south": {"uv": [4, 6, 12, 12], "texture": "#crop"}
			}
		},
		{
			"from": [4, 0, 7],
			"to": [4, 5, 14],
			"rotation": {"angle": -22.5, "axis": "y", "origin": [4, 0, 11]},
			"faces": {
				"east": {"uv": [4, 6, 12, 12], "texture": "#crop"},
				"west": {"uv": [4, 6, 12, 12], "texture": "#crop"}
			}
		}
	],
	"groups": [
		{
			"name": "Beet",
			"origin": [3, 2, 3],
			"color": 0,
			"children": [0, 1, 2]
		},
		{
			"name": "Beet",
			"origin": [3, 2, 3],
			"color": 0,
			"children": [3, 4, 5]
		},
		{
			"name": "Beet",
			"origin": [3, 2, 3],
			"color": 0,
			"children": [6, 7, 8]
		},
		{
			"name": "Beet",
			"origin": [3, 2, 3],
			"color": 0,
			"children": [9, 10, 11]
		}
	]
}