{
	"format_version": "1.21.6",
	"credit": "Made with Blockbench",
	"ambientocclusion": false,
	"textures": {
		"particle": "block/beetroots_stage3",
		"crop": "block/beetroots_stage3"
	},
	"elements": [
		{
			"from": [3, -1, 2],
			"to": [7, 1, 6],
			"rotation": {"angle": 0, "axis": "y", "origin": [3, -1, 2]},
			"faces": {
				"north": {"uv": [6, 14, 10, 16], "texture": "#crop"},
				"east": {"uv": [6, 14, 10, 16], "texture": "#crop"},
				"south": {"uv": [6, 14, 10, 16], "texture": "#crop"},
				"west": {"uv": [6, 14, 10, 16], "texture": "#crop"},
				"up": {"uv": [6, 12, 10, 16], "texture": "#crop"},
				"down": {"uv": [6, 12, 10, 16], "texture": "#crop"}
			}
		},
		{
			"from": [3.5, 1, 2.5],
			"to": [6.5, 2, 5.5],
			"rotation": {"angle": 0, "axis": "y", "origin": [4, 1, 3]},
			"faces": {
				"north": {"uv": [6, 14, 9, 15], "texture": "#crop"},
				"east": {"uv": [6, 14, 9, 15], "texture": "#crop"},
				"south": {"uv": [6, 14, 9, 15], "texture": "#crop"},
				"west": {"uv": [6, 14, 9, 15], "texture": "#crop"},
				"up": {"uv": [6, 13, 9, 16], "texture": "#crop"},
				"down": {"uv": [6, 13, 9, 16], "texture": "#crop"}
			}
		},
		{
			"from": [5, 2, 1],
			"to": [5, 7, 8],
			"rotation": {"angle": -22.5, "axis": "y", "origin": [5, 2, 4]},
			"faces": {
				"east": {"uv": [4, 6, 12, 12], "texture": "#crop"},
				"west": {"uv": [4, 6, 12, 12], "texture": "#crop"}
			}
		},
		{
			"from": [1, 2, 4],
			"to": [8, 7, 4],
			"rotation": {"angle": -22.5, "axis": "y", "origin": [5, 2, 4]},
			"faces": {
				"north": {"uv": [4, 6, 12, 12], "texture": "#crop"},
				"east": {"uv": [0, 0, 0, 11], "texture": "#missing"},
				"south": {"uv": [4, 6, 12, 12], "texture": "#crop"},
				"west": {"uv": [0, 0, 0, 11], "texture": "#missing"},
				"up": {"uv": [0, 0, 7, 0], "texture": "#missing"},
				"down": {"uv": [0, 0, 7, 0], "texture": "#missing"}
			}
		},
		{
			"from": [10, -1, 3],
			"to": [14, 1, 7],
			"rotation": {"angle": 0, "axis": "y", "origin": [10, -1, 3]},
			"faces": {
				"north": {"uv": [6, 14, 10, 16], "texture": "#crop"},
				"east": {"uv": [6, 14, 10, 16], "texture": "#crop"},
				"south": {"uv": [6, 14, 10, 16], "texture": "#crop"},
				"west": {"uv": [6, 14, 10, 16], "texture": "#crop"},
				"up": {"uv": [6, 12, 10, 16], "texture": "#crop"},
				"down": {"uv": [6, 12, 10, 16], "texture": "#crop"}
			}
		},
		{
			"from": [10.5, 1, 3.5],
			"to": [13.5, 2, 6.5],
			"rotation": {"angle": 0, "axis": "y", "origin": [11, 1, 4]},
			"faces": {
				"north": {"uv": [6, 14, 9, 15], "texture": "#crop"},
				"east": {"uv": [6, 14, 9, 15], "texture": "#crop"},
				"south": {"uv": [6, 14, 9, 15], "texture": "#crop"},
				"west": {"uv": [6, 14, 9, 15], "texture": "#crop"},
				"up": {"uv": [6, 13, 9, 16], "texture": "#crop"},
				"down": {"uv": [6, 13, 9, 16], "texture": "#crop"}
			}
		},
		{
			"from": [8, 2, 5],
			"to": [15, 7, 5],
			"rotation": {"angle": -45, "axis": "y", "origin": [12, 2, 5]},
			"faces": {
				"north": {"uv": [4, 6, 12, 12], "texture": "#crop"},
				"south": {"uv": [4, 6, 12, 12], "texture": "#crop"}
			}
		},
		{
			"from": [12, 2, 1],
			"to": [12, 7, 8],
			"rotation": {"angle": -45, "axis": "y", "origin": [12, 2, 5]},
			"faces": {
				"east": {"uv": [4, 6, 12, 12], "texture": "#crop"},
				"west": {"uv": [4, 6, 12, 12], "texture": "#crop"}
			}
		},
		{
			"from": [9, -1, 11],
			"to": [13, 1, 15],
			"rotation": {"angle": 0, "axis": "y", "origin": [9, -1, 11]},
			"faces": {
				"north": {"uv": [6, 14, 10, 16], "texture": "#crop"},
				"east": {"uv": [6, 14, 10, 16], "texture": "#crop"},
				"south": {"uv": [6, 14, 10, 16], "texture": "#crop"},
				"west": {"uv": [6, 14, 10, 16], "texture": "#crop"},
				"up": {"uv": [6, 12, 10, 16], "texture": "#crop"},
				"down": {"uv": [6, 12, 10, 16], "texture": "#crop"}
			}
		},
		{
			"from": [9.5, 1, 11.5],
			"to": [12.5, 2, 14.5],
			"rotation": {"angle": 0, "axis": "y", "origin": [10, 1, 12]},
			"faces": {
				"north": {"uv": [6, 14, 9, 15], "texture": "#crop"},
				"east": {"uv": [6, 14, 9, 15], "texture": "#crop"},
				"south": {"uv": [6, 14, 9, 15], "texture": "#crop"},
				"west": {"uv": [6, 14, 9, 15], "texture": "#crop"},
				"up": {"uv": [6, 13, 9, 16], "texture": "#crop"},
				"down": {"uv": [6, 13, 9, 16], "texture": "#crop"}
			}
		},
		{
			"from": [7, 2, 13],
			"to": [14, 7, 13],
			"rotation": {"angle": 22.5, "axis": "y", "origin": [11, 2, 13]},
			"faces": {
				"north": {"uv": [4, 6, 12, 12], "texture": "#crop"},
				"south": {"uv": [4, 6, 12, 12], "texture": "#crop"}
			}
		},
		{
			"from": [11, 2, 9],
			"to": [11, 7, 16],
			"rotation": {"angle": 22.5, "axis": "y", "origin": [11, 2, 13]},
			"faces": {
				"east": {"uv": [4, 6, 12, 12], "texture": "#crop"},
				"west": {"uv": [4, 6, 12, 12], "texture": "#crop"}
			}
		},
		{
			"from": [2, -1, 9],
			"to": [6, 1, 13],
			"rotation": {"angle": 0, "axis": "y", "origin": [2, -1, 9]},
			"faces": {
				"north": {"uv": [6, 14, 10, 16], "texture": "#crop"},
				"east": {"uv": [6, 14, 10, 16], "texture": "#crop"},
				"south": {"uv": [6, 14, 10, 16], "texture": "#crop"},
				"west": {"uv": [6, 14, 10, 16], "texture": "#crop"},
				"up": {"uv": [6, 12, 10, 16], "texture": "#crop"},
				"down": {"uv": [6, 12, 10, 16], "texture": "#crop"}
			}
		},
		{
			"from": [2.5, 1, 9.5],
			"to": [5.5, 2, 12.5],
			"rotation": {"angle": 0, "axis": "y", "origin": [3, 1, 10]},
			"faces": {
				"north": {"uv": [6, 14, 9, 15], "texture": "#crop"},
				"east": {"uv": [6, 14, 9, 15], "texture": "#crop"},
				"south": {"uv": [6, 14, 9, 15], "texture": "#crop"},
				"west": {"uv": [6, 14, 9, 15], "texture": "#crop"},
				"up": {"uv": [6, 13, 9, 16], "texture": "#crop"},
				"down": {"uv": [6, 13, 9, 16], "texture": "#crop"}
			}
		},
		{
			"from": [0, 2, 11],
			"to": [7, 7, 11],
			"rotation": {"angle": -22.5, "axis": "y", "origin": [4, 2, 11]},
			"faces": {
				"north": {"uv": [4, 6, 12, 12], "texture": "#crop"},
				"south": {"uv": [4, 6, 12, 12], "texture": "#crop"}
			}
		},
		{
			"from": [4, 2, 7],
			"to": [4, 7, 14],
			"rotation": {"angle": -22.5, "axis": "y", "origin": [4, 2, 11]},
			"faces": {
				"east": {"uv": [4, 6, 12, 12], "texture": "#crop"},
				"west": {"uv": [4, 6, 12, 12], "texture": "#crop"}
			}
		}
	],
	"groups": [
		{
			"name": "Beet",
			"origin": [3, 2, 3],
			"color": 0,
			"children": [0, 1, 2, 3]
		},
		{
			"name": "Beet",
			"origin": [3, 2, 3],
			"color": 0,
			"children": [4, 5, 6, 7]
		},
		{
			"name": "Beet",
			"origin": [3, 2, 3],
			"color": 0,
			"children": [8, 9, 10, 11]
		},
		{
			"name": "Beet",
			"origin": [3, 2, 3],
			"color": 0,
			"children": [12, 13, 14, 15]
		}
	]
}