{
	"format_version": "1.21.6",
	"credit": "Made with Blockbench",
	"ambientocclusion": false,
	"textures": {
		"4": "block/beetroots_stage0",
		"particle": "block/beetroots_stage3"
	},
	"elements": [
		{
			"from": [4.75, -1, 1],
			"to": [4.75, 4, 7],
			"rotation": {"angle": 45, "axis": "y", "origin": [4.75, -1, 4]},
			"faces": {
				"east": {"uv": [4, 10, 11, 16], "texture": "#4"},
				"west": {"uv": [4, 10, 11, 16], "texture": "#4"}
			}
		},
		{
			"from": [1.5, -1, 4.25],
			"to": [7.5, 4, 4.25],
			"rotation": {"angle": 45, "axis": "y", "origin": [5.5, -1, 4.25]},
			"faces": {
				"north": {"uv": [4, 10, 11, 16], "texture": "#4"},
				"south": {"uv": [4, 10, 11, 16], "texture": "#4"}
			}
		},
		{
			"from": [8, -1, 5],
			"to": [15, 4, 5],
			"rotation": {"angle": -45, "axis": "y", "origin": [12, -1, 5]},
			"faces": {
				"north": {"uv": [4, 10, 11, 16], "texture": "#4"},
				"south": {"uv": [4, 10, 11, 16], "texture": "#4"}
			}
		},
		{
			"from": [12, -1, 2],
			"to": [12, 4, 8],
			"rotation": {"angle": -45, "axis": "y", "origin": [12, -1, 5]},
			"faces": {
				"east": {"uv": [4, 10, 11, 16], "texture": "#4"},
				"west": {"uv": [4, 10, 11, 16], "texture": "#4"}
			}
		},
		{
			"from": [8, -1, 13],
			"to": [14, 4, 13],
			"rotation": {"angle": 22.5, "axis": "y", "origin": [11, -1, 13]},
			"faces": {
				"north": {"uv": [4, 10, 11, 16], "texture": "#4"},
				"south": {"uv": [4, 10, 11, 16], "texture": "#4"}
			}
		},
		{
			"from": [11, -1, 10],
			"to": [11, 4, 16],
			"rotation": {"angle": 22.5, "axis": "y", "origin": [11, -1, 13]},
			"faces": {
				"east": {"uv": [4, 10, 11, 16], "texture": "#4"},
				"west": {"uv": [4, 10, 11, 16], "texture": "#4"}
			}
		},
		{
			"from": [0.75, -1, 11.25],
			"to": [6.75, 4, 11.25],
			"rotation": {"angle": -22.5, "axis": "y", "origin": [4.75, -1, 11.25]},
			"faces": {
				"north": {"uv": [4, 10, 11, 16], "texture": "#4"},
				"south": {"uv": [4, 10, 11, 16], "texture": "#4"}
			}
		},
		{
			"from": [4, -1, 8],
			"to": [4, 4, 14],
			"rotation": {"angle": -22.5, "axis": "y", "origin": [4, -1, 11]},
			"faces": {
				"east": {"uv": [4, 10, 11, 16], "texture": "#4"},
				"west": {"uv": [4, 10, 11, 16], "texture": "#4"}
			}
		}
	],
	"groups": [
		{
			"name": "Beet",
			"origin": [3, 2, 3],
			"color": 0,
			"children": [0, 1]
		},
		{
			"name": "Beet",
			"origin": [3, 2, 3],
			"color": 0,
			"children": [2, 3]
		},
		{
			"name": "Beet",
			"origin": [3, 2, 3],
			"color": 0,
			"children": [4, 5]
		},
		{
			"name": "Beet",
			"origin": [3, 2, 3],
			"color": 0,
			"children": [6, 7]
		}
	]
}