{
	"format_version": "1.21.6",
	"credit": "Made with Blockbench",
	"textures": {
		"1": "block/bottle_glass",
		"particle": "block/brewing_stand",
		"stand": "block/brewing_stand"
	},
	"elements": [
		{
			"from": [1.66, 6.46, 4.84],
			"to": [3.34, 8.84, 4.84],
			"rotation": {"angle": 0, "axis": "y", "origin": [-3.17, 6.61, 8.2]},
			"faces": {
				"north": {"uv": [4, 4, 7, 7], "texture": "#1"},
				"south": {"uv": [16, 0, 12, 7], "texture": "#1"}
			}
		},
		{
			"from": [1.66, 6.46, 3.16],
			"to": [3.34, 8.84, 3.16],
			"rotation": {"angle": 0, "axis": "y", "origin": [-3.17, 6.61, -0.2]},
			"faces": {
				"north": {"uv": [16, 0, 12, 7], "texture": "#1"},
				"south": {"uv": [4, 4, 7, 7], "texture": "#1"}
			}
		},
		{
			"from": [1.66, 6.46, 3.16],
			"to": [1.66, 8.84, 4.84],
			"rotation": {"angle": 0, "axis": "y", "origin": [2.5, 8.5, 4]},
			"faces": {
				"east": {"uv": [4, 4, 7, 7], "texture": "#1"},
				"west": {"uv": [16, 0, 12, 7], "texture": "#1"}
			}
		},
		{
			"from": [3.34, 6.46, 3.16],
			"to": [3.34, 8.84, 4.84],
			"rotation": {"angle": 0, "axis": "y", "origin": [2.5, 8.5, 4]},
			"faces": {
				"east": {"uv": [16, 0, 12, 7], "texture": "#1"},
				"west": {"uv": [4, 4, 7, 7], "texture": "#1"}
			}
		},
		{
			"from": [1.66, 8.84, 3.16],
			"to": [3.34, 8.84, 4.84],
			"rotation": {"angle": 0, "axis": "y", "origin": [2.5, 8, 4]},
			"faces": {
				"up": {"uv": [5, 16, 9, 12], "texture": "#1"},
				"down": {"uv": [7, 7, 4, 4], "texture": "#1"}
			}
		},
		{
			"from": [1, 3, 2.5],
			"to": [4, 6, 5.5],
			"rotation": {"angle": 0, "axis": "y", "origin": [1, 4, 4.5]},
			"faces": {
				"north": {"uv": [3, 11, 1, 13], "texture": "#stand"},
				"east": {"uv": [3, 11, 1, 13], "texture": "#stand"},
				"south": {"uv": [3, 11, 1, 13], "texture": "#stand"},
				"west": {"uv": [3, 11, 1, 13], "texture": "#stand"},
				"up": {"uv": [1, 13, 3, 11], "texture": "#stand"},
				"down": {"uv": [1, 13, 3, 11], "texture": "#stand"}
			}
		},
		{
			"from": [0.5, 2.5, 6],
			"to": [4.5, 6.5, 6],
			"rotation": {"angle": 0, "axis": "y", "origin": [-11, 0, 14]},
			"faces": {
				"north": {"uv": [4, 4, 7, 7], "texture": "#1"},
				"south": {"uv": [16, 8, 8, 16], "texture": "#1"}
			}
		},
		{
			"from": [0.5, 2.5, 2],
			"to": [4.5, 6.5, 2],
			"rotation": {"angle": 0, "axis": "y", "origin": [-11, 0, -6]},
			"faces": {
				"north": {"uv": [16, 8, 8, 16], "texture": "#1"},
				"south": {"uv": [4, 4, 7, 7], "texture": "#1"}
			}
		},
		{
			"from": [0.5, 2.5, 2],
			"to": [0.5, 6.5, 6],
			"rotation": {"angle": 0, "axis": "y", "origin": [2.5, 4.5, 4]},
			"faces": {
				"east": {"uv": [4, 4, 7, 7], "texture": "#1"},
				"west": {"uv": [16, 8, 8, 16], "texture": "#1"}
			}
		},
		{
			"from": [4.5, 2.5, 2],
			"to": [4.5, 6.5, 6],
			"rotation": {"angle": 0, "axis": "y", "origin": [2.5, 4.5, 4]},
			"faces": {
				"east": {"uv": [16, 8, 8, 16], "texture": "#1"},
				"west": {"uv": [4, 4, 7, 7], "texture": "#1"}
			}
		},
		{
			"from": [0.5, 6.5, 2],
			"to": [4.5, 6.5, 6],
			"rotation": {"angle": 0, "axis": "y", "origin": [2.5, 4.5, 4]},
			"faces": {
				"up": {"uv": [8, 16, 16, 8], "texture": "#1"},
				"down": {"uv": [7, 7, 4, 4], "texture": "#1"}
			}
		},
		{
			"from": [0.5, 2.5, 2],
			"to": [4.5, 2.5, 6],
			"rotation": {"angle": 0, "axis": "y", "origin": [2.5, 4.5, 4]},
			"faces": {
				"up": {"uv": [7, 7, 4, 4], "texture": "#1"},
				"down": {"uv": [8, 16, 16, 8], "texture": "#1"}
			}
		}
	],
	"groups": [
		{
			"name": "BOTTLE",
			"origin": [13.5, 4.5, 8],
			"color": 0,
			"children": [
				{
					"name": "GLASS",
					"origin": [13.5, 4.5, 8],
					"color": 0,
					"children": []
				}
			]
		},
		{
			"name": "GLASS",
			"origin": [13.5, 4.5, 8],
			"color": 0,
			"children": []
		},
		{
			"name": "POTION",
			"origin": [13.5, 4.5, 8],
			"color": 0,
			"children": [
				{
					"name": "GLASS",
					"origin": [13.5, 4.5, 8],
					"color": 0,
					"children": [0, 1, 2, 3, 4]
				},
				{
					"name": "BOTTLE",
					"origin": [13.5, 4.5, 8],
					"color": 0,
					"children": [
						5,
						{
							"name": "GLASS",
							"origin": [13.5, 4.5, 8],
							"color": 0,
							"children": [6, 7, 8, 9, 10, 11]
						}
					]
				}
			]
		}
	]
}