{
	"format_version": "1.21.6",
	"credit": "Made with Blockbench",
	"textures": {
		"1": "block/bottle_glass",
		"particle": "block/brewing_stand",
		"stand": "block/brewing_stand"
	},
	"elements": [
		{
			"from": [12, 3, 6.5],
			"to": [15, 6, 9.5],
			"rotation": {"angle": 0, "axis": "y", "origin": [12, 4, 7.5]},
			"faces": {
				"north": {"uv": [1, 11, 3, 13], "texture": "#stand"},
				"east": {"uv": [1, 11, 3, 13], "texture": "#stand"},
				"south": {"uv": [1, 11, 3, 13], "texture": "#stand"},
				"west": {"uv": [1, 11, 3, 13], "texture": "#stand"},
				"up": {"uv": [1, 11, 3, 13], "texture": "#stand"},
				"down": {"uv": [1, 11, 3, 13], "texture": "#stand"}
			}
		},
		{
			"from": [11.5, 2.5, 6],
			"to": [15.5, 6.5, 6],
			"rotation": {"angle": 0, "axis": "y", "origin": [0, 0, -2]},
			"faces": {
				"north": {"uv": [8, 8, 16, 16], "texture": "#1"},
				"south": {"uv": [7, 4, 4, 7], "texture": "#1"}
			}
		},
		{
			"from": [11.5, 2.5, 10],
			"to": [15.5, 6.5, 10],
			"rotation": {"angle": 0, "axis": "y", "origin": [0, 0, 18]},
			"faces": {
				"north": {"uv": [7, 4, 4, 7], "texture": "#1"},
				"south": {"uv": [8, 8, 16, 16], "texture": "#1"}
			}
		},
		{
			"from": [11.5, 2.5, 6],
			"to": [11.5, 6.5, 10],
			"rotation": {"angle": 0, "axis": "y", "origin": [13.5, 4.5, 8]},
			"faces": {
				"east": {"uv": [7, 4, 4, 7], "texture": "#1"},
				"west": {"uv": [8, 8, 16, 16], "texture": "#1"}
			}
		},
		{
			"from": [15.5, 2.5, 6],
			"to": [15.5, 6.5, 10],
			"rotation": {"angle": 0, "axis": "y", "origin": [13.5, 4.5, 8]},
			"faces": {
				"east": {"uv": [8, 8, 16, 16], "texture": "#1"},
				"west": {"uv": [7, 4, 4, 7], "texture": "#1"}
			}
		},
		{
			"from": [11.5, 6.5, 6],
			"to": [15.5, 6.5, 10],
			"rotation": {"angle": 0, "axis": "z", "origin": [13.5, 4.5, 8]},
			"faces": {
				"up": {"uv": [8, 8, 16, 16], "texture": "#1"},
				"down": {"uv": [7, 4, 4, 7], "texture": "#1"}
			}
		},
		{
			"from": [11.5, 2.5, 6],
			"to": [15.5, 2.5, 10],
			"rotation": {"angle": 0, "axis": "z", "origin": [13.5, 4.5, 8]},
			"faces": {
				"up": {"uv": [7, 4, 4, 7], "texture": "#1"},
				"down": {"uv": [8, 8, 16, 16], "texture": "#1"}
			}
		},
		{
			"from": [12.66, 6.46, 7.16],
			"to": [14.34, 8.84, 7.16],
			"rotation": {"angle": 0, "axis": "y", "origin": [7.83, 6.61, 3.8]},
			"faces": {
				"north": {"uv": [12, 0, 16, 7], "texture": "#1"},
				"south": {"uv": [7, 4, 4, 7], "texture": "#1"}
			}
		},
		{
			"from": [12.66, 6.46, 8.84],
			"to": [14.34, 8.84, 8.84],
			"rotation": {"angle": 0, "axis": "y", "origin": [7.83, 6.61, 12.2]},
			"faces": {
				"north": {"uv": [7, 4, 4, 7], "texture": "#1"},
				"south": {"uv": [12, 0, 16, 7], "texture": "#1"}
			}
		},
		{
			"from": [12.66, 6.46, 7.16],
			"to": [12.66, 8.84, 8.84],
			"rotation": {"angle": 0, "axis": "y", "origin": [13.5, 8.5, 8]},
			"faces": {
				"east": {"uv": [7, 4, 4, 7], "texture": "#1"},
				"west": {"uv": [12, 0, 16, 7], "texture": "#1"}
			}
		},
		{
			"from": [14.34, 6.46, 7.16],
			"to": [14.34, 8.84, 8.84],
			"rotation": {"angle": 0, "axis": "y", "origin": [13.5, 8.5, 8]},
			"faces": {
				"east": {"uv": [12, 0, 16, 7], "texture": "#1"},
				"west": {"uv": [7, 4, 4, 7], "texture": "#1"}
			}
		},
		{
			"from": [12.66, 8.84, 7.16],
			"to": [14.34, 8.84, 8.84],
			"rotation": {"angle": 0, "axis": "y", "origin": [13.5, 8, 8]},
			"faces": {
				"up": {"uv": [5, 12, 9, 16], "texture": "#1"},
				"down": {"uv": [7, 4, 4, 7], "texture": "#1"}
			}
		}
	],
	"groups": [
		{
			"name": "BOTTLE",
			"origin": [13.5, 4.5, 8],
			"color": 0,
			"children": [
				0,
				{
					"name": "GLASS",
					"origin": [13.5, 4.5, 8],
					"color": 0,
					"children": [1, 2, 3, 4, 5, 6]
				}
			]
		},
		{
			"name": "GLASS",
			"origin": [13.5, 4.5, 8],
			"color": 0,
			"children": [7, 8, 9, 10, 11]
		}
	]
}