{
	"format_version": "1.21.6",
	"credit": "Made with Blockbench",
	"textures": {
		"1": "block/bottle_glass",
		"particle": "block/brewing_stand",
		"stand": "block/brewing_stand"
	},
	"elements": [
		{
			"from": [1.66, 6.46, 11.16],
			"to": [3.34, 8.84, 11.16],
			"rotation": {"angle": 0, "axis": "y", "origin": [-3.17, 6.61, 7.8]},
			"faces": {
				"north": {"uv": [12, 0, 16, 7], "texture": "#1"},
				"south": {"uv": [7, 4, 4, 7], "texture": "#1"}
			}
		},
		{
			"from": [1.66, 6.46, 12.84],
			"to": [3.34, 8.84, 12.84],
			"rotation": {"angle": 0, "axis": "y", "origin": [-3.17, 6.61, 16.2]},
			"faces": {
				"north": {"uv": [7, 4, 4, 7], "texture": "#1"},
				"south": {"uv": [12, 0, 16, 7], "texture": "#1"}
			}
		},
		{
			"from": [1.66, 6.46, 11.16],
			"to": [1.66, 8.84, 12.84],
			"rotation": {"angle": 0, "axis": "y", "origin": [2.5, 8.5, 12]},
			"faces": {
				"east": {"uv": [7, 4, 4, 7], "texture": "#1"},
				"west": {"uv": [12, 0, 16, 7], "texture": "#1"}
			}
		},
		{
			"from": [3.34, 6.46, 11.16],
			"to": [3.34, 8.84, 12.84],
			"rotation": {"angle": 0, "axis": "y", "origin": [2.5, 8.5, 12]},
			"faces": {
				"east": {"uv": [12, 0, 16, 7], "texture": "#1"},
				"west": {"uv": [7, 4, 4, 7], "texture": "#1"}
			}
		},
		{
			"from": [1.66, 8.84, 11.16],
			"to": [3.34, 8.84, 12.84],
			"rotation": {"angle": 0, "axis": "y", "origin": [2.5, 8, 12]},
			"faces": {
				"up": {"uv": [5, 12, 9, 16], "texture": "#1"},
				"down": {"uv": [7, 4, 4, 7], "texture": "#1"}
			}
		},
		{
			"from": [1, 3, 10.5],
			"to": [4, 6, 13.5],
			"rotation": {"angle": 0, "axis": "y", "origin": [1, 4, 11.5]},
			"faces": {
				"north": {"uv": [1, 11, 3, 13], "texture": "#stand"},
				"east": {"uv": [1, 11, 3, 13], "texture": "#stand"},
				"south": {"uv": [1, 11, 3, 13], "texture": "#stand"},
				"west": {"uv": [1, 11, 3, 13], "texture": "#stand"},
				"up": {"uv": [1, 11, 3, 13], "texture": "#stand"},
				"down": {"uv": [1, 11, 3, 13], "texture": "#stand"}
			}
		},
		{
			"from": [0.5, 2.5, 10],
			"to": [4.5, 6.5, 10],
			"rotation": {"angle": 0, "axis": "y", "origin": [-11, 0, 2]},
			"faces": {
				"north": {"uv": [8, 8, 16, 16], "texture": "#1"},
				"south": {"uv": [7, 4, 4, 7], "texture": "#1"}
			}
		},
		{
			"from": [0.5, 2.5, 14],
			"to": [4.5, 6.5, 14],
			"rotation": {"angle": 0, "axis": "y", "origin": [-11, 0, 22]},
			"faces": {
				"north": {"uv": [7, 4, 4, 7], "texture": "#1"},
				"south": {"uv": [8, 8, 16, 16], "texture": "#1"}
			}
		},
		{
			"from": [0.5, 2.5, 10],
			"to": [0.5, 6.5, 14],
			"rotation": {"angle": 0, "axis": "y", "origin": [2.5, 4.5, 12]},
			"faces": {
				"east": {"uv": [7, 4, 4, 7], "texture": "#1"},
				"west": {"uv": [8, 8, 16, 16], "texture": "#1"}
			}
		},
		{
			"from": [4.5, 2.5, 10],
			"to": [4.5, 6.5, 14],
			"rotation": {"angle": 0, "axis": "y", "origin": [2.5, 4.5, 12]},
			"faces": {
				"east": {"uv": [8, 8, 16, 16], "texture": "#1"},
				"west": {"uv": [7, 4, 4, 7], "texture": "#1"}
			}
		},
		{
			"from": [0.5, 6.5, 10],
			"to": [4.5, 6.5, 14],
			"rotation": {"angle": 0, "axis": "y", "origin": [2.5, 4.5, 12]},
			"faces": {
				"up": {"uv": [8, 8, 16, 16], "texture": "#1"},
				"down": {"uv": [7, 4, 4, 7], "texture": "#1"}
			}
		},
		{
			"from": [0.5, 2.5, 10],
			"to": [4.5, 2.5, 14],
			"rotation": {"angle": 0, "axis": "y", "origin": [2.5, 4.5, 12]},
			"faces": {
				"up": {"uv": [7, 4, 4, 7], "texture": "#1"},
				"down": {"uv": [8, 8, 16, 16], "texture": "#1"}
			}
		}
	],
	"groups": [
		{
			"name": "BOTTLE",
			"origin": [13.5, 4.5, 8],
			"color": 0,
			"children": [
				{
					"name": "GLASS",
					"origin": [13.5, 4.5, 8],
					"color": 0,
					"children": []
				}
			]
		},
		{
			"name": "GLASS",
			"origin": [13.5, 4.5, 8],
			"color": 0,
			"children": []
		},
		{
			"name": "POTION",
			"origin": [13.5, 4.5, 8],
			"color": 0,
			"children": [
				{
					"name": "GLASS",
					"origin": [13.5, 4.5, 8],
					"color": 0,
					"children": [0, 1, 2, 3, 4]
				},
				{
					"name": "BOTTLE",
					"origin": [13.5, 4.5, 8],
					"color": 0,
					"children": [
						5,
						{
							"name": "GLASS",
							"origin": [13.5, 4.5, 8],
							"color": 0,
							"children": [6, 7, 8, 9, 10, 11]
						}
					]
				}
			]
		}
	]
}