{
	"format_version": "1.21.6",
	"credit": "Made with Blockbench",
	"textures": {
		"base": "block/brewing_stand_base",
		"particle": "block/brewing_stand",
		"stand": "block/brewing_stand"
	},
	"elements": [
		{
			"from": [7, 0, 7],
			"to": [9, 14, 9],
			"faces": {
				"north": {"uv": [7, 2, 9, 16], "texture": "#stand"},
				"east": {"uv": [7, 2, 9, 16], "texture": "#stand"},
				"south": {"uv": [7, 2, 9, 16], "texture": "#stand"},
				"west": {"uv": [7, 2, 9, 16], "texture": "#stand"},
				"up": {"uv": [7, 7, 9, 9], "texture": "#stand"},
				"down": {"uv": [7, 7, 9, 9], "texture": "#stand"}
			}
		},
		{
			"from": [6.75, 11, 6.75],
			"to": [9.25, 13, 9.25],
			"faces": {
				"north": {"uv": [7, 3, 9, 5], "texture": "#stand"},
				"east": {"uv": [7, 3, 9, 5], "texture": "#stand"},
				"south": {"uv": [7, 3, 9, 5], "texture": "#stand"},
				"west": {"uv": [7, 3, 9, 5], "texture": "#stand"},
				"up": {"uv": [7, 3, 9, 4], "texture": "#stand"},
				"down": {"uv": [7, 4, 9, 5], "texture": "#stand"}
			}
		},
		{
			"from": [11.82843, 13.82843, 7.5],
			"to": [14.82843, 15.82843, 8.5],
			"rotation": {"angle": 0, "axis": "z", "origin": [9.82843, 14.82843, 8]},
			"faces": {
				"north": {"uv": [9, 2, 11, 5], "rotation": 270, "texture": "#stand"},
				"east": {"uv": [6, 2, 7, 4], "rotation": 180, "texture": "#stand"},
				"south": {"uv": [9, 2, 11, 5], "rotation": 270, "texture": "#stand"},
				"west": {"uv": [6, 2, 7, 4], "rotation": 180, "texture": "#stand"},
				"up": {"uv": [9, 2, 10, 5], "rotation": 270, "texture": "#stand"},
				"down": {"uv": [9, 2, 10, 5], "rotation": 270, "texture": "#stand"}
			}
		},
		{
			"from": [7.29289, 12.87868, 7.55],
			"to": [9.29289, 16.87868, 8.45],
			"rotation": {"angle": -45, "axis": "z", "origin": [8.29289, 10.87868, 8]},
			"faces": {
				"north": {"uv": [5, 2, 7, 6], "texture": "#stand"},
				"east": {"uv": [6, 2, 7, 6], "texture": "#stand"},
				"south": {"uv": [5, 2, 7, 6], "texture": "#stand"},
				"west": {"uv": [6, 2, 7, 6], "texture": "#stand"},
				"up": {"uv": [6, 2, 7, 4], "rotation": 90, "texture": "#stand"},
				"down": {"uv": [7, 7, 9, 9], "texture": "#stand"}
			}
		},
		{
			"from": [9, 2, 7.5],
			"to": [11, 13, 8.5],
			"rotation": {"angle": 0, "axis": "y", "origin": [2, 0, 0]},
			"faces": {
				"north": {"uv": [5, 3, 7, 14], "texture": "#stand"},
				"east": {"uv": [5, 3, 6, 14], "texture": "#stand"},
				"south": {"uv": [5, 3, 7, 14], "texture": "#stand"},
				"west": {"uv": [7, 2, 9, 16], "texture": "#stand"},
				"up": {"uv": [5, 2, 7, 3], "texture": "#stand"},
				"down": {"uv": [7, 7, 9, 9], "texture": "#stand"}
			}
		},
		{
			"from": [13.2, 11, 7.7],
			"to": [13.8, 13.75, 8.3],
			"rotation": {"angle": 45, "axis": "z", "origin": [13.5, 11, 8]},
			"faces": {
				"north": {"uv": [12, 4, 13, 8], "texture": "#stand"},
				"east": {"uv": [12, 4, 13, 8], "texture": "#stand"},
				"south": {"uv": [12, 4, 13, 8], "texture": "#stand"},
				"west": {"uv": [12, 4, 13, 8], "texture": "#stand"},
				"up": {"uv": [5, 2, 7, 3], "texture": "#stand"},
				"down": {"uv": [7.75, 2.75, 9.25, 4.25], "texture": "#base"}
			}
		},
		{
			"from": [13.1, 8, 7.6],
			"to": [13.9, 14, 8.4],
			"rotation": {"angle": 0, "axis": "y", "origin": [5.5, 1, 0]},
			"faces": {
				"north": {"uv": [6, 3, 7, 10], "texture": "#stand"},
				"east": {"uv": [6, 3, 7, 10], "texture": "#stand"},
				"south": {"uv": [6, 3, 7, 10], "texture": "#stand"},
				"west": {"uv": [6, 3, 7, 10], "texture": "#stand"},
				"up": {"uv": [5, 2, 7, 3], "texture": "#stand"},
				"down": {"uv": [7.75, 2.75, 9.25, 4.25], "texture": "#base"}
			}
		},
		{
			"from": [12.7, 8.05, 7.2],
			"to": [14.3, 9.05, 8.8],
			"rotation": {"angle": 0, "axis": "z", "origin": [13.5, 8.05, 8]},
			"faces": {
				"north": {"uv": [12, 4, 13, 6], "texture": "#stand"},
				"east": {"uv": [12, 4, 13, 6], "texture": "#stand"},
				"south": {"uv": [12, 4, 13, 6], "texture": "#stand"},
				"west": {"uv": [12, 4, 13, 6], "texture": "#stand"},
				"up": {"uv": [12, 4, 13, 5], "texture": "#stand"},
				"down": {"uv": [12, 5, 13, 6], "texture": "#stand"}
			}
		},
		{
			"from": [9, 0, 5],
			"to": [15, 2, 11],
			"faces": {
				"north": {"uv": [9, 14, 15, 16], "texture": "#base"},
				"east": {"uv": [5, 14, 11, 16], "texture": "#base"},
				"south": {"uv": [9, 14, 15, 16], "texture": "#base"},
				"west": {"uv": [5, 14, 11, 16], "texture": "#base"},
				"up": {"uv": [9, 5, 15, 11], "texture": "#base"},
				"down": {"uv": [9, 5, 15, 11], "texture": "#base", "cullface": "down"}
			}
		},
		{
			"from": [1, 0, 1],
			"to": [7, 2, 7],
			"faces": {
				"north": {"uv": [1, 14, 7, 16], "texture": "#base"},
				"east": {"uv": [1, 14, 7, 16], "texture": "#base"},
				"south": {"uv": [1, 14, 7, 16], "texture": "#base"},
				"west": {"uv": [1, 14, 7, 16], "texture": "#base"},
				"up": {"uv": [1, 1, 7, 7], "texture": "#base"},
				"down": {"uv": [1, 1, 7, 7], "texture": "#base", "cullface": "down"}
			}
		},
		{
			"from": [1, 0, 9],
			"to": [7, 2, 15],
			"faces": {
				"north": {"uv": [1, 14, 7, 16], "texture": "#base"},
				"east": {"uv": [9, 14, 15, 16], "texture": "#base"},
				"south": {"uv": [1, 14, 7, 16], "texture": "#base"},
				"west": {"uv": [9, 14, 15, 16], "texture": "#base"},
				"up": {"uv": [1, 9, 7, 15], "texture": "#base"},
				"down": {"uv": [1, 9, 7, 15], "texture": "#base", "cullface": "down"}
			}
		},
		{
			"from": [7.5, 13.82843, 11.82843],
			"to": [8.5, 15.82843, 14.82843],
			"rotation": {"angle": 0, "axis": "y", "origin": [8, 11.16421, 11.75]},
			"faces": {
				"north": {"uv": [7, 2, 6, 4], "rotation": 180, "texture": "#stand"},
				"east": {"uv": [9, 5, 11, 2], "rotation": 270, "texture": "#stand"},
				"south": {"uv": [7, 2, 6, 4], "rotation": 180, "texture": "#stand"},
				"west": {"uv": [9, 5, 11, 2], "rotation": 270, "texture": "#stand"},
				"up": {"uv": [9, 5, 10, 2], "rotation": 180, "texture": "#stand"},
				"down": {"uv": [9, 5, 10, 2], "texture": "#stand"}
			}
		},
		{
			"from": [7.55, 10.51777, 8.50736],
			"to": [8.45, 14.51777, 10.50736],
			"rotation": {"angle": 45, "axis": "x", "origin": [8, 11.16421, 11.75]},
			"faces": {
				"north": {"uv": [7, 2, 6, 6], "texture": "#stand"},
				"east": {"uv": [7, 2, 5, 6], "texture": "#stand"},
				"south": {"uv": [7, 2, 6, 6], "texture": "#stand"},
				"west": {"uv": [7, 2, 5, 6], "texture": "#stand"},
				"up": {"uv": [6, 4, 7, 2], "texture": "#stand"},
				"down": {"uv": [9, 7, 7, 9], "rotation": 90, "texture": "#stand"}
			}
		},
		{
			"from": [7.5, 2, 9],
			"to": [8.5, 13, 11],
			"rotation": {"angle": 0, "axis": "y", "origin": [8, 11.16421, 11.75]},
			"faces": {
				"north": {"uv": [9, 2, 7, 16], "texture": "#stand"},
				"east": {"uv": [7, 3, 5, 14], "texture": "#stand"},
				"south": {"uv": [6, 3, 5, 14], "texture": "#stand"},
				"west": {"uv": [7, 3, 5, 14], "texture": "#stand"},
				"up": {"uv": [7, 2, 5, 3], "rotation": 270, "texture": "#stand"},
				"down": {"uv": [9, 7, 7, 9], "rotation": 90, "texture": "#stand"}
			}
		},
		{
			"from": [1.7, 8.05, 11.2],
			"to": [3.3, 9.05, 12.8],
			"rotation": {"angle": 0, "axis": "y", "origin": [2.5, 11.16421, 10.25]},
			"faces": {
				"north": {"uv": [13, 4, 12, 6], "texture": "#stand"},
				"east": {"uv": [13, 4, 12, 6], "texture": "#stand"},
				"south": {"uv": [13, 4, 12, 6], "texture": "#stand"},
				"west": {"uv": [13, 4, 12, 6], "texture": "#stand"},
				"up": {"uv": [13, 4, 12, 5], "rotation": 270, "texture": "#stand"},
				"down": {"uv": [13, 5, 12, 6], "rotation": 90, "texture": "#stand"}
			}
		},
		{
			"from": [7.5, 0, 9],
			"to": [8.5, 2, 11],
			"rotation": {"angle": 0, "axis": "y", "origin": [0, -2, 2]},
			"faces": {
				"north": {"uv": [9, 2, 7, 16], "texture": "#stand"},
				"east": {"uv": [7, 12, 5, 14], "texture": "#stand"},
				"south": {"uv": [6, 12, 5, 14], "texture": "#stand"},
				"west": {"uv": [7, 12, 5, 14], "texture": "#stand"},
				"up": {"uv": [7, 2, 5, 3], "rotation": 270, "texture": "#stand"},
				"down": {"uv": [7, 13, 5, 14], "rotation": 90, "texture": "#stand"}
			}
		},
		{
			"from": [1.17157, 13.82843, 7.5],
			"to": [4.17157, 15.82843, 8.5],
			"rotation": {"angle": 0, "axis": "y", "origin": [6.17157, 14.82843, 8]},
			"faces": {
				"north": {"uv": [9, 5, 11, 2], "rotation": 270, "texture": "#stand"},
				"east": {"uv": [7, 2, 6, 4], "rotation": 180, "texture": "#stand"},
				"south": {"uv": [9, 5, 11, 2], "rotation": 270, "texture": "#stand"},
				"west": {"uv": [7, 2, 6, 4], "rotation": 180, "texture": "#stand"},
				"up": {"uv": [9, 5, 10, 2], "rotation": 270, "texture": "#stand"},
				"down": {"uv": [9, 5, 10, 2], "rotation": 270, "texture": "#stand"}
			}
		},
		{
			"from": [6.70711, 12.87868, 7.55],
			"to": [8.70711, 16.87868, 8.45],
			"rotation": {"angle": 45, "axis": "z", "origin": [7.70711, 10.87868, 8]},
			"faces": {
				"north": {"uv": [7, 2, 5, 6], "texture": "#stand"},
				"east": {"uv": [7, 2, 6, 6], "texture": "#stand"},
				"south": {"uv": [7, 2, 5, 6], "texture": "#stand"},
				"west": {"uv": [7, 2, 6, 6], "texture": "#stand"},
				"up": {"uv": [6, 4, 7, 2], "rotation": 90, "texture": "#stand"},
				"down": {"uv": [9, 7, 7, 9], "texture": "#stand"}
			}
		},
		{
			"from": [5, 2, 7.5],
			"to": [7, 13, 8.5],
			"rotation": {"angle": 0, "axis": "y", "origin": [14, 0, 0]},
			"faces": {
				"north": {"uv": [7, 3, 5, 14], "texture": "#stand"},
				"east": {"uv": [9, 2, 7, 16], "texture": "#stand"},
				"south": {"uv": [7, 3, 5, 14], "texture": "#stand"},
				"west": {"uv": [6, 3, 5, 14], "texture": "#stand"},
				"up": {"uv": [7, 2, 5, 3], "texture": "#stand"},
				"down": {"uv": [9, 7, 7, 9], "texture": "#stand"}
			}
		},
		{
			"from": [5, 0, 7.5],
			"to": [7, 2, 8.5],
			"rotation": {"angle": 0, "axis": "y", "origin": [14, -2, 0]},
			"faces": {
				"north": {"uv": [7, 12, 5, 14], "texture": "#stand"},
				"east": {"uv": [9, 2, 7, 16], "texture": "#stand"},
				"south": {"uv": [7, 12, 5, 14], "texture": "#stand"},
				"west": {"uv": [6, 12, 5, 14], "texture": "#stand"},
				"up": {"uv": [7, 2, 5, 3], "texture": "#stand"},
				"down": {"uv": [7, 13, 5, 14], "texture": "#stand"}
			}
		},
		{
			"from": [2.2, 11, 7.7],
			"to": [2.8, 13.75, 8.3],
			"rotation": {"angle": -45, "axis": "z", "origin": [2.5, 11, 8]},
			"faces": {
				"north": {"uv": [13, 4, 12, 8], "texture": "#stand"},
				"east": {"uv": [13, 4, 12, 8], "texture": "#stand"},
				"south": {"uv": [13, 4, 12, 8], "texture": "#stand"},
				"west": {"uv": [13, 4, 12, 8], "texture": "#stand"},
				"up": {"uv": [7, 2, 5, 3], "texture": "#stand"},
				"down": {"uv": [9.25, 2.75, 7.75, 4.25], "texture": "#base"}
			}
		},
		{
			"from": [2.1, 10.25, 7.6],
			"to": [2.9, 14, 8.4],
			"rotation": {"angle": 0, "axis": "y", "origin": [10.5, 1, 0]},
			"faces": {
				"north": {"uv": [7, 3, 6, 8], "texture": "#stand"},
				"east": {"uv": [7, 3, 6, 8], "texture": "#stand"},
				"south": {"uv": [7, 3, 6, 8], "texture": "#stand"},
				"west": {"uv": [7, 3, 6, 8], "texture": "#stand"},
				"up": {"uv": [7, 2, 5, 3], "texture": "#stand"},
				"down": {"uv": [7, 4, 6, 10], "texture": "#stand"}
			}
		},
		{
			"from": [2.1, 9.45418, 3.14917],
			"to": [2.9, 10.25418, 8.39917],
			"rotation": {"angle": -22.5, "axis": "x", "origin": [2.5, 9.85418, 6.39917]},
			"faces": {
				"north": {"uv": [7, 4, 6, 10], "rotation": 180, "texture": "#stand"},
				"east": {"uv": [7, 4, 6, 10], "rotation": 90, "texture": "#stand"},
				"south": {"uv": [7, 2, 5, 3], "texture": "#stand"},
				"west": {"uv": [7, 4, 6, 10], "rotation": 90, "texture": "#stand"},
				"up": {"uv": [7, 4, 6, 10], "rotation": 90, "texture": "#stand"},
				"down": {"uv": [7, 4, 6, 10], "rotation": 90, "texture": "#stand"}
			}
		},
		{
			"from": [2.1, 8.00418, 3.54917],
			"to": [2.9, 8.50418, 4.34917],
			"rotation": {"angle": 0, "axis": "x", "origin": [2.5, 11.25418, 3.94917]},
			"faces": {
				"north": {"uv": [7, 4, 6, 10], "rotation": 270, "texture": "#stand"},
				"east": {"uv": [7, 4, 6, 10], "rotation": 180, "texture": "#stand"},
				"south": {"uv": [7, 4, 6, 10], "rotation": 90, "texture": "#stand"},
				"west": {"uv": [7, 4, 6, 10], "texture": "#stand"},
				"up": {"uv": [7, 2, 5, 3], "texture": "#stand"},
				"down": {"uv": [9.25, 2.75, 7.75, 4.25], "texture": "#base"}
			}
		},
		{
			"from": [2.1, 8.00418, 11.65083],
			"to": [2.9, 8.50418, 12.45083],
			"rotation": {"angle": 0, "axis": "y", "origin": [2.5, 11.25418, 12.05083]},
			"faces": {
				"north": {"uv": [7, 10, 6, 4], "rotation": 90, "texture": "#stand"},
				"east": {"uv": [6, 4, 7, 10], "rotation": 180, "texture": "#stand"},
				"south": {"uv": [7, 10, 6, 4], "rotation": 270, "texture": "#stand"},
				"west": {"uv": [6, 4, 7, 10], "texture": "#stand"},
				"up": {"uv": [7, 3, 5, 2], "texture": "#stand"},
				"down": {"uv": [9.25, 4.25, 7.75, 2.75], "texture": "#base"}
			}
		},
		{
			"from": [2.1, 9.45418, 7.60083],
			"to": [2.9, 10.25418, 12.85083],
			"rotation": {"angle": 22.5, "axis": "x", "origin": [2.5, 9.85418, 9.60083]},
			"faces": {
				"north": {"uv": [5, 2, 7, 3], "texture": "#stand"},
				"east": {"uv": [7, 10, 6, 4], "rotation": 90, "texture": "#stand"},
				"south": {"uv": [6, 4, 7, 10], "rotation": 180, "texture": "#stand"},
				"west": {"uv": [7, 10, 6, 4], "rotation": 90, "texture": "#stand"},
				"up": {"uv": [6, 4, 7, 10], "rotation": 90, "texture": "#stand"},
				"down": {"uv": [6, 4, 7, 10], "rotation": 90, "texture": "#stand"}
			}
		},
		{
			"from": [1.7, 8.05, 11.2],
			"to": [3.3, 9.05, 12.8],
			"rotation": {"angle": 0, "axis": "y", "origin": [2.5, 8.05, 12]},
			"faces": {
				"north": {"uv": [13, 4, 12, 6], "texture": "#stand"},
				"east": {"uv": [13, 4, 12, 6], "texture": "#stand"},
				"south": {"uv": [13, 4, 12, 6], "texture": "#stand"},
				"west": {"uv": [13, 4, 12, 6], "texture": "#stand"},
				"up": {"uv": [13, 4, 12, 5], "texture": "#stand"},
				"down": {"uv": [13, 5, 12, 6], "texture": "#stand"}
			}
		},
		{
			"from": [1.7, 8.05, 3.2],
			"to": [3.3, 9.05, 4.8],
			"rotation": {"angle": 0, "axis": "y", "origin": [2.5, 8.05, 4]},
			"faces": {
				"north": {"uv": [13, 4, 12, 6], "texture": "#stand"},
				"east": {"uv": [13, 4, 12, 6], "texture": "#stand"},
				"south": {"uv": [13, 4, 12, 6], "texture": "#stand"},
				"west": {"uv": [13, 4, 12, 6], "texture": "#stand"},
				"up": {"uv": [13, 4, 12, 5], "texture": "#stand"},
				"down": {"uv": [13, 5, 12, 6], "texture": "#stand"}
			}
		},
		{
			"from": [7.5, 13.82843, 1.17157],
			"to": [8.5, 15.82843, 4.17157],
			"rotation": {"angle": 0, "axis": "y", "origin": [8, 11.16421, 4.25]},
			"faces": {
				"north": {"uv": [6, 2, 7, 4], "rotation": 180, "texture": "#stand"},
				"east": {"uv": [9, 2, 11, 5], "rotation": 270, "texture": "#stand"},
				"south": {"uv": [6, 2, 7, 4], "rotation": 180, "texture": "#stand"},
				"west": {"uv": [9, 2, 11, 5], "rotation": 270, "texture": "#stand"},
				"up": {"uv": [9, 2, 10, 5], "rotation": 180, "texture": "#stand"},
				"down": {"uv": [9, 2, 10, 5], "texture": "#stand"}
			}
		},
		{
			"from": [7.55, 10.51777, 5.49264],
			"to": [8.45, 14.51777, 7.49264],
			"rotation": {"angle": -45, "axis": "x", "origin": [8, 11.16421, 4.25]},
			"faces": {
				"north": {"uv": [6, 2, 7, 6], "texture": "#stand"},
				"east": {"uv": [5, 2, 7, 6], "texture": "#stand"},
				"south": {"uv": [6, 2, 7, 6], "texture": "#stand"},
				"west": {"uv": [5, 2, 7, 6], "texture": "#stand"},
				"up": {"uv": [6, 2, 7, 4], "texture": "#stand"},
				"down": {"uv": [7, 7, 9, 9], "rotation": 90, "texture": "#stand"}
			}
		},
		{
			"from": [7.5, 2, 5],
			"to": [8.5, 13, 7],
			"rotation": {"angle": 0, "axis": "y", "origin": [8, 11.16421, 4.25]},
			"faces": {
				"north": {"uv": [5, 3, 6, 14], "texture": "#stand"},
				"east": {"uv": [5, 3, 7, 14], "texture": "#stand"},
				"south": {"uv": [7, 2, 9, 16], "texture": "#stand"},
				"west": {"uv": [5, 3, 7, 14], "texture": "#stand"},
				"up": {"uv": [5, 2, 7, 3], "rotation": 270, "texture": "#stand"},
				"down": {"uv": [7, 7, 9, 9], "rotation": 90, "texture": "#stand"}
			}
		},
		{
			"from": [1.7, 8.05, 3.2],
			"to": [3.3, 9.05, 4.8],
			"rotation": {"angle": 0, "axis": "y", "origin": [2.5, 11.16421, 5.75]},
			"faces": {
				"north": {"uv": [12, 4, 13, 6], "texture": "#stand"},
				"east": {"uv": [12, 4, 13, 6], "texture": "#stand"},
				"south": {"uv": [12, 4, 13, 6], "texture": "#stand"},
				"west": {"uv": [12, 4, 13, 6], "texture": "#stand"},
				"up": {"uv": [12, 4, 13, 5], "rotation": 270, "texture": "#stand"},
				"down": {"uv": [12, 5, 13, 6], "rotation": 90, "texture": "#stand"}
			}
		},
		{
			"from": [7.5, 0, 5],
			"to": [8.5, 2, 7],
			"rotation": {"angle": 0, "axis": "y", "origin": [0, -2, 14]},
			"faces": {
				"north": {"uv": [5, 12, 6, 14], "texture": "#stand"},
				"east": {"uv": [5, 12, 7, 14], "texture": "#stand"},
				"south": {"uv": [7, 2, 9, 16], "texture": "#stand"},
				"west": {"uv": [5, 12, 7, 14], "texture": "#stand"},
				"up": {"uv": [5, 2, 7, 3], "rotation": 270, "texture": "#stand"},
				"down": {"uv": [5, 13, 7, 14], "rotation": 90, "texture": "#stand"}
			}
		}
	],
	"display": {
		"thirdperson_righthand": {
			"rotation": [75, 45, 0],
			"translation": [0, 2.5, 0],
			"scale": [0.375, 0.375, 0.375]
		},
		"thirdperson_lefthand": {
			"rotation": [75, 45, 0],
			"translation": [0, 2.5, 0],
			"scale": [0.375, 0.375, 0.375]
		},
		"firstperson_righthand": {
			"rotation": [0, 45, 0],
			"scale": [0.4, 0.4, 0.4]
		},
		"firstperson_lefthand": {
			"rotation": [0, -135, 0],
			"scale": [0.4, 0.4, 0.4]
		},
		"ground": {
			"translation": [0, 3, 0],
			"scale": [0.25, 0.25, 0.25]
		},
		"gui": {
			"rotation": [30, -102, 0],
			"translation": [-0.25, 0, 0],
			"scale": [0.7, 0.7, 0.7]
		},
		"head": {
			"rotation": [0, -90, 0],
			"translation": [-0.25, 6, 7.75],
			"scale": [2, 2, 2]
		},
		"fixed": {
			"scale": [0.5, 0.5, 0.5]
		}
	},
	"groups": [
		0,
		1,
		{
			"name": "ARM",
			"origin": [13.5, 8.05, 8],
			"color": 0,
			"children": [2, 3, 4, 5, 6, 7]
		},
		8,
		9,
		10,
		{
			"name": "ARM",
			"origin": [13.5, 8.05, 8],
			"color": 0,
			"children": [11, 12, 13, 14, 15]
		},
		{
			"name": "ARM",
			"origin": [13.5, 8.05, 8],
			"color": 0,
			"children": [16, 17, 18, 19, 20, 21, 22, 23, 24, 25, 26, 27]
		},
		{
			"name": "ARM",
			"origin": [13.5, 8.05, 8],
			"color": 0,
			"children": [28, 29, 30, 31, 32]
		}
	]
}