{
	"format_version": "1.21.6",
	"credit": "Made with Blockbench",
	"parent": "minecraft:block/tinted_cross",
	"textures": {
		"1": "block/furnace_log_unlit",
		"particle": "block/bush",
		"cross": "block/bush",
		"outside": "block/bush_outside"
	},
	"elements": [
		{
			"from": [3, 2, 3],
			"to": [13, 12, 13],
			"rotation": {"angle": 0, "axis": "y", "origin": [3, 2, 3]},
			"faces": {
				"north": {"uv": [4, 6, 14, 16], "texture": "#cross", "tintindex": 0},
				"east": {"uv": [4, 6, 14, 16], "texture": "#cross", "tintindex": 0},
				"south": {"uv": [4, 6, 14, 16], "texture": "#cross", "tintindex": 0},
				"west": {"uv": [4, 6, 14, 16], "texture": "#cross", "tintindex": 0},
				"up": {"uv": [4, 6, 14, 16], "texture": "#cross", "tintindex": 0},
				"down": {"uv": [4, 6, 14, 16], "texture": "#cross", "tintindex": 0}
			}
		},
		{
			"from": [7, 0, 7],
			"to": [9, 2, 9],
			"rotation": {"angle": 0, "axis": "y", "origin": [7, 0, 7]},
			"faces": {
				"north": {"uv": [2, 0, 4, 2], "texture": "#1"},
				"east": {"uv": [8, 1, 10, 3], "texture": "#1"},
				"south": {"uv": [12, 1, 14, 3], "texture": "#1"},
				"west": {"uv": [7, 2, 9, 4], "texture": "#1"},
				"up": {"uv": [7, 2, 9, 4], "texture": "#1"},
				"down": {"uv": [7, 2, 9, 4], "texture": "#1"}
			}
		},
		{
			"from": [0, 1.5, 3],
			"to": [0, 13, 19.75],
			"rotation": {"angle": 45, "axis": "y", "origin": [0, 0, 0]},
			"faces": {
				"north": {"uv": [0, 0, 0, 11], "texture": "#missing", "tintindex": 0},
				"east": {"uv": [1, 5, 16, 16], "texture": "#cross", "tintindex": 0},
				"south": {"uv": [0, 0, 0, 11], "texture": "#missing", "tintindex": 0},
				"west": {"uv": [1, 5, 16, 16], "texture": "#cross", "tintindex": 0},
				"up": {"uv": [0, 0, 0, 15.25], "texture": "#missing", "tintindex": 0},
				"down": {"uv": [0, 0, 0, 15.25], "texture": "#missing", "tintindex": 0}
			}
		},
		{
			"from": [-0.33166, 1.5, 8.04334],
			"to": [16.41834, 13.25, 8.04334],
			"rotation": {"angle": 45, "axis": "y", "origin": [8.04334, 7.125, 8.04334]},
			"faces": {
				"north": {"uv": [1, 5, 16, 16], "texture": "#cross", "tintindex": 0},
				"east": {"uv": [0, 0, 0, 11], "texture": "#missing", "tintindex": 0},
				"south": {"uv": [1, 5, 16, 16], "texture": "#cross", "tintindex": 0},
				"west": {"uv": [0, 0, 0, 11], "texture": "#missing", "tintindex": 0},
				"up": {"uv": [0, 0, 0, 15.25], "rotation": 270, "texture": "#missing", "tintindex": 0},
				"down": {"uv": [0, 0, 0, 15.25], "rotation": 90, "texture": "#missing", "tintindex": 0}
			}
		},
		{
			"from": [2.5, 1.5, 2.5],
			"to": [13.5, 12.5, 13.5],
			"rotation": {"angle": 0, "axis": "y", "origin": [3, 2, 3]},
			"faces": {
				"north": {"uv": [4, 6, 14, 16], "texture": "#outside", "tintindex": 0},
				"east": {"uv": [4, 6, 14, 16], "texture": "#outside", "tintindex": 0},
				"south": {"uv": [4, 6, 14, 16], "texture": "#outside", "tintindex": 0},
				"west": {"uv": [4, 6, 14, 16], "texture": "#outside", "tintindex": 0},
				"up": {"uv": [4, 6, 14, 16], "texture": "#outside", "tintindex": 0},
				"down": {"uv": [4, 6, 14, 16], "texture": "#outside", "tintindex": 0}
			}
		}
	]
}