{
	"format_version": "1.21.6",
	"credit": "Made with Blockbench",
	"parent": "minecraft:block/cross",
	"textures": {
		"2": "block/oxeye_daisy",
		"cross": "block/cactus_flower",
		"particle": "block/flower_center_checker",
		"checker": "block/flower_center_checker"
	},
	"elements": [
		{
			"from": [0, 0, -0.75],
			"to": [16, 0, 9.25],
			"rotation": {"angle": 22.5, "axis": "x", "origin": [8, 0, 9.25]},
			"faces": {
				"up": {"uv": [0, 6, 16, 16], "texture": "#cross"},
				"down": {"uv": [0, 16, 16, 6], "texture": "#cross"}
			}
		},
		{
			"from": [0, 0, 7.2],
			"to": [16, 0, 17.2],
			"rotation": {"angle": -22.5, "axis": "x", "origin": [8, 0, 7.2]},
			"faces": {
				"up": {"uv": [16, 16, 0, 6], "texture": "#cross"},
				"down": {"uv": [0, 6, 16, 16], "texture": "#cross"}
			}
		},
		{
			"from": [-1, 0, 0.2],
			"to": [9, 0, 16.2],
			"rotation": {"angle": -22.5, "axis": "z", "origin": [9, 0, 8.2]},
			"faces": {
				"up": {"uv": [0, 16, 16, 6], "rotation": 90, "texture": "#cross"},
				"down": {"uv": [0, 6, 16, 16], "rotation": 270, "texture": "#cross"}
			}
		},
		{
			"from": [7, 0, -0.25],
			"to": [17, 0, 15.75],
			"rotation": {"angle": 22.5, "axis": "z", "origin": [7, 0, 7.75]},
			"faces": {
				"up": {"uv": [16, 6, 0, 16], "rotation": 90, "texture": "#cross"},
				"down": {"uv": [0, 16, 16, 6], "rotation": 270, "texture": "#cross"}
			}
		},
		{
			"from": [6, 1.25, 6.25],
			"to": [10, 2.25, 10.25],
			"rotation": {"angle": 0, "axis": "y", "origin": [7, 0, 7.25]},
			"faces": {
				"north": {"uv": [9, 4.1, 6, 5], "texture": "#2"},
				"east": {"uv": [8, 4, 8.9, 7], "rotation": 90, "texture": "#2"},
				"south": {"uv": [6, 6.1, 9, 7], "texture": "#2"},
				"west": {"uv": [6, 4, 6.9, 7], "rotation": 90, "texture": "#2"},
				"up": {"uv": [6, 4, 9, 7], "texture": "#2"},
				"down": {"uv": [6, 4, 9, 7], "texture": "#2"}
			}
		},
		{
			"from": [5.75, 1.35, 6],
			"to": [10.25, 2.5, 10.5],
			"rotation": {"angle": 0, "axis": "y", "origin": [7, 0, 7.25]},
			"faces": {
				"north": {"uv": [9, 4.1, 6, 5], "texture": "#checker"},
				"east": {"uv": [8, 4, 8.9, 7], "rotation": 90, "texture": "#checker"},
				"south": {"uv": [6, 6.1, 9, 7], "texture": "#checker"},
				"west": {"uv": [6, 4, 6.9, 7], "rotation": 90, "texture": "#checker"},
				"up": {"uv": [6, 4, 9, 7], "texture": "#checker"},
				"down": {"uv": [6, 4, 9, 7], "texture": "#checker"}
			}
		}
	]
}