{
	"format_version": "1.21.6",
	"credit": "Made with Blockbench",
	"ambientocclusion": false,
	"textures": {
		"3": "block/carrots_stage2",
		"particle": "block/carrots_stage3",
		"crop": "block/carrots_stage3"
	},
	"elements": [
		{
			"from": [5.5, 1, 1.854],
			"to": [5.5, 8.938, 7.146],
			"rotation": {"angle": -22.5, "axis": "y", "origin": [5.5, 1, 4.5]},
			"faces": {
				"east": {"uv": [1, 5, 7, 14], "texture": "#crop"},
				"west": {"uv": [1, 5, 7, 14], "texture": "#crop"}
			}
		},
		{
			"from": [2.854, 1, 4.5],
			"to": [8.146, 8.938, 4.5],
			"rotation": {"angle": -22.5, "axis": "y", "origin": [5.5, 1, 4.5]},
			"faces": {
				"north": {"uv": [1, 5, 7, 14], "texture": "#crop"},
				"south": {"uv": [1, 5, 7, 14], "texture": "#crop"}
			}
		},
		{
			"from": [4.5, -1, 3.5],
			"to": [6.5, 1, 5.5],
			"rotation": {"angle": 0, "axis": "y", "origin": [4.5, -1, 3.5]},
			"faces": {
				"north": {"uv": [7, 15, 9, 16], "texture": "#3"},
				"east": {"uv": [7, 15, 9, 16], "texture": "#3"},
				"south": {"uv": [7, 15, 9, 16], "texture": "#3"},
				"west": {"uv": [7, 15, 9, 16], "texture": "#3"},
				"up": {"uv": [7, 15, 9, 16], "texture": "#3"},
				"down": {"uv": [7, 15, 9, 16], "texture": "#3"}
			}
		},
		{
			"from": [4.5, 1, 8.434],
			"to": [4.5, 8.098, 14.566],
			"rotation": {"angle": 22.5, "axis": "y", "origin": [4.5, 1, 11.5]},
			"faces": {
				"east": {"uv": [8, 5, 15, 13], "texture": "#crop"},
				"west": {"uv": [8, 5, 15, 13], "texture": "#crop"}
			}
		},
		{
			"from": [1.434, 1, 11.5],
			"to": [7.566, 8.098, 11.5],
			"rotation": {"angle": 22.5, "axis": "y", "origin": [4.5, 1, 11.5]},
			"faces": {
				"north": {"uv": [8, 5, 15, 13], "texture": "#crop"},
				"south": {"uv": [8, 5, 15, 13], "texture": "#crop"}
			}
		},
		{
			"from": [12, 1, 1.104],
			"to": [12, 8.938, 6.396],
			"rotation": {"angle": -22.5, "axis": "y", "origin": [12, 1, 3.75]},
			"faces": {
				"east": {"uv": [1, 5, 7, 14], "texture": "#crop"},
				"west": {"uv": [1, 5, 7, 14], "texture": "#crop"}
			}
		},
		{
			"from": [9.354, 1, 3.75],
			"to": [14.646, 8.938, 3.75],
			"rotation": {"angle": -22.5, "axis": "y", "origin": [12, 1, 3.75]},
			"faces": {
				"north": {"uv": [1, 5, 7, 14], "texture": "#crop"},
				"south": {"uv": [1, 5, 7, 14], "texture": "#crop"}
			}
		},
		{
			"from": [11, -1, 2.75],
			"to": [13, 1, 4.75],
			"rotation": {"angle": 0, "axis": "y", "origin": [11, -1, 2.75]},
			"faces": {
				"north": {"uv": [7, 15, 9, 16], "texture": "#3"},
				"east": {"uv": [7, 15, 9, 16], "texture": "#3"},
				"south": {"uv": [7, 15, 9, 16], "texture": "#3"},
				"west": {"uv": [7, 15, 9, 16], "texture": "#3"},
				"up": {"uv": [7, 15, 9, 16], "texture": "#3"},
				"down": {"uv": [7, 15, 9, 16], "texture": "#3"}
			}
		},
		{
			"from": [11.75, 1, 9.604],
			"to": [11.75, 8.938, 14.896],
			"rotation": {"angle": -22.5, "axis": "y", "origin": [11.75, 1, 12.25]},
			"faces": {
				"east": {"uv": [1, 5, 7, 14], "texture": "#crop"},
				"west": {"uv": [1, 5, 7, 14], "texture": "#crop"}
			}
		},
		{
			"from": [9.104, 1, 12.25],
			"to": [14.396, 8.938, 12.25],
			"rotation": {"angle": -22.5, "axis": "y", "origin": [11.75, 1, 12.25]},
			"faces": {
				"north": {"uv": [1, 5, 7, 14], "texture": "#crop"},
				"south": {"uv": [1, 5, 7, 14], "texture": "#crop"}
			}
		},
		{
			"from": [10.75, -1, 11.25],
			"to": [12.75, 1, 13.25],
			"rotation": {"angle": 0, "axis": "y", "origin": [10.75, -1, 11.25]},
			"faces": {
				"north": {"uv": [7, 15, 9, 16], "texture": "#3"},
				"east": {"uv": [7, 15, 9, 16], "texture": "#3"},
				"south": {"uv": [7, 15, 9, 16], "texture": "#3"},
				"west": {"uv": [7, 15, 9, 16], "texture": "#3"},
				"up": {"uv": [7, 15, 9, 16], "texture": "#3"},
				"down": {"uv": [7, 15, 9, 16], "texture": "#3"}
			}
		},
		{
			"from": [3, -1, 10],
			"to": [6, 1, 13],
			"rotation": {"angle": 0, "axis": "y", "origin": [3, -1, 10]},
			"faces": {
				"north": {"uv": [7, 15, 9, 16], "texture": "#3"},
				"east": {"uv": [7, 15, 9, 16], "texture": "#3"},
				"south": {"uv": [7, 15, 9, 16], "texture": "#3"},
				"west": {"uv": [7, 15, 9, 16], "texture": "#3"},
				"up": {"uv": [7, 15, 9, 16], "texture": "#3"},
				"down": {"uv": [7, 15, 9, 16], "texture": "#3"}
			}
		}
	],
	"groups": [
		{
			"name": "Carrot",
			"origin": [5.5, -1, 4.5],
			"color": 0,
			"children": [0, 1, 2]
		},
		{
			"name": "Carrot",
			"origin": [4.5, -1, 11.5],
			"color": 0,
			"children": [3, 4]
		},
		{
			"name": "Carrot",
			"origin": [11.5, -1, 3.75],
			"color": 0,
			"children": []
		},
		{
			"name": "Carrot",
			"origin": [5.5, -1, 4.5],
			"color": 0,
			"children": [5, 6, 7]
		},
		{
			"name": "Carrot",
			"origin": [5.5, -1, 4.5],
			"color": 0,
			"children": [8, 9, 10]
		},
		11
	]
}