{
	"format_version": "1.21.6",
	"credit": "Made with Blockbench",
	"ambientocclusion": false,
	"textures": {
		"particle": "block/carrots_stage3",
		"crop": "block/carrots_stage3"
	},
	"elements": [
		{
			"from": [5.5, 1, 1.35],
			"to": [5.5, 10.45, 7.65],
			"rotation": {"angle": -22.5, "axis": "y", "origin": [5.5, 1, 4.5]},
			"faces": {
				"east": {"uv": [1, 5, 7, 14], "texture": "#crop"},
				"west": {"uv": [1, 5, 7, 14], "texture": "#crop"}
			}
		},
		{
			"from": [2.35, 1, 4.5],
			"to": [8.65, 10.45, 4.5],
			"rotation": {"angle": -22.5, "axis": "y", "origin": [5.5, 1, 4.5]},
			"faces": {
				"north": {"uv": [1, 5, 7, 14], "texture": "#crop"},
				"south": {"uv": [1, 5, 7, 14], "texture": "#crop"}
			}
		},
		{
			"name": "Carrot",
			"from": [3.5, -1, 2.5],
			"to": [7.5, 1, 6.5],
			"rotation": {"angle": 0, "axis": "y", "origin": [5.5, -1, 4.5]},
			"faces": {
				"north": {"uv": [2, 14, 6, 16], "texture": "#crop"},
				"east": {"uv": [2, 14, 6, 16], "texture": "#crop"},
				"south": {"uv": [2, 14, 6, 16], "texture": "#crop"},
				"west": {"uv": [2, 14, 6, 16], "texture": "#crop"},
				"up": {"uv": [7, 0, 11, 4], "texture": "#crop"},
				"down": {"uv": [7, 0, 11, 4], "texture": "#crop"}
			}
		},
		{
			"from": [2, -1, 9],
			"to": [7, 2, 14],
			"rotation": {"angle": 0, "axis": "y", "origin": [4.5, -1, 11.5]},
			"faces": {
				"north": {"uv": [9, 13, 14, 16], "texture": "#crop"},
				"east": {"uv": [9, 13, 14, 16], "texture": "#crop"},
				"south": {"uv": [9, 13, 14, 16], "texture": "#crop"},
				"west": {"uv": [9, 13, 14, 16], "texture": "#crop"},
				"up": {"uv": [11, 0, 16, 5], "texture": "#crop"},
				"down": {"uv": [11, 0, 16, 5], "texture": "#crop"}
			}
		},
		{
			"from": [4.5, 2, 7.85],
			"to": [4.5, 10.45, 15.15],
			"rotation": {"angle": 22.5, "axis": "y", "origin": [4.5, 2, 11.5]},
			"faces": {
				"east": {"uv": [8, 5, 15, 13], "texture": "#crop"},
				"west": {"uv": [8, 5, 15, 13], "texture": "#crop"}
			}
		},
		{
			"from": [0.85, 2, 11.5],
			"to": [8.15, 10.45, 11.5],
			"rotation": {"angle": 22.5, "axis": "y", "origin": [4.5, 2, 11.5]},
			"faces": {
				"north": {"uv": [8, 5, 15, 13], "texture": "#crop"},
				"south": {"uv": [8, 5, 15, 13], "texture": "#crop"}
			}
		},
		{
			"from": [9.5, -1, 1.75],
			"to": [13.5, 1, 5.75],
			"rotation": {"angle": 0, "axis": "y", "origin": [11.5, -1, 3.75]},
			"faces": {
				"north": {"uv": [2, 14, 6, 16], "texture": "#crop"},
				"east": {"uv": [2, 14, 6, 16], "texture": "#crop"},
				"south": {"uv": [2, 14, 6, 16], "texture": "#crop"},
				"west": {"uv": [2, 14, 6, 16], "texture": "#crop"},
				"up": {"uv": [7, 0, 11, 4], "texture": "#crop"},
				"down": {"uv": [7, 0, 11, 4], "texture": "#crop"}
			}
		},
		{
			"from": [8.35, 1, 3.75],
			"to": [14.65, 10.45, 3.75],
			"rotation": {"angle": -45, "axis": "y", "origin": [11.5, 1, 3.75]},
			"faces": {
				"north": {"uv": [1, 5, 7, 14], "texture": "#crop"},
				"south": {"uv": [1, 5, 7, 14], "texture": "#crop"}
			}
		},
		{
			"from": [11.5, 1, 0.6],
			"to": [11.5, 10.45, 6.9],
			"rotation": {"angle": -45, "axis": "y", "origin": [11.5, 1, 3.75]},
			"faces": {
				"east": {"uv": [1, 5, 7, 14], "texture": "#crop"},
				"west": {"uv": [1, 5, 7, 14], "texture": "#crop"}
			}
		},
		{
			"from": [10, -1, 10.25],
			"to": [14, 1, 14.25],
			"rotation": {"angle": 0, "axis": "y", "origin": [12, -1, 12.25]},
			"faces": {
				"north": {"uv": [2, 14, 6, 16], "texture": "#crop"},
				"east": {"uv": [2, 14, 6, 16], "texture": "#crop"},
				"south": {"uv": [2, 14, 6, 16], "texture": "#crop"},
				"west": {"uv": [2, 14, 6, 16], "texture": "#crop"},
				"up": {"uv": [7, 0, 11, 4], "texture": "#crop"},
				"down": {"uv": [7, 0, 11, 4], "texture": "#crop"}
			}
		},
		{
			"from": [12, 1, 9.1],
			"to": [12, 10.45, 15.4],
			"rotation": {"angle": -45, "axis": "y", "origin": [12, 1, 12.25]},
			"faces": {
				"east": {"uv": [1, 5, 7, 14], "texture": "#crop"},
				"west": {"uv": [1, 5, 7, 14], "texture": "#crop"}
			}
		},
		{
			"from": [8.85, 1, 12.25],
			"to": [15.15, 10.45, 12.25],
			"rotation": {"angle": -45, "axis": "y", "origin": [12, 1, 12.25]},
			"faces": {
				"north": {"uv": [1, 5, 7, 14], "texture": "#crop"},
				"south": {"uv": [1, 5, 7, 14], "texture": "#crop"}
			}
		}
	],
	"groups": [
		{
			"name": "Carrot",
			"origin": [5.5, -1, 4.5],
			"color": 0,
			"children": [0, 1, 2]
		},
		{
			"name": "Carrot",
			"origin": [4.5, -1, 11.5],
			"color": 0,
			"children": [3, 4, 5]
		},
		{
			"name": "Carrot",
			"origin": [11.5, -1, 3.75],
			"color": 0,
			"children": [6, 7, 8]
		},
		{
			"name": "Carrot",
			"origin": [12, -1, 12.25],
			"color": 0,
			"children": [9, 10, 11]
		}
	]
}