{
	"format_version": "1.21.6",
	"credit": "Made with Blockbench",
	"ambientocclusion": false,
	"textures": {
		"particle": "block/carrots_stage3",
		"crop": "block/carrots_stage3"
	},
	"elements": [
		{
			"from": [5.5, -1, 1.854],
			"to": [5.5, 6.938, 7.146],
			"rotation": {"angle": 22.5, "axis": "y", "origin": [5.5, -1, 4.5]},
			"faces": {
				"east": {"uv": [1, 5, 7, 14], "texture": "#crop"},
				"west": {"uv": [1, 5, 7, 14], "texture": "#crop"}
			}
		},
		{
			"from": [2.854, -1, 4.5],
			"to": [8.146, 6.938, 4.5],
			"rotation": {"angle": 22.5, "axis": "y", "origin": [5.5, -1, 4.5]},
			"faces": {
				"north": {"uv": [1, 5, 7, 14], "texture": "#crop"},
				"south": {"uv": [1, 5, 7, 14], "texture": "#crop"}
			}
		},
		{
			"from": [4.5, -1, 8.434],
			"to": [4.5, 6.098, 14.566],
			"rotation": {"angle": 22.5, "axis": "y", "origin": [4.5, -1, 11.5]},
			"faces": {
				"east": {"uv": [8, 5, 15, 13], "texture": "#crop"},
				"west": {"uv": [8, 5, 15, 13], "texture": "#crop"}
			}
		},
		{
			"from": [1.434, 1, 11.5],
			"to": [7.566, 8.098, 11.5],
			"rotation": {"angle": 22.5, "axis": "y", "origin": [4.5, 1, 11.5]},
			"faces": {
				"north": {"uv": [8, 5, 15, 13], "texture": "#crop"},
				"south": {"uv": [8, 5, 15, 13], "texture": "#crop"}
			}
		},
		{
			"from": [12, -1, 1.104],
			"to": [12, 6.938, 6.396],
			"rotation": {"angle": -22.5, "axis": "y", "origin": [12, -1, 3.75]},
			"faces": {
				"east": {"uv": [1, 5, 7, 14], "texture": "#crop"},
				"west": {"uv": [1, 5, 7, 14], "texture": "#crop"}
			}
		},
		{
			"from": [9.354, -1, 3.75],
			"to": [14.646, 6.938, 3.75],
			"rotation": {"angle": -22.5, "axis": "y", "origin": [12, -1, 3.75]},
			"faces": {
				"north": {"uv": [1, 5, 7, 14], "texture": "#crop"},
				"south": {"uv": [1, 5, 7, 14], "texture": "#crop"}
			}
		},
		{
			"from": [11.75, -1, 9.604],
			"to": [11.75, 6.938, 14.896],
			"rotation": {"angle": -22.5, "axis": "y", "origin": [11.75, -1, 12.25]},
			"faces": {
				"east": {"uv": [1, 5, 7, 14], "texture": "#crop"},
				"west": {"uv": [1, 5, 7, 14], "texture": "#crop"}
			}
		},
		{
			"from": [9.104, -1, 12.25],
			"to": [14.396, 6.938, 12.25],
			"rotation": {"angle": -22.5, "axis": "y", "origin": [11.75, -1, 12.25]},
			"faces": {
				"north": {"uv": [1, 5, 7, 14], "texture": "#crop"},
				"south": {"uv": [1, 5, 7, 14], "texture": "#crop"}
			}
		}
	],
	"groups": [
		{
			"name": "Carrot",
			"origin": [5.5, -1, 4.5],
			"color": 0,
			"children": [0, 1]
		},
		{
			"name": "Carrot",
			"origin": [4.5, -1, 11.5],
			"color": 0,
			"children": [2, 3]
		},
		{
			"name": "Carrot",
			"origin": [11.5, -1, 3.75],
			"color": 0,
			"children": []
		},
		{
			"name": "Carrot",
			"origin": [5.5, -1, 4.5],
			"color": 0,
			"children": [4, 5]
		},
		{
			"name": "Carrot",
			"origin": [5.5, -1, 4.5],
			"color": 0,
			"children": [6, 7]
		}
	]
}