{
	"format_version": "1.21.6",
	"credit": "Made with Blockbench",
	"parent": "minecraft:block/cube",
	"textures": {
		"1": "block/cartography_table_side1",
		"2": "block/cartography_table_top",
		"3": "block/cartography_table_side2",
		"5": "block/cartography_table_side4",
		"6": "block/cartography_table_side5",
		"10": "block/cratography_table_map",
		"11": "block/dark_oak_planks",
		"12": "block/stripped_dark_oak_log",
		"particle": "block/cartography_table_side3"
	},
	"elements": [
		{
			"from": [0, 14, 6],
			"to": [16, 16, 16],
			"rotation": {"angle": 0, "axis": "y", "origin": [8, 7, 8]},
			"faces": {
				"north": {"uv": [0, 0, 16, 2], "texture": "#1"},
				"east": {"uv": [0, 0, 10, 2], "texture": "#6"},
				"south": {"uv": [0, 0, 16, 2], "texture": "#particle"},
				"west": {"uv": [6, 0, 16, 2], "texture": "#particle"},
				"up": {"uv": [6, 16, 16, 0], "rotation": 90, "texture": "#11"},
				"down": {"uv": [0, 0, 16, 16], "rotation": 270, "texture": "#12"}
			}
		},
		{
			"from": [0, 14, 0],
			"to": [16, 16, 6],
			"rotation": {"angle": 0, "axis": "y", "origin": [8, 7, 8]},
			"faces": {
				"north": {"uv": [0, 0, 16, 2], "texture": "#5"},
				"east": {"uv": [10, 0, 16, 2], "texture": "#6"},
				"south": {"uv": [0, 0, 16, 2], "texture": "#particle"},
				"west": {"uv": [0, 0, 6, 2], "texture": "#particle"},
				"up": {"uv": [0, 16, 6, 0], "rotation": 90, "texture": "#11"},
				"down": {"uv": [0, 0, 16, 16], "rotation": 270, "texture": "#12"}
			}
		},
		{
			"from": [0.25, 0, 0.25],
			"to": [15.75, 0.25, 15.75],
			"rotation": {"angle": 0, "axis": "y", "origin": [8, 7, 8]},
			"faces": {
				"north": {"uv": [0, 0, 16, 1], "rotation": 180, "texture": "#11"},
				"east": {"uv": [0, 0, 16, 1], "rotation": 180, "texture": "#12"},
				"south": {"uv": [0, 0, 16, 1], "rotation": 180, "texture": "#11"},
				"west": {"uv": [0, 0, 16, 1], "rotation": 180, "texture": "#11"},
				"up": {"uv": [0.25, 0.25, 15.75, 15.75], "rotation": 90, "texture": "#12"},
				"down": {"uv": [0.25, 0.25, 15.75, 15.75], "rotation": 270, "texture": "#11"}
			}
		},
		{
			"from": [0.25, 1.5, 4.75],
			"to": [15.75, 1.75, 12.25],
			"rotation": {"angle": 0, "axis": "y", "origin": [8, 8.5, 8]},
			"faces": {
				"north": {"uv": [0, 0, 16, 1], "rotation": 180, "texture": "#11"},
				"east": {"uv": [0, 0, 16, 1], "rotation": 180, "texture": "#12"},
				"south": {"uv": [0, 0, 16, 1], "rotation": 180, "texture": "#11"},
				"west": {"uv": [0, 0, 16, 1], "rotation": 180, "texture": "#11"},
				"up": {"uv": [4.75, 0.25, 12.25, 15.75], "rotation": 90, "texture": "#12"},
				"down": {"uv": [0.25, 0.25, 15.75, 15.75], "rotation": 270, "texture": "#11"}
			}
		},
		{
			"from": [2.31218, 3.414, 7.15137],
			"to": [12.68718, 3.58, 8.81137],
			"rotation": {"angle": 22.5, "axis": "y", "origin": [7.47893, 2.75, 7.89837]},
			"faces": {
				"north": {"uv": [5, 4, 6, 16], "rotation": 270, "texture": "#10"},
				"east": {"uv": [4, 14, 7, 15], "texture": "#10"},
				"south": {"uv": [5, 0.5, 6, 14.5], "rotation": 90, "texture": "#10"},
				"west": {"uv": [0, 0, 16, 1], "texture": "#11"},
				"up": {"uv": [5, 0.5, 7, 14.5], "rotation": 90, "texture": "#10"},
				"down": {"uv": [5, 4, 8, 16], "rotation": 90, "texture": "#10"}
			}
		},
		{
			"from": [2.31218, 1.92, 6.98537],
			"to": [12.68718, 3.58, 7.15137],
			"rotation": {"angle": 22.5, "axis": "y", "origin": [7.47893, 2.75, 7.89837]},
			"faces": {
				"north": {"uv": [7, 0.5, 9, 14.5], "rotation": 90, "texture": "#10"},
				"east": {"uv": [2, 12, 3, 15], "texture": "#10"},
				"south": {"uv": [5, 4, 8, 16], "rotation": 90, "texture": "#10"},
				"west": {"uv": [0, 0, 16, 1], "rotation": 90, "texture": "#11"},
				"up": {"uv": [5, 0.5, 6, 14.5], "rotation": 90, "texture": "#10"},
				"down": {"uv": [10, 14.5, 9, 0.5], "rotation": 90, "texture": "#10"}
			}
		},
		{
			"from": [2.31218, 1.92, 7.15137],
			"to": [12.68718, 2.086, 8.81137],
			"rotation": {"angle": 22.5, "axis": "y", "origin": [7.47893, 2.75, 7.89837]},
			"faces": {
				"north": {"uv": [7, 4, 8, 16], "rotation": 90, "texture": "#10"},
				"east": {"uv": [4, 14, 7, 15], "texture": "#10"},
				"south": {"uv": [2, 3, 3, 15], "rotation": 90, "texture": "#10"},
				"west": {"uv": [0, 0, 16, 1], "rotation": 180, "texture": "#11"},
				"up": {"uv": [5, 4, 8, 16], "rotation": 90, "texture": "#10"},
				"down": {"uv": [11, 14.5, 9, 0.5], "rotation": 90, "texture": "#10"}
			}
		},
		{
			"from": [2.31218, 2.169, 8.64537],
			"to": [12.68718, 3.414, 8.81137],
			"rotation": {"angle": 22.5, "axis": "y", "origin": [7.47893, 2.75, 7.89837]},
			"faces": {
				"north": {"uv": [5, 4, 8, 16], "rotation": 270, "texture": "#10"},
				"east": {"uv": [2, 12, 3, 15], "texture": "#10"},
				"south": {"uv": [5, 0.5, 7, 14.5], "rotation": 90, "texture": "#10"},
				"west": {"uv": [0, 0, 16, 1], "rotation": 270, "texture": "#11"},
				"up": {"uv": [7, 4, 8, 16], "rotation": 270, "texture": "#10"},
				"down": {"uv": [5, 4, 6, 16], "rotation": 90, "texture": "#10"}
			}
		},
		{
			"from": [2.31218, 2.169, 7.40037],
			"to": [12.68718, 2.335, 8.64537],
			"rotation": {"angle": 22.5, "axis": "y", "origin": [7.47893, 2.75, 7.89837]},
			"faces": {
				"north": {"uv": [7, 0.5, 8, 14.5], "rotation": 90, "texture": "#10"},
				"east": {"uv": [4, 14, 7, 15], "texture": "#10"},
				"south": {"uv": [7, 4, 8, 16], "rotation": 270, "texture": "#10"},
				"west": {"uv": [0, 0, 16, 1], "texture": "#11"},
				"up": {"uv": [5, 4, 8, 16], "rotation": 90, "texture": "#10"},
				"down": {"uv": [7, 0.5, 9, 14.5], "rotation": 90, "texture": "#10"}
			}
		},
		{
			"from": [2.31218, 2.335, 7.40037],
			"to": [12.68718, 3.331, 7.56637],
			"rotation": {"angle": 22.5, "axis": "y", "origin": [7.47893, 2.75, 7.89837]},
			"faces": {
				"north": {"uv": [7, 0.5, 9, 14.5], "rotation": 90, "texture": "#10"},
				"east": {"uv": [2, 12, 3, 15], "texture": "#10"},
				"south": {"uv": [5, 4, 7, 16], "rotation": 90, "texture": "#10"},
				"west": {"uv": [0, 0, 16, 1], "rotation": 90, "texture": "#11"},
				"up": {"uv": [5, 4, 6, 16], "rotation": 90, "texture": "#10"},
				"down": {"uv": [7, 4, 8, 16], "rotation": 270, "texture": "#10"}
			}
		},
		{
			"from": [2.31218, 3.165, 7.56637],
			"to": [12.68718, 3.331, 8.39637],
			"rotation": {"angle": 22.5, "axis": "y", "origin": [7.47893, 2.75, 7.89837]},
			"faces": {
				"north": {"uv": [7, 4, 8, 16], "rotation": 90, "texture": "#10"},
				"east": {"uv": [4, 14, 7, 15], "texture": "#10"},
				"south": {"uv": [5, 0.5, 6, 14.5], "rotation": 90, "texture": "#10"},
				"west": {"uv": [0, 0, 16, 1], "rotation": 180, "texture": "#11"},
				"up": {"uv": [5, 0.5, 7, 14.5], "rotation": 90, "texture": "#10"},
				"down": {"uv": [5, 4, 8, 16], "rotation": 90, "texture": "#10"}
			}
		},
		{
			"from": [2.31218, 2.584, 8.23037],
			"to": [12.68718, 3.165, 8.39637],
			"rotation": {"angle": 22.5, "axis": "y", "origin": [7.47893, 2.75, 7.89837]},
			"faces": {
				"north": {"uv": [5, 4, 8, 16], "rotation": 270, "texture": "#10"},
				"east": {"uv": [2, 12, 3, 15], "texture": "#10"},
				"south": {"uv": [5, 0.5, 7, 14.5], "rotation": 90, "texture": "#10"},
				"west": {"uv": [0, 0, 16, 1], "rotation": 270, "texture": "#11"},
				"up": {"uv": [7, 4, 8, 16], "rotation": 270, "texture": "#10"},
				"down": {"uv": [5, 4, 6, 16], "rotation": 90, "texture": "#10"}
			}
		},
		{
			"from": [2.31218, 2.4595, 7.81537],
			"to": [12.60418, 2.6255, 8.39637],
			"rotation": {"angle": 22.5, "axis": "y", "origin": [7.47893, 2.75, 7.89837]},
			"faces": {
				"north": {"uv": [5, 4, 6, 16], "rotation": 270, "texture": "#10"},
				"east": {"uv": [4, 14, 7, 15], "texture": "#10"},
				"south": {"uv": [5, 0.5, 6, 14.5], "rotation": 90, "texture": "#10"},
				"west": {"uv": [0, 0, 16, 1], "texture": "#11"},
				"up": {"uv": [5, 4, 8, 16], "rotation": 90, "texture": "#10"},
				"down": {"uv": [5, 0.5, 7, 14.5], "rotation": 90, "texture": "#10"}
			}
		},
		{
			"from": [1.25, 16, 9],
			"to": [9.75, 16.1, 15],
			"rotation": {"angle": -22.5, "axis": "y", "origin": [8, 16, 13]},
			"faces": {
				"north": {"uv": [2.9, 14.5, 2.5, 0.5], "rotation": 90, "texture": "#10"},
				"east": {"uv": [12.5, 0, 2.5, 1], "texture": "#10"},
				"south": {"uv": [12.9, 0.5, 12.5, 14.5], "rotation": 90, "texture": "#10"},
				"west": {"uv": [2.5, 14, 12.5, 15], "texture": "#10"},
				"up": {"uv": [2.5, 0.5, 12.5, 14.5], "rotation": 90, "texture": "#10"},
				"down": {"uv": [0, 0, 9, 6], "texture": "#missing"}
			}
		},
		{
			"from": [1.6175, 16.0955, 7.98],
			"to": [10.8825, 16.2045, 14.52],
			"rotation": {"angle": 0, "axis": "y", "origin": [8.975, 16.0955, 12.34]},
			"faces": {
				"north": {"uv": [2.9, 14.5, 2.5, 0.5], "rotation": 90, "texture": "#10"},
				"east": {"uv": [12.5, 0, 2.5, 1], "texture": "#10"},
				"south": {"uv": [12.9, 0.5, 12.5, 14.5], "rotation": 90, "texture": "#10"},
				"west": {"uv": [2.5, 14, 12.5, 15], "texture": "#10"},
				"up": {"uv": [2.5, 0.5, 12.5, 14.5], "rotation": 90, "texture": "#10"},
				"down": {"uv": [0, 0, 9, 6], "texture": "#missing"}
			}
		},
		{
			"from": [2.16818, 14.84625, 4.2475],
			"to": [2.74318, 16.74375, 5.455],
			"rotation": {"angle": 45, "axis": "y", "origin": [2.51318, 15.99625, 4.65]},
			"faces": {
				"north": {"uv": [5, 6, 6, 2], "rotation": 90, "texture": "#2"},
				"east": {"uv": [3, 6, 5, 5], "rotation": 90, "texture": "#2"},
				"south": {"uv": [5, 6, 6, 5], "rotation": 90, "texture": "#2"},
				"west": {"uv": [5, 6, 6, 5], "rotation": 90, "texture": "#2"},
				"up": {"uv": [6, 5, 5, 6], "rotation": 90, "texture": "#2"},
				"down": {"uv": [0, 1, 4, 0], "texture": "#missing"}
			}
		},
		{
			"from": [5.25682, 14.84625, 4.305],
			"to": [5.83182, 16.74375, 5.455],
			"rotation": {"angle": -45, "axis": "y", "origin": [5.48682, 15.99625, 4.65]},
			"faces": {
				"north": {"uv": [5, 2, 6, 6], "rotation": 90, "texture": "#2"},
				"east": {"uv": [5, 5, 6, 6], "rotation": 90, "texture": "#2"},
				"south": {"uv": [5, 5, 6, 6], "rotation": 90, "texture": "#2"},
				"west": {"uv": [3, 5, 5, 6], "rotation": 90, "texture": "#2"},
				"up": {"uv": [6, 6, 5, 5], "rotation": 90, "texture": "#2"},
				"down": {"uv": [4, 1, 0, 0], "texture": "#missing"}
			}
		},
		{
			"from": [2.85, 14.84625, 4.65],
			"to": [5.15, 16.85875, 5.5125],
			"rotation": {"angle": 0, "axis": "y", "origin": [1.7, 14.84625, 4.65]},
			"faces": {
				"north": {"uv": [5, 5, 6, 3], "rotation": 90, "texture": "#2"},
				"east": {"uv": [5, 5, 6, 6], "rotation": 90, "texture": "#2"},
				"south": {"uv": [5, 3, 6, 5], "rotation": 90, "texture": "#2"},
				"west": {"uv": [5, 6, 6, 5], "rotation": 90, "texture": "#2"},
				"up": {"uv": [5, 3, 6, 5], "rotation": 90, "texture": "#2"},
				"down": {"uv": [0, 0, 4, 1], "texture": "#missing"}
			}
		},
		{
			"from": [2.85, 14.84625, 2.35],
			"to": [5.15, 16.11125, 4.65],
			"rotation": {"angle": 0, "axis": "y", "origin": [1.7, 14.84625, 4.65]},
			"faces": {
				"north": {"uv": [5, 5, 6, 3], "rotation": 90, "texture": "#2"},
				"east": {"uv": [5, 5, 6, 6], "rotation": 90, "texture": "#2"},
				"south": {"uv": [5, 3, 6, 5], "rotation": 90, "texture": "#2"},
				"west": {"uv": [5, 6, 6, 5], "rotation": 90, "texture": "#2"},
				"up": {"uv": [5, 12, 7, 14], "rotation": 90, "texture": "#10"},
				"down": {"uv": [0, 0, 4, 1], "texture": "#missing"}
			}
		},
		{
			"from": [3.885, 14.84625, 3.385],
			"to": [4.115, 17.14625, 3.615],
			"rotation": {"angle": 0, "axis": "y", "origin": [1.7, 14.84625, 4.65]},
			"faces": {
				"north": {"uv": [3, 5, 5, 6], "rotation": 90, "texture": "#2"},
				"east": {"uv": [3, 5, 5, 6], "rotation": 90, "texture": "#2"},
				"south": {"uv": [3, 5, 5, 6], "rotation": 90, "texture": "#2"},
				"west": {"uv": [3, 5, 5, 6], "rotation": 90, "texture": "#2"},
				"up": {"uv": [3, 5, 4, 6], "rotation": 90, "texture": "#2"},
				"down": {"uv": [0, 0, 4, 1], "texture": "#missing"}
			}
		},
		{
			"from": [3.885, 16.45625, 2.58],
			"to": [4.115, 16.68625, 3.385],
			"rotation": {"angle": -22.5, "axis": "y", "origin": [4.00348, 16.56838, 3.5]},
			"faces": {
				"north": {"uv": [12, 4, 13, 5], "rotation": 90, "texture": "#2"},
				"east": {"uv": [12, 4, 13, 5], "rotation": 90, "texture": "#2"},
				"south": {"uv": [12, 4, 13, 5], "rotation": 90, "texture": "#2"},
				"west": {"uv": [12, 4, 13, 5], "rotation": 90, "texture": "#2"},
				"up": {"uv": [12, 4, 13, 5], "rotation": 90, "texture": "#2"},
				"down": {"uv": [12, 4, 13, 5], "rotation": 90, "texture": "#2"}
			}
		},
		{
			"from": [3.885, 16.45625, 3.615],
			"to": [4.115, 16.68625, 4.42],
			"rotation": {"angle": -22.5, "axis": "y", "origin": [4.00348, 16.56838, 3.5]},
			"faces": {
				"north": {"uv": [12, 4, 11, 5], "rotation": 90, "texture": "#2"},
				"east": {"uv": [12, 4, 11, 5], "rotation": 90, "texture": "#2"},
				"south": {"uv": [12, 4, 11, 5], "rotation": 90, "texture": "#2"},
				"west": {"uv": [12, 4, 11, 5], "rotation": 90, "texture": "#2"},
				"up": {"uv": [12, 4, 11, 5], "rotation": 90, "texture": "#2"},
				"down": {"uv": [12, 4, 11, 5], "rotation": 90, "texture": "#2"}
			}
		},
		{
			"from": [3.26916, 16.45625, 4.06675],
			"to": [3.44166, 16.67475, 4.23925],
			"rotation": {"angle": 22.5, "axis": "y", "origin": [4.00348, 16.56838, 3.5]},
			"faces": {
				"north": {"uv": [12, 4, 11, 5], "rotation": 90, "texture": "#2"},
				"east": {"uv": [12, 4, 11, 5], "rotation": 90, "texture": "#2"},
				"south": {"uv": [12, 4, 11, 5], "rotation": 90, "texture": "#2"},
				"west": {"uv": [12, 4, 11, 5], "rotation": 90, "texture": "#2"},
				"up": {"uv": [12, 4, 11, 5], "rotation": 180, "texture": "#2"},
				"down": {"uv": [12, 4, 11, 5], "texture": "#2"}
			}
		},
		{
			"from": [4.57024, 16.45625, 2.76568],
			"to": [4.74274, 16.67475, 2.93818],
			"rotation": {"angle": 22.5, "axis": "y", "origin": [4.00348, 16.56838, 3.5]},
			"faces": {
				"north": {"uv": [12, 4, 13, 5], "rotation": 90, "texture": "#2"},
				"east": {"uv": [12, 4, 13, 5], "rotation": 90, "texture": "#2"},
				"south": {"uv": [12, 4, 13, 5], "rotation": 90, "texture": "#2"},
				"west": {"uv": [12, 4, 13, 5], "rotation": 90, "texture": "#2"},
				"up": {"uv": [12, 4, 13, 5], "rotation": 90, "texture": "#2"},
				"down": {"uv": [12, 4, 13, 5], "rotation": 90, "texture": "#2"}
			}
		},
		{
			"from": [1.9875, 14.84625, 2.35],
			"to": [2.85, 16.85875, 4.65],
			"rotation": {"angle": 0, "axis": "y", "origin": [1.7, 14.84625, 4.65]},
			"faces": {
				"north": {"uv": [5, 5, 6, 6], "rotation": 90, "texture": "#2"},
				"east": {"uv": [3, 5, 5, 6], "rotation": 90, "texture": "#2"},
				"south": {"uv": [5, 5, 6, 6], "rotation": 90, "texture": "#2"},
				"west": {"uv": [3, 5, 5, 6], "rotation": 90, "texture": "#2"},
				"up": {"uv": [3, 5, 5, 6], "rotation": 90, "texture": "#2"},
				"down": {"uv": [0, 0, 4, 1], "texture": "#missing"}
			}
		},
		{
			"from": [2.16818, 14.84625, 1.545],
			"to": [2.74318, 16.74375, 2.695],
			"rotation": {"angle": -45, "axis": "y", "origin": [2.51318, 15.99625, 2.35]},
			"faces": {
				"north": {"uv": [5, 5, 6, 6], "rotation": 90, "texture": "#2"},
				"east": {"uv": [3, 5, 5, 6], "rotation": 90, "texture": "#2"},
				"south": {"uv": [5, 2, 6, 6], "rotation": 90, "texture": "#2"},
				"west": {"uv": [5, 5, 6, 6], "rotation": 90, "texture": "#2"},
				"up": {"uv": [5, 5, 6, 6], "rotation": 90, "texture": "#2"},
				"down": {"uv": [0, 0, 4, 1], "texture": "#missing"}
			}
		},
		{
			"from": [2.85, 14.84625, 1.4875],
			"to": [5.15, 16.85875, 2.35],
			"rotation": {"angle": 0, "axis": "y", "origin": [1.7, 14.84625, 1.2]},
			"faces": {
				"north": {"uv": [2, 5, 3, 3], "rotation": 90, "texture": "#2"},
				"east": {"uv": [2, 3, 3, 2], "rotation": 90, "texture": "#2"},
				"south": {"uv": [2, 3, 3, 5], "rotation": 90, "texture": "#2"},
				"west": {"uv": [5, 5, 6, 6], "rotation": 90, "texture": "#2"},
				"up": {"uv": [2, 3, 3, 5], "rotation": 90, "texture": "#2"},
				"down": {"uv": [0, 0, 4, 1], "texture": "#missing"}
			}
		},
		{
			"from": [5.25682, 14.84625, 1.545],
			"to": [5.83182, 16.74375, 2.695],
			"rotation": {"angle": 45, "axis": "y", "origin": [5.48682, 15.99625, 2.35]},
			"faces": {
				"north": {"uv": [5, 6, 6, 5], "rotation": 90, "texture": "#2"},
				"east": {"uv": [5, 6, 6, 5], "rotation": 90, "texture": "#2"},
				"south": {"uv": [5, 6, 6, 2], "rotation": 90, "texture": "#2"},
				"west": {"uv": [3, 6, 5, 5], "rotation": 90, "texture": "#2"},
				"up": {"uv": [5, 6, 6, 5], "rotation": 90, "texture": "#2"},
				"down": {"uv": [4, 0, 0, 1], "texture": "#missing"}
			}
		},
		{
			"from": [5.15, 14.84625, 2.35],
			"to": [6.0125, 16.85875, 4.65],
			"rotation": {"angle": 0, "axis": "y", "origin": [5.15, 14.84625, 4.65]},
			"faces": {
				"north": {"uv": [5, 6, 6, 5], "rotation": 90, "texture": "#2"},
				"east": {"uv": [3, 2, 5, 3], "rotation": 90, "texture": "#2"},
				"south": {"uv": [5, 5, 6, 6], "rotation": 90, "texture": "#2"},
				"west": {"uv": [3, 2, 5, 3], "rotation": 90, "texture": "#2"},
				"up": {"uv": [3, 2, 5, 3], "rotation": 90, "texture": "#2"},
				"down": {"uv": [0, 0, 4, 1], "texture": "#missing"}
			}
		},
		{
			"from": [0.25, 8.25, 4.75],
			"to": [15.75, 8.5, 12.25],
			"rotation": {"angle": 0, "axis": "y", "origin": [8, 1.5, 8]},
			"faces": {
				"north": {"uv": [0, 1, 16, 0], "rotation": 180, "texture": "#11"},
				"east": {"uv": [0, 1, 16, 0], "rotation": 180, "texture": "#12"},
				"south": {"uv": [0, 1, 16, 0], "rotation": 180, "texture": "#11"},
				"west": {"uv": [0, 1, 16, 0], "rotation": 180, "texture": "#11"},
				"up": {"uv": [15.75, 0.25, 0.25, 15.75], "rotation": 270, "texture": "#11"},
				"down": {"uv": [12.25, 0.25, 4.75, 15.75], "rotation": 90, "texture": "#12"}
			}
		},
		{
			"from": [0.25, 1.5, 4.5],
			"to": [15.75, 8.5, 4.75],
			"rotation": {"angle": 0, "axis": "x", "origin": [8, 5.5, 11.5]},
			"faces": {
				"north": {"uv": [15, 9, 16, 13.2], "texture": "#3"},
				"east": {"uv": [0, 0, 16, 1], "rotation": 90, "texture": "#12"},
				"south": {"uv": [5, 0.25, 12, 15.75], "rotation": 90, "texture": "#12"},
				"west": {"uv": [0, 0, 16, 1], "rotation": 270, "texture": "#11"},
				"up": {"uv": [0, 0, 16, 1], "texture": "#11"},
				"down": {"uv": [0, 0, 16, 1], "rotation": 180, "texture": "#11"}
			}
		},
		{
			"from": [0.25, 1.5, 12.25],
			"to": [15.75, 8.5, 12.5],
			"rotation": {"angle": 0, "axis": "y", "origin": [8, 5.5, 5.5]},
			"faces": {
				"north": {"uv": [5, 15.75, 12, 0.25], "rotation": 90, "texture": "#12"},
				"east": {"uv": [0, 1, 16, 0], "rotation": 90, "texture": "#12"},
				"south": {"uv": [0.25, 15.75, 15.75, 0.25], "rotation": 90, "texture": "#11"},
				"west": {"uv": [0, 1, 16, 0], "rotation": 270, "texture": "#11"},
				"up": {"uv": [0, 1, 16, 0], "texture": "#11"},
				"down": {"uv": [0, 1, 16, 0], "rotation": 180, "texture": "#11"}
			}
		},
		{
			"from": [0, 0, 15.75],
			"to": [16, 14, 16],
			"rotation": {"angle": 0, "axis": "y", "origin": [8, 7, 8]},
			"faces": {
				"north": {"uv": [2, 0, 16, 16], "rotation": 90, "texture": "#12"},
				"east": {"uv": [0, 2, 1, 16], "texture": "#3"},
				"south": {"uv": [0, 2, 16, 16], "texture": "#particle"},
				"west": {"uv": [15, 2, 16, 16], "texture": "#particle"},
				"up": {"uv": [0, 0, 16, 1], "rotation": 180, "texture": "#11"},
				"down": {"uv": [0, 16, 1, 0], "rotation": 90, "texture": "#11"}
			}
		},
		{
			"from": [0, 7, 0],
			"to": [16, 14, 0.25],
			"rotation": {"angle": 0, "axis": "y", "origin": [8, 7, 8]},
			"faces": {
				"north": {"uv": [0, 2, 16, 9], "texture": "#5"},
				"east": {"uv": [15, 2, 16, 9], "texture": "#3"},
				"south": {"uv": [2, 0, 16, 16], "rotation": 90, "texture": "#12"},
				"west": {"uv": [0, 2, 1, 16], "texture": "#particle"},
				"up": {"uv": [0, 0, 16, 1], "rotation": 180, "texture": "#11"},
				"down": {"uv": [15, 0, 16, 16], "rotation": 270, "texture": "#11"}
			}
		},
		{
			"from": [0, 0, 0],
			"to": [16, 2.8, 0.25],
			"rotation": {"angle": 0, "axis": "y", "origin": [8, 7, 8]},
			"faces": {
				"north": {"uv": [0, 13.2, 16, 16], "texture": "#5"},
				"east": {"uv": [15, 13.2, 16, 16], "texture": "#3"},
				"south": {"uv": [2, 0, 16, 16], "rotation": 90, "texture": "#12"},
				"west": {"uv": [0, 2, 1, 16], "texture": "#particle"},
				"up": {"uv": [15, 8, 16, 15.2], "texture": "#3"},
				"down": {"uv": [15, 0, 16, 16], "rotation": 270, "texture": "#11"}
			}
		},
		{
			"from": [5.6, 0.2, 0.25],
			"to": [12.2, 2.8, 4.25],
			"rotation": {"angle": 0, "axis": "y", "origin": [8, 7, 8]},
			"faces": {
				"north": {"uv": [0, 13.2, 16, 16], "texture": "#1"},
				"east": {"uv": [15, 13.2, 16, 16], "texture": "#3"},
				"south": {"uv": [2, 0, 16, 16], "rotation": 90, "texture": "#12"},
				"west": {"uv": [0, 2, 1, 16], "texture": "#particle"},
				"up": {"uv": [15, 9, 16, 13.2], "texture": "#3"},
				"down": {"uv": [15, 0, 16, 16], "rotation": 270, "texture": "#11"}
			}
		},
		{
			"from": [5.85, 7, 0.25],
			"to": [12.2, 9.8, 4.25],
			"rotation": {"angle": 0, "axis": "y", "origin": [8, 2.8, 8]},
			"faces": {
				"north": {"uv": [0, 16, 16, 13.2], "texture": "#1"},
				"east": {"uv": [15, 16, 16, 13.2], "texture": "#3"},
				"south": {"uv": [16, 0, 2, 16], "rotation": 90, "texture": "#12"},
				"west": {"uv": [0, 16, 1, 2], "texture": "#particle"},
				"up": {"uv": [16, 0, 15, 16], "rotation": 270, "texture": "#11"},
				"down": {"uv": [15, 9, 16, 13.2], "texture": "#3"}
			}
		},
		{
			"from": [0.25, 2.8, 0.25],
			"to": [5.8, 7, 3.25],
			"rotation": {"angle": 0, "axis": "y", "origin": [8, 7, 8]},
			"faces": {
				"north": {"uv": [10.2, 9, 16, 13], "texture": "#1"},
				"east": {"uv": [15, 9, 16, 13.2], "texture": "#3"},
				"south": {"uv": [2, 0, 16, 16], "rotation": 90, "texture": "#12"},
				"west": {"uv": [0, 2, 1, 16], "texture": "#particle"},
				"up": {"uv": [0, 0, 16, 1], "rotation": 180, "texture": "#11"},
				"down": {"uv": [15, 0, 16, 16], "rotation": 270, "texture": "#11"}
			}
		},
		{
			"from": [0, 2.8, 0],
			"to": [5.8, 7, 0.25],
			"rotation": {"angle": 0, "axis": "y", "origin": [8, 7, 8]},
			"faces": {
				"north": {"uv": [10.2, 9, 16, 13], "texture": "#5"},
				"east": {"uv": [15, 9, 16, 13.2], "texture": "#3"},
				"south": {"uv": [2, 0, 16, 16], "rotation": 90, "texture": "#12"},
				"west": {"uv": [0, 2, 1, 16], "texture": "#particle"},
				"up": {"uv": [0, 0, 16, 1], "rotation": 180, "texture": "#11"},
				"down": {"uv": [15, 0, 16, 16], "rotation": 270, "texture": "#11"}
			}
		},
		{
			"from": [6, 3, 0],
			"to": [10, 6.8, 3.25],
			"rotation": {"angle": 0, "axis": "y", "origin": [8, 7, 8]},
			"faces": {
				"north": {"uv": [6, 9.2, 10, 12.8], "texture": "#1"},
				"east": {"uv": [15, 9, 16, 13.2], "texture": "#3"},
				"south": {"uv": [2, 0, 16, 16], "rotation": 90, "texture": "#12"},
				"west": {"uv": [6, 9.2, 10, 12.8], "texture": "#1"},
				"up": {"uv": [6, 9.2, 10, 12.8], "texture": "#1"},
				"down": {"uv": [6, 9.2, 10, 12.8], "texture": "#1"}
			}
		},
		{
			"from": [10, 3, 0],
			"to": [12, 6.8, 3.25],
			"rotation": {"angle": 0, "axis": "y", "origin": [8, 7, 8]},
			"faces": {
				"north": {"uv": [8, 9.2, 10, 12.8], "texture": "#1"},
				"east": {"uv": [6, 9.2, 10, 12.8], "texture": "#1"},
				"south": {"uv": [2, 0, 16, 16], "rotation": 90, "texture": "#12"},
				"west": {"uv": [0, 2, 1, 16], "texture": "#particle"},
				"up": {"uv": [8, 9.2, 10, 12.8], "texture": "#1"},
				"down": {"uv": [8, 9.2, 10, 12.8], "texture": "#1"}
			}
		},
		{
			"from": [9.825, 4.9, -0.6],
			"to": [11.325, 5.5, -0.35],
			"rotation": {"angle": 0, "axis": "z", "origin": [10.7875, 5.2, -0.275]},
			"faces": {
				"north": {"uv": [4, 10, 6, 11], "rotation": 180, "texture": "#1"},
				"east": {"uv": [4, 10, 6, 11], "rotation": 180, "texture": "#1"},
				"south": {"uv": [2, 0, 16, 16], "rotation": 270, "texture": "#12"},
				"west": {"uv": [4, 10, 6, 11], "rotation": 180, "texture": "#1"},
				"up": {"uv": [4, 10, 6, 11], "rotation": 180, "texture": "#1"},
				"down": {"uv": [4, 10, 6, 11], "rotation": 180, "texture": "#1"}
			}
		},
		{
			"from": [10.675, 4.9, -0.4],
			"to": [11.325, 5.5, 0.25],
			"rotation": {"angle": 0, "axis": "z", "origin": [10.7875, 5.2, -0.275]},
			"faces": {
				"north": {"uv": [4, 10, 6, 11], "rotation": 180, "texture": "#1"},
				"east": {"uv": [4, 10, 6, 11], "rotation": 180, "texture": "#1"},
				"south": {"uv": [2, 0, 16, 16], "rotation": 270, "texture": "#12"},
				"west": {"uv": [4, 10, 6, 11], "rotation": 180, "texture": "#1"},
				"up": {"uv": [4, 10, 6, 11], "rotation": 180, "texture": "#1"},
				"down": {"uv": [4, 10, 6, 11], "rotation": 180, "texture": "#1"}
			}
		},
		{
			"from": [12.2, 2.8, 0],
			"to": [16, 7, 0.25],
			"rotation": {"angle": 0, "axis": "y", "origin": [19.2, 7, 8]},
			"faces": {
				"north": {"uv": [0, 9, 3.8, 13], "texture": "#5"},
				"east": {"uv": [15, 9, 16, 13.2], "texture": "#3"},
				"south": {"uv": [2, 0, 16, 16], "rotation": 90, "texture": "#12"},
				"west": {"uv": [15, 9, 16, 13.2], "texture": "#3"},
				"up": {"uv": [0, 0, 16, 1], "rotation": 180, "texture": "#11"},
				"down": {"uv": [15, 0, 16, 16], "rotation": 270, "texture": "#11"}
			}
		},
		{
			"from": [12.2, 2.8, 0.25],
			"to": [15.75, 7, 3.25],
			"rotation": {"angle": 0, "axis": "y", "origin": [19.2, 7, 8]},
			"faces": {
				"north": {"uv": [0, 9, 3.8, 13], "texture": "#1"},
				"east": {"uv": [15, 9, 16, 13.2], "texture": "#3"},
				"south": {"uv": [2, 0, 16, 16], "rotation": 90, "texture": "#12"},
				"west": {"uv": [15, 9, 16, 13.2], "texture": "#3"},
				"up": {"uv": [0, 0, 16, 1], "rotation": 180, "texture": "#11"},
				"down": {"uv": [15, 0, 16, 16], "rotation": 270, "texture": "#11"}
			}
		},
		{
			"from": [15.75, 8, 0.25],
			"to": [16, 14, 15.75],
			"rotation": {"angle": 0, "axis": "y", "origin": [8, 7, 8]},
			"faces": {
				"north": {"uv": [0, 0, 16, 1], "rotation": 270, "texture": "#11"},
				"east": {"uv": [0.25, 2, 15.75, 8], "texture": "#6"},
				"south": {"uv": [0, 0, 16, 1], "rotation": 90, "texture": "#11"},
				"west": {"uv": [2, 0.25, 16, 15.75], "rotation": 90, "texture": "#11"},
				"up": {"uv": [0, 0, 16, 1], "rotation": 90, "texture": "#11"},
				"down": {"uv": [15.75, 15, 0.25, 16], "rotation": 90, "texture": "#11"}
			}
		},
		{
			"from": [15.75, 0, 0.25],
			"to": [16, 3, 15.75],
			"rotation": {"angle": 0, "axis": "y", "origin": [8, 7, 8]},
			"faces": {
				"north": {"uv": [0, 0, 16, 1], "rotation": 270, "texture": "#11"},
				"east": {"uv": [0.25, 13, 15.75, 16], "texture": "#1"},
				"south": {"uv": [0, 0, 16, 1], "rotation": 90, "texture": "#11"},
				"west": {"uv": [0.1, 0, 16.35, 2.15], "rotation": 180, "texture": "#12"},
				"up": {"uv": [0.25, 0, 15.75, 1], "rotation": 90, "texture": "#12"},
				"down": {"uv": [15.75, 15, 0.25, 16], "rotation": 90, "texture": "#11"}
			}
		},
		{
			"from": [16, 0, 0],
			"to": [16.2, 1, 16],
			"rotation": {"angle": 0, "axis": "y", "origin": [8, 7, 8]},
			"faces": {
				"north": {"uv": [15, 15, 16, 16], "rotation": 270, "texture": "#11"},
				"east": {"uv": [0, 15, 16, 16], "texture": "#1"},
				"south": {"uv": [0, 15, 1, 16], "rotation": 90, "texture": "#11"},
				"west": {"uv": [0.1, 0, 16.35, 2.15], "rotation": 180, "texture": "#12"},
				"up": {"uv": [0, 15, 16, 16], "texture": "#1"},
				"down": {"uv": [0, 15, 16, 16], "rotation": 90, "texture": "#1"}
			}
		},
		{
			"from": [-0.2, 0, 16],
			"to": [16.2, 1, 16.2],
			"rotation": {"angle": 0, "axis": "y", "origin": [8, 0.5, 8]},
			"faces": {
				"north": {"uv": [16.35, 0, 0.1, 2.15], "rotation": 180, "texture": "#12"},
				"east": {"uv": [0, 16, 1, 15], "rotation": 90, "texture": "#11"},
				"south": {"uv": [16, 15, 0, 16], "texture": "#1"},
				"west": {"uv": [15, 16, 16, 15], "rotation": 270, "texture": "#11"},
				"up": {"uv": [16, 15, 0, 16], "rotation": 270, "texture": "#1"},
				"down": {"uv": [0, 16, 16, 15], "rotation": 180, "texture": "#1"}
			}
		},
		{
			"from": [-0.2, 15, 16],
			"to": [16.2, 16.1, 16.2],
			"rotation": {"angle": 0, "axis": "y", "origin": [8, 15.5, 8]},
			"faces": {
				"north": {"uv": [16, 15, 0, 16], "rotation": 270, "texture": "#1"},
				"east": {"uv": [0, 16, 1, 15], "rotation": 90, "texture": "#11"},
				"south": {"uv": [16, 15, 0, 16], "texture": "#1"},
				"west": {"uv": [15, 16, 16, 15], "rotation": 270, "texture": "#11"},
				"up": {"uv": [16, 15, 0, 16], "rotation": 270, "texture": "#1"},
				"down": {"uv": [0, 16, 16, 15], "rotation": 180, "texture": "#1"}
			}
		},
		{
			"from": [-0.2, 15, -0.2],
			"to": [16.2, 16.1, 0],
			"rotation": {"angle": 0, "axis": "y", "origin": [8, 15.5, 8]},
			"faces": {
				"north": {"uv": [0, 15, 16, 16], "texture": "#1"},
				"east": {"uv": [0, 15, 1, 16], "rotation": 90, "texture": "#11"},
				"south": {"uv": [16, 16, 0, 15], "rotation": 270, "texture": "#1"},
				"west": {"uv": [15, 15, 16, 16], "rotation": 270, "texture": "#11"},
				"up": {"uv": [0, 15, 16, 16], "rotation": 270, "texture": "#1"},
				"down": {"uv": [0, 15, 16, 16], "rotation": 180, "texture": "#1"}
			}
		},
		{
			"from": [-0.2, 15, 0],
			"to": [0, 16.1, 16],
			"rotation": {"angle": 0, "axis": "y", "origin": [8, 22, 8]},
			"faces": {
				"north": {"uv": [15, 16, 16, 15], "rotation": 270, "texture": "#11"},
				"east": {"uv": [16, 15, 0, 16], "rotation": 270, "texture": "#1"},
				"south": {"uv": [0, 16, 1, 15], "rotation": 90, "texture": "#11"},
				"west": {"uv": [16, 15, 0, 16], "texture": "#1"},
				"up": {"uv": [16, 15, 0, 16], "texture": "#1"},
				"down": {"uv": [0, 16, 16, 15], "rotation": 90, "texture": "#1"}
			}
		},
		{
			"from": [16, 15, 0],
			"to": [16.2, 16.1, 16],
			"rotation": {"angle": 0, "axis": "y", "origin": [8, 22, 8]},
			"faces": {
				"north": {"uv": [15, 15, 16, 16], "rotation": 270, "texture": "#11"},
				"east": {"uv": [0, 15, 16, 16], "texture": "#1"},
				"south": {"uv": [0, 15, 1, 16], "rotation": 90, "texture": "#11"},
				"west": {"uv": [16, 16, 0, 15], "rotation": 270, "texture": "#1"},
				"up": {"uv": [0, 15, 16, 16], "texture": "#1"},
				"down": {"uv": [0, 15, 16, 16], "rotation": 90, "texture": "#1"}
			}
		},
		{
			"from": [-0.2, 1, -0.2],
			"to": [1, 15, 1.2],
			"rotation": {"angle": 0, "axis": "z", "origin": [0.3, 7.8, 8]},
			"faces": {
				"north": {"uv": [16, 16, 0, 15], "rotation": 90, "texture": "#1"},
				"east": {"uv": [0, 15, 16, 16], "texture": "#1"},
				"south": {"uv": [0, 15, 16, 16], "rotation": 270, "texture": "#1"},
				"west": {"uv": [0, 15, 16, 16], "rotation": 270, "texture": "#1"},
				"up": {"uv": [15, 15, 16, 16], "texture": "#11"},
				"down": {"uv": [15, 15, 16, 16], "rotation": 180, "texture": "#11"}
			}
		},
		{
			"from": [15, 1, -0.2],
			"to": [16.2, 10, 1.2],
			"rotation": {"angle": 0, "axis": "y", "origin": [15.7, 7.8, 8]},
			"faces": {
				"north": {"uv": [9, 15, 0, 16], "rotation": 90, "texture": "#1"},
				"east": {"uv": [9, 15, 0, 16], "rotation": 90, "texture": "#1"},
				"south": {"uv": [9, 15, 0, 16], "rotation": 90, "texture": "#1"},
				"west": {"uv": [9, 15, 0, 16], "rotation": 90, "texture": "#1"},
				"up": {"uv": [16, 15, 15, 16], "texture": "#11"},
				"down": {"uv": [16, 15, 15, 16], "rotation": 180, "texture": "#11"}
			}
		},
		{
			"from": [-0.2, 1, 14.8],
			"to": [1, 15, 16.2],
			"rotation": {"angle": 0, "axis": "y", "origin": [0.3, 7.8, 8]},
			"faces": {
				"north": {"uv": [0, 15, 16, 16], "rotation": 270, "texture": "#1"},
				"east": {"uv": [16, 15, 0, 16], "texture": "#1"},
				"south": {"uv": [16, 15, 0, 16], "rotation": 90, "texture": "#1"},
				"west": {"uv": [0, 16, 16, 15], "rotation": 270, "texture": "#1"},
				"up": {"uv": [15, 16, 16, 15], "texture": "#11"},
				"down": {"uv": [15, 16, 16, 15], "rotation": 180, "texture": "#11"}
			}
		},
		{
			"from": [15, 1, 14.8],
			"to": [16.2, 15, 16.2],
			"rotation": {"angle": 0, "axis": "y", "origin": [15.7, 7.8, 8]},
			"faces": {
				"north": {"uv": [0, 15, 16, 16], "rotation": 270, "texture": "#1"},
				"east": {"uv": [0, 15, 16, 16], "rotation": 270, "texture": "#1"},
				"south": {"uv": [16, 16, 0, 15], "rotation": 90, "texture": "#1"},
				"west": {"uv": [0, 15, 16, 16], "texture": "#1"},
				"up": {"uv": [16, 16, 15, 15], "texture": "#11"},
				"down": {"uv": [16, 16, 15, 15], "rotation": 180, "texture": "#11"}
			}
		},
		{
			"from": [-0.2, 0, -0.2],
			"to": [16.2, 1, 0],
			"rotation": {"angle": 0, "axis": "y", "origin": [8, 0.5, 8]},
			"faces": {
				"north": {"uv": [0, 15, 16, 16], "texture": "#1"},
				"east": {"uv": [0, 15, 1, 16], "rotation": 90, "texture": "#11"},
				"south": {"uv": [0.1, 0, 16.35, 2.15], "rotation": 180, "texture": "#12"},
				"west": {"uv": [15, 15, 16, 16], "rotation": 270, "texture": "#11"},
				"up": {"uv": [0, 15, 16, 16], "rotation": 270, "texture": "#1"},
				"down": {"uv": [0, 15, 16, 16], "rotation": 180, "texture": "#1"}
			}
		},
		{
			"from": [-0.2, 0, 0],
			"to": [0, 1, 16],
			"rotation": {"angle": 0, "axis": "y", "origin": [8, 7, 8]},
			"faces": {
				"north": {"uv": [15, 16, 16, 15], "rotation": 270, "texture": "#11"},
				"east": {"uv": [16.35, 0, 0.1, 2.15], "rotation": 180, "texture": "#12"},
				"south": {"uv": [0, 16, 1, 15], "rotation": 90, "texture": "#11"},
				"west": {"uv": [16, 15, 0, 16], "texture": "#1"},
				"up": {"uv": [16, 15, 0, 16], "texture": "#1"},
				"down": {"uv": [0, 16, 16, 15], "rotation": 90, "texture": "#1"}
			}
		},
		{
			"from": [15.75, 3, 0.25],
			"to": [16, 8, 5],
			"rotation": {"angle": 0, "axis": "y", "origin": [8, 7, 8]},
			"faces": {
				"north": {"uv": [0, 0, 16, 1], "rotation": 270, "texture": "#11"},
				"east": {"uv": [11, 8, 15.75, 14], "texture": "#6"},
				"south": {"uv": [4, 0, 10, 1], "rotation": 90, "texture": "#12"},
				"west": {"uv": [4, 0, 10, 4], "rotation": 90, "texture": "#12"},
				"up": {"uv": [0.25, 0, 15.75, 1], "rotation": 90, "texture": "#12"},
				"down": {"uv": [15.75, 15, 0.25, 16], "rotation": 90, "texture": "#11"}
			}
		},
		{
			"from": [15.75, 3, 12],
			"to": [16, 8, 15.75],
			"rotation": {"angle": 0, "axis": "y", "origin": [8, 7, 8]},
			"faces": {
				"north": {"uv": [4, 0, 10, 1], "rotation": 90, "texture": "#12"},
				"east": {"uv": [0.25, 8, 4, 14], "texture": "#6"},
				"south": {"uv": [4, 0, 10, 1], "rotation": 90, "texture": "#12"},
				"west": {"uv": [4, 0, 10, 4], "rotation": 90, "texture": "#12"},
				"up": {"uv": [0.25, 0, 15.75, 1], "rotation": 90, "texture": "#12"},
				"down": {"uv": [15.75, 15, 0.25, 16], "rotation": 90, "texture": "#11"}
			}
		},
		{
			"from": [0, 0, 0.25],
			"to": [0.25, 14, 15.75],
			"rotation": {"angle": 0, "axis": "y", "origin": [8, 7, 8]},
			"faces": {
				"north": {"uv": [0, 0, 16, 1], "rotation": 270, "texture": "#11"},
				"east": {"uv": [2, 0.25, 16, 15.75], "rotation": 90, "texture": "#12"},
				"south": {"uv": [0, 0, 16, 1], "rotation": 90, "texture": "#11"},
				"west": {"uv": [0.25, 2, 15.75, 16], "texture": "#particle"},
				"up": {"uv": [0, 0, 16, 1], "rotation": 90, "texture": "#11"},
				"down": {"uv": [15.75, 0, 0.25, 1], "rotation": 90, "texture": "#11"}
			}
		},
		{
			"from": [3.0606, 3.587, 9.55443],
			"to": [13.4356, 5.247, 9.72043],
			"rotation": {"angle": -22.5, "axis": "z", "origin": [8.2481, 4.5, 8.89043]},
			"faces": {
				"north": {"uv": [5, 4, 8, 16], "rotation": 270, "texture": "#10"},
				"east": {"uv": [4, 14, 7, 15], "rotation": 270, "texture": "#10"},
				"south": {"uv": [5, 0.5, 7, 14.5], "rotation": 90, "texture": "#10"},
				"west": {"uv": [0, 0, 16, 1], "rotation": 90, "texture": "#11"},
				"up": {"uv": [5, 4, 6, 16], "rotation": 90, "texture": "#10"},
				"down": {"uv": [5, 0.5, 6, 14.5], "rotation": 90, "texture": "#10"}
			}
		},
		{
			"from": [3.0606, 5.247, 8.06043],
			"to": [13.4356, 5.413, 9.72043],
			"rotation": {"angle": -22.5, "axis": "z", "origin": [8.2481, 4.5, 8.89043]},
			"faces": {
				"north": {"uv": [10, 14.5, 9, 0.5], "rotation": 270, "texture": "#10"},
				"east": {"uv": [2, 12, 3, 15], "rotation": 270, "texture": "#10"},
				"south": {"uv": [5, 0.5, 6, 14.5], "rotation": 90, "texture": "#10"},
				"west": {"uv": [0, 0, 16, 1], "rotation": 180, "texture": "#11"},
				"up": {"uv": [7, 0.5, 9, 14.5], "rotation": 270, "texture": "#10"},
				"down": {"uv": [5, 4, 8, 16], "rotation": 90, "texture": "#10"}
			}
		},
		{
			"from": [3.0606, 3.587, 8.06043],
			"to": [13.4356, 5.247, 8.22643],
			"rotation": {"angle": -22.5, "axis": "z", "origin": [8.2481, 4.5, 8.89043]},
			"faces": {
				"north": {"uv": [11, 14.5, 9, 0.5], "rotation": 270, "texture": "#10"},
				"east": {"uv": [4, 14, 7, 15], "rotation": 270, "texture": "#10"},
				"south": {"uv": [5, 4, 8, 16], "rotation": 90, "texture": "#10"},
				"west": {"uv": [0, 0, 16, 1], "rotation": 270, "texture": "#11"},
				"up": {"uv": [7, 4, 8, 16], "rotation": 270, "texture": "#10"},
				"down": {"uv": [2, 3, 3, 15], "rotation": 90, "texture": "#10"}
			}
		},
		{
			"from": [3.0606, 3.587, 8.30943],
			"to": [13.4356, 3.753, 9.55443],
			"rotation": {"angle": -22.5, "axis": "z", "origin": [8.2481, 4.5, 8.89043]},
			"faces": {
				"north": {"uv": [5, 4, 6, 16], "rotation": 270, "texture": "#10"},
				"east": {"uv": [2, 12, 3, 15], "rotation": 270, "texture": "#10"},
				"south": {"uv": [7, 4, 8, 16], "rotation": 270, "texture": "#10"},
				"west": {"uv": [0, 0, 16, 1], "texture": "#11"},
				"up": {"uv": [5, 4, 8, 16], "rotation": 90, "texture": "#10"},
				"down": {"uv": [5, 0.5, 7, 14.5], "rotation": 90, "texture": "#10"}
			}
		},
		{
			"from": [3.0606, 3.753, 8.30943],
			"to": [13.4356, 4.998, 8.47543],
			"rotation": {"angle": -22.5, "axis": "z", "origin": [8.2481, 4.5, 8.89043]},
			"faces": {
				"north": {"uv": [7, 0.5, 9, 14.5], "rotation": 270, "texture": "#10"},
				"east": {"uv": [4, 14, 7, 15], "rotation": 270, "texture": "#10"},
				"south": {"uv": [5, 4, 8, 16], "rotation": 90, "texture": "#10"},
				"west": {"uv": [0, 0, 16, 1], "rotation": 90, "texture": "#11"},
				"up": {"uv": [7, 0.5, 8, 14.5], "rotation": 270, "texture": "#10"},
				"down": {"uv": [7, 4, 8, 16], "rotation": 270, "texture": "#10"}
			}
		},
		{
			"from": [3.0606, 4.832, 8.47543],
			"to": [13.4356, 4.998, 9.47143],
			"rotation": {"angle": -22.5, "axis": "z", "origin": [8.2481, 4.5, 8.89043]},
			"faces": {
				"north": {"uv": [7, 4, 8, 16], "rotation": 90, "texture": "#10"},
				"east": {"uv": [2, 12, 3, 15], "rotation": 270, "texture": "#10"},
				"south": {"uv": [5, 4, 6, 16], "rotation": 90, "texture": "#10"},
				"west": {"uv": [0, 0, 16, 1], "rotation": 180, "texture": "#11"},
				"up": {"uv": [7, 0.5, 9, 14.5], "rotation": 270, "texture": "#10"},
				"down": {"uv": [5, 4, 7, 16], "rotation": 90, "texture": "#10"}
			}
		},
		{
			"from": [3.0606, 4.002, 9.30543],
			"to": [13.4356, 4.832, 9.47143],
			"rotation": {"angle": -22.5, "axis": "z", "origin": [8.2481, 4.5, 8.89043]},
			"faces": {
				"north": {"uv": [5, 4, 8, 16], "rotation": 270, "texture": "#10"},
				"east": {"uv": [4, 14, 7, 15], "rotation": 270, "texture": "#10"},
				"south": {"uv": [5, 0.5, 7, 14.5], "rotation": 90, "texture": "#10"},
				"west": {"uv": [0, 0, 16, 1], "rotation": 270, "texture": "#11"},
				"up": {"uv": [7, 4, 8, 16], "rotation": 270, "texture": "#10"},
				"down": {"uv": [5, 0.5, 6, 14.5], "rotation": 90, "texture": "#10"}
			}
		},
		{
			"from": [3.0606, 4.002, 8.72443],
			"to": [13.4356, 4.168, 9.30543],
			"rotation": {"angle": -22.5, "axis": "z", "origin": [8.2481, 4.5, 8.89043]},
			"faces": {
				"north": {"uv": [5, 4, 6, 16], "rotation": 270, "texture": "#10"},
				"east": {"uv": [2, 12, 3, 15], "rotation": 270, "texture": "#10"},
				"south": {"uv": [7, 4, 8, 16], "rotation": 270, "texture": "#10"},
				"west": {"uv": [0, 0, 16, 1], "texture": "#11"},
				"up": {"uv": [5, 4, 8, 16], "rotation": 90, "texture": "#10"},
				"down": {"uv": [5, 0.5, 7, 14.5], "rotation": 90, "texture": "#10"}
			}
		},
		{
			"from": [3.0606, 4.002, 8.59993],
			"to": [13.3526, 4.583, 8.76593],
			"rotation": {"angle": -22.5, "axis": "z", "origin": [8.2481, 4.5, 8.89043]},
			"faces": {
				"north": {"uv": [5, 0.5, 7, 14.5], "rotation": 270, "texture": "#10"},
				"east": {"uv": [4, 14, 7, 15], "rotation": 270, "texture": "#10"},
				"south": {"uv": [5, 4, 8, 16], "rotation": 90, "texture": "#10"},
				"west": {"uv": [0, 0, 16, 1], "rotation": 90, "texture": "#11"},
				"up": {"uv": [5, 4, 6, 16], "rotation": 90, "texture": "#10"},
				"down": {"uv": [5, 0.5, 6, 14.5], "rotation": 90, "texture": "#10"}
			}
		},
		{
			"from": [5.95626, 3.62003, 4.81106],
			"to": [6.0708, 4.76543, 11.96981],
			"rotation": {"angle": -22.5, "axis": "x", "origin": [5.4981, 4.25, 8.39043]},
			"faces": {
				"north": {"uv": [4, 14, 7, 15], "rotation": 270, "texture": "#10"},
				"east": {"uv": [5, 0.5, 7, 14.5], "rotation": 90, "texture": "#10"},
				"south": {"uv": [0, 0, 16, 1], "rotation": 90, "texture": "#11"},
				"west": {"uv": [5, 4, 8, 16], "rotation": 270, "texture": "#10"},
				"up": {"uv": [5, 4, 6, 16], "texture": "#10"},
				"down": {"uv": [5, 0.5, 6, 14.5], "rotation": 180, "texture": "#10"}
			}
		},
		{
			"from": [4.9254, 4.76543, 4.81106],
			"to": [6.0708, 4.87997, 11.96981],
			"rotation": {"angle": -22.5, "axis": "x", "origin": [5.4981, 4.25, 8.39043]},
			"faces": {
				"north": {"uv": [2, 12, 3, 15], "rotation": 270, "texture": "#10"},
				"east": {"uv": [5, 0.5, 6, 14.5], "rotation": 90, "texture": "#10"},
				"south": {"uv": [0, 0, 16, 1], "rotation": 180, "texture": "#11"},
				"west": {"uv": [10, 14.5, 9, 0.5], "rotation": 270, "texture": "#10"},
				"up": {"uv": [7, 0.5, 9, 14.5], "rotation": 180, "texture": "#10"},
				"down": {"uv": [5, 4, 8, 16], "rotation": 180, "texture": "#10"}
			}
		},
		{
			"from": [4.9254, 3.62003, 4.81106],
			"to": [5.03994, 4.76543, 11.96981],
			"rotation": {"angle": -22.5, "axis": "x", "origin": [5.4981, 4.25, 8.39043]},
			"faces": {
				"north": {"uv": [4, 14, 7, 15], "rotation": 270, "texture": "#10"},
				"east": {"uv": [5, 4, 8, 16], "rotation": 90, "texture": "#10"},
				"south": {"uv": [0, 0, 16, 1], "rotation": 270, "texture": "#11"},
				"west": {"uv": [11, 14.5, 9, 0.5], "rotation": 270, "texture": "#10"},
				"up": {"uv": [7, 4, 8, 16], "rotation": 180, "texture": "#10"},
				"down": {"uv": [2, 3, 3, 15], "rotation": 180, "texture": "#10"}
			}
		},
		{
			"from": [5.09721, 3.62003, 4.81106],
			"to": [5.95626, 3.73457, 11.96981],
			"rotation": {"angle": -22.5, "axis": "x", "origin": [5.4981, 4.25, 8.39043]},
			"faces": {
				"north": {"uv": [2, 12, 3, 15], "rotation": 270, "texture": "#10"},
				"east": {"uv": [7, 4, 8, 16], "rotation": 270, "texture": "#10"},
				"south": {"uv": [0, 0, 16, 1], "texture": "#11"},
				"west": {"uv": [5, 4, 6, 16], "rotation": 270, "texture": "#10"},
				"up": {"uv": [5, 4, 8, 16], "texture": "#10"},
				"down": {"uv": [5, 0.5, 7, 14.5], "rotation": 180, "texture": "#10"}
			}
		},
		{
			"from": [5.09721, 3.73457, 4.81106],
			"to": [5.21175, 4.59362, 11.96981],
			"rotation": {"angle": -22.5, "axis": "x", "origin": [5.4981, 4.25, 8.39043]},
			"faces": {
				"north": {"uv": [4, 14, 7, 15], "rotation": 270, "texture": "#10"},
				"east": {"uv": [5, 4, 8, 16], "rotation": 90, "texture": "#10"},
				"south": {"uv": [0, 0, 16, 1], "rotation": 90, "texture": "#11"},
				"west": {"uv": [7, 0.5, 9, 14.5], "rotation": 270, "texture": "#10"},
				"up": {"uv": [7, 0.5, 8, 14.5], "rotation": 180, "texture": "#10"},
				"down": {"uv": [7, 4, 8, 16], "texture": "#10"}
			}
		},
		{
			"from": [5.21175, 4.47908, 4.81106],
			"to": [5.89899, 4.59362, 11.96981],
			"rotation": {"angle": -22.5, "axis": "x", "origin": [5.4981, 4.25, 8.39043]},
			"faces": {
				"north": {"uv": [2, 12, 3, 15], "rotation": 270, "texture": "#10"},
				"east": {"uv": [5, 4, 6, 16], "rotation": 90, "texture": "#10"},
				"south": {"uv": [0, 0, 16, 1], "rotation": 180, "texture": "#11"},
				"west": {"uv": [7, 4, 8, 16], "rotation": 90, "texture": "#10"},
				"up": {"uv": [7, 0.5, 9, 14.5], "rotation": 180, "texture": "#10"},
				"down": {"uv": [5, 4, 7, 16], "rotation": 180, "texture": "#10"}
			}
		},
		{
			"from": [5.78445, 3.90638, 4.81106],
			"to": [5.89899, 4.47908, 11.96981],
			"rotation": {"angle": -22.5, "axis": "x", "origin": [5.4981, 4.25, 8.39043]},
			"faces": {
				"north": {"uv": [4, 14, 7, 15], "rotation": 270, "texture": "#10"},
				"east": {"uv": [5, 0.5, 7, 14.5], "rotation": 90, "texture": "#10"},
				"south": {"uv": [0, 0, 16, 1], "rotation": 270, "texture": "#11"},
				"west": {"uv": [5, 4, 8, 16], "rotation": 270, "texture": "#10"},
				"up": {"uv": [7, 4, 8, 16], "rotation": 180, "texture": "#10"},
				"down": {"uv": [5, 0.5, 6, 14.5], "rotation": 180, "texture": "#10"}
			}
		},
		{
			"from": [5.38356, 3.90638, 4.81106],
			"to": [5.78445, 4.02092, 11.96981],
			"rotation": {"angle": -22.5, "axis": "x", "origin": [5.4981, 4.25, 8.39043]},
			"faces": {
				"north": {"uv": [2, 12, 3, 15], "rotation": 270, "texture": "#10"},
				"east": {"uv": [7, 4, 8, 16], "rotation": 270, "texture": "#10"},
				"south": {"uv": [0, 0, 16, 1], "texture": "#11"},
				"west": {"uv": [5, 4, 6, 16], "rotation": 270, "texture": "#10"},
				"up": {"uv": [5, 4, 8, 16], "texture": "#10"},
				"down": {"uv": [5, 0.5, 7, 14.5], "rotation": 180, "texture": "#10"}
			}
		},
		{
			"from": [5.29765, 3.90638, 4.86833],
			"to": [5.41219, 4.30727, 11.96981],
			"rotation": {"angle": -22.5, "axis": "x", "origin": [5.4981, 4.25, 8.39043]},
			"faces": {
				"north": {"uv": [4, 14, 7, 15], "rotation": 270, "texture": "#10"},
				"east": {"uv": [5, 4, 8, 16], "rotation": 90, "texture": "#10"},
				"south": {"uv": [0, 0, 16, 1], "rotation": 90, "texture": "#11"},
				"west": {"uv": [5, 0.5, 7, 14.5], "rotation": 270, "texture": "#10"},
				"up": {"uv": [5, 4, 6, 16], "texture": "#10"},
				"down": {"uv": [5, 0.5, 6, 14.5], "rotation": 180, "texture": "#10"}
			}
		},
		{
			"from": [-0.65, -0.25, -0.65],
			"to": [1.4, 16.4, 1.4],
			"rotation": {"angle": 0, "axis": "y", "origin": [16, 0, 0]},
			"faces": {
				"north": {"uv": [16, 0, 13, 16], "texture": "#12"},
				"east": {"uv": [3, 0, 0, 16], "texture": "#12"},
				"south": {"uv": [3, 0, 0, 16], "texture": "#12"},
				"west": {"uv": [3, 0, 0, 16], "texture": "#12"},
				"up": {"uv": [6, 3, 9, 0], "texture": "#12"},
				"down": {"uv": [6, 3, 9, 0], "texture": "#12"}
			}
		},
		{
			"from": [14.6, -0.25, -0.65],
			"to": [16.65, 16.4, 1.4],
			"faces": {
				"north": {"uv": [13, 0, 16, 16], "texture": "#12"},
				"east": {"uv": [0, 0, 3, 16], "texture": "#12"},
				"south": {"uv": [0, 0, 3, 16], "texture": "#12"},
				"west": {"uv": [0, 0, 3, 16], "texture": "#12"},
				"up": {"uv": [9, 3, 6, 0], "texture": "#12"},
				"down": {"uv": [9, 3, 6, 0], "texture": "#12"}
			}
		},
		{
			"from": [-0.65, -0.25, 14.6],
			"to": [1.4, 16.4, 16.65],
			"rotation": {"angle": 0, "axis": "y", "origin": [16, 0, 16]},
			"faces": {
				"north": {"uv": [0, 0, 3, 16], "texture": "#12"},
				"east": {"uv": [0, 0, 3, 16], "texture": "#12"},
				"south": {"uv": [13, 0, 16, 16], "texture": "#12"},
				"west": {"uv": [0, 0, 3, 16], "texture": "#12"},
				"up": {"uv": [6, 0, 9, 3], "texture": "#12"},
				"down": {"uv": [6, 0, 9, 3], "texture": "#12"}
			}
		},
		{
			"from": [14.6, -0.25, 14.6],
			"to": [16.65, 16.4, 16.65],
			"rotation": {"angle": 0, "axis": "y", "origin": [0, 0, 16]},
			"faces": {
				"north": {"uv": [3, 0, 0, 16], "texture": "#12"},
				"east": {"uv": [3, 0, 0, 16], "texture": "#12"},
				"south": {"uv": [16, 0, 13, 16], "texture": "#12"},
				"west": {"uv": [3, 0, 0, 16], "texture": "#12"},
				"up": {"uv": [9, 0, 6, 3], "texture": "#12"},
				"down": {"uv": [9, 0, 6, 3], "texture": "#12"}
			}
		},
		{
			"from": [10.25, 16.00579, 1.97514],
			"to": [13.75, 16.18079, 5.47514],
			"rotation": {"angle": 22.5, "axis": "y", "origin": [12, 16.09329, 3.72514]},
			"faces": {
				"north": {"uv": [0, 0, 5, 0.25], "texture": "#12"},
				"east": {"uv": [0, 0, 5, 0.25], "texture": "#12"},
				"south": {"uv": [0, 0, 5, 0.25], "texture": "#12"},
				"west": {"uv": [0, 0, 5, 0.25], "texture": "#12"},
				"up": {"uv": [0, 0, 5, 5], "texture": "#12"},
				"down": {"uv": [0, 0, 5, 5], "texture": "#12"}
			}
		},
		{
			"from": [10.25, 18.80579, 2.15014],
			"to": [13.75, 22.30579, 5.65014],
			"rotation": {"angle": -22.5, "axis": "x", "origin": [12, 20.55579, 3.90014]},
			"faces": {
				"north": {"uv": [11, 0, 16, 5], "texture": "#3"},
				"east": {"uv": [0, 0, 5, 5], "texture": "#1"},
				"south": {"uv": [11, 0, 16, 5], "texture": "#3"},
				"west": {"uv": [0, 0, 5, 5], "texture": "#1"},
				"up": {"uv": [0, 11, 5, 16], "texture": "#2"},
				"down": {"uv": [0, 11, 5, 16], "texture": "#2"}
			}
		},
		{
			"from": [11.825, 16.11079, 3.55014],
			"to": [12.175, 18.21079, 3.90014],
			"rotation": {"angle": 0, "axis": "x", "origin": [9.55, 15.06079, 4.07514]},
			"faces": {
				"north": {"uv": [12, 5, 15, 5.5], "rotation": 90, "texture": "#3"},
				"east": {"uv": [12, 5, 15, 5.5], "rotation": 90, "texture": "#3"},
				"south": {"uv": [12, 5, 15, 5.5], "rotation": 90, "texture": "#3"},
				"west": {"uv": [12, 5, 15, 5.5], "rotation": 90, "texture": "#3"},
				"up": {"uv": [12, 5, 13, 5.5], "rotation": 90, "texture": "#3"},
				"down": {"uv": [14, 5, 15, 5.5], "rotation": 90, "texture": "#3"}
			}
		},
		{
			"from": [11.86, 17.82579, 2.67514],
			"to": [12.14, 18.10579, 4.77514],
			"rotation": {"angle": -22.5, "axis": "x", "origin": [12, 17.93079, 3.20014]},
			"faces": {
				"north": {"uv": [0, 0, 0.5, 0.5], "rotation": 180, "texture": "#12"},
				"east": {"uv": [10, 0, 10.5, 4], "rotation": 90, "texture": "#3"},
				"south": {"uv": [0, 0, 0.5, 0.5], "texture": "#12"},
				"west": {"uv": [10, 0, 10.5, 4], "rotation": 90, "texture": "#3"},
				"up": {"uv": [10, 0, 11, 4.5], "texture": "#3"},
				"down": {"uv": [10, 0, 11, 4.5], "texture": "#3"}
			}
		},
		{
			"from": [11.86, 17.81186, 2.03741],
			"to": [12.14, 21.69686, 2.31741],
			"rotation": {"angle": -22.5, "axis": "x", "origin": [12, 19.38686, 2.14241]},
			"faces": {
				"north": {"uv": [10, 0, 11, 4.5], "rotation": 180, "texture": "#3"},
				"east": {"uv": [10, 0, 10.5, 4], "texture": "#3"},
				"south": {"uv": [10, 0, 11, 4.5], "texture": "#3"},
				"west": {"uv": [10, 0, 10.5, 4], "rotation": 180, "texture": "#3"},
				"up": {"uv": [0, 0, 0.5, 0.5], "texture": "#12"},
				"down": {"uv": [0, 0, 0.5, 0.5], "texture": "#12"}
			}
		},
		{
			"from": [11.86, 21.66309, 1.02769],
			"to": [12.14, 21.94309, 3.12769],
			"rotation": {"angle": -22.5, "axis": "x", "origin": [12, 21.90809, 1.55269]},
			"faces": {
				"north": {"uv": [0, 0, 0.5, 0.5], "rotation": 180, "texture": "#12"},
				"east": {"uv": [10, 0, 10.5, 4], "rotation": 90, "texture": "#3"},
				"south": {"uv": [0, 0, 0.5, 0.5], "texture": "#12"},
				"west": {"uv": [10, 0, 10.5, 4], "rotation": 90, "texture": "#3"},
				"up": {"uv": [10, 0, 11, 4.5], "texture": "#3"},
				"down": {"uv": [10, 0, 11, 4.5], "texture": "#3"}
			}
		},
		{
			"from": [11.825, 18.77079, 5.47514],
			"to": [12.175, 23.35579, 5.82514],
			"rotation": {"angle": -22.5, "axis": "x", "origin": [9.55, 16.35579, 6.00014]},
			"faces": {
				"north": {"uv": [11, 5, 16, 5.5], "rotation": 90, "texture": "#3"},
				"east": {"uv": [11, 5, 16, 5.5], "rotation": 90, "texture": "#3"},
				"south": {"uv": [11, 5, 16, 5.5], "rotation": 90, "texture": "#3"},
				"west": {"uv": [11, 5, 16, 5.5], "rotation": 90, "texture": "#3"},
				"up": {"uv": [0, 0, 0.5, 0.5], "texture": "#12"},
				"down": {"uv": [0, 0, 0.5, 0.5], "texture": "#12"}
			}
		}
	],
	"groups": [
		0,
		1,
		2,
		3,
		{
			"name": "PAPER ROLL",
			"origin": [13.75, 3.35, 9.75],
			"color": 0,
			"children": [4, 5, 6, 7, 8, 9, 10, 11, 12]
		},
		13,
		14,
		{
			"name": "COMPASS",
			"origin": [9, 15, 9],
			"color": 0,
			"children": [
				15,
				16,
				17,
				18,
				19,
				{
					"name": "arrow",
					"origin": [4.04142, 16.5, 3.2],
					"color": 0,
					"children": [20, 21, 22, 23]
				},
				24,
				25,
				26,
				27,
				28
			]
		},
		29,
		30,
		31,
		32,
		33,
		34,
		35,
		36,
		37,
		38,
		39,
		40,
		{
			"name": "Door Handle",
			"origin": [8, 7.75, 8],
			"color": 0,
			"children": [41, 42]
		},
		43,
		44,
		45,
		46,
		47,
		48,
		49,
		50,
		51,
		52,
		53,
		54,
		55,
		56,
		57,
		58,
		59,
		60,
		61,
		{
			"name": "PAPER ROLL",
			"origin": [13.75, 3.35, 9.75],
			"color": 0,
			"children": [62, 63, 64, 65, 66, 67, 68, 69, 70]
		},
		{
			"name": "PAPER ROLL",
			"origin": [13.75, 3.35, 9.75],
			"color": 0,
			"children": [71, 72, 73, 74, 75, 76, 77, 78, 79]
		},
		80,
		81,
		82,
		83,
		{
			"name": "Globe",
			"origin": [0, 0.5, -4.5],
			"color": 0,
			"children": [84, 85, 86, 87, 88, 89, 90]
		}
	]
}