{
	"format_version": "1.21.6",
	"credit": "Made with Blockbench",
	"parent": "block/block",
	"textures": {
		"particle": "block/chain",
		"all": "block/chain"
	},
	"elements": [
		{
			"from": [6.5, 0, 8],
			"to": [9.5, 16, 8],
			"shade": false,
			"rotation": {"angle": 45, "axis": "y", "origin": [8, 8, 8]},
			"faces": {
				"north": {"uv": [3, 0, 0, 16], "texture": "#all"},
				"south": {"uv": [0, 0, 3, 16], "texture": "#all"}
			}
		},
		{
			"from": [8, 0, 6.5],
			"to": [8, 16, 9.5],
			"shade": false,
			"rotation": {"angle": 45, "axis": "y", "origin": [8, 8, 8]},
			"faces": {
				"east": {"uv": [3, 0, 6, 16], "texture": "#all"},
				"west": {"uv": [6, 0, 3, 16], "texture": "#all"}
			}
		},
		{
			"from": [7.5, 0.95, 7.75],
			"to": [8.5, 2.05, 8.25],
			"rotation": {"angle": -45, "axis": "y", "origin": [8, 8, 8]},
			"faces": {
				"north": {"uv": [4, 14, 5, 15], "texture": "#all"},
				"east": {"uv": [5, 14, 6, 16], "texture": "#all"},
				"south": {"uv": [4, 14, 5, 15], "texture": "#all"},
				"west": {"uv": [5, 14, 6, 16], "texture": "#all"},
				"up": {"uv": [4, 14, 5, 15], "texture": "#all"},
				"down": {"uv": [4, 14, 5, 15], "texture": "#all"}
			}
		},
		{
			"from": [6.5, 0, 7.75],
			"to": [7.5, 2, 8.25],
			"rotation": {"angle": -45, "axis": "y", "origin": [8, 8, 8]},
			"faces": {
				"north": {"uv": [5, 14, 6, 16], "texture": "#all"},
				"east": {"uv": [5, 14, 6, 16], "texture": "#all"},
				"south": {"uv": [5, 14, 6, 16], "texture": "#all"},
				"west": {"uv": [5, 14, 6, 16], "texture": "#all"},
				"up": {"uv": [5, 14, 6, 15], "texture": "#all"},
				"down": {"uv": [5, 15, 6, 16], "texture": "#all"}
			}
		},
		{
			"from": [8.5, 0, 7.75],
			"to": [9.5, 2, 8.25],
			"rotation": {"angle": -45, "axis": "y", "origin": [8, 8, 8]},
			"faces": {
				"north": {"uv": [3, 14, 4, 16], "texture": "#all"},
				"east": {"uv": [3, 14, 4, 16], "texture": "#all"},
				"south": {"uv": [3, 14, 4, 16], "texture": "#all"},
				"west": {"uv": [3, 14, 4, 16], "texture": "#all"},
				"up": {"uv": [3, 14, 4, 15], "texture": "#all"},
				"down": {"uv": [3, 15, 4, 16], "texture": "#all"}
			}
		},
		{
			"from": [7.75, 2, 6.5],
			"to": [8.25, 4, 7.5],
			"rotation": {"angle": -45, "axis": "y", "origin": [8, 8, 8]},
			"faces": {
				"north": {"uv": [3, 14, 4, 16], "texture": "#all"},
				"east": {"uv": [3, 14, 4, 16], "texture": "#all"},
				"south": {"uv": [3, 14, 4, 16], "texture": "#all"},
				"west": {"uv": [3, 14, 4, 16], "texture": "#all"},
				"up": {"uv": [3, 14, 4, 15], "rotation": 270, "texture": "#all"},
				"down": {"uv": [3, 15, 4, 16], "rotation": 90, "texture": "#all"}
			}
		},
		{
			"from": [7.75, 1, 6.5],
			"to": [8.25, 2, 9.5],
			"rotation": {"angle": -45, "axis": "y", "origin": [8, 8, 8]},
			"faces": {
				"north": {"uv": [2, 14, 3, 15], "texture": "#all"},
				"east": {"uv": [0, 14, 3, 15], "texture": "#all"},
				"south": {"uv": [0, 14, 1, 15], "texture": "#all"},
				"west": {"uv": [3, 14, 0, 15], "texture": "#all"},
				"up": {"uv": [0, 14, 3, 15], "rotation": 90, "texture": "#all"},
				"down": {"uv": [4, 14, 5, 15], "rotation": 90, "texture": "#all"}
			}
		},
		{
			"from": [7.75, 2, 8.5],
			"to": [8.25, 4, 9.5],
			"rotation": {"angle": -45, "axis": "y", "origin": [8, 8, 8]},
			"faces": {
				"north": {"uv": [5, 14, 6, 16], "texture": "#all"},
				"east": {"uv": [5, 14, 6, 16], "texture": "#all"},
				"south": {"uv": [5, 14, 6, 16], "texture": "#all"},
				"west": {"uv": [5, 14, 6, 16], "texture": "#all"},
				"up": {"uv": [5, 14, 6, 15], "rotation": 270, "texture": "#all"},
				"down": {"uv": [5, 15, 6, 16], "rotation": 90, "texture": "#all"}
			}
		},
		{
			"from": [7.75, 2.95, 7.5],
			"to": [8.25, 4.05, 8.5],
			"rotation": {"angle": -45, "axis": "y", "origin": [8, 8, 8]},
			"faces": {
				"north": {"uv": [5, 14, 6, 16], "texture": "#all"},
				"east": {"uv": [4, 14, 5, 15], "texture": "#all"},
				"south": {"uv": [5, 14, 6, 16], "texture": "#all"},
				"west": {"uv": [4, 14, 5, 15], "texture": "#all"},
				"up": {"uv": [4, 14, 5, 15], "rotation": 270, "texture": "#all"},
				"down": {"uv": [4, 14, 5, 15], "rotation": 90, "texture": "#all"}
			}
		},
		{
			"from": [7.5, 6, 7.75],
			"to": [8.5, 7.05, 8.25],
			"rotation": {"angle": -45, "axis": "y", "origin": [8, 8, 8]},
			"faces": {
				"north": {"uv": [4, 9, 5, 10], "texture": "#all"},
				"east": {"uv": [5, 14, 6, 16], "texture": "#all"},
				"south": {"uv": [4, 14, 5, 15], "texture": "#all"},
				"west": {"uv": [5, 14, 6, 16], "texture": "#all"},
				"up": {"uv": [4, 14, 5, 15], "texture": "#all"},
				"down": {"uv": [4, 14, 5, 15], "texture": "#all"}
			}
		},
		{
			"from": [8.5, 4, 7.75],
			"to": [9.5, 7, 8.25],
			"rotation": {"angle": -45, "axis": "y", "origin": [8, 8, 8]},
			"faces": {
				"north": {"uv": [3, 9, 4, 12], "texture": "#all"},
				"east": {"uv": [3, 9, 4, 12], "texture": "#all"},
				"south": {"uv": [3, 9, 4, 12], "texture": "#all"},
				"west": {"uv": [3, 9, 4, 12], "texture": "#all"},
				"up": {"uv": [3, 14, 4, 15], "texture": "#all"},
				"down": {"uv": [3, 15, 4, 16], "texture": "#all"}
			}
		},
		{
			"from": [6.5, 3, 7.75],
			"to": [9.5, 4, 8.25],
			"rotation": {"angle": -45, "axis": "y", "origin": [8, 8, 8]},
			"faces": {
				"north": {"uv": [3, 12, 6, 13], "texture": "#all"},
				"east": {"uv": [3, 12, 4, 13], "texture": "#all"},
				"south": {"uv": [6, 12, 3, 13], "texture": "#all"},
				"west": {"uv": [5, 12, 6, 13], "texture": "#all"},
				"up": {"uv": [0, 14, 3, 15], "rotation": 180, "texture": "#all"},
				"down": {"uv": [6, 12, 3, 13], "texture": "#all"}
			}
		},
		{
			"from": [6.5, 4, 7.75],
			"to": [7.5, 7, 8.25],
			"rotation": {"angle": -45, "axis": "y", "origin": [8, 8, 8]},
			"faces": {
				"north": {"uv": [5, 9, 6, 12], "texture": "#all"},
				"east": {"uv": [5, 9, 6, 12], "texture": "#all"},
				"south": {"uv": [5, 9, 6, 12], "texture": "#all"},
				"west": {"uv": [5, 9, 6, 12], "texture": "#all"},
				"up": {"uv": [5, 14, 6, 15], "texture": "#all"},
				"down": {"uv": [5, 15, 6, 16], "texture": "#all"}
			}
		},
		{
			"from": [7.75, 8.95, 7.5],
			"to": [8.25, 10.05, 8.5],
			"rotation": {"angle": -45, "axis": "y", "origin": [8, 8, 8]},
			"faces": {
				"north": {"uv": [5, 14, 6, 16], "texture": "#all"},
				"east": {"uv": [4, 14, 5, 15], "texture": "#all"},
				"south": {"uv": [5, 14, 6, 16], "texture": "#all"},
				"west": {"uv": [1, 6, 2, 7], "texture": "#all"},
				"up": {"uv": [4, 14, 5, 15], "rotation": 270, "texture": "#all"},
				"down": {"uv": [4, 14, 5, 15], "rotation": 90, "texture": "#all"}
			}
		},
		{
			"from": [7.75, 7, 6.5],
			"to": [8.25, 10, 7.5],
			"rotation": {"angle": -45, "axis": "y", "origin": [8, 8, 8]},
			"faces": {
				"north": {"uv": [0, 6, 1, 9], "texture": "#all"},
				"east": {"uv": [0, 6, 1, 9], "texture": "#all"},
				"south": {"uv": [0, 6, 1, 9], "texture": "#all"},
				"west": {"uv": [0, 6, 1, 9], "texture": "#all"},
				"up": {"uv": [3, 14, 4, 15], "rotation": 270, "texture": "#all"},
				"down": {"uv": [3, 15, 4, 16], "rotation": 90, "texture": "#all"}
			}
		},
		{
			"from": [7.75, 5.95, 6.5],
			"to": [8.25, 7, 9.5],
			"rotation": {"angle": -45, "axis": "y", "origin": [8, 8, 8]},
			"faces": {
				"north": {"uv": [3, 12, 4, 13], "texture": "#all"},
				"east": {"uv": [6, 12, 3, 13], "texture": "#all"},
				"south": {"uv": [5, 12, 6, 13], "texture": "#all"},
				"west": {"uv": [0, 9, 3, 10], "texture": "#all"},
				"up": {"uv": [6, 12, 3, 13], "rotation": 90, "texture": "#all"},
				"down": {"uv": [6, 12, 3, 13], "rotation": 90, "texture": "#all"}
			}
		},
		{
			"from": [7.75, 7, 8.5],
			"to": [8.25, 10, 9.5],
			"rotation": {"angle": -45, "axis": "y", "origin": [8, 8, 8]},
			"faces": {
				"north": {"uv": [2, 6, 3, 9], "texture": "#all"},
				"east": {"uv": [2, 6, 3, 9], "texture": "#all"},
				"south": {"uv": [5, 9, 6, 12], "texture": "#all"},
				"west": {"uv": [2, 6, 3, 9], "texture": "#all"},
				"up": {"uv": [5, 14, 6, 15], "rotation": 270, "texture": "#all"},
				"down": {"uv": [5, 15, 6, 16], "rotation": 90, "texture": "#all"}
			}
		},
		{
			"from": [7.5, 12, 7.75],
			"to": [8.5, 13.05, 8.25],
			"rotation": {"angle": -45, "axis": "y", "origin": [8, 8, 8]},
			"faces": {
				"north": {"uv": [4, 9, 5, 10], "texture": "#all"},
				"east": {"uv": [5, 14, 6, 16], "texture": "#all"},
				"south": {"uv": [4, 14, 5, 15], "texture": "#all"},
				"west": {"uv": [5, 14, 6, 16], "texture": "#all"},
				"up": {"uv": [4, 14, 5, 15], "texture": "#all"},
				"down": {"uv": [4, 14, 5, 15], "texture": "#all"}
			}
		},
		{
			"from": [8.5, 10, 7.75],
			"to": [9.5, 13, 8.25],
			"rotation": {"angle": -45, "axis": "y", "origin": [8, 8, 8]},
			"faces": {
				"north": {"uv": [3, 9, 4, 12], "texture": "#all"},
				"east": {"uv": [3, 9, 4, 12], "texture": "#all"},
				"south": {"uv": [3, 9, 4, 12], "texture": "#all"},
				"west": {"uv": [3, 9, 4, 12], "texture": "#all"},
				"up": {"uv": [3, 14, 4, 15], "texture": "#all"},
				"down": {"uv": [3, 15, 4, 16], "texture": "#all"}
			}
		},
		{
			"from": [6.5, 9, 7.75],
			"to": [9.5, 10, 8.25],
			"rotation": {"angle": -45, "axis": "y", "origin": [8, 8, 8]},
			"faces": {
				"north": {"uv": [3, 12, 6, 13], "texture": "#all"},
				"east": {"uv": [3, 12, 4, 13], "texture": "#all"},
				"south": {"uv": [6, 12, 3, 13], "texture": "#all"},
				"west": {"uv": [5, 12, 6, 13], "texture": "#all"},
				"up": {"uv": [0, 14, 3, 15], "rotation": 180, "texture": "#all"},
				"down": {"uv": [6, 12, 3, 13], "texture": "#all"}
			}
		},
		{
			"from": [6.5, 10, 7.75],
			"to": [7.5, 13, 8.25],
			"rotation": {"angle": -45, "axis": "y", "origin": [8, 8, 8]},
			"faces": {
				"north": {"uv": [5, 9, 6, 12], "texture": "#all"},
				"east": {"uv": [5, 9, 6, 12], "texture": "#all"},
				"south": {"uv": [5, 9, 6, 12], "texture": "#all"},
				"west": {"uv": [5, 9, 6, 12], "texture": "#all"},
				"up": {"uv": [5, 14, 6, 15], "texture": "#all"},
				"down": {"uv": [5, 15, 6, 16], "texture": "#all"}
			}
		},
		{
			"from": [7.75, 13, 6.5],
			"to": [8.25, 15, 7.5],
			"rotation": {"angle": -45, "axis": "y", "origin": [8, 8, 8]},
			"faces": {
				"north": {"uv": [3, 14, 4, 16], "texture": "#all"},
				"east": {"uv": [3, 14, 4, 16], "texture": "#all"},
				"south": {"uv": [3, 14, 4, 16], "texture": "#all"},
				"west": {"uv": [3, 14, 4, 16], "texture": "#all"},
				"up": {"uv": [3, 14, 4, 15], "rotation": 270, "texture": "#all"},
				"down": {"uv": [3, 15, 4, 16], "rotation": 90, "texture": "#all"}
			}
		},
		{
			"from": [7.75, 11.95, 6.5],
			"to": [8.25, 13, 9.5],
			"rotation": {"angle": -45, "axis": "y", "origin": [8, 8, 8]},
			"faces": {
				"north": {"uv": [2, 14, 3, 15], "texture": "#all"},
				"east": {"uv": [0, 14, 3, 15], "texture": "#all"},
				"south": {"uv": [0, 14, 1, 15], "texture": "#all"},
				"west": {"uv": [3, 14, 0, 15], "texture": "#all"},
				"up": {"uv": [0, 14, 3, 15], "rotation": 90, "texture": "#all"},
				"down": {"uv": [0, 14, 3, 15], "rotation": 90, "texture": "#all"}
			}
		},
		{
			"from": [7.75, 13, 8.5],
			"to": [8.25, 15, 9.5],
			"rotation": {"angle": -45, "axis": "y", "origin": [8, 8, 8]},
			"faces": {
				"north": {"uv": [5, 14, 6, 16], "texture": "#all"},
				"east": {"uv": [5, 14, 6, 16], "texture": "#all"},
				"south": {"uv": [5, 14, 6, 16], "texture": "#all"},
				"west": {"uv": [5, 14, 6, 16], "texture": "#all"},
				"up": {"uv": [5, 14, 6, 15], "rotation": 270, "texture": "#all"},
				"down": {"uv": [5, 15, 6, 16], "rotation": 90, "texture": "#all"}
			}
		},
		{
			"from": [7.75, 14, 7.5],
			"to": [8.25, 15.05, 8.5],
			"rotation": {"angle": -45, "axis": "y", "origin": [8, 8, 8]},
			"faces": {
				"north": {"uv": [5, 14, 6, 16], "texture": "#all"},
				"east": {"uv": [4, 14, 5, 15], "texture": "#all"},
				"south": {"uv": [5, 14, 6, 16], "texture": "#all"},
				"west": {"uv": [4, 14, 5, 15], "texture": "#all"},
				"up": {"uv": [4, 14, 5, 15], "rotation": 270, "texture": "#all"},
				"down": {"uv": [4, 14, 5, 15], "rotation": 90, "texture": "#all"}
			}
		},
		{
			"from": [7.5, 13.9, 7.75],
			"to": [8.5, 15, 8.25],
			"rotation": {"angle": -45, "axis": "y", "origin": [8, 8, 8]},
			"faces": {
				"north": {"uv": [4, 2, 5, 1], "texture": "#all"},
				"east": {"uv": [5, 16, 6, 14], "texture": "#all"},
				"south": {"uv": [4, 2, 5, 1], "texture": "#all"},
				"west": {"uv": [5, 16, 6, 14], "texture": "#all"},
				"up": {"uv": [4, 2, 5, 1], "texture": "#all"},
				"down": {"uv": [4, 2, 5, 1], "texture": "#all"}
			}
		},
		{
			"from": [6.5, 14, 7.75],
			"to": [7.5, 16, 8.25],
			"rotation": {"angle": -45, "axis": "y", "origin": [8, 8, 8]},
			"faces": {
				"north": {"uv": [5, 16, 6, 14], "texture": "#all"},
				"east": {"uv": [5, 16, 6, 14], "texture": "#all"},
				"south": {"uv": [5, 16, 6, 14], "texture": "#all"},
				"west": {"uv": [5, 16, 6, 14], "texture": "#all"},
				"up": {"uv": [5, 16, 6, 15], "texture": "#all"},
				"down": {"uv": [5, 15, 6, 14], "texture": "#all"}
			}
		},
		{
			"from": [8.5, 14, 7.75],
			"to": [9.5, 16, 8.25],
			"rotation": {"angle": -45, "axis": "y", "origin": [8, 8, 8]},
			"faces": {
				"north": {"uv": [3, 2, 4, 0], "texture": "#all"},
				"east": {"uv": [3, 2, 4, 0], "texture": "#all"},
				"south": {"uv": [3, 2, 4, 0], "texture": "#all"},
				"west": {"uv": [3, 2, 4, 0], "texture": "#all"},
				"up": {"uv": [3, 2, 4, 0], "texture": "#all"},
				"down": {"uv": [3, 2, 4, 0], "texture": "#all"}
			}
		}
	],
	"groups": [
		0,
		1,
		{
			"name": "Chain",
			"origin": [9, 0, 5],
			"color": 0,
			"children": [
				{
					"name": "Chain Part",
					"origin": [9, 0, 5],
					"color": 0,
					"children": [2, 3, 4]
				},
				{
					"name": "Chain Part",
					"origin": [8.5, 3.25, 5.25],
					"color": 0,
					"children": [5, 6, 7, 8]
				},
				{
					"name": "Chain Part",
					"origin": [8.5, 4.5, 5.25],
					"color": 0,
					"children": [9, 10, 11, 12]
				},
				{
					"name": "Chain Part",
					"origin": [8.5, 4.5, 5.25],
					"color": 0,
					"children": [13, 14, 15, 16]
				},
				{
					"name": "Chain Part",
					"origin": [8.5, 4.5, 5.25],
					"color": 0,
					"children": [17, 18, 19, 20]
				},
				{
					"name": "Chain Part",
					"origin": [8.5, 3.25, 5.25],
					"color": 0,
					"children": [21, 22, 23, 24]
				},
				{
					"name": "Chain Part",
					"origin": [9, 0, 5],
					"color": 0,
					"children": [25, 26, 27]
				}
			]
		}
	]
}