{
	"format_version": "1.21.6",
	"credit": "Made with Blockbench",
	"parent": "minecraft:block/cube_all",
	"textures": {
		"2": "item/copper_door_bottom",
		"all": "block/chiseled_copper"
	},
	"elements": [
		{
			"from": [1, 1, 1],
			"to": [15, 15, 15],
			"rotation": {"angle": 0, "axis": "y", "origin": [1, 0, 1]},
			"faces": {
				"north": {"uv": [1, 1, 15, 15], "texture": "#all", "cullface": "north"},
				"east": {"uv": [1, 1, 15, 15], "texture": "#all", "cullface": "east"},
				"south": {"uv": [1, 1, 15, 15], "texture": "#all", "cullface": "south"},
				"west": {"uv": [1, 1, 15, 15], "texture": "#all", "cullface": "west"},
				"up": {"uv": [1, 1, 15, 15], "texture": "#all", "cullface": "up"},
				"down": {"uv": [1, 1, 15, 15], "texture": "#all", "cullface": "down"}
			}
		},
		{
			"from": [0, 0, 0],
			"to": [2, 16, 2],
			"faces": {
				"north": {"uv": [14, 0, 16, 16], "texture": "#all"},
				"east": {"uv": [16, 0, 14, 16], "texture": "#all"},
				"south": {"uv": [2, 0, 0, 16], "texture": "#all"},
				"west": {"uv": [0, 0, 2, 16], "texture": "#all"},
				"up": {"uv": [16, 16, 14, 14], "texture": "#all"},
				"down": {"uv": [16, 0, 14, 2], "texture": "#all"}
			}
		},
		{
			"from": [2, 0, 0],
			"to": [14, 2, 2],
			"rotation": {"angle": 0, "axis": "y", "origin": [8, 8, 8]},
			"faces": {
				"north": {"uv": [2, 14, 14, 16], "texture": "#all"},
				"east": {"uv": [16, 0, 14, 16], "texture": "#all"},
				"south": {"uv": [2, 14, 14, 16], "texture": "#all"},
				"west": {"uv": [0, 0, 2, 16], "texture": "#all"},
				"up": {"uv": [2, 14, 14, 16], "texture": "#all"},
				"down": {"uv": [2, 2, 14, 0], "texture": "#all"}
			}
		},
		{
			"from": [2, 14, 14],
			"to": [14, 16, 16],
			"rotation": {"angle": 0, "axis": "y", "origin": [8, 8, 8]},
			"faces": {
				"north": {"uv": [2, 16, 14, 14], "texture": "#all"},
				"east": {"uv": [0, 16, 2, 0], "texture": "#all"},
				"south": {"uv": [2, 0, 14, 2], "texture": "#all"},
				"west": {"uv": [16, 16, 14, 0], "texture": "#all"},
				"up": {"uv": [2, 2, 14, 0], "texture": "#all"},
				"down": {"uv": [2, 16, 14, 14], "rotation": 180, "texture": "#all"}
			}
		},
		{
			"from": [2, 0, 14],
			"to": [14, 2, 16],
			"rotation": {"angle": 0, "axis": "y", "origin": [8, 8, 8]},
			"faces": {
				"north": {"uv": [2, 14, 14, 16], "texture": "#all"},
				"east": {"uv": [0, 0, 2, 16], "texture": "#all"},
				"south": {"uv": [2, 14, 14, 16], "texture": "#all"},
				"west": {"uv": [16, 0, 14, 16], "texture": "#all"},
				"up": {"uv": [2, 14, 14, 16], "rotation": 180, "texture": "#all"},
				"down": {"uv": [2, 16, 14, 14], "texture": "#all"}
			}
		},
		{
			"from": [0, 0, 2],
			"to": [2, 2, 14],
			"rotation": {"angle": 0, "axis": "y", "origin": [8, 8, 8]},
			"faces": {
				"north": {"uv": [16, 0, 14, 16], "texture": "#all"},
				"east": {"uv": [2, 14, 14, 16], "texture": "#all"},
				"south": {"uv": [0, 0, 2, 16], "texture": "#all"},
				"west": {"uv": [2, 14, 14, 16], "texture": "#all"},
				"up": {"uv": [2, 14, 14, 16], "rotation": 270, "texture": "#all"},
				"down": {"uv": [16, 2, 14, 14], "texture": "#all"}
			}
		},
		{
			"from": [0, 14, 2],
			"to": [2, 16, 14],
			"rotation": {"angle": 0, "axis": "y", "origin": [8, 8, 8]},
			"faces": {
				"north": {"uv": [16, 16, 14, 0], "texture": "#all"},
				"east": {"uv": [2, 16, 14, 14], "texture": "#all"},
				"south": {"uv": [0, 16, 2, 0], "texture": "#all"},
				"west": {"uv": [2, 0, 14, 2], "texture": "#all"},
				"up": {"uv": [16, 2, 14, 14], "texture": "#all"},
				"down": {"uv": [2, 16, 14, 14], "rotation": 90, "texture": "#all"}
			}
		},
		{
			"from": [14, 14, 2],
			"to": [16, 16, 14],
			"rotation": {"angle": 0, "axis": "y", "origin": [8, 8, 8]},
			"faces": {
				"north": {"uv": [0, 16, 2, 0], "texture": "#all"},
				"east": {"uv": [2, 0, 14, 2], "texture": "#all"},
				"south": {"uv": [16, 16, 14, 0], "texture": "#all"},
				"west": {"uv": [2, 16, 14, 14], "texture": "#all"},
				"up": {"uv": [2, 2, 0, 14], "texture": "#all"},
				"down": {"uv": [2, 16, 14, 14], "rotation": 270, "texture": "#all"}
			}
		},
		{
			"from": [14, 0, 2],
			"to": [16, 2, 14],
			"rotation": {"angle": 0, "axis": "y", "origin": [8, 8, 8]},
			"faces": {
				"north": {"uv": [0, 0, 2, 16], "texture": "#all"},
				"east": {"uv": [2, 14, 14, 16], "texture": "#all"},
				"south": {"uv": [16, 0, 14, 16], "texture": "#all"},
				"west": {"uv": [2, 14, 14, 16], "texture": "#all"},
				"up": {"uv": [2, 14, 14, 16], "rotation": 90, "texture": "#all"},
				"down": {"uv": [2, 2, 0, 14], "texture": "#all"}
			}
		},
		{
			"from": [2, 14, 0],
			"to": [14, 16, 2],
			"rotation": {"angle": 0, "axis": "y", "origin": [8, 8, 8]},
			"faces": {
				"north": {"uv": [2, 0, 14, 2], "texture": "#all"},
				"east": {"uv": [16, 16, 14, 0], "texture": "#all"},
				"south": {"uv": [2, 16, 14, 14], "texture": "#all"},
				"west": {"uv": [0, 16, 2, 0], "texture": "#all"},
				"up": {"uv": [2, 16, 14, 14], "texture": "#all"},
				"down": {"uv": [2, 16, 14, 14], "texture": "#all"}
			}
		},
		{
			"from": [0, 0, 14],
			"to": [2, 16, 16],
			"rotation": {"angle": 0, "axis": "y", "origin": [2, 0, 14]},
			"faces": {
				"north": {"uv": [16, 0, 14, 16], "texture": "#all"},
				"east": {"uv": [2, 0, 0, 16], "texture": "#all"},
				"south": {"uv": [0, 0, 2, 16], "texture": "#all"},
				"west": {"uv": [14, 0, 16, 16], "texture": "#all"},
				"up": {"uv": [16, 0, 14, 2], "texture": "#all"},
				"down": {"uv": [16, 16, 14, 14], "texture": "#all"}
			}
		},
		{
			"from": [14, 0, 14],
			"to": [16, 16, 16],
			"rotation": {"angle": 0, "axis": "y", "origin": [16, 0, 16]},
			"faces": {
				"north": {"uv": [2, 0, 0, 16], "texture": "#all"},
				"east": {"uv": [0, 0, 2, 16], "texture": "#all"},
				"south": {"uv": [14, 0, 16, 16], "texture": "#all"},
				"west": {"uv": [16, 0, 14, 16], "texture": "#all"},
				"up": {"uv": [2, 2, 0, 0], "texture": "#all"},
				"down": {"uv": [2, 16, 0, 14], "texture": "#all"}
			}
		},
		{
			"from": [14, 0, 0],
			"to": [16, 16, 2],
			"rotation": {"angle": 0, "axis": "y", "origin": [14, 0, 2]},
			"faces": {
				"north": {"uv": [0, 0, 2, 16], "texture": "#all"},
				"east": {"uv": [14, 0, 16, 16], "texture": "#all"},
				"south": {"uv": [16, 0, 14, 16], "texture": "#all"},
				"west": {"uv": [2, 0, 0, 16], "texture": "#all"},
				"up": {"uv": [2, 16, 0, 14], "texture": "#all"},
				"down": {"uv": [2, 2, 0, 0], "texture": "#all"}
			}
		},
		{
			"from": [6.01041, -0.71802, 0.55],
			"to": [10.01041, 16.53198, 1.8],
			"rotation": {"angle": 45, "axis": "z", "origin": [8.01041, 8.03198, 1.425]},
			"faces": {
				"north": {"uv": [1, 16, 16, 12], "rotation": 90, "texture": "#2", "cullface": "north"},
				"east": {"uv": [1, 12, 16, 13], "rotation": 90, "texture": "#2", "cullface": "north"},
				"west": {"uv": [1, 15, 16, 16], "rotation": 90, "texture": "#2", "cullface": "north"},
				"up": {"uv": [1, 16, 2, 12], "rotation": 90, "texture": "#2", "cullface": "north"},
				"down": {"uv": [15, 16, 16, 12], "rotation": 90, "texture": "#2", "cullface": "north"}
			}
		},
		{
			"from": [6.01041, -0.71802, 0.5],
			"to": [10.01041, 16.53198, 1.75],
			"rotation": {"angle": -45, "axis": "z", "origin": [8.01041, 8.03198, 1.375]},
			"faces": {
				"north": {"uv": [1, 12, 16, 16], "rotation": 90, "texture": "#2", "cullface": "north"},
				"east": {"uv": [1, 15, 16, 16], "rotation": 90, "texture": "#2", "cullface": "north"},
				"south": {"uv": [0, 0, 4, 16], "texture": "#missing", "cullface": "north"},
				"west": {"uv": [1, 12, 16, 13], "rotation": 90, "texture": "#2", "cullface": "north"},
				"up": {"uv": [1, 16, 2, 12], "rotation": 90, "texture": "#2", "cullface": "north"},
				"down": {"uv": [15, 16, 16, 12], "rotation": 90, "texture": "#2", "cullface": "north"}
			}
		},
		{
			"from": [6, 6, 0.25],
			"to": [10, 10, 1.75],
			"rotation": {"angle": 0, "axis": "y", "origin": [6, 6, 0.25]},
			"faces": {
				"north": {"uv": [6, 6, 10, 10], "texture": "#all", "cullface": "north"},
				"east": {"uv": [6, 6, 7, 10], "texture": "#all", "cullface": "north"},
				"south": {"uv": [6, 6, 10, 10], "texture": "#all", "cullface": "north"},
				"west": {"uv": [9, 6, 10, 10], "texture": "#all", "cullface": "north"},
				"up": {"uv": [6, 6, 10, 7], "texture": "#all", "cullface": "north"},
				"down": {"uv": [6, 9, 10, 10], "texture": "#all", "cullface": "north"}
			}
		},
		{
			"from": [7, 7, 0],
			"to": [9, 9, 1.5],
			"rotation": {"angle": 0, "axis": "y", "origin": [7, 7, 0]},
			"faces": {
				"north": {"uv": [7, 7, 9, 9], "texture": "#all", "cullface": "north"},
				"east": {"uv": [7, 7, 9, 9], "texture": "#all", "cullface": "north"},
				"south": {"uv": [7, 7, 9, 9], "texture": "#all", "cullface": "north"},
				"west": {"uv": [7, 7, 9, 9], "texture": "#all", "cullface": "north"},
				"up": {"uv": [7, 7, 9, 9], "texture": "#all", "cullface": "north"},
				"down": {"uv": [7, 7, 9, 9], "texture": "#all", "cullface": "north"}
			}
		},
		{
			"from": [5.98959, -0.71802, 14.2],
			"to": [9.98959, 16.53198, 15.45],
			"rotation": {"angle": -45, "axis": "z", "origin": [7.98959, 8.03198, 14.575]},
			"faces": {
				"north": {"uv": [0, 0, 4, 16], "texture": "#missing"},
				"east": {"uv": [1, 15, 16, 16], "rotation": 90, "texture": "#2", "cullface": "south"},
				"south": {"uv": [1, 16, 16, 12], "rotation": 90, "texture": "#2", "cullface": "south"},
				"west": {"uv": [1, 12, 16, 13], "rotation": 90, "texture": "#2", "cullface": "south"},
				"up": {"uv": [2, 12, 1, 16], "rotation": 90, "texture": "#2", "cullface": "south"},
				"down": {"uv": [16, 12, 15, 16], "rotation": 90, "texture": "#2", "cullface": "south"}
			}
		},
		{
			"from": [5.98959, -0.71802, 14.25],
			"to": [9.98959, 16.53198, 15.5],
			"rotation": {"angle": 45, "axis": "z", "origin": [7.98959, 8.03198, 14.625]},
			"faces": {
				"north": {"uv": [0, 0, 4, 16], "texture": "#missing"},
				"east": {"uv": [1, 12, 16, 13], "rotation": 90, "texture": "#2", "cullface": "south"},
				"south": {"uv": [1, 12, 16, 16], "rotation": 90, "texture": "#2", "cullface": "south"},
				"west": {"uv": [1, 15, 16, 16], "rotation": 90, "texture": "#2", "cullface": "south"},
				"up": {"uv": [2, 12, 1, 16], "rotation": 90, "texture": "#2", "cullface": "south"},
				"down": {"uv": [16, 12, 15, 16], "rotation": 90, "texture": "#2", "cullface": "south"}
			}
		},
		{
			"from": [6, 6, 14.25],
			"to": [10, 10, 15.75],
			"rotation": {"angle": 0, "axis": "y", "origin": [10, 6, 15.75]},
			"faces": {
				"north": {"uv": [6, 6, 10, 10], "texture": "#all"},
				"east": {"uv": [9, 6, 10, 10], "texture": "#all", "cullface": "south"},
				"south": {"uv": [6, 6, 10, 10], "texture": "#all", "cullface": "south"},
				"west": {"uv": [6, 6, 7, 10], "texture": "#all", "cullface": "south"},
				"up": {"uv": [10, 7, 6, 6], "texture": "#all", "cullface": "south"},
				"down": {"uv": [10, 10, 6, 9], "texture": "#all", "cullface": "south"}
			}
		},
		{
			"from": [7, 7, 14.5],
			"to": [9, 9, 16],
			"rotation": {"angle": 0, "axis": "y", "origin": [9, 7, 16]},
			"faces": {
				"north": {"uv": [7, 7, 9, 9], "texture": "#all"},
				"east": {"uv": [7, 7, 9, 9], "texture": "#all", "cullface": "south"},
				"south": {"uv": [7, 7, 9, 9], "texture": "#all", "cullface": "south"},
				"west": {"uv": [7, 7, 9, 9], "texture": "#all", "cullface": "south"},
				"up": {"uv": [9, 9, 7, 7], "texture": "#all", "cullface": "south"},
				"down": {"uv": [9, 9, 7, 7], "texture": "#all", "cullface": "south"}
			}
		},
		{
			"from": [0.55, -0.74301, 5.95008],
			"to": [1.8, 16.50699, 9.95008],
			"rotation": {"angle": 45, "axis": "x", "origin": [8, 8, 8]},
			"faces": {
				"north": {"uv": [1, 12, 16, 13], "rotation": 90, "texture": "#2", "cullface": "west"},
				"south": {"uv": [1, 15, 16, 16], "rotation": 90, "texture": "#2", "cullface": "west"},
				"west": {"uv": [1, 16, 16, 12], "rotation": 90, "texture": "#2", "cullface": "west"},
				"up": {"uv": [2, 12, 1, 16], "rotation": 180, "texture": "#2", "cullface": "west"},
				"down": {"uv": [16, 12, 15, 16], "texture": "#2", "cullface": "west"}
			}
		},
		{
			"from": [0.5, -0.72829, 6.0352],
			"to": [1.75, 16.52171, 10.0352],
			"rotation": {"angle": -45, "axis": "x", "origin": [8, 8, 8]},
			"faces": {
				"north": {"uv": [1, 15, 16, 16], "rotation": 90, "texture": "#2", "cullface": "west"},
				"east": {"uv": [0, 0, 4, 16], "texture": "#missing"},
				"south": {"uv": [1, 12, 16, 13], "rotation": 90, "texture": "#2", "cullface": "west"},
				"west": {"uv": [1, 12, 16, 16], "rotation": 90, "texture": "#2", "cullface": "west"},
				"up": {"uv": [2, 12, 1, 16], "rotation": 180, "texture": "#2", "cullface": "west"},
				"down": {"uv": [16, 12, 15, 16], "texture": "#2", "cullface": "west"}
			}
		},
		{
			"from": [0.25, 6, 6],
			"to": [1.75, 10, 10],
			"rotation": {"angle": 0, "axis": "y", "origin": [8, 8, 8]},
			"faces": {
				"north": {"uv": [6, 6, 7, 10], "texture": "#all", "cullface": "west"},
				"east": {"uv": [6, 6, 10, 10], "texture": "#all"},
				"south": {"uv": [9, 6, 10, 10], "texture": "#all", "cullface": "west"},
				"west": {"uv": [6, 6, 10, 10], "texture": "#all", "cullface": "west"},
				"up": {"uv": [10, 7, 6, 6], "rotation": 90, "texture": "#all", "cullface": "west"},
				"down": {"uv": [10, 10, 6, 9], "rotation": 270, "texture": "#all", "cullface": "west"}
			}
		},
		{
			"from": [0, 7, 7],
			"to": [1.5, 9, 9],
			"rotation": {"angle": 0, "axis": "y", "origin": [8, 8, 8]},
			"faces": {
				"north": {"uv": [7, 7, 9, 9], "texture": "#all", "cullface": "west"},
				"east": {"uv": [7, 7, 9, 9], "texture": "#all"},
				"south": {"uv": [7, 7, 9, 9], "texture": "#all", "cullface": "west"},
				"west": {"uv": [7, 7, 9, 9], "texture": "#all", "cullface": "west"},
				"up": {"uv": [9, 9, 7, 7], "rotation": 90, "texture": "#all", "cullface": "west"},
				"down": {"uv": [9, 9, 7, 7], "rotation": 270, "texture": "#all", "cullface": "west"}
			}
		},
		{
			"from": [14.2, -0.74301, 6.04992],
			"to": [15.45, 16.50699, 10.04992],
			"rotation": {"angle": -45, "axis": "x", "origin": [8, 8, 8]},
			"faces": {
				"north": {"uv": [1, 15, 16, 16], "rotation": 90, "texture": "#2", "cullface": "east"},
				"east": {"uv": [1, 16, 16, 12], "rotation": 90, "texture": "#2", "cullface": "east"},
				"south": {"uv": [1, 12, 16, 13], "rotation": 90, "texture": "#2", "cullface": "east"},
				"up": {"uv": [1, 16, 2, 12], "rotation": 180, "texture": "#2", "cullface": "east"},
				"down": {"uv": [15, 16, 16, 12], "texture": "#2", "cullface": "east"}
			}
		},
		{
			"from": [14.25, -0.72829, 5.9648],
			"to": [15.5, 16.52171, 9.9648],
			"rotation": {"angle": 45, "axis": "x", "origin": [8, 8, 8]},
			"faces": {
				"north": {"uv": [1, 12, 16, 13], "rotation": 90, "texture": "#2", "cullface": "east"},
				"east": {"uv": [1, 12, 16, 16], "rotation": 90, "texture": "#2", "cullface": "east"},
				"south": {"uv": [1, 15, 16, 16], "rotation": 90, "texture": "#2", "cullface": "east"},
				"west": {"uv": [0, 0, 4, 16], "texture": "#missing"},
				"up": {"uv": [1, 16, 2, 12], "rotation": 180, "texture": "#2", "cullface": "east"},
				"down": {"uv": [15, 16, 16, 12], "texture": "#2", "cullface": "east"}
			}
		},
		{
			"from": [14.25, 6, 6],
			"to": [15.75, 10, 10],
			"rotation": {"angle": 0, "axis": "y", "origin": [8, 8, 8]},
			"faces": {
				"north": {"uv": [9, 6, 10, 10], "texture": "#all", "cullface": "east"},
				"east": {"uv": [6, 6, 10, 10], "texture": "#all", "cullface": "east"},
				"south": {"uv": [6, 6, 7, 10], "texture": "#all", "cullface": "east"},
				"west": {"uv": [6, 6, 10, 10], "texture": "#all"},
				"up": {"uv": [6, 6, 10, 7], "rotation": 90, "texture": "#all", "cullface": "east"},
				"down": {"uv": [6, 9, 10, 10], "rotation": 270, "texture": "#all", "cullface": "east"}
			}
		},
		{
			"from": [14.5, 7, 7],
			"to": [16, 9, 9],
			"rotation": {"angle": 0, "axis": "y", "origin": [8, 8, 8]},
			"faces": {
				"north": {"uv": [7, 7, 9, 9], "texture": "#all", "cullface": "east"},
				"east": {"uv": [7, 7, 9, 9], "texture": "#all", "cullface": "east"},
				"south": {"uv": [7, 7, 9, 9], "texture": "#all", "cullface": "east"},
				"west": {"uv": [7, 7, 9, 9], "texture": "#all"},
				"up": {"uv": [7, 7, 9, 9], "rotation": 90, "texture": "#all", "cullface": "east"},
				"down": {"uv": [7, 7, 9, 9], "rotation": 270, "texture": "#all", "cullface": "east"}
			}
		},
		{
			"from": [5.95008, 0.55, -0.74301],
			"to": [9.95008, 1.8, 16.50699],
			"rotation": {"angle": 45, "axis": "y", "origin": [8, 8, 8]},
			"faces": {
				"north": {"uv": [16, 12, 15, 16], "rotation": 270, "texture": "#2", "cullface": "down"},
				"east": {"uv": [1, 15, 16, 16], "texture": "#2", "cullface": "down"},
				"south": {"uv": [2, 12, 1, 16], "rotation": 90, "texture": "#2", "cullface": "down"},
				"west": {"uv": [1, 12, 16, 13], "rotation": 180, "texture": "#2", "cullface": "down"},
				"down": {"uv": [1, 16, 16, 12], "rotation": 90, "texture": "#2", "cullface": "down"}
			}
		},
		{
			"from": [6.0352, 0.5, -0.72829],
			"to": [10.0352, 1.75, 16.52171],
			"rotation": {"angle": -45, "axis": "y", "origin": [8, 8, 8]},
			"faces": {
				"north": {"uv": [16, 12, 15, 16], "rotation": 270, "texture": "#2", "cullface": "down"},
				"east": {"uv": [1, 12, 16, 13], "texture": "#2", "cullface": "down"},
				"south": {"uv": [2, 12, 1, 16], "rotation": 90, "texture": "#2", "cullface": "down"},
				"west": {"uv": [1, 15, 16, 16], "rotation": 180, "texture": "#2", "cullface": "down"},
				"up": {"uv": [0, 0, 4, 16], "rotation": 180, "texture": "#missing"},
				"down": {"uv": [1, 12, 16, 16], "rotation": 90, "texture": "#2", "cullface": "down"}
			}
		},
		{
			"from": [6, 0.25, 6],
			"to": [10, 1.75, 10],
			"rotation": {"angle": 0, "axis": "y", "origin": [8, 8, 8]},
			"faces": {
				"north": {"uv": [10, 10, 6, 9], "rotation": 180, "texture": "#all", "cullface": "down"},
				"east": {"uv": [9, 6, 10, 10], "rotation": 270, "texture": "#all", "cullface": "down"},
				"south": {"uv": [10, 7, 6, 6], "texture": "#all", "cullface": "down"},
				"west": {"uv": [6, 6, 7, 10], "rotation": 90, "texture": "#all", "cullface": "down"},
				"up": {"uv": [6, 6, 10, 10], "rotation": 180, "texture": "#all"},
				"down": {"uv": [6, 6, 10, 10], "texture": "#all", "cullface": "down"}
			}
		},
		{
			"from": [7, 0, 7],
			"to": [9, 1.5, 9],
			"rotation": {"angle": 0, "axis": "y", "origin": [8, 8, 8]},
			"faces": {
				"north": {"uv": [9, 9, 7, 7], "rotation": 180, "texture": "#all", "cullface": "down"},
				"east": {"uv": [7, 7, 9, 9], "rotation": 270, "texture": "#all", "cullface": "down"},
				"south": {"uv": [9, 9, 7, 7], "texture": "#all", "cullface": "down"},
				"west": {"uv": [7, 7, 9, 9], "rotation": 90, "texture": "#all", "cullface": "down"},
				"up": {"uv": [7, 7, 9, 9], "rotation": 180, "texture": "#all"},
				"down": {"uv": [7, 7, 9, 9], "texture": "#all", "cullface": "down"}
			}
		},
		{
			"from": [6.04992, 14.2, -0.74301],
			"to": [10.04992, 15.45, 16.50699],
			"rotation": {"angle": -45, "axis": "y", "origin": [8, 8, 8]},
			"faces": {
				"north": {"uv": [15, 16, 16, 12], "rotation": 270, "texture": "#2", "cullface": "up"},
				"east": {"uv": [1, 12, 16, 13], "texture": "#2", "cullface": "up"},
				"south": {"uv": [1, 16, 2, 12], "rotation": 90, "texture": "#2", "cullface": "up"},
				"west": {"uv": [1, 15, 16, 16], "rotation": 180, "texture": "#2", "cullface": "up"},
				"up": {"uv": [1, 16, 16, 12], "rotation": 270, "texture": "#2", "cullface": "up"}
			}
		},
		{
			"from": [5.9648, 14.25, -0.72829],
			"to": [9.9648, 15.5, 16.52171],
			"rotation": {"angle": 45, "axis": "y", "origin": [8, 8, 8]},
			"faces": {
				"north": {"uv": [15, 16, 16, 12], "rotation": 270, "texture": "#2", "cullface": "up"},
				"east": {"uv": [1, 15, 16, 16], "texture": "#2", "cullface": "up"},
				"south": {"uv": [1, 16, 2, 12], "rotation": 90, "texture": "#2", "cullface": "up"},
				"west": {"uv": [1, 12, 16, 13], "rotation": 180, "texture": "#2", "cullface": "up"},
				"up": {"uv": [1, 12, 16, 16], "rotation": 270, "texture": "#2", "cullface": "up"},
				"down": {"uv": [0, 0, 4, 16], "texture": "#missing"}
			}
		},
		{
			"from": [6, 14.25, 6],
			"to": [10, 15.75, 10],
			"rotation": {"angle": 0, "axis": "y", "origin": [8, 8, 8]},
			"faces": {
				"north": {"uv": [6, 9, 10, 10], "rotation": 180, "texture": "#all", "cullface": "up"},
				"east": {"uv": [6, 6, 7, 10], "rotation": 270, "texture": "#all", "cullface": "up"},
				"south": {"uv": [6, 6, 10, 7], "texture": "#all", "cullface": "up"},
				"west": {"uv": [9, 6, 10, 10], "rotation": 90, "texture": "#all", "cullface": "up"},
				"up": {"uv": [6, 6, 10, 10], "rotation": 180, "texture": "#all", "cullface": "up"},
				"down": {"uv": [6, 6, 10, 10], "texture": "#all"}
			}
		},
		{
			"from": [7, 14.5, 7],
			"to": [9, 16, 9],
			"rotation": {"angle": 0, "axis": "y", "origin": [8, 8, 8]},
			"faces": {
				"north": {"uv": [7, 7, 9, 9], "rotation": 180, "texture": "#all", "cullface": "up"},
				"east": {"uv": [7, 7, 9, 9], "rotation": 270, "texture": "#all", "cullface": "up"},
				"south": {"uv": [7, 7, 9, 9], "texture": "#all", "cullface": "up"},
				"west": {"uv": [7, 7, 9, 9], "rotation": 90, "texture": "#all", "cullface": "up"},
				"up": {"uv": [7, 7, 9, 9], "rotation": 180, "texture": "#all", "cullface": "up"},
				"down": {"uv": [7, 7, 9, 9], "texture": "#all"}
			}
		}
	],
	"groups": [
		0,
		1,
		2,
		3,
		4,
		5,
		6,
		7,
		8,
		9,
		10,
		11,
		12,
		{
			"name": "The Side Details",
			"origin": [7, 7, 0],
			"color": 0,
			"children": [13, 14, 15, 16]
		},
		{
			"name": "The Side Details",
			"origin": [7, 7, 0],
			"color": 0,
			"children": [17, 18, 19, 20]
		},
		{
			"name": "The Side Details",
			"origin": [7, 7, 0],
			"color": 0,
			"children": [21, 22, 23, 24]
		},
		{
			"name": "The Side Details",
			"origin": [7, 7, 0],
			"color": 0,
			"children": [25, 26, 27, 28]
		},
		{
			"name": "The Side Details",
			"origin": [7, 7, 0],
			"color": 0,
			"children": [29, 30, 31, 32]
		},
		{
			"name": "The Side Details",
			"origin": [7, 7, 0],
			"color": 0,
			"children": [33, 34, 35, 36]
		}
	]
}