{
	"format_version": "1.21.6",
	"credit": "Made with Blockbench",
	"parent": "minecraft:block/cube_all",
	"textures": {
		"all": "block/copper_ore"
	},
	"elements": [
		{
			"from": [0, 0, 0],
			"to": [16, 16, 16],
			"faces": {
				"north": {"uv": [0, 0, 16, 16], "texture": "#all", "cullface": "north"},
				"east": {"uv": [0, 0, 16, 16], "texture": "#all", "cullface": "east"},
				"south": {"uv": [0, 0, 16, 16], "texture": "#all", "cullface": "south"},
				"west": {"uv": [0, 0, 16, 16], "texture": "#all", "cullface": "west"},
				"up": {"uv": [0, 0, 16, 16], "texture": "#all", "cullface": "up"},
				"down": {"uv": [0, 0, 16, 16], "texture": "#all", "cullface": "down"}
			}
		},
		{
			"from": [7, 2, -0.15],
			"to": [10, 3, 2.1],
			"light_emission": 15,
			"rotation": {"angle": 0, "axis": "y", "origin": [8, 8, 8]},
			"faces": {
				"north": {"uv": [6, 13, 9, 14], "texture": "#all", "cullface": "north"},
				"east": {"uv": [6, 13, 9, 14], "texture": "#all", "cullface": "north"},
				"south": {"uv": [0, 0, 2, 1], "texture": "#all", "cullface": "north"},
				"west": {"uv": [6, 13, 9, 14], "texture": "#all", "cullface": "north"},
				"up": {"uv": [10, 12, 5, 13], "texture": "#all", "cullface": "north"},
				"down": {"uv": [6, 13, 9, 14], "texture": "#all", "cullface": "north"}
			}
		},
		{
			"from": [12, 2, -0.25],
			"to": [14, 3, 2],
			"light_emission": 15,
			"rotation": {"angle": 0, "axis": "y", "origin": [8, 8, 8]},
			"faces": {
				"north": {"uv": [2, 13, 4, 14], "texture": "#all", "cullface": "north"},
				"east": {"uv": [4, 13, 2, 14], "texture": "#all", "cullface": "north"},
				"south": {"uv": [0, 0, 2, 1], "texture": "#all", "cullface": "north"},
				"west": {"uv": [4, 13, 2, 14], "texture": "#all", "cullface": "north"},
				"up": {"uv": [4, 13, 2, 14], "texture": "#all", "cullface": "north"},
				"down": {"uv": [4, 13, 2, 14], "texture": "#all", "cullface": "north"}
			}
		},
		{
			"from": [12, 5, -0.25],
			"to": [14, 6, 2],
			"light_emission": 15,
			"rotation": {"angle": 0, "axis": "y", "origin": [8, 8, 8]},
			"faces": {
				"north": {"uv": [2, 10, 4, 11], "texture": "#all", "cullface": "north"},
				"east": {"uv": [4, 10, 2, 11], "texture": "#all", "cullface": "north"},
				"south": {"uv": [0, 0, 2, 1], "texture": "#all", "cullface": "north"},
				"west": {"uv": [4, 10, 2, 11], "texture": "#all", "cullface": "north"},
				"up": {"uv": [4, 10, 2, 11], "texture": "#all", "cullface": "north"},
				"down": {"uv": [4, 10, 2, 11], "texture": "#all", "cullface": "north"}
			}
		},
		{
			"from": [11, 7, -0.15],
			"to": [13, 8, 2.1],
			"light_emission": 15,
			"rotation": {"angle": 0, "axis": "y", "origin": [8, 8, 8]},
			"faces": {
				"north": {"uv": [3, 8, 5, 9], "texture": "#all", "cullface": "north"},
				"east": {"uv": [5, 8, 3, 9], "texture": "#all", "cullface": "north"},
				"south": {"uv": [0, 0, 2, 1], "texture": "#all", "cullface": "north"},
				"west": {"uv": [5, 8, 3, 9], "texture": "#all", "cullface": "north"},
				"up": {"uv": [5, 8, 3, 9], "texture": "#all", "cullface": "north"},
				"down": {"uv": [5, 8, 3, 9], "texture": "#all", "cullface": "north"}
			}
		},
		{
			"from": [1, 2, -0.15],
			"to": [3, 3, 2.1],
			"light_emission": 15,
			"rotation": {"angle": 0, "axis": "y", "origin": [8, 8, 8]},
			"faces": {
				"north": {"uv": [13, 13, 15, 14], "texture": "#all", "cullface": "north"},
				"east": {"uv": [15, 13, 13, 14], "texture": "#all", "cullface": "north"},
				"south": {"uv": [0, 0, 2, 1], "texture": "#all", "cullface": "north"},
				"west": {"uv": [15, 13, 13, 14], "texture": "#all", "cullface": "north"},
				"up": {"uv": [15, 13, 13, 14], "texture": "#all", "cullface": "north"},
				"down": {"uv": [15, 13, 13, 14], "texture": "#all", "cullface": "north"}
			}
		},
		{
			"from": [3, 13, -0.25],
			"to": [5, 14, 2],
			"light_emission": 15,
			"rotation": {"angle": 0, "axis": "y", "origin": [8, 8, 8]},
			"faces": {
				"north": {"uv": [11, 2, 13, 3], "texture": "#all", "cullface": "north"},
				"east": {"uv": [13, 2, 11, 3], "texture": "#all", "cullface": "north"},
				"south": {"uv": [0, 0, 2, 1], "texture": "#all", "cullface": "north"},
				"west": {"uv": [13, 2, 11, 3], "texture": "#all", "cullface": "north"},
				"up": {"uv": [13, 2, 11, 3], "texture": "#all", "cullface": "north"},
				"down": {"uv": [13, 2, 11, 3], "texture": "#all", "cullface": "north"}
			}
		},
		{
			"from": [4, 6, -0.25],
			"to": [5, 7, 2],
			"light_emission": 15,
			"rotation": {"angle": 0, "axis": "y", "origin": [8, 8, 8]},
			"faces": {
				"north": {"uv": [11, 9, 12, 10], "texture": "#all", "cullface": "north"},
				"east": {"uv": [11, 9, 12, 10], "texture": "#all", "cullface": "north"},
				"south": {"uv": [0, 0, 2, 1], "texture": "#all", "cullface": "north"},
				"west": {"uv": [11, 9, 12, 10], "texture": "#all", "cullface": "north"},
				"up": {"uv": [11, 9, 12, 10], "texture": "#all", "cullface": "north"},
				"down": {"uv": [11, 9, 12, 10], "texture": "#all", "cullface": "north"}
			}
		},
		{
			"from": [7.9, 4, -0.15],
			"to": [8.9, 5, 2.1],
			"light_emission": 15,
			"rotation": {"angle": 0, "axis": "y", "origin": [8, 8, 8]},
			"faces": {
				"north": {"uv": [7, 11, 8, 12], "texture": "#all", "cullface": "north"},
				"east": {"uv": [7, 11, 8, 12], "texture": "#all", "cullface": "north"},
				"south": {"uv": [0, 0, 2, 1], "texture": "#all", "cullface": "north"},
				"west": {"uv": [7, 11, 8, 12], "texture": "#all", "cullface": "north"},
				"up": {"uv": [7, 11, 8, 12], "texture": "#all", "cullface": "north"},
				"down": {"uv": [7, 11, 8, 12], "texture": "#all", "cullface": "north"}
			}
		},
		{
			"from": [12, 13, -0.35],
			"to": [14, 14, 1.9],
			"light_emission": 15,
			"rotation": {"angle": 0, "axis": "y", "origin": [8, 8, 8]},
			"faces": {
				"north": {"uv": [2, 2, 4, 3], "texture": "#all", "cullface": "north"},
				"east": {"uv": [2, 2, 4, 3], "texture": "#all", "cullface": "north"},
				"south": {"uv": [0, 0, 2, 1], "texture": "#all", "cullface": "north"},
				"west": {"uv": [2, 2, 4, 3], "texture": "#all", "cullface": "north"},
				"up": {"uv": [2, 2, 4, 3], "texture": "#all", "cullface": "north"},
				"down": {"uv": [2, 2, 4, 3], "texture": "#all", "cullface": "north"}
			}
		},
		{
			"from": [9, 12, -0.25],
			"to": [11, 13, 2],
			"light_emission": 15,
			"rotation": {"angle": 0, "axis": "y", "origin": [8, 8, 8]},
			"faces": {
				"north": {"uv": [2, 2, 4, 3], "texture": "#all", "cullface": "north"},
				"east": {"uv": [2, 2, 4, 3], "texture": "#all", "cullface": "north"},
				"south": {"uv": [0, 0, 2, 1], "texture": "#all", "cullface": "north"},
				"west": {"uv": [2, 2, 4, 3], "texture": "#all", "cullface": "north"},
				"up": {"uv": [2, 2, 4, 3], "texture": "#all", "cullface": "north"},
				"down": {"uv": [2, 2, 4, 3], "texture": "#all", "cullface": "north"}
			}
		},
		{
			"from": [3, 9, -0.15],
			"to": [5, 10, 2.1],
			"light_emission": 15,
			"rotation": {"angle": 0, "axis": "y", "origin": [8, 8, 8]},
			"faces": {
				"north": {"uv": [11, 6, 13, 7], "texture": "#all", "cullface": "north"},
				"east": {"uv": [11, 6, 13, 7], "texture": "#all", "cullface": "north"},
				"south": {"uv": [0, 0, 2, 1], "texture": "#all", "cullface": "north"},
				"west": {"uv": [11, 6, 13, 7], "texture": "#all", "cullface": "north"},
				"up": {"uv": [11, 6, 13, 7], "texture": "#all", "cullface": "north"},
				"down": {"uv": [11, 6, 13, 7], "texture": "#all", "cullface": "north"}
			}
		},
		{
			"from": [2, 8, -0.35],
			"to": [7, 9, 1.9],
			"light_emission": 15,
			"rotation": {"angle": 0, "axis": "y", "origin": [8, 8, 8]},
			"faces": {
				"north": {"uv": [9, 7, 14, 8], "texture": "#all", "cullface": "north"},
				"east": {"uv": [14, 7, 9, 8], "texture": "#all", "cullface": "north"},
				"south": {"uv": [0, 0, 2, 1], "texture": "#all", "cullface": "north"},
				"west": {"uv": [14, 7, 9, 8], "texture": "#all", "cullface": "north"},
				"up": {"uv": [14, 7, 9, 8], "texture": "#all", "cullface": "north"},
				"down": {"uv": [14, 7, 9, 8], "texture": "#all", "cullface": "north"}
			}
		},
		{
			"from": [1, 7, -0.45],
			"to": [6, 8, 1.8],
			"light_emission": 15,
			"rotation": {"angle": 0, "axis": "y", "origin": [8, 8, 8]},
			"faces": {
				"north": {"uv": [10, 8, 15, 9], "texture": "#all", "cullface": "north"},
				"east": {"uv": [15, 8, 10, 9], "texture": "#all", "cullface": "north"},
				"south": {"uv": [0, 0, 2, 1], "texture": "#all", "cullface": "north"},
				"west": {"uv": [15, 8, 10, 9], "texture": "#all", "cullface": "north"},
				"up": {"uv": [15, 8, 10, 9], "texture": "#all", "cullface": "north"},
				"down": {"uv": [15, 8, 10, 9], "texture": "#all", "cullface": "north"}
			}
		},
		{
			"from": [10, 6, -0.35],
			"to": [15, 7, 1.9],
			"light_emission": 15,
			"rotation": {"angle": 0, "axis": "y", "origin": [8, 8, 8]},
			"faces": {
				"north": {"uv": [1, 9, 6, 10], "texture": "#all", "cullface": "north"},
				"east": {"uv": [6, 9, 1, 10], "texture": "#all", "cullface": "north"},
				"south": {"uv": [0, 0, 2, 1], "texture": "#all", "cullface": "north"},
				"west": {"uv": [6, 9, 1, 10], "texture": "#all", "cullface": "north"},
				"up": {"uv": [6, 9, 1, 10], "texture": "#all", "cullface": "north"},
				"down": {"uv": [6, 9, 1, 10], "texture": "#all", "cullface": "north"}
			}
		},
		{
			"from": [7, 11, -0.45],
			"to": [12, 12, 1.8],
			"light_emission": 15,
			"rotation": {"angle": 0, "axis": "y", "origin": [8, 8, 8]},
			"faces": {
				"north": {"uv": [4, 4, 9, 5], "texture": "#all", "cullface": "north"},
				"east": {"uv": [9, 4, 4, 5], "texture": "#all", "cullface": "north"},
				"south": {"uv": [0, 0, 2, 1], "texture": "#all", "cullface": "north"},
				"west": {"uv": [9, 4, 4, 5], "texture": "#all", "cullface": "north"},
				"up": {"uv": [9, 4, 4, 5], "texture": "#all", "cullface": "north"},
				"down": {"uv": [9, 4, 4, 5], "texture": "#all", "cullface": "north"}
			}
		},
		{
			"from": [9, 10, -0.35],
			"to": [13, 11, 1.9],
			"light_emission": 15,
			"rotation": {"angle": 0, "axis": "y", "origin": [8, 8, 8]},
			"faces": {
				"north": {"uv": [3, 5, 7, 6], "texture": "#all", "cullface": "north"},
				"east": {"uv": [7, 5, 3, 6], "texture": "#all", "cullface": "north"},
				"south": {"uv": [0, 0, 2, 1], "texture": "#all", "cullface": "north"},
				"west": {"uv": [7, 5, 3, 6], "texture": "#all", "cullface": "north"},
				"up": {"uv": [7, 5, 3, 6], "texture": "#all", "cullface": "north"},
				"down": {"uv": [7, 5, 3, 6], "texture": "#all", "cullface": "north"}
			}
		},
		{
			"from": [6, 3, -0.25],
			"to": [11, 4, 2],
			"light_emission": 15,
			"rotation": {"angle": 0, "axis": "y", "origin": [8, 8, 8]},
			"faces": {
				"north": {"uv": [5, 12, 10, 13], "texture": "#all", "cullface": "north"},
				"east": {"uv": [10, 12, 5, 13], "texture": "#all", "cullface": "north"},
				"south": {"uv": [0, 0, 2, 1], "texture": "#all", "cullface": "north"},
				"west": {"uv": [10, 12, 5, 13], "texture": "#all", "cullface": "north"},
				"up": {"uv": [10, 12, 5, 13], "texture": "#all", "cullface": "north"},
				"down": {"uv": [10, 12, 5, 13], "texture": "#all", "cullface": "north"}
			}
		},
		{
			"from": [6, 2, 13.9],
			"to": [9, 3, 16.15],
			"light_emission": 15,
			"rotation": {"angle": 0, "axis": "y", "origin": [8, 8, 8]},
			"faces": {
				"north": {"uv": [0, 0, 2, 1], "texture": "#all", "cullface": "south"},
				"east": {"uv": [6, 13, 9, 14], "texture": "#all", "cullface": "south"},
				"south": {"uv": [6, 13, 9, 14], "texture": "#all", "cullface": "south"},
				"west": {"uv": [6, 13, 9, 14], "texture": "#all", "cullface": "south"},
				"up": {"uv": [5, 13, 10, 12], "texture": "#all", "cullface": "south"},
				"down": {"uv": [9, 14, 6, 13], "texture": "#all", "cullface": "south"}
			}
		},
		{
			"from": [2, 2, 14],
			"to": [4, 3, 16.25],
			"light_emission": 15,
			"rotation": {"angle": 0, "axis": "y", "origin": [8, 8, 8]},
			"faces": {
				"north": {"uv": [0, 0, 2, 1], "texture": "#all", "cullface": "south"},
				"east": {"uv": [4, 13, 2, 14], "texture": "#all", "cullface": "south"},
				"south": {"uv": [2, 13, 4, 14], "texture": "#all", "cullface": "south"},
				"west": {"uv": [4, 13, 2, 14], "texture": "#all", "cullface": "south"},
				"up": {"uv": [2, 14, 4, 13], "texture": "#all", "cullface": "south"},
				"down": {"uv": [2, 14, 4, 13], "texture": "#all", "cullface": "south"}
			}
		},
		{
			"from": [2, 5, 14],
			"to": [4, 6, 16.25],
			"light_emission": 15,
			"rotation": {"angle": 0, "axis": "y", "origin": [8, 8, 8]},
			"faces": {
				"north": {"uv": [0, 0, 2, 1], "texture": "#all", "cullface": "south"},
				"east": {"uv": [4, 10, 2, 11], "texture": "#all", "cullface": "south"},
				"south": {"uv": [2, 10, 4, 11], "texture": "#all", "cullface": "south"},
				"west": {"uv": [4, 10, 2, 11], "texture": "#all", "cullface": "south"},
				"up": {"uv": [2, 11, 4, 10], "texture": "#all", "cullface": "south"},
				"down": {"uv": [2, 11, 4, 10], "texture": "#all", "cullface": "south"}
			}
		},
		{
			"from": [3, 7, 13.9],
			"to": [5, 8, 16.15],
			"light_emission": 15,
			"rotation": {"angle": 0, "axis": "y", "origin": [8, 8, 8]},
			"faces": {
				"north": {"uv": [0, 0, 2, 1], "texture": "#all", "cullface": "south"},
				"east": {"uv": [5, 8, 3, 9], "texture": "#all", "cullface": "south"},
				"south": {"uv": [3, 8, 5, 9], "texture": "#all", "cullface": "south"},
				"west": {"uv": [5, 8, 3, 9], "texture": "#all", "cullface": "south"},
				"up": {"uv": [3, 9, 5, 8], "texture": "#all", "cullface": "south"},
				"down": {"uv": [3, 9, 5, 8], "texture": "#all", "cullface": "south"}
			}
		},
		{
			"from": [13, 2, 13.9],
			"to": [15, 3, 16.15],
			"light_emission": 15,
			"rotation": {"angle": 0, "axis": "y", "origin": [8, 8, 8]},
			"faces": {
				"north": {"uv": [0, 0, 2, 1], "texture": "#all", "cullface": "south"},
				"east": {"uv": [15, 13, 13, 14], "texture": "#all", "cullface": "south"},
				"south": {"uv": [13, 13, 15, 14], "texture": "#all", "cullface": "south"},
				"west": {"uv": [15, 13, 13, 14], "texture": "#all", "cullface": "south"},
				"up": {"uv": [13, 14, 15, 13], "texture": "#all", "cullface": "south"},
				"down": {"uv": [13, 14, 15, 13], "texture": "#all", "cullface": "south"}
			}
		},
		{
			"from": [11, 13, 14],
			"to": [13, 14, 16.25],
			"light_emission": 15,
			"rotation": {"angle": 0, "axis": "y", "origin": [8, 8, 8]},
			"faces": {
				"north": {"uv": [0, 0, 2, 1], "texture": "#all", "cullface": "south"},
				"east": {"uv": [13, 2, 11, 3], "texture": "#all", "cullface": "south"},
				"south": {"uv": [11, 2, 13, 3], "texture": "#all", "cullface": "south"},
				"west": {"uv": [13, 2, 11, 3], "texture": "#all", "cullface": "south"},
				"up": {"uv": [11, 3, 13, 2], "texture": "#all", "cullface": "south"},
				"down": {"uv": [11, 3, 13, 2], "texture": "#all", "cullface": "south"}
			}
		},
		{
			"from": [11, 6, 14],
			"to": [12, 7, 16.25],
			"light_emission": 15,
			"rotation": {"angle": 0, "axis": "y", "origin": [8, 8, 8]},
			"faces": {
				"north": {"uv": [0, 0, 2, 1], "texture": "#all", "cullface": "south"},
				"east": {"uv": [11, 9, 12, 10], "texture": "#all", "cullface": "south"},
				"south": {"uv": [11, 9, 12, 10], "texture": "#all", "cullface": "south"},
				"west": {"uv": [11, 9, 12, 10], "texture": "#all", "cullface": "south"},
				"up": {"uv": [12, 10, 11, 9], "texture": "#all", "cullface": "south"},
				"down": {"uv": [12, 10, 11, 9], "texture": "#all", "cullface": "south"}
			}
		},
		{
			"from": [7.1, 4, 13.9],
			"to": [8.1, 5, 16.15],
			"light_emission": 15,
			"rotation": {"angle": 0, "axis": "y", "origin": [8, 8, 8]},
			"faces": {
				"north": {"uv": [0, 0, 2, 1], "texture": "#all", "cullface": "south"},
				"east": {"uv": [7, 11, 8, 12], "texture": "#all", "cullface": "south"},
				"south": {"uv": [7, 11, 8, 12], "texture": "#all", "cullface": "south"},
				"west": {"uv": [7, 11, 8, 12], "texture": "#all", "cullface": "south"},
				"up": {"uv": [8, 12, 7, 11], "texture": "#all", "cullface": "south"},
				"down": {"uv": [8, 12, 7, 11], "texture": "#all", "cullface": "south"}
			}
		},
		{
			"from": [2, 13, 14.1],
			"to": [4, 14, 16.35],
			"light_emission": 15,
			"rotation": {"angle": 0, "axis": "y", "origin": [8, 8, 8]},
			"faces": {
				"north": {"uv": [0, 0, 2, 1], "texture": "#all", "cullface": "south"},
				"east": {"uv": [2, 2, 4, 3], "texture": "#all", "cullface": "south"},
				"south": {"uv": [2, 2, 4, 3], "texture": "#all", "cullface": "south"},
				"west": {"uv": [2, 2, 4, 3], "texture": "#all", "cullface": "south"},
				"up": {"uv": [4, 3, 2, 2], "texture": "#all", "cullface": "south"},
				"down": {"uv": [4, 3, 2, 2], "texture": "#all", "cullface": "south"}
			}
		},
		{
			"from": [5, 12, 14],
			"to": [7, 13, 16.25],
			"light_emission": 15,
			"rotation": {"angle": 0, "axis": "y", "origin": [8, 8, 8]},
			"faces": {
				"north": {"uv": [0, 0, 2, 1], "texture": "#all", "cullface": "south"},
				"east": {"uv": [2, 2, 4, 3], "texture": "#all", "cullface": "south"},
				"south": {"uv": [2, 2, 4, 3], "texture": "#all", "cullface": "south"},
				"west": {"uv": [2, 2, 4, 3], "texture": "#all", "cullface": "south"},
				"up": {"uv": [4, 3, 2, 2], "texture": "#all", "cullface": "south"},
				"down": {"uv": [4, 3, 2, 2], "texture": "#all", "cullface": "south"}
			}
		},
		{
			"from": [11, 9, 13.9],
			"to": [13, 10, 16.15],
			"light_emission": 15,
			"rotation": {"angle": 0, "axis": "y", "origin": [8, 8, 8]},
			"faces": {
				"north": {"uv": [0, 0, 2, 1], "texture": "#all", "cullface": "south"},
				"east": {"uv": [11, 6, 13, 7], "texture": "#all", "cullface": "south"},
				"south": {"uv": [11, 6, 13, 7], "texture": "#all", "cullface": "south"},
				"west": {"uv": [11, 6, 13, 7], "texture": "#all", "cullface": "south"},
				"up": {"uv": [13, 7, 11, 6], "texture": "#all", "cullface": "south"},
				"down": {"uv": [13, 7, 11, 6], "texture": "#all", "cullface": "south"}
			}
		},
		{
			"from": [9, 8, 14.1],
			"to": [14, 9, 16.35],
			"light_emission": 15,
			"rotation": {"angle": 0, "axis": "y", "origin": [8, 8, 8]},
			"faces": {
				"north": {"uv": [0, 0, 2, 1], "texture": "#all", "cullface": "south"},
				"east": {"uv": [14, 7, 9, 8], "texture": "#all", "cullface": "south"},
				"south": {"uv": [9, 7, 14, 8], "texture": "#all", "cullface": "south"},
				"west": {"uv": [14, 7, 9, 8], "texture": "#all", "cullface": "south"},
				"up": {"uv": [9, 8, 14, 7], "texture": "#all", "cullface": "south"},
				"down": {"uv": [9, 8, 14, 7], "texture": "#all", "cullface": "south"}
			}
		},
		{
			"from": [10, 7, 14.2],
			"to": [15, 8, 16.45],
			"light_emission": 15,
			"rotation": {"angle": 0, "axis": "y", "origin": [8, 8, 8]},
			"faces": {
				"north": {"uv": [0, 0, 2, 1], "texture": "#all", "cullface": "south"},
				"east": {"uv": [15, 8, 10, 9], "texture": "#all", "cullface": "south"},
				"south": {"uv": [10, 8, 15, 9], "texture": "#all", "cullface": "south"},
				"west": {"uv": [15, 8, 10, 9], "texture": "#all", "cullface": "south"},
				"up": {"uv": [10, 9, 15, 8], "texture": "#all", "cullface": "south"},
				"down": {"uv": [10, 9, 15, 8], "texture": "#all", "cullface": "south"}
			}
		},
		{
			"from": [1, 6, 14.1],
			"to": [6, 7, 16.35],
			"light_emission": 15,
			"rotation": {"angle": 0, "axis": "y", "origin": [8, 8, 8]},
			"faces": {
				"north": {"uv": [0, 0, 2, 1], "texture": "#all", "cullface": "south"},
				"east": {"uv": [6, 9, 1, 10], "texture": "#all", "cullface": "south"},
				"south": {"uv": [1, 9, 6, 10], "texture": "#all", "cullface": "south"},
				"west": {"uv": [6, 9, 1, 10], "texture": "#all", "cullface": "south"},
				"up": {"uv": [1, 10, 6, 9], "texture": "#all", "cullface": "south"},
				"down": {"uv": [1, 10, 6, 9], "texture": "#all", "cullface": "south"}
			}
		},
		{
			"from": [4, 11, 14.2],
			"to": [9, 12, 16.45],
			"light_emission": 15,
			"rotation": {"angle": 0, "axis": "y", "origin": [8, 8, 8]},
			"faces": {
				"north": {"uv": [0, 0, 2, 1], "texture": "#all", "cullface": "south"},
				"east": {"uv": [9, 4, 4, 5], "texture": "#all", "cullface": "south"},
				"south": {"uv": [4, 4, 9, 5], "texture": "#all", "cullface": "south"},
				"west": {"uv": [9, 4, 4, 5], "texture": "#all", "cullface": "south"},
				"up": {"uv": [4, 5, 9, 4], "texture": "#all", "cullface": "south"},
				"down": {"uv": [4, 5, 9, 4], "texture": "#all", "cullface": "south"}
			}
		},
		{
			"from": [3, 10, 14.1],
			"to": [7, 11, 16.35],
			"light_emission": 15,
			"rotation": {"angle": 0, "axis": "y", "origin": [8, 8, 8]},
			"faces": {
				"north": {"uv": [0, 0, 2, 1], "texture": "#all", "cullface": "south"},
				"east": {"uv": [7, 5, 3, 6], "texture": "#all", "cullface": "south"},
				"south": {"uv": [3, 5, 7, 6], "texture": "#all", "cullface": "south"},
				"west": {"uv": [7, 5, 3, 6], "texture": "#all", "cullface": "south"},
				"up": {"uv": [3, 6, 7, 5], "texture": "#all", "cullface": "south"},
				"down": {"uv": [3, 6, 7, 5], "texture": "#all", "cullface": "south"}
			}
		},
		{
			"from": [5, 3, 14],
			"to": [10, 4, 16.25],
			"light_emission": 15,
			"rotation": {"angle": 0, "axis": "y", "origin": [8, 8, 8]},
			"faces": {
				"north": {"uv": [0, 0, 2, 1], "texture": "#all", "cullface": "south"},
				"east": {"uv": [10, 12, 5, 13], "texture": "#all", "cullface": "south"},
				"south": {"uv": [5, 12, 10, 13], "texture": "#all", "cullface": "south"},
				"west": {"uv": [10, 12, 5, 13], "texture": "#all", "cullface": "south"},
				"up": {"uv": [5, 13, 10, 12], "texture": "#all", "cullface": "south"},
				"down": {"uv": [5, 13, 10, 12], "texture": "#all", "cullface": "south"}
			}
		},
		{
			"from": [-0.15, 2, 6],
			"to": [2.1, 3, 9],
			"light_emission": 15,
			"rotation": {"angle": 0, "axis": "y", "origin": [8, 8, 8]},
			"faces": {
				"north": {"uv": [6, 13, 9, 14], "texture": "#all", "cullface": "west"},
				"east": {"uv": [0, 0, 2, 1], "texture": "#all", "cullface": "west"},
				"south": {"uv": [6, 13, 9, 14], "texture": "#all", "cullface": "west"},
				"west": {"uv": [6, 13, 9, 14], "texture": "#all", "cullface": "west"},
				"up": {"uv": [5, 13, 10, 12], "rotation": 90, "texture": "#all", "cullface": "west"},
				"down": {"uv": [9, 14, 6, 13], "rotation": 270, "texture": "#all", "cullface": "west"}
			}
		},
		{
			"from": [-0.25, 2, 2],
			"to": [2, 3, 4],
			"light_emission": 15,
			"rotation": {"angle": 0, "axis": "y", "origin": [8, 8, 8]},
			"faces": {
				"north": {"uv": [4, 13, 2, 14], "texture": "#all", "cullface": "west"},
				"east": {"uv": [0, 0, 2, 1], "texture": "#all", "cullface": "west"},
				"south": {"uv": [4, 13, 2, 14], "texture": "#all", "cullface": "west"},
				"west": {"uv": [2, 13, 4, 14], "texture": "#all", "cullface": "west"},
				"up": {"uv": [2, 14, 4, 13], "rotation": 90, "texture": "#all", "cullface": "west"},
				"down": {"uv": [2, 14, 4, 13], "rotation": 270, "texture": "#all", "cullface": "west"}
			}
		},
		{
			"from": [-0.25, 5, 2],
			"to": [2, 6, 4],
			"light_emission": 15,
			"rotation": {"angle": 0, "axis": "y", "origin": [8, 8, 8]},
			"faces": {
				"north": {"uv": [4, 10, 2, 11], "texture": "#all", "cullface": "west"},
				"east": {"uv": [0, 0, 2, 1], "texture": "#all", "cullface": "west"},
				"south": {"uv": [4, 10, 2, 11], "texture": "#all", "cullface": "west"},
				"west": {"uv": [2, 10, 4, 11], "texture": "#all", "cullface": "west"},
				"up": {"uv": [2, 11, 4, 10], "rotation": 90, "texture": "#all", "cullface": "west"},
				"down": {"uv": [2, 11, 4, 10], "rotation": 270, "texture": "#all", "cullface": "west"}
			}
		},
		{
			"from": [-0.15, 7, 3],
			"to": [2.1, 8, 5],
			"light_emission": 15,
			"rotation": {"angle": 0, "axis": "y", "origin": [8, 8, 8]},
			"faces": {
				"north": {"uv": [5, 8, 3, 9], "texture": "#all", "cullface": "west"},
				"east": {"uv": [0, 0, 2, 1], "texture": "#all", "cullface": "west"},
				"south": {"uv": [5, 8, 3, 9], "texture": "#all", "cullface": "west"},
				"west": {"uv": [3, 8, 5, 9], "texture": "#all", "cullface": "west"},
				"up": {"uv": [3, 9, 5, 8], "rotation": 90, "texture": "#all", "cullface": "west"},
				"down": {"uv": [3, 9, 5, 8], "rotation": 270, "texture": "#all", "cullface": "west"}
			}
		},
		{
			"from": [-0.15, 2, 13],
			"to": [2.1, 3, 15],
			"light_emission": 15,
			"rotation": {"angle": 0, "axis": "y", "origin": [8, 8, 8]},
			"faces": {
				"north": {"uv": [15, 13, 13, 14], "texture": "#all", "cullface": "west"},
				"east": {"uv": [0, 0, 2, 1], "texture": "#all", "cullface": "west"},
				"south": {"uv": [15, 13, 13, 14], "texture": "#all", "cullface": "west"},
				"west": {"uv": [13, 13, 15, 14], "texture": "#all", "cullface": "west"},
				"up": {"uv": [13, 14, 15, 13], "rotation": 90, "texture": "#all", "cullface": "west"},
				"down": {"uv": [13, 14, 15, 13], "rotation": 270, "texture": "#all", "cullface": "west"}
			}
		},
		{
			"from": [-0.25, 13, 11],
			"to": [2, 14, 13],
			"light_emission": 15,
			"rotation": {"angle": 0, "axis": "y", "origin": [8, 8, 8]},
			"faces": {
				"north": {"uv": [13, 2, 11, 3], "texture": "#all", "cullface": "west"},
				"east": {"uv": [0, 0, 2, 1], "texture": "#all", "cullface": "west"},
				"south": {"uv": [13, 2, 11, 3], "texture": "#all", "cullface": "west"},
				"west": {"uv": [11, 2, 13, 3], "texture": "#all", "cullface": "west"},
				"up": {"uv": [11, 3, 13, 2], "rotation": 90, "texture": "#all", "cullface": "west"},
				"down": {"uv": [11, 3, 13, 2], "rotation": 270, "texture": "#all", "cullface": "west"}
			}
		},
		{
			"from": [-0.25, 6, 11],
			"to": [2, 7, 12],
			"light_emission": 15,
			"rotation": {"angle": 0, "axis": "y", "origin": [8, 8, 8]},
			"faces": {
				"north": {"uv": [11, 9, 12, 10], "texture": "#all", "cullface": "west"},
				"east": {"uv": [0, 0, 2, 1], "texture": "#all", "cullface": "west"},
				"south": {"uv": [11, 9, 12, 10], "texture": "#all", "cullface": "west"},
				"west": {"uv": [11, 9, 12, 10], "texture": "#all", "cullface": "west"},
				"up": {"uv": [12, 10, 11, 9], "rotation": 90, "texture": "#all", "cullface": "west"},
				"down": {"uv": [12, 10, 11, 9], "rotation": 270, "texture": "#all", "cullface": "west"}
			}
		},
		{
			"from": [-0.15, 4, 7.1],
			"to": [2.1, 5, 8.1],
			"light_emission": 15,
			"rotation": {"angle": 0, "axis": "y", "origin": [8, 8, 8]},
			"faces": {
				"north": {"uv": [7, 11, 8, 12], "texture": "#all", "cullface": "west"},
				"east": {"uv": [0, 0, 2, 1], "texture": "#all", "cullface": "west"},
				"south": {"uv": [7, 11, 8, 12], "texture": "#all", "cullface": "west"},
				"west": {"uv": [7, 11, 8, 12], "texture": "#all", "cullface": "west"},
				"up": {"uv": [8, 12, 7, 11], "rotation": 90, "texture": "#all", "cullface": "west"},
				"down": {"uv": [8, 12, 7, 11], "rotation": 270, "texture": "#all", "cullface": "west"}
			}
		},
		{
			"from": [-0.35, 13, 2],
			"to": [1.9, 14, 4],
			"light_emission": 15,
			"rotation": {"angle": 0, "axis": "y", "origin": [8, 8, 8]},
			"faces": {
				"north": {"uv": [2, 2, 4, 3], "texture": "#all", "cullface": "west"},
				"east": {"uv": [0, 0, 2, 1], "texture": "#all", "cullface": "west"},
				"south": {"uv": [2, 2, 4, 3], "texture": "#all", "cullface": "west"},
				"west": {"uv": [2, 2, 4, 3], "texture": "#all", "cullface": "west"},
				"up": {"uv": [4, 3, 2, 2], "rotation": 90, "texture": "#all", "cullface": "west"},
				"down": {"uv": [4, 3, 2, 2], "rotation": 270, "texture": "#all", "cullface": "west"}
			}
		},
		{
			"from": [-0.25, 12, 5],
			"to": [2, 13, 7],
			"light_emission": 15,
			"rotation": {"angle": 0, "axis": "y", "origin": [8, 8, 8]},
			"faces": {
				"north": {"uv": [2, 2, 4, 3], "texture": "#all", "cullface": "west"},
				"east": {"uv": [0, 0, 2, 1], "texture": "#all", "cullface": "west"},
				"south": {"uv": [2, 2, 4, 3], "texture": "#all", "cullface": "west"},
				"west": {"uv": [2, 2, 4, 3], "texture": "#all", "cullface": "west"},
				"up": {"uv": [4, 3, 2, 2], "rotation": 90, "texture": "#all", "cullface": "west"},
				"down": {"uv": [4, 3, 2, 2], "rotation": 270, "texture": "#all", "cullface": "west"}
			}
		},
		{
			"from": [-0.15, 9, 11],
			"to": [2.1, 10, 13],
			"light_emission": 15,
			"rotation": {"angle": 0, "axis": "y", "origin": [8, 8, 8]},
			"faces": {
				"north": {"uv": [11, 6, 13, 7], "texture": "#all", "cullface": "west"},
				"east": {"uv": [0, 0, 2, 1], "texture": "#all", "cullface": "west"},
				"south": {"uv": [11, 6, 13, 7], "texture": "#all", "cullface": "west"},
				"west": {"uv": [11, 6, 13, 7], "texture": "#all", "cullface": "west"},
				"up": {"uv": [13, 7, 11, 6], "rotation": 90, "texture": "#all", "cullface": "west"},
				"down": {"uv": [13, 7, 11, 6], "rotation": 270, "texture": "#all", "cullface": "west"}
			}
		},
		{
			"from": [-0.35, 8, 9],
			"to": [1.9, 9, 14],
			"light_emission": 15,
			"rotation": {"angle": 0, "axis": "y", "origin": [8, 8, 8]},
			"faces": {
				"north": {"uv": [14, 7, 9, 8], "texture": "#all", "cullface": "west"},
				"east": {"uv": [0, 0, 2, 1], "texture": "#all", "cullface": "west"},
				"south": {"uv": [14, 7, 9, 8], "texture": "#all", "cullface": "west"},
				"west": {"uv": [9, 7, 14, 8], "texture": "#all", "cullface": "west"},
				"up": {"uv": [9, 8, 14, 7], "rotation": 90, "texture": "#all", "cullface": "west"},
				"down": {"uv": [9, 8, 14, 7], "rotation": 270, "texture": "#all", "cullface": "west"}
			}
		},
		{
			"from": [-0.45, 7, 10],
			"to": [1.8, 8, 15],
			"light_emission": 15,
			"rotation": {"angle": 0, "axis": "y", "origin": [8, 8, 8]},
			"faces": {
				"north": {"uv": [15, 8, 10, 9], "texture": "#all", "cullface": "west"},
				"east": {"uv": [0, 0, 2, 1], "texture": "#all", "cullface": "west"},
				"south": {"uv": [15, 8, 10, 9], "texture": "#all", "cullface": "west"},
				"west": {"uv": [10, 8, 15, 9], "texture": "#all", "cullface": "west"},
				"up": {"uv": [10, 9, 15, 8], "rotation": 90, "texture": "#all", "cullface": "west"},
				"down": {"uv": [10, 9, 15, 8], "rotation": 270, "texture": "#all", "cullface": "west"}
			}
		},
		{
			"from": [-0.35, 6, 1],
			"to": [1.9, 7, 6],
			"light_emission": 15,
			"rotation": {"angle": 0, "axis": "y", "origin": [8, 8, 8]},
			"faces": {
				"north": {"uv": [6, 9, 1, 10], "texture": "#all", "cullface": "west"},
				"east": {"uv": [0, 0, 2, 1], "texture": "#all", "cullface": "west"},
				"south": {"uv": [6, 9, 1, 10], "texture": "#all", "cullface": "west"},
				"west": {"uv": [1, 9, 6, 10], "texture": "#all", "cullface": "west"},
				"up": {"uv": [1, 10, 6, 9], "rotation": 90, "texture": "#all", "cullface": "west"},
				"down": {"uv": [1, 10, 6, 9], "rotation": 270, "texture": "#all", "cullface": "west"}
			}
		},
		{
			"from": [-0.45, 11, 4],
			"to": [1.8, 12, 9],
			"light_emission": 15,
			"rotation": {"angle": 0, "axis": "y", "origin": [8, 8, 8]},
			"faces": {
				"north": {"uv": [9, 4, 4, 5], "texture": "#all", "cullface": "west"},
				"east": {"uv": [0, 0, 2, 1], "texture": "#all", "cullface": "west"},
				"south": {"uv": [9, 4, 4, 5], "texture": "#all", "cullface": "west"},
				"west": {"uv": [4, 4, 9, 5], "texture": "#all", "cullface": "west"},
				"up": {"uv": [4, 5, 9, 4], "rotation": 90, "texture": "#all", "cullface": "west"},
				"down": {"uv": [4, 5, 9, 4], "rotation": 270, "texture": "#all", "cullface": "west"}
			}
		},
		{
			"from": [-0.35, 10, 3],
			"to": [1.9, 11, 7],
			"light_emission": 15,
			"rotation": {"angle": 0, "axis": "y", "origin": [8, 8, 8]},
			"faces": {
				"north": {"uv": [7, 5, 3, 6], "texture": "#all", "cullface": "west"},
				"east": {"uv": [0, 0, 2, 1], "texture": "#all", "cullface": "west"},
				"south": {"uv": [7, 5, 3, 6], "texture": "#all", "cullface": "west"},
				"west": {"uv": [3, 5, 7, 6], "texture": "#all", "cullface": "west"},
				"up": {"uv": [3, 6, 7, 5], "rotation": 90, "texture": "#all", "cullface": "west"},
				"down": {"uv": [3, 6, 7, 5], "rotation": 270, "texture": "#all", "cullface": "west"}
			}
		},
		{
			"from": [-0.25, 3, 5],
			"to": [2, 4, 10],
			"light_emission": 15,
			"rotation": {"angle": 0, "axis": "y", "origin": [8, 8, 8]},
			"faces": {
				"north": {"uv": [10, 12, 5, 13], "texture": "#all", "cullface": "west"},
				"east": {"uv": [0, 0, 2, 1], "texture": "#all", "cullface": "west"},
				"south": {"uv": [10, 12, 5, 13], "texture": "#all", "cullface": "west"},
				"west": {"uv": [5, 12, 10, 13], "texture": "#all", "cullface": "west"},
				"up": {"uv": [5, 13, 10, 12], "rotation": 90, "texture": "#all", "cullface": "west"},
				"down": {"uv": [5, 13, 10, 12], "rotation": 270, "texture": "#all", "cullface": "west"}
			}
		},
		{
			"from": [13.9, 2, 7],
			"to": [16.15, 3, 10],
			"light_emission": 15,
			"rotation": {"angle": 0, "axis": "y", "origin": [8, 8, 8]},
			"faces": {
				"north": {"uv": [6, 13, 9, 14], "texture": "#all", "cullface": "east"},
				"east": {"uv": [6, 13, 9, 14], "texture": "#all", "cullface": "east"},
				"south": {"uv": [6, 13, 9, 14], "texture": "#all", "cullface": "east"},
				"west": {"uv": [0, 0, 2, 1], "texture": "#all", "cullface": "east"},
				"up": {"uv": [10, 12, 5, 13], "rotation": 90, "texture": "#all", "cullface": "east"},
				"down": {"uv": [6, 13, 9, 14], "rotation": 270, "texture": "#all", "cullface": "east"}
			}
		},
		{
			"from": [14, 2, 12],
			"to": [16.25, 3, 14],
			"light_emission": 15,
			"rotation": {"angle": 0, "axis": "y", "origin": [8, 8, 8]},
			"faces": {
				"north": {"uv": [4, 13, 2, 14], "texture": "#all", "cullface": "east"},
				"east": {"uv": [2, 13, 4, 14], "texture": "#all", "cullface": "east"},
				"south": {"uv": [4, 13, 2, 14], "texture": "#all", "cullface": "east"},
				"west": {"uv": [0, 0, 2, 1], "texture": "#all", "cullface": "east"},
				"up": {"uv": [4, 13, 2, 14], "rotation": 90, "texture": "#all", "cullface": "east"},
				"down": {"uv": [4, 13, 2, 14], "rotation": 270, "texture": "#all", "cullface": "east"}
			}
		},
		{
			"from": [14, 5, 12],
			"to": [16.25, 6, 14],
			"light_emission": 15,
			"rotation": {"angle": 0, "axis": "y", "origin": [8, 8, 8]},
			"faces": {
				"north": {"uv": [4, 10, 2, 11], "texture": "#all", "cullface": "east"},
				"east": {"uv": [2, 10, 4, 11], "texture": "#all", "cullface": "east"},
				"south": {"uv": [4, 10, 2, 11], "texture": "#all", "cullface": "east"},
				"west": {"uv": [0, 0, 2, 1], "texture": "#all", "cullface": "east"},
				"up": {"uv": [4, 10, 2, 11], "rotation": 90, "texture": "#all", "cullface": "east"},
				"down": {"uv": [4, 10, 2, 11], "rotation": 270, "texture": "#all", "cullface": "east"}
			}
		},
		{
			"from": [13.9, 7, 11],
			"to": [16.15, 8, 13],
			"light_emission": 15,
			"rotation": {"angle": 0, "axis": "y", "origin": [8, 8, 8]},
			"faces": {
				"north": {"uv": [5, 8, 3, 9], "texture": "#all", "cullface": "east"},
				"east": {"uv": [3, 8, 5, 9], "texture": "#all", "cullface": "east"},
				"south": {"uv": [5, 8, 3, 9], "texture": "#all", "cullface": "east"},
				"west": {"uv": [0, 0, 2, 1], "texture": "#all", "cullface": "east"},
				"up": {"uv": [5, 8, 3, 9], "rotation": 90, "texture": "#all", "cullface": "east"},
				"down": {"uv": [5, 8, 3, 9], "rotation": 270, "texture": "#all", "cullface": "east"}
			}
		},
		{
			"from": [13.9, 2, 1],
			"to": [16.15, 3, 3],
			"light_emission": 15,
			"rotation": {"angle": 0, "axis": "y", "origin": [8, 8, 8]},
			"faces": {
				"north": {"uv": [15, 13, 13, 14], "texture": "#all", "cullface": "east"},
				"east": {"uv": [13, 13, 15, 14], "texture": "#all", "cullface": "east"},
				"south": {"uv": [15, 13, 13, 14], "texture": "#all", "cullface": "east"},
				"west": {"uv": [0, 0, 2, 1], "texture": "#all", "cullface": "east"},
				"up": {"uv": [15, 13, 13, 14], "rotation": 90, "texture": "#all", "cullface": "east"},
				"down": {"uv": [15, 13, 13, 14], "rotation": 270, "texture": "#all", "cullface": "east"}
			}
		},
		{
			"from": [14, 13, 3],
			"to": [16.25, 14, 5],
			"light_emission": 15,
			"rotation": {"angle": 0, "axis": "y", "origin": [8, 8, 8]},
			"faces": {
				"north": {"uv": [13, 2, 11, 3], "texture": "#all", "cullface": "east"},
				"east": {"uv": [11, 2, 13, 3], "texture": "#all", "cullface": "east"},
				"south": {"uv": [13, 2, 11, 3], "texture": "#all", "cullface": "east"},
				"west": {"uv": [0, 0, 2, 1], "texture": "#all", "cullface": "east"},
				"up": {"uv": [13, 2, 11, 3], "rotation": 90, "texture": "#all", "cullface": "east"},
				"down": {"uv": [13, 2, 11, 3], "rotation": 270, "texture": "#all", "cullface": "east"}
			}
		},
		{
			"from": [14, 6, 4],
			"to": [16.25, 7, 5],
			"light_emission": 15,
			"rotation": {"angle": 0, "axis": "y", "origin": [8, 8, 8]},
			"faces": {
				"north": {"uv": [11, 9, 12, 10], "texture": "#all", "cullface": "east"},
				"east": {"uv": [11, 9, 12, 10], "texture": "#all", "cullface": "east"},
				"south": {"uv": [11, 9, 12, 10], "texture": "#all", "cullface": "east"},
				"west": {"uv": [0, 0, 2, 1], "texture": "#all", "cullface": "east"},
				"up": {"uv": [11, 9, 12, 10], "rotation": 90, "texture": "#all", "cullface": "east"},
				"down": {"uv": [11, 9, 12, 10], "rotation": 270, "texture": "#all", "cullface": "east"}
			}
		},
		{
			"from": [13.9, 4, 7.9],
			"to": [16.15, 5, 8.9],
			"light_emission": 15,
			"rotation": {"angle": 0, "axis": "y", "origin": [8, 8, 8]},
			"faces": {
				"north": {"uv": [7, 11, 8, 12], "texture": "#all", "cullface": "east"},
				"east": {"uv": [7, 11, 8, 12], "texture": "#all", "cullface": "east"},
				"south": {"uv": [7, 11, 8, 12], "texture": "#all", "cullface": "east"},
				"west": {"uv": [0, 0, 2, 1], "texture": "#all", "cullface": "east"},
				"up": {"uv": [7, 11, 8, 12], "rotation": 90, "texture": "#all", "cullface": "east"},
				"down": {"uv": [7, 11, 8, 12], "rotation": 270, "texture": "#all", "cullface": "east"}
			}
		},
		{
			"from": [14.1, 13, 12],
			"to": [16.35, 14, 14],
			"light_emission": 15,
			"rotation": {"angle": 0, "axis": "y", "origin": [8, 8, 8]},
			"faces": {
				"north": {"uv": [2, 2, 4, 3], "texture": "#all", "cullface": "east"},
				"east": {"uv": [2, 2, 4, 3], "texture": "#all", "cullface": "east"},
				"south": {"uv": [2, 2, 4, 3], "texture": "#all", "cullface": "east"},
				"west": {"uv": [0, 0, 2, 1], "texture": "#all", "cullface": "east"},
				"up": {"uv": [2, 2, 4, 3], "rotation": 90, "texture": "#all", "cullface": "east"},
				"down": {"uv": [2, 2, 4, 3], "rotation": 270, "texture": "#all", "cullface": "east"}
			}
		},
		{
			"from": [14, 12, 9],
			"to": [16.25, 13, 11],
			"light_emission": 15,
			"rotation": {"angle": 0, "axis": "y", "origin": [8, 8, 8]},
			"faces": {
				"north": {"uv": [2, 2, 4, 3], "texture": "#all", "cullface": "east"},
				"east": {"uv": [2, 2, 4, 3], "texture": "#all", "cullface": "east"},
				"south": {"uv": [2, 2, 4, 3], "texture": "#all", "cullface": "east"},
				"west": {"uv": [0, 0, 2, 1], "texture": "#all", "cullface": "east"},
				"up": {"uv": [2, 2, 4, 3], "rotation": 90, "texture": "#all", "cullface": "east"},
				"down": {"uv": [2, 2, 4, 3], "rotation": 270, "texture": "#all", "cullface": "east"}
			}
		},
		{
			"from": [13.9, 9, 3],
			"to": [16.15, 10, 5],
			"light_emission": 15,
			"rotation": {"angle": 0, "axis": "y", "origin": [8, 8, 8]},
			"faces": {
				"north": {"uv": [11, 6, 13, 7], "texture": "#all", "cullface": "east"},
				"east": {"uv": [11, 6, 13, 7], "texture": "#all", "cullface": "east"},
				"south": {"uv": [11, 6, 13, 7], "texture": "#all", "cullface": "east"},
				"west": {"uv": [0, 0, 2, 1], "texture": "#all", "cullface": "east"},
				"up": {"uv": [11, 6, 13, 7], "rotation": 90, "texture": "#all", "cullface": "east"},
				"down": {"uv": [11, 6, 13, 7], "rotation": 270, "texture": "#all", "cullface": "east"}
			}
		},
		{
			"from": [14.1, 8, 2],
			"to": [16.35, 9, 7],
			"light_emission": 15,
			"rotation": {"angle": 0, "axis": "y", "origin": [8, 8, 8]},
			"faces": {
				"north": {"uv": [14, 7, 9, 8], "texture": "#all", "cullface": "east"},
				"east": {"uv": [9, 7, 14, 8], "texture": "#all", "cullface": "east"},
				"south": {"uv": [14, 7, 9, 8], "texture": "#all", "cullface": "east"},
				"west": {"uv": [0, 0, 2, 1], "texture": "#all", "cullface": "east"},
				"up": {"uv": [14, 7, 9, 8], "rotation": 90, "texture": "#all", "cullface": "east"},
				"down": {"uv": [14, 7, 9, 8], "rotation": 270, "texture": "#all", "cullface": "east"}
			}
		},
		{
			"from": [14.2, 7, 1],
			"to": [16.45, 8, 6],
			"light_emission": 15,
			"rotation": {"angle": 0, "axis": "y", "origin": [8, 8, 8]},
			"faces": {
				"north": {"uv": [15, 8, 10, 9], "texture": "#all", "cullface": "east"},
				"east": {"uv": [10, 8, 15, 9], "texture": "#all", "cullface": "east"},
				"south": {"uv": [15, 8, 10, 9], "texture": "#all", "cullface": "east"},
				"west": {"uv": [0, 0, 2, 1], "texture": "#all", "cullface": "east"},
				"up": {"uv": [15, 8, 10, 9], "rotation": 90, "texture": "#all", "cullface": "east"},
				"down": {"uv": [15, 8, 10, 9], "rotation": 270, "texture": "#all", "cullface": "east"}
			}
		},
		{
			"from": [14.1, 6, 10],
			"to": [16.35, 7, 15],
			"light_emission": 15,
			"rotation": {"angle": 0, "axis": "y", "origin": [8, 8, 8]},
			"faces": {
				"north": {"uv": [6, 9, 1, 10], "texture": "#all", "cullface": "east"},
				"east": {"uv": [1, 9, 6, 10], "texture": "#all", "cullface": "east"},
				"south": {"uv": [6, 9, 1, 10], "texture": "#all", "cullface": "east"},
				"west": {"uv": [0, 0, 2, 1], "texture": "#all", "cullface": "east"},
				"up": {"uv": [6, 9, 1, 10], "rotation": 90, "texture": "#all", "cullface": "east"},
				"down": {"uv": [6, 9, 1, 10], "rotation": 270, "texture": "#all", "cullface": "east"}
			}
		},
		{
			"from": [14.2, 11, 7],
			"to": [16.45, 12, 12],
			"light_emission": 15,
			"rotation": {"angle": 0, "axis": "y", "origin": [8, 8, 8]},
			"faces": {
				"north": {"uv": [9, 4, 4, 5], "texture": "#all", "cullface": "east"},
				"east": {"uv": [4, 4, 9, 5], "texture": "#all", "cullface": "east"},
				"south": {"uv": [9, 4, 4, 5], "texture": "#all", "cullface": "east"},
				"west": {"uv": [0, 0, 2, 1], "texture": "#all", "cullface": "east"},
				"up": {"uv": [9, 4, 4, 5], "rotation": 90, "texture": "#all", "cullface": "east"},
				"down": {"uv": [9, 4, 4, 5], "rotation": 270, "texture": "#all", "cullface": "east"}
			}
		},
		{
			"from": [14.1, 10, 9],
			"to": [16.35, 11, 13],
			"light_emission": 15,
			"rotation": {"angle": 0, "axis": "y", "origin": [8, 8, 8]},
			"faces": {
				"north": {"uv": [7, 5, 3, 6], "texture": "#all", "cullface": "east"},
				"east": {"uv": [3, 5, 7, 6], "texture": "#all", "cullface": "east"},
				"south": {"uv": [7, 5, 3, 6], "texture": "#all", "cullface": "east"},
				"west": {"uv": [0, 0, 2, 1], "texture": "#all", "cullface": "east"},
				"up": {"uv": [7, 5, 3, 6], "rotation": 90, "texture": "#all", "cullface": "east"},
				"down": {"uv": [7, 5, 3, 6], "rotation": 270, "texture": "#all", "cullface": "east"}
			}
		},
		{
			"from": [14, 3, 6],
			"to": [16.25, 4, 11],
			"light_emission": 15,
			"rotation": {"angle": 0, "axis": "y", "origin": [8, 8, 8]},
			"faces": {
				"north": {"uv": [10, 12, 5, 13], "texture": "#all", "cullface": "east"},
				"east": {"uv": [5, 12, 10, 13], "texture": "#all", "cullface": "east"},
				"south": {"uv": [10, 12, 5, 13], "texture": "#all", "cullface": "east"},
				"west": {"uv": [0, 0, 2, 1], "texture": "#all", "cullface": "east"},
				"up": {"uv": [10, 12, 5, 13], "rotation": 90, "texture": "#all", "cullface": "east"},
				"down": {"uv": [10, 12, 5, 13], "rotation": 270, "texture": "#all", "cullface": "east"}
			}
		},
		{
			"from": [6, 13.9, 13],
			"to": [9, 16.15, 14],
			"light_emission": 15,
			"rotation": {"angle": 0, "axis": "x", "origin": [8, 8, 8]},
			"faces": {
				"north": {"uv": [5, 13, 10, 12], "rotation": 180, "texture": "#all", "cullface": "up"},
				"east": {"uv": [6, 13, 9, 14], "rotation": 90, "texture": "#all", "cullface": "up"},
				"south": {"uv": [9, 14, 6, 13], "texture": "#all", "cullface": "up"},
				"west": {"uv": [6, 13, 9, 14], "rotation": 270, "texture": "#all", "cullface": "up"},
				"up": {"uv": [6, 13, 9, 14], "texture": "#all", "cullface": "up"},
				"down": {"uv": [0, 0, 2, 1], "rotation": 180, "texture": "#all", "cullface": "up"}
			}
		},
		{
			"from": [2, 14, 13],
			"to": [4, 16.25, 14],
			"light_emission": 15,
			"rotation": {"angle": 0, "axis": "x", "origin": [8, 8, 8]},
			"faces": {
				"north": {"uv": [2, 14, 4, 13], "rotation": 180, "texture": "#all", "cullface": "up"},
				"east": {"uv": [4, 13, 2, 14], "rotation": 90, "texture": "#all", "cullface": "up"},
				"south": {"uv": [2, 14, 4, 13], "texture": "#all", "cullface": "up"},
				"west": {"uv": [4, 13, 2, 14], "rotation": 270, "texture": "#all", "cullface": "up"},
				"up": {"uv": [2, 13, 4, 14], "texture": "#all", "cullface": "up"},
				"down": {"uv": [0, 0, 2, 1], "rotation": 180, "texture": "#all", "cullface": "up"}
			}
		},
		{
			"from": [2, 14, 10],
			"to": [4, 16.25, 11],
			"light_emission": 15,
			"rotation": {"angle": 0, "axis": "x", "origin": [8, 8, 8]},
			"faces": {
				"north": {"uv": [2, 11, 4, 10], "rotation": 180, "texture": "#all", "cullface": "up"},
				"east": {"uv": [4, 10, 2, 11], "rotation": 90, "texture": "#all", "cullface": "up"},
				"south": {"uv": [2, 11, 4, 10], "texture": "#all", "cullface": "up"},
				"west": {"uv": [4, 10, 2, 11], "rotation": 270, "texture": "#all", "cullface": "up"},
				"up": {"uv": [2, 10, 4, 11], "texture": "#all", "cullface": "up"},
				"down": {"uv": [0, 0, 2, 1], "rotation": 180, "texture": "#all", "cullface": "up"}
			}
		},
		{
			"from": [3, 13.9, 8],
			"to": [5, 16.15, 9],
			"light_emission": 15,
			"rotation": {"angle": 0, "axis": "x", "origin": [8, 8, 8]},
			"faces": {
				"north": {"uv": [3, 9, 5, 8], "rotation": 180, "texture": "#all", "cullface": "up"},
				"east": {"uv": [5, 8, 3, 9], "rotation": 90, "texture": "#all", "cullface": "up"},
				"south": {"uv": [3, 9, 5, 8], "texture": "#all", "cullface": "up"},
				"west": {"uv": [5, 8, 3, 9], "rotation": 270, "texture": "#all", "cullface": "up"},
				"up": {"uv": [3, 8, 5, 9], "texture": "#all", "cullface": "up"},
				"down": {"uv": [0, 0, 2, 1], "rotation": 180, "texture": "#all", "cullface": "up"}
			}
		},
		{
			"from": [13, 13.9, 13],
			"to": [15, 16.15, 14],
			"light_emission": 15,
			"rotation": {"angle": 0, "axis": "x", "origin": [8, 8, 8]},
			"faces": {
				"north": {"uv": [13, 14, 15, 13], "rotation": 180, "texture": "#all", "cullface": "up"},
				"east": {"uv": [15, 13, 13, 14], "rotation": 90, "texture": "#all", "cullface": "up"},
				"south": {"uv": [13, 14, 15, 13], "texture": "#all", "cullface": "up"},
				"west": {"uv": [15, 13, 13, 14], "rotation": 270, "texture": "#all", "cullface": "up"},
				"up": {"uv": [13, 13, 15, 14], "texture": "#all", "cullface": "up"},
				"down": {"uv": [0, 0, 2, 1], "rotation": 180, "texture": "#all", "cullface": "up"}
			}
		},
		{
			"from": [11, 14, 2],
			"to": [13, 16.25, 3],
			"light_emission": 15,
			"rotation": {"angle": 0, "axis": "x", "origin": [8, 8, 8]},
			"faces": {
				"north": {"uv": [11, 3, 13, 2], "rotation": 180, "texture": "#all", "cullface": "up"},
				"east": {"uv": [13, 2, 11, 3], "rotation": 90, "texture": "#all", "cullface": "up"},
				"south": {"uv": [11, 3, 13, 2], "texture": "#all", "cullface": "up"},
				"west": {"uv": [13, 2, 11, 3], "rotation": 270, "texture": "#all", "cullface": "up"},
				"up": {"uv": [11, 2, 13, 3], "texture": "#all", "cullface": "up"},
				"down": {"uv": [0, 0, 2, 1], "rotation": 180, "texture": "#all", "cullface": "up"}
			}
		},
		{
			"from": [11, 14, 9],
			"to": [12, 16.25, 10],
			"light_emission": 15,
			"rotation": {"angle": 0, "axis": "x", "origin": [8, 8, 8]},
			"faces": {
				"north": {"uv": [12, 10, 11, 9], "rotation": 180, "texture": "#all", "cullface": "up"},
				"east": {"uv": [11, 9, 12, 10], "rotation": 90, "texture": "#all", "cullface": "up"},
				"south": {"uv": [12, 10, 11, 9], "texture": "#all", "cullface": "up"},
				"west": {"uv": [11, 9, 12, 10], "rotation": 270, "texture": "#all", "cullface": "up"},
				"up": {"uv": [11, 9, 12, 10], "texture": "#all", "cullface": "up"},
				"down": {"uv": [0, 0, 2, 1], "rotation": 180, "texture": "#all", "cullface": "up"}
			}
		},
		{
			"from": [7.1, 13.9, 11],
			"to": [8.1, 16.15, 12],
			"light_emission": 15,
			"rotation": {"angle": 0, "axis": "x", "origin": [8, 8, 8]},
			"faces": {
				"north": {"uv": [8, 12, 7, 11], "rotation": 180, "texture": "#all", "cullface": "up"},
				"east": {"uv": [7, 11, 8, 12], "rotation": 90, "texture": "#all", "cullface": "up"},
				"south": {"uv": [8, 12, 7, 11], "texture": "#all", "cullface": "up"},
				"west": {"uv": [7, 11, 8, 12], "rotation": 270, "texture": "#all", "cullface": "up"},
				"up": {"uv": [7, 11, 8, 12], "texture": "#all", "cullface": "up"},
				"down": {"uv": [0, 0, 2, 1], "rotation": 180, "texture": "#all", "cullface": "up"}
			}
		},
		{
			"from": [2, 14.1, 2],
			"to": [4, 16.35, 3],
			"light_emission": 15,
			"rotation": {"angle": 0, "axis": "x", "origin": [8, 8, 8]},
			"faces": {
				"north": {"uv": [4, 3, 2, 2], "rotation": 180, "texture": "#all", "cullface": "up"},
				"east": {"uv": [2, 2, 4, 3], "rotation": 90, "texture": "#all", "cullface": "up"},
				"south": {"uv": [4, 3, 2, 2], "texture": "#all", "cullface": "up"},
				"west": {"uv": [2, 2, 4, 3], "rotation": 270, "texture": "#all", "cullface": "up"},
				"up": {"uv": [2, 2, 4, 3], "texture": "#all", "cullface": "up"},
				"down": {"uv": [0, 0, 2, 1], "rotation": 180, "texture": "#all", "cullface": "up"}
			}
		},
		{
			"from": [5, 14, 3],
			"to": [7, 16.25, 4],
			"light_emission": 15,
			"rotation": {"angle": 0, "axis": "x", "origin": [8, 8, 8]},
			"faces": {
				"north": {"uv": [4, 3, 2, 2], "rotation": 180, "texture": "#all", "cullface": "up"},
				"east": {"uv": [2, 2, 4, 3], "rotation": 90, "texture": "#all", "cullface": "up"},
				"south": {"uv": [4, 3, 2, 2], "texture": "#all", "cullface": "up"},
				"west": {"uv": [2, 2, 4, 3], "rotation": 270, "texture": "#all", "cullface": "up"},
				"up": {"uv": [2, 2, 4, 3], "texture": "#all", "cullface": "up"},
				"down": {"uv": [0, 0, 2, 1], "rotation": 180, "texture": "#all", "cullface": "up"}
			}
		},
		{
			"from": [11, 13.9, 6],
			"to": [13, 16.15, 7],
			"light_emission": 15,
			"rotation": {"angle": 0, "axis": "x", "origin": [8, 8, 8]},
			"faces": {
				"north": {"uv": [13, 7, 11, 6], "rotation": 180, "texture": "#all", "cullface": "up"},
				"east": {"uv": [11, 6, 13, 7], "rotation": 90, "texture": "#all", "cullface": "up"},
				"south": {"uv": [13, 7, 11, 6], "texture": "#all", "cullface": "up"},
				"west": {"uv": [11, 6, 13, 7], "rotation": 270, "texture": "#all", "cullface": "up"},
				"up": {"uv": [11, 6, 13, 7], "texture": "#all", "cullface": "up"},
				"down": {"uv": [0, 0, 2, 1], "rotation": 180, "texture": "#all", "cullface": "up"}
			}
		},
		{
			"from": [9, 14.1, 7],
			"to": [14, 16.35, 8],
			"light_emission": 15,
			"rotation": {"angle": 0, "axis": "x", "origin": [8, 8, 8]},
			"faces": {
				"north": {"uv": [9, 8, 14, 7], "rotation": 180, "texture": "#all", "cullface": "up"},
				"east": {"uv": [14, 7, 9, 8], "rotation": 90, "texture": "#all", "cullface": "up"},
				"south": {"uv": [9, 8, 14, 7], "texture": "#all", "cullface": "up"},
				"west": {"uv": [14, 7, 9, 8], "rotation": 270, "texture": "#all", "cullface": "up"},
				"up": {"uv": [9, 7, 14, 8], "texture": "#all", "cullface": "up"},
				"down": {"uv": [0, 0, 2, 1], "rotation": 180, "texture": "#all", "cullface": "up"}
			}
		},
		{
			"from": [10, 14.2, 8],
			"to": [15, 16.45, 9],
			"light_emission": 15,
			"rotation": {"angle": 0, "axis": "x", "origin": [8, 8, 8]},
			"faces": {
				"north": {"uv": [10, 9, 15, 8], "rotation": 180, "texture": "#all", "cullface": "up"},
				"east": {"uv": [15, 8, 10, 9], "rotation": 90, "texture": "#all", "cullface": "up"},
				"south": {"uv": [10, 9, 15, 8], "texture": "#all", "cullface": "up"},
				"west": {"uv": [15, 8, 10, 9], "rotation": 270, "texture": "#all", "cullface": "up"},
				"up": {"uv": [10, 8, 15, 9], "texture": "#all", "cullface": "up"},
				"down": {"uv": [0, 0, 2, 1], "rotation": 180, "texture": "#all", "cullface": "up"}
			}
		},
		{
			"from": [1, 14.1, 9],
			"to": [6, 16.35, 10],
			"light_emission": 15,
			"rotation": {"angle": 0, "axis": "x", "origin": [8, 8, 8]},
			"faces": {
				"north": {"uv": [1, 10, 6, 9], "rotation": 180, "texture": "#all", "cullface": "up"},
				"east": {"uv": [6, 9, 1, 10], "rotation": 90, "texture": "#all", "cullface": "up"},
				"south": {"uv": [1, 10, 6, 9], "texture": "#all", "cullface": "up"},
				"west": {"uv": [6, 9, 1, 10], "rotation": 270, "texture": "#all", "cullface": "up"},
				"up": {"uv": [1, 9, 6, 10], "texture": "#all", "cullface": "up"},
				"down": {"uv": [0, 0, 2, 1], "rotation": 180, "texture": "#all", "cullface": "up"}
			}
		},
		{
			"from": [4, 14.2, 4],
			"to": [9, 16.45, 5],
			"light_emission": 15,
			"rotation": {"angle": 0, "axis": "x", "origin": [8, 8, 8]},
			"faces": {
				"north": {"uv": [4, 5, 9, 4], "rotation": 180, "texture": "#all", "cullface": "up"},
				"east": {"uv": [9, 4, 4, 5], "rotation": 90, "texture": "#all", "cullface": "up"},
				"south": {"uv": [4, 5, 9, 4], "texture": "#all", "cullface": "up"},
				"west": {"uv": [9, 4, 4, 5], "rotation": 270, "texture": "#all", "cullface": "up"},
				"up": {"uv": [4, 4, 9, 5], "texture": "#all", "cullface": "up"},
				"down": {"uv": [0, 0, 2, 1], "rotation": 180, "texture": "#all", "cullface": "up"}
			}
		},
		{
			"from": [3, 14.1, 5],
			"to": [7, 16.35, 6],
			"light_emission": 15,
			"rotation": {"angle": 0, "axis": "x", "origin": [8, 8, 8]},
			"faces": {
				"north": {"uv": [3, 6, 7, 5], "rotation": 180, "texture": "#all", "cullface": "up"},
				"east": {"uv": [7, 5, 3, 6], "rotation": 90, "texture": "#all", "cullface": "up"},
				"south": {"uv": [3, 6, 7, 5], "texture": "#all", "cullface": "up"},
				"west": {"uv": [7, 5, 3, 6], "rotation": 270, "texture": "#all", "cullface": "up"},
				"up": {"uv": [3, 5, 7, 6], "texture": "#all", "cullface": "up"},
				"down": {"uv": [0, 0, 2, 1], "rotation": 180, "texture": "#all", "cullface": "up"}
			}
		},
		{
			"from": [5, 14, 12],
			"to": [10, 16.25, 13],
			"light_emission": 15,
			"rotation": {"angle": 0, "axis": "x", "origin": [8, 8, 8]},
			"faces": {
				"north": {"uv": [5, 13, 10, 12], "rotation": 180, "texture": "#all", "cullface": "up"},
				"east": {"uv": [10, 12, 5, 13], "rotation": 90, "texture": "#all", "cullface": "up"},
				"south": {"uv": [5, 13, 10, 12], "texture": "#all", "cullface": "up"},
				"west": {"uv": [10, 12, 5, 13], "rotation": 270, "texture": "#all", "cullface": "up"},
				"up": {"uv": [5, 12, 10, 13], "texture": "#all", "cullface": "up"},
				"down": {"uv": [0, 0, 2, 1], "rotation": 180, "texture": "#all", "cullface": "up"}
			}
		},
		{
			"from": [6, -0.15, 2],
			"to": [9, 2.1, 3],
			"light_emission": 15,
			"rotation": {"angle": 0, "axis": "y", "origin": [8, 8, 8]},
			"faces": {
				"north": {"uv": [6, 13, 9, 14], "texture": "#all", "cullface": "down"},
				"east": {"uv": [9, 14, 6, 13], "rotation": 90, "texture": "#all", "cullface": "down"},
				"south": {"uv": [10, 12, 5, 13], "rotation": 180, "texture": "#all", "cullface": "down"},
				"west": {"uv": [9, 14, 6, 13], "rotation": 270, "texture": "#all", "cullface": "down"},
				"up": {"uv": [0, 0, 2, 1], "rotation": 180, "texture": "#all", "cullface": "down"},
				"down": {"uv": [6, 13, 9, 14], "texture": "#all", "cullface": "down"}
			}
		},
		{
			"from": [2, -0.25, 2],
			"to": [4, 2, 3],
			"light_emission": 15,
			"rotation": {"angle": 0, "axis": "y", "origin": [8, 8, 8]},
			"faces": {
				"north": {"uv": [4, 13, 2, 14], "texture": "#all", "cullface": "down"},
				"east": {"uv": [2, 14, 4, 13], "rotation": 90, "texture": "#all", "cullface": "down"},
				"south": {"uv": [4, 13, 2, 14], "rotation": 180, "texture": "#all", "cullface": "down"},
				"west": {"uv": [2, 14, 4, 13], "rotation": 270, "texture": "#all", "cullface": "down"},
				"up": {"uv": [0, 0, 2, 1], "rotation": 180, "texture": "#all", "cullface": "down"},
				"down": {"uv": [2, 13, 4, 14], "texture": "#all", "cullface": "down"}
			}
		},
		{
			"from": [2, -0.25, 5],
			"to": [4, 2, 6],
			"light_emission": 15,
			"rotation": {"angle": 0, "axis": "y", "origin": [8, 8, 8]},
			"faces": {
				"north": {"uv": [4, 10, 2, 11], "texture": "#all", "cullface": "down"},
				"east": {"uv": [2, 11, 4, 10], "rotation": 90, "texture": "#all", "cullface": "down"},
				"south": {"uv": [4, 10, 2, 11], "rotation": 180, "texture": "#all", "cullface": "down"},
				"west": {"uv": [2, 11, 4, 10], "rotation": 270, "texture": "#all", "cullface": "down"},
				"up": {"uv": [0, 0, 2, 1], "rotation": 180, "texture": "#all", "cullface": "down"},
				"down": {"uv": [2, 10, 4, 11], "texture": "#all", "cullface": "down"}
			}
		},
		{
			"from": [3, -0.15, 7],
			"to": [5, 2.1, 8],
			"light_emission": 15,
			"rotation": {"angle": 0, "axis": "y", "origin": [8, 8, 8]},
			"faces": {
				"north": {"uv": [5, 8, 3, 9], "texture": "#all", "cullface": "down"},
				"east": {"uv": [3, 9, 5, 8], "rotation": 90, "texture": "#all", "cullface": "down"},
				"south": {"uv": [5, 8, 3, 9], "rotation": 180, "texture": "#all", "cullface": "down"},
				"west": {"uv": [3, 9, 5, 8], "rotation": 270, "texture": "#all", "cullface": "down"},
				"up": {"uv": [0, 0, 2, 1], "rotation": 180, "texture": "#all", "cullface": "down"},
				"down": {"uv": [3, 8, 5, 9], "texture": "#all", "cullface": "down"}
			}
		},
		{
			"from": [13, -0.15, 2],
			"to": [15, 2.1, 3],
			"light_emission": 15,
			"rotation": {"angle": 0, "axis": "y", "origin": [8, 8, 8]},
			"faces": {
				"north": {"uv": [15, 13, 13, 14], "texture": "#all", "cullface": "down"},
				"east": {"uv": [13, 14, 15, 13], "rotation": 90, "texture": "#all", "cullface": "down"},
				"south": {"uv": [15, 13, 13, 14], "rotation": 180, "texture": "#all", "cullface": "down"},
				"west": {"uv": [13, 14, 15, 13], "rotation": 270, "texture": "#all", "cullface": "down"},
				"up": {"uv": [0, 0, 2, 1], "rotation": 180, "texture": "#all", "cullface": "down"},
				"down": {"uv": [13, 13, 15, 14], "texture": "#all", "cullface": "down"}
			}
		},
		{
			"from": [11, -0.25, 13],
			"to": [13, 2, 14],
			"light_emission": 15,
			"rotation": {"angle": 0, "axis": "y", "origin": [8, 8, 8]},
			"faces": {
				"north": {"uv": [13, 2, 11, 3], "texture": "#all", "cullface": "down"},
				"east": {"uv": [11, 3, 13, 2], "rotation": 90, "texture": "#all", "cullface": "down"},
				"south": {"uv": [13, 2, 11, 3], "rotation": 180, "texture": "#all", "cullface": "down"},
				"west": {"uv": [11, 3, 13, 2], "rotation": 270, "texture": "#all", "cullface": "down"},
				"up": {"uv": [0, 0, 2, 1], "rotation": 180, "texture": "#all", "cullface": "down"},
				"down": {"uv": [11, 2, 13, 3], "texture": "#all", "cullface": "down"}
			}
		},
		{
			"from": [11, -0.25, 6],
			"to": [12, 2, 7],
			"light_emission": 15,
			"rotation": {"angle": 0, "axis": "y", "origin": [8, 8, 8]},
			"faces": {
				"north": {"uv": [11, 9, 12, 10], "texture": "#all", "cullface": "down"},
				"east": {"uv": [12, 10, 11, 9], "rotation": 90, "texture": "#all", "cullface": "down"},
				"south": {"uv": [11, 9, 12, 10], "rotation": 180, "texture": "#all", "cullface": "down"},
				"west": {"uv": [12, 10, 11, 9], "rotation": 270, "texture": "#all", "cullface": "down"},
				"up": {"uv": [0, 0, 2, 1], "rotation": 180, "texture": "#all", "cullface": "down"},
				"down": {"uv": [11, 9, 12, 10], "texture": "#all", "cullface": "down"}
			}
		},
		{
			"from": [7.1, -0.15, 4],
			"to": [8.1, 2.1, 5],
			"light_emission": 15,
			"rotation": {"angle": 0, "axis": "y", "origin": [8, 8, 8]},
			"faces": {
				"north": {"uv": [7, 11, 8, 12], "texture": "#all", "cullface": "down"},
				"east": {"uv": [8, 12, 7, 11], "rotation": 90, "texture": "#all", "cullface": "down"},
				"south": {"uv": [7, 11, 8, 12], "rotation": 180, "texture": "#all", "cullface": "down"},
				"west": {"uv": [8, 12, 7, 11], "rotation": 270, "texture": "#all", "cullface": "down"},
				"up": {"uv": [0, 0, 2, 1], "rotation": 180, "texture": "#all", "cullface": "down"},
				"down": {"uv": [7, 11, 8, 12], "texture": "#all", "cullface": "down"}
			}
		},
		{
			"from": [2, -0.35, 13],
			"to": [4, 1.9, 14],
			"light_emission": 15,
			"rotation": {"angle": 0, "axis": "y", "origin": [8, 8, 8]},
			"faces": {
				"north": {"uv": [2, 2, 4, 3], "texture": "#all", "cullface": "down"},
				"east": {"uv": [4, 3, 2, 2], "rotation": 90, "texture": "#all", "cullface": "down"},
				"south": {"uv": [2, 2, 4, 3], "rotation": 180, "texture": "#all", "cullface": "down"},
				"west": {"uv": [4, 3, 2, 2], "rotation": 270, "texture": "#all", "cullface": "down"},
				"up": {"uv": [0, 0, 2, 1], "rotation": 180, "texture": "#all", "cullface": "down"},
				"down": {"uv": [2, 2, 4, 3], "texture": "#all", "cullface": "down"}
			}
		},
		{
			"from": [5, -0.25, 12],
			"to": [7, 2, 13],
			"light_emission": 15,
			"rotation": {"angle": 0, "axis": "y", "origin": [8, 8, 8]},
			"faces": {
				"north": {"uv": [2, 2, 4, 3], "texture": "#all", "cullface": "down"},
				"east": {"uv": [4, 3, 2, 2], "rotation": 90, "texture": "#all", "cullface": "down"},
				"south": {"uv": [2, 2, 4, 3], "rotation": 180, "texture": "#all", "cullface": "down"},
				"west": {"uv": [4, 3, 2, 2], "rotation": 270, "texture": "#all", "cullface": "down"},
				"up": {"uv": [0, 0, 2, 1], "rotation": 180, "texture": "#all", "cullface": "down"},
				"down": {"uv": [2, 2, 4, 3], "texture": "#all", "cullface": "down"}
			}
		},
		{
			"from": [11, -0.15, 9],
			"to": [13, 2.1, 10],
			"light_emission": 15,
			"rotation": {"angle": 0, "axis": "y", "origin": [8, 8, 8]},
			"faces": {
				"north": {"uv": [11, 6, 13, 7], "texture": "#all", "cullface": "down"},
				"east": {"uv": [13, 7, 11, 6], "rotation": 90, "texture": "#all", "cullface": "down"},
				"south": {"uv": [11, 6, 13, 7], "rotation": 180, "texture": "#all", "cullface": "down"},
				"west": {"uv": [13, 7, 11, 6], "rotation": 270, "texture": "#all", "cullface": "down"},
				"up": {"uv": [0, 0, 2, 1], "rotation": 180, "texture": "#all", "cullface": "down"},
				"down": {"uv": [11, 6, 13, 7], "texture": "#all", "cullface": "down"}
			}
		},
		{
			"from": [9, -0.35, 8],
			"to": [14, 1.9, 9],
			"light_emission": 15,
			"rotation": {"angle": 0, "axis": "y", "origin": [8, 8, 8]},
			"faces": {
				"north": {"uv": [14, 7, 9, 8], "texture": "#all", "cullface": "down"},
				"east": {"uv": [9, 8, 14, 7], "rotation": 90, "texture": "#all", "cullface": "down"},
				"south": {"uv": [14, 7, 9, 8], "rotation": 180, "texture": "#all", "cullface": "down"},
				"west": {"uv": [9, 8, 14, 7], "rotation": 270, "texture": "#all", "cullface": "down"},
				"up": {"uv": [0, 0, 2, 1], "rotation": 180, "texture": "#all", "cullface": "down"},
				"down": {"uv": [9, 7, 14, 8], "texture": "#all", "cullface": "down"}
			}
		},
		{
			"from": [10, -0.45, 7],
			"to": [15, 1.8, 8],
			"light_emission": 15,
			"rotation": {"angle": 0, "axis": "y", "origin": [8, 8, 8]},
			"faces": {
				"north": {"uv": [15, 8, 10, 9], "texture": "#all", "cullface": "down"},
				"east": {"uv": [10, 9, 15, 8], "rotation": 90, "texture": "#all", "cullface": "down"},
				"south": {"uv": [15, 8, 10, 9], "rotation": 180, "texture": "#all", "cullface": "down"},
				"west": {"uv": [10, 9, 15, 8], "rotation": 270, "texture": "#all", "cullface": "down"},
				"up": {"uv": [0, 0, 2, 1], "rotation": 180, "texture": "#all", "cullface": "down"},
				"down": {"uv": [10, 8, 15, 9], "texture": "#all", "cullface": "down"}
			}
		},
		{
			"from": [1, -0.35, 6],
			"to": [6, 1.9, 7],
			"light_emission": 15,
			"rotation": {"angle": 0, "axis": "y", "origin": [8, 8, 8]},
			"faces": {
				"north": {"uv": [6, 9, 1, 10], "texture": "#all", "cullface": "down"},
				"east": {"uv": [1, 10, 6, 9], "rotation": 90, "texture": "#all", "cullface": "down"},
				"south": {"uv": [6, 9, 1, 10], "rotation": 180, "texture": "#all", "cullface": "down"},
				"west": {"uv": [1, 10, 6, 9], "rotation": 270, "texture": "#all", "cullface": "down"},
				"up": {"uv": [0, 0, 2, 1], "rotation": 180, "texture": "#all", "cullface": "down"},
				"down": {"uv": [1, 9, 6, 10], "texture": "#all", "cullface": "down"}
			}
		},
		{
			"from": [4, -0.45, 11],
			"to": [9, 1.8, 12],
			"light_emission": 15,
			"rotation": {"angle": 0, "axis": "y", "origin": [8, 8, 8]},
			"faces": {
				"north": {"uv": [9, 4, 4, 5], "texture": "#all", "cullface": "down"},
				"east": {"uv": [4, 5, 9, 4], "rotation": 90, "texture": "#all", "cullface": "down"},
				"south": {"uv": [9, 4, 4, 5], "rotation": 180, "texture": "#all", "cullface": "down"},
				"west": {"uv": [4, 5, 9, 4], "rotation": 270, "texture": "#all", "cullface": "down"},
				"up": {"uv": [0, 0, 2, 1], "rotation": 180, "texture": "#all", "cullface": "down"},
				"down": {"uv": [4, 4, 9, 5], "texture": "#all", "cullface": "down"}
			}
		},
		{
			"from": [3, -0.35, 10],
			"to": [7, 1.9, 11],
			"light_emission": 15,
			"rotation": {"angle": 0, "axis": "y", "origin": [8, 8, 8]},
			"faces": {
				"north": {"uv": [7, 5, 3, 6], "texture": "#all", "cullface": "down"},
				"east": {"uv": [3, 6, 7, 5], "rotation": 90, "texture": "#all", "cullface": "down"},
				"south": {"uv": [7, 5, 3, 6], "rotation": 180, "texture": "#all", "cullface": "down"},
				"west": {"uv": [3, 6, 7, 5], "rotation": 270, "texture": "#all", "cullface": "down"},
				"up": {"uv": [0, 0, 2, 1], "rotation": 180, "texture": "#all", "cullface": "down"},
				"down": {"uv": [3, 5, 7, 6], "texture": "#all", "cullface": "down"}
			}
		},
		{
			"from": [5, -0.25, 3],
			"to": [10, 2, 4],
			"light_emission": 15,
			"rotation": {"angle": 0, "axis": "y", "origin": [8, 8, 8]},
			"faces": {
				"north": {"uv": [10, 12, 5, 13], "texture": "#all", "cullface": "down"},
				"east": {"uv": [5, 13, 10, 12], "rotation": 90, "texture": "#all", "cullface": "down"},
				"south": {"uv": [10, 12, 5, 13], "rotation": 180, "texture": "#all", "cullface": "down"},
				"west": {"uv": [5, 13, 10, 12], "rotation": 270, "texture": "#all", "cullface": "down"},
				"up": {"uv": [0, 0, 2, 1], "rotation": 180, "texture": "#all", "cullface": "down"},
				"down": {"uv": [5, 12, 10, 13], "texture": "#all", "cullface": "down"}
			}
		}
	],
	"groups": [
		0,
		{
			"name": "The ORES",
			"origin": [6, 3, 0],
			"color": 0,
			"children": [1, 2, 3, 4, 5, 6, 7, 8, 9, 10, 11, 12, 13, 14, 15, 16, 17]
		},
		{
			"name": "The ORES",
			"origin": [6, 3, 0],
			"color": 0,
			"children": [18, 19, 20, 21, 22, 23, 24, 25, 26, 27, 28, 29, 30, 31, 32, 33, 34]
		},
		{
			"name": "The ORES",
			"origin": [6, 3, 0],
			"color": 0,
			"children": [35, 36, 37, 38, 39, 40, 41, 42, 43, 44, 45, 46, 47, 48, 49, 50, 51]
		},
		{
			"name": "The ORES",
			"origin": [6, 3, 0],
			"color": 0,
			"children": [52, 53, 54, 55, 56, 57, 58, 59, 60, 61, 62, 63, 64, 65, 66, 67, 68]
		},
		{
			"name": "The ORES",
			"origin": [6, 3, 0],
			"color": 0,
			"children": [69, 70, 71, 72, 73, 74, 75, 76, 77, 78, 79, 80, 81, 82, 83, 84, 85]
		},
		{
			"name": "The ORES",
			"origin": [6, 3, 0],
			"color": 0,
			"children": [86, 87, 88, 89, 90, 91, 92, 93, 94, 95, 96, 97, 98, 99, 100, 101, 102]
		}
	]
}