{
	"format_version": "1.21.6",
	"credit": "Made with Blockbench",
	"parent": "block/block",
	"textures": {
		"bottom": "block/crafter_bottom",
		"top": "block/crafter_top",
		"particle": "block/crafter_north",
		"north": "block/crafter_north",
		"south": "block/crafter_south",
		"west": "block/crafter_west",
		"east": "block/crafter_east"
	},
	"elements": [
		{
			"from": [4.013, 15.96691, 3.0077],
			"to": [12.0098, 16.30011, 4.0073],
			"rotation": {"angle": 0, "axis": "y", "origin": [0.0146, 15.96691, 4.0073]},
			"faces": {
				"north": {"uv": [4, 12, 12, 13], "texture": "#top"},
				"east": {"uv": [3, 12, 4, 13], "texture": "#top"},
				"south": {"uv": [4, 12, 12, 13], "rotation": 180, "texture": "#top"},
				"west": {"uv": [3, 12, 4, 13], "texture": "#top"},
				"up": {"uv": [4, 12, 12, 13], "rotation": 180, "texture": "#top"},
				"down": {"uv": [3, 3, 4, 13], "rotation": 90, "texture": "#top"}
			}
		},
		{
			"from": [12.0098, 15.96691, 3.0077],
			"to": [13.0094, 16.30011, 13.0037],
			"rotation": {"angle": 0, "axis": "y", "origin": [12.0098, 15.96691, -0.3243]},
			"faces": {
				"north": {"uv": [3, 12, 4, 13], "texture": "#top"},
				"east": {"uv": [3, 3, 4, 13], "rotation": 90, "texture": "#top"},
				"south": {"uv": [3, 12, 4, 13], "texture": "#top"},
				"west": {"uv": [3, 3, 4, 13], "texture": "#top"},
				"up": {"uv": [3, 3, 4, 13], "rotation": 180, "texture": "#top"},
				"down": {"uv": [3, 3, 4, 13], "texture": "#top"}
			}
		},
		{
			"from": [4.013, 15.96691, 9.0053],
			"to": [12.0098, 16.30011, 10.0049],
			"rotation": {"angle": 0, "axis": "y", "origin": [0.0146, 15.96691, 10.0049]},
			"faces": {
				"north": {"uv": [4, 3, 12, 4], "rotation": 180, "texture": "#top"},
				"east": {"uv": [3, 12, 4, 13], "texture": "#top"},
				"south": {"uv": [4, 3, 12, 4], "rotation": 180, "texture": "#top"},
				"west": {"uv": [3, 12, 4, 13], "texture": "#top"},
				"up": {"uv": [4, 6, 12, 7], "rotation": 180, "texture": "#top"},
				"down": {"uv": [3, 3, 4, 13], "rotation": 90, "texture": "#top"}
			}
		},
		{
			"from": [4.013, 15.96691, 12.0041],
			"to": [12.0098, 16.30011, 13.0037],
			"rotation": {"angle": 0, "axis": "y", "origin": [0.0146, 15.96691, 13.3369]},
			"faces": {
				"north": {"uv": [4, 3, 12, 4], "rotation": 180, "texture": "#top"},
				"east": {"uv": [3, 12, 4, 13], "texture": "#top"},
				"south": {"uv": [4, 3, 12, 4], "rotation": 180, "texture": "#top"},
				"west": {"uv": [3, 12, 4, 13], "texture": "#top"},
				"up": {"uv": [4, 3, 12, 4], "rotation": 180, "texture": "#top"},
				"down": {"uv": [3, 3, 4, 13], "rotation": 90, "texture": "#top"}
			}
		},
		{
			"from": [3.0134, 15.96691, 3.0077],
			"to": [4.013, 16.30011, 13.0037],
			"rotation": {"angle": 0, "axis": "y", "origin": [3.0134, 15.96691, 2.3413]},
			"faces": {
				"north": {"uv": [3, 12, 4, 13], "texture": "#top"},
				"east": {"uv": [3, 3, 4, 13], "texture": "#top"},
				"south": {"uv": [3, 12, 4, 13], "texture": "#top"},
				"west": {"uv": [3, 3, 4, 13], "texture": "#top"},
				"up": {"uv": [12, 3, 13, 13], "texture": "#top"},
				"down": {"uv": [3, 3, 4, 13], "texture": "#top"}
			}
		},
		{
			"from": [9.011, 15.90027, 4.0073],
			"to": [10.0106, 16.23347, 12.0041],
			"rotation": {"angle": 0, "axis": "y", "origin": [9.011, 15.96691, 2.6745]},
			"faces": {
				"north": {"uv": [3, 12, 4, 13], "texture": "#top"},
				"east": {"uv": [3, 3, 4, 13], "texture": "#top"},
				"south": {"uv": [3, 12, 4, 13], "texture": "#top"},
				"west": {"uv": [3, 3, 4, 13], "texture": "#top"},
				"up": {"uv": [6, 4, 7, 12], "texture": "#top"},
				"down": {"uv": [3, 3, 4, 13], "texture": "#top"}
			}
		},
		{
			"from": [6.0122, 15.90027, 4.0073],
			"to": [7.0118, 16.23347, 12.0041],
			"rotation": {"angle": 0, "axis": "y", "origin": [6.0122, 15.96691, 0.0089]},
			"faces": {
				"north": {"uv": [3, 12, 4, 13], "texture": "#top"},
				"east": {"uv": [3, 3, 4, 13], "texture": "#top"},
				"south": {"uv": [3, 12, 4, 13], "texture": "#top"},
				"west": {"uv": [3, 3, 4, 13], "texture": "#top"},
				"up": {"uv": [9, 4, 10, 12], "rotation": 180, "texture": "#top"},
				"down": {"uv": [3, 3, 4, 13], "texture": "#top"}
			}
		},
		{
			"from": [4.013, 15.96691, 6.0065],
			"to": [12.0098, 16.30011, 7.0061],
			"rotation": {"angle": 0, "axis": "y", "origin": [0.0146, 15.96691, 7.0061]},
			"faces": {
				"north": {"uv": [4, 3, 12, 4], "rotation": 180, "texture": "#top"},
				"east": {"uv": [3, 12, 4, 13], "texture": "#top"},
				"south": {"uv": [4, 3, 12, 4], "rotation": 180, "texture": "#top"},
				"west": {"uv": [3, 12, 4, 13], "texture": "#top"},
				"up": {"uv": [4, 9, 12, 10], "rotation": 180, "texture": "#top"},
				"down": {"uv": [3, 3, 4, 13], "rotation": 90, "texture": "#top"}
			}
		},
		{
			"from": [0.25, 0, 0.25],
			"to": [15.75, 0.25, 15.75],
			"faces": {
				"north": {"uv": [0, 0, 16, 1], "rotation": 180, "texture": "#bottom"},
				"east": {"uv": [0, 0, 16, 1], "rotation": 180, "texture": "#bottom"},
				"south": {"uv": [0, 0, 16, 1], "rotation": 180, "texture": "#bottom"},
				"west": {"uv": [0, 0, 16, 1], "rotation": 180, "texture": "#bottom"},
				"up": {"uv": [0, 0, 16, 16], "texture": "#bottom"},
				"down": {"uv": [0.25, 0.25, 15.75, 15.75], "texture": "#bottom"}
			}
		},
		{
			"from": [6, 11, 0],
			"to": [10, 14, 0.25],
			"rotation": {"angle": 0, "axis": "y", "origin": [8, 8, 0.25]},
			"faces": {
				"north": {"uv": [6, 2, 10, 5], "texture": "#north"},
				"east": {"uv": [0, 0, 16, 1], "rotation": 90, "texture": "#bottom"},
				"south": {"uv": [2, 0.25, 16, 15.75], "rotation": 90, "texture": "#bottom"},
				"west": {"uv": [0, 0, 16, 1], "rotation": 270, "texture": "#bottom"},
				"up": {"uv": [0, 0, 16, 1], "texture": "#bottom"},
				"down": {"uv": [0, 0, 16, 1], "rotation": 180, "texture": "#bottom"}
			}
		},
		{
			"from": [0, 0.025, 15.75],
			"to": [16, 3.025, 16.05],
			"rotation": {"angle": 0, "axis": "y", "origin": [8, 1.025, 8]},
			"faces": {
				"north": {"uv": [16, 13, 0, 16], "texture": "#west"},
				"east": {"uv": [16, 7, 15, 9], "rotation": 180, "texture": "#west"},
				"south": {"uv": [16, 13, 0, 16], "texture": "#north"},
				"west": {"uv": [15, 7, 14, 9], "rotation": 180, "texture": "#west"},
				"up": {"uv": [0, 14, 16, 13], "texture": "#north"},
				"down": {"uv": [0, 1, 16, 0], "rotation": 180, "texture": "#bottom"}
			}
		},
		{
			"from": [0.25, 1, 15.75],
			"to": [2, 13, 16],
			"rotation": {"angle": 0, "axis": "y", "origin": [-5.75, 3, 15.75]},
			"faces": {
				"north": {"uv": [2, 15.75, 16, 0.25], "rotation": 90, "texture": "#bottom"},
				"east": {"uv": [0, 1, 16, 0], "rotation": 90, "texture": "#bottom"},
				"south": {"uv": [15.75, 3, 14, 15], "texture": "#north"},
				"west": {"uv": [0, 1, 16, 0], "rotation": 270, "texture": "#bottom"},
				"up": {"uv": [0, 1, 16, 0], "texture": "#bottom"},
				"down": {"uv": [0, 1, 16, 0], "rotation": 180, "texture": "#bottom"}
			}
		},
		{
			"from": [14, 1, 15.75],
			"to": [15.75, 13, 16],
			"rotation": {"angle": 0, "axis": "y", "origin": [8, 3, 15.75]},
			"faces": {
				"north": {"uv": [2, 15.75, 16, 0.25], "rotation": 90, "texture": "#bottom"},
				"east": {"uv": [0, 1, 16, 0], "rotation": 90, "texture": "#bottom"},
				"south": {"uv": [2, 3, 0.25, 15], "texture": "#north"},
				"west": {"uv": [0, 1, 16, 0], "rotation": 270, "texture": "#bottom"},
				"up": {"uv": [0, 1, 16, 0], "texture": "#bottom"},
				"down": {"uv": [0, 1, 16, 0], "rotation": 180, "texture": "#bottom"}
			}
		},
		{
			"from": [0.25, 13, 15.75],
			"to": [6, 14, 16],
			"rotation": {"angle": 0, "axis": "y", "origin": [8, 8, 15.75]},
			"faces": {
				"north": {"uv": [2, 15.75, 16, 0.25], "rotation": 90, "texture": "#bottom"},
				"east": {"uv": [0, 1, 16, 0], "rotation": 90, "texture": "#bottom"},
				"south": {"uv": [15.75, 2, 10, 3], "texture": "#north"},
				"west": {"uv": [0, 1, 16, 0], "rotation": 270, "texture": "#bottom"},
				"up": {"uv": [0, 1, 16, 0], "texture": "#bottom"},
				"down": {"uv": [0, 1, 16, 0], "rotation": 180, "texture": "#bottom"}
			}
		},
		{
			"from": [10, 13, 15.75],
			"to": [15.75, 14, 16],
			"rotation": {"angle": 0, "axis": "y", "origin": [17.75, 8, 15.75]},
			"faces": {
				"north": {"uv": [2, 15.75, 16, 0.25], "rotation": 90, "texture": "#bottom"},
				"east": {"uv": [0, 1, 16, 0], "rotation": 90, "texture": "#bottom"},
				"south": {"uv": [6, 2, 0.25, 3], "texture": "#north"},
				"west": {"uv": [0, 1, 16, 0], "rotation": 270, "texture": "#bottom"},
				"up": {"uv": [0, 1, 16, 0], "texture": "#bottom"},
				"down": {"uv": [0, 1, 16, 0], "rotation": 180, "texture": "#bottom"}
			}
		},
		{
			"from": [6, 3, 15.75],
			"to": [10, 14, 16],
			"rotation": {"angle": 0, "axis": "y", "origin": [8, 8, 15.75]},
			"faces": {
				"north": {"uv": [2, 15.75, 16, 0.25], "rotation": 90, "texture": "#bottom"},
				"east": {"uv": [10, 2, 9, 13], "texture": "#south"},
				"south": {"uv": [10, 2, 6, 13], "texture": "#south"},
				"west": {"uv": [7, 2, 6, 13], "texture": "#south"},
				"up": {"uv": [0, 1, 16, 0], "texture": "#bottom"},
				"down": {"uv": [0, 1, 16, 0], "rotation": 180, "texture": "#bottom"}
			}
		},
		{
			"from": [0.25, 13, 0],
			"to": [6, 14, 0.25],
			"rotation": {"angle": 0, "axis": "y", "origin": [8, 8, 0.25]},
			"faces": {
				"north": {"uv": [10, 2, 15.75, 3], "texture": "#north"},
				"east": {"uv": [0, 0, 16, 1], "rotation": 90, "texture": "#bottom"},
				"south": {"uv": [2, 0.25, 16, 15.75], "rotation": 90, "texture": "#bottom"},
				"west": {"uv": [0, 0, 16, 1], "rotation": 270, "texture": "#bottom"},
				"up": {"uv": [0, 0, 16, 1], "texture": "#bottom"},
				"down": {"uv": [0, 0, 16, 1], "rotation": 180, "texture": "#bottom"}
			}
		},
		{
			"from": [10, 13, 0],
			"to": [15.75, 14, 0.25],
			"rotation": {"angle": 0, "axis": "y", "origin": [17.75, 8, 0.25]},
			"faces": {
				"north": {"uv": [0.25, 2, 6, 3], "texture": "#north"},
				"east": {"uv": [0, 0, 16, 1], "rotation": 90, "texture": "#bottom"},
				"south": {"uv": [2, 0.25, 16, 15.75], "rotation": 90, "texture": "#bottom"},
				"west": {"uv": [0, 0, 16, 1], "rotation": 270, "texture": "#bottom"},
				"up": {"uv": [0, 0, 16, 1], "texture": "#bottom"},
				"down": {"uv": [0, 0, 16, 1], "rotation": 180, "texture": "#bottom"}
			}
		},
		{
			"from": [14, 1, 0],
			"to": [15.75, 13, 1],
			"rotation": {"angle": 0, "axis": "y", "origin": [8, 3, 0.25]},
			"faces": {
				"north": {"uv": [0.25, 3, 2, 15], "texture": "#north"},
				"east": {"uv": [0, 0, 16, 1], "rotation": 90, "texture": "#bottom"},
				"south": {"uv": [2, 0.25, 16, 15.75], "rotation": 90, "texture": "#bottom"},
				"west": {"uv": [0, 0, 16, 1], "rotation": 270, "texture": "#bottom"},
				"up": {"uv": [0, 0, 16, 1], "texture": "#bottom"},
				"down": {"uv": [0, 0, 16, 1], "rotation": 180, "texture": "#bottom"}
			}
		},
		{
			"from": [0.25, 1, 0],
			"to": [2, 13, 1],
			"rotation": {"angle": 0, "axis": "y", "origin": [-5.75, 3, 0.25]},
			"faces": {
				"north": {"uv": [14, 3, 15.75, 15], "texture": "#north"},
				"east": {"uv": [0, 0, 16, 1], "rotation": 90, "texture": "#bottom"},
				"south": {"uv": [2, 0.25, 16, 15.75], "rotation": 90, "texture": "#bottom"},
				"west": {"uv": [0, 0, 16, 1], "rotation": 270, "texture": "#bottom"},
				"up": {"uv": [0, 0, 16, 1], "texture": "#bottom"},
				"down": {"uv": [0, 0, 16, 1], "rotation": 180, "texture": "#bottom"}
			}
		},
		{
			"from": [15.75, 0, 14],
			"to": [16, 14, 16],
			"rotation": {"angle": 0, "axis": "y", "origin": [15.75, 8, 8]},
			"faces": {
				"north": {"uv": [0, 2, 0.25, 16], "texture": "#north"},
				"east": {"uv": [2, 2, 0, 16], "texture": "#west"},
				"south": {"uv": [0, 2, 0.25, 16], "texture": "#south"},
				"west": {"uv": [13, 0, 16, 16], "texture": "#bottom"},
				"up": {"uv": [0, 0, 16, 1], "rotation": 90, "texture": "#bottom"},
				"down": {"uv": [0, 0, 16, 1], "rotation": 180, "texture": "#bottom"}
			}
		},
		{
			"from": [15.75, 0, 0],
			"to": [16, 14, 2],
			"rotation": {"angle": 0, "axis": "y", "origin": [15.75, 8, 8]},
			"faces": {
				"north": {"uv": [0, 2, 0.25, 16], "texture": "#north"},
				"east": {"uv": [16, 2, 14, 16], "texture": "#west"},
				"south": {"uv": [0, 2, 0.25, 16], "texture": "#south"},
				"west": {"uv": [2, 0, 16, 16], "rotation": 90, "texture": "#bottom"},
				"up": {"uv": [0, 0, 16, 1], "rotation": 90, "texture": "#bottom"},
				"down": {"uv": [0, 0, 16, 1], "rotation": 180, "texture": "#bottom"}
			}
		},
		{
			"from": [15.5, 0, 2],
			"to": [15.75, 14, 14],
			"rotation": {"angle": 0, "axis": "y", "origin": [15.75, 8, 8]},
			"faces": {
				"north": {"uv": [0, 2, 0.25, 16], "texture": "#north"},
				"east": {"uv": [14, 2, 2, 16], "texture": "#west"},
				"south": {"uv": [0, 2, 0.25, 16], "texture": "#south"},
				"west": {"uv": [2, 0, 16, 16], "rotation": 90, "texture": "#bottom"},
				"up": {"uv": [0, 0, 16, 1], "rotation": 90, "texture": "#bottom"},
				"down": {"uv": [0, 0, 16, 1], "rotation": 180, "texture": "#bottom"}
			}
		},
		{
			"from": [-0.05, 0.025, 0],
			"to": [0.75, 3.025, 16],
			"rotation": {"angle": 0, "axis": "y", "origin": [8, 1.025, 8]},
			"faces": {
				"north": {"uv": [1, 7, 0, 9], "rotation": 180, "texture": "#west"},
				"east": {"uv": [16, 13, 0, 16], "texture": "#bottom"},
				"south": {"uv": [16, 7, 15, 9], "rotation": 180, "texture": "#west"},
				"west": {"uv": [16, 13, 0, 16], "texture": "#west"},
				"up": {"uv": [0, 14, 16, 13], "rotation": 90, "texture": "#west"},
				"down": {"uv": [16, 0, 0, 1], "rotation": 180, "texture": "#bottom"}
			}
		},
		{
			"from": [0, 0, 0],
			"to": [0.25, 14, 2],
			"rotation": {"angle": 0, "axis": "y", "origin": [0.25, 8, 8]},
			"faces": {
				"north": {"uv": [0.25, 2, 0, 16], "texture": "#north"},
				"east": {"uv": [2, 16, 16, 0], "rotation": 90, "texture": "#bottom"},
				"south": {"uv": [0.25, 2, 0, 16], "texture": "#south"},
				"west": {"uv": [14, 2, 16, 16], "texture": "#west"},
				"up": {"uv": [0, 1, 16, 0], "rotation": 90, "texture": "#bottom"},
				"down": {"uv": [16, 0, 0, 1], "rotation": 180, "texture": "#bottom"}
			}
		},
		{
			"from": [0, 0, 14],
			"to": [0.25, 14, 16],
			"rotation": {"angle": 0, "axis": "y", "origin": [0.25, 8, 8]},
			"faces": {
				"north": {"uv": [0.25, 2, 0, 16], "texture": "#north"},
				"east": {"uv": [16, 0, 13, 16], "texture": "#bottom"},
				"south": {"uv": [0.25, 2, 0, 16], "texture": "#south"},
				"west": {"uv": [0, 2, 2, 16], "texture": "#west"},
				"up": {"uv": [0, 1, 16, 0], "rotation": 90, "texture": "#bottom"},
				"down": {"uv": [16, 0, 0, 1], "rotation": 180, "texture": "#bottom"}
			}
		},
		{
			"from": [0.25, 0, 2],
			"to": [0.5, 14, 14],
			"rotation": {"angle": 0, "axis": "y", "origin": [0.25, 8, 8]},
			"faces": {
				"north": {"uv": [0.25, 2, 0, 16], "texture": "#north"},
				"east": {"uv": [2, 16, 16, 0], "rotation": 90, "texture": "#bottom"},
				"south": {"uv": [0.25, 2, 0, 16], "texture": "#south"},
				"west": {"uv": [2, 2, 14, 16], "texture": "#west"},
				"up": {"uv": [0, 1, 16, 0], "rotation": 90, "texture": "#bottom"},
				"down": {"uv": [16, 0, 0, 1], "rotation": 180, "texture": "#bottom"}
			}
		},
		{
			"from": [-1.25, 4, 3],
			"to": [0.25, 6, 6],
			"rotation": {"angle": 0, "axis": "y", "origin": [0.25, 8, 8]},
			"faces": {
				"north": {"uv": [11.5, 10, 13, 12], "texture": "#east"},
				"east": {"uv": [2, 16, 16, 0], "rotation": 90, "texture": "#bottom"},
				"south": {"uv": [13, 10, 11.5, 12], "texture": "#east"},
				"west": {"uv": [13, 10, 10, 12], "texture": "#east"},
				"up": {"uv": [10, 10, 13, 11.5], "rotation": 90, "texture": "#east"},
				"down": {"uv": [3, 11, 6, 12], "texture": "#west"}
			}
		},
		{
			"from": [-0.75, 10, 3.25],
			"to": [0, 11.5, 5.75],
			"rotation": {"angle": 0, "axis": "y", "origin": [0.25, 12, 8]},
			"faces": {
				"north": {"uv": [10, 4, 11, 6], "texture": "#east"},
				"east": {"uv": [2, 16, 16, 0], "rotation": 90, "texture": "#bottom"},
				"south": {"uv": [12, 4, 13, 6], "texture": "#east"},
				"west": {"uv": [13, 4, 10, 6], "texture": "#east"},
				"up": {"uv": [10, 4, 13, 5], "rotation": 90, "texture": "#east"},
				"down": {"uv": [3, 11, 6, 12], "texture": "#west"}
			}
		},
		{
			"from": [15.75, 4, 3],
			"to": [17.25, 6, 6],
			"rotation": {"angle": 0, "axis": "y", "origin": [15.75, 8, 8]},
			"faces": {
				"north": {"uv": [13, 10, 11.5, 12], "texture": "#east"},
				"east": {"uv": [10, 10, 13, 12], "texture": "#east"},
				"south": {"uv": [11.5, 10, 13, 12], "texture": "#east"},
				"west": {"uv": [2, 0, 16, 16], "rotation": 90, "texture": "#bottom"},
				"up": {"uv": [10, 11.5, 13, 10], "rotation": 90, "texture": "#east"},
				"down": {"uv": [6, 11, 3, 12], "texture": "#west"}
			}
		},
		{
			"from": [16, 6, 3.5],
			"to": [16.75, 10, 5.5],
			"rotation": {"angle": 0, "axis": "y", "origin": [15.75, 10, 8]},
			"faces": {
				"north": {"uv": [13, 6, 12, 10], "texture": "#east"},
				"east": {"uv": [11, 6, 13, 10], "texture": "#east"},
				"south": {"uv": [12, 6, 11, 10], "texture": "#east"},
				"west": {"uv": [2, 0, 16, 16], "rotation": 90, "texture": "#bottom"},
				"up": {"uv": [3, 11, 6, 10], "rotation": 90, "texture": "#west"},
				"down": {"uv": [6, 11, 3, 12], "texture": "#west"}
			}
		},
		{
			"from": [16, 10, 3.25],
			"to": [16.75, 11.5, 5.75],
			"rotation": {"angle": 0, "axis": "y", "origin": [15.75, 12, 8]},
			"faces": {
				"north": {"uv": [11, 4, 10, 6], "texture": "#east"},
				"east": {"uv": [10, 4, 13, 6], "texture": "#east"},
				"south": {"uv": [13, 4, 12, 6], "texture": "#east"},
				"west": {"uv": [2, 0, 16, 16], "rotation": 90, "texture": "#bottom"},
				"up": {"uv": [10, 5, 13, 4], "rotation": 90, "texture": "#east"},
				"down": {"uv": [6, 11, 3, 12], "texture": "#west"}
			}
		},
		{
			"from": [-0.75, 6, 3.5],
			"to": [0, 10, 5.5],
			"rotation": {"angle": 0, "axis": "y", "origin": [0.25, 10, 8]},
			"faces": {
				"north": {"uv": [12, 6, 13, 10], "texture": "#east"},
				"east": {"uv": [2, 16, 16, 0], "rotation": 90, "texture": "#bottom"},
				"south": {"uv": [11, 6, 12, 10], "texture": "#east"},
				"west": {"uv": [13, 6, 11, 10], "texture": "#east"},
				"up": {"uv": [3, 10, 6, 11], "rotation": 90, "texture": "#west"},
				"down": {"uv": [3, 11, 6, 12], "texture": "#west"}
			}
		},
		{
			"from": [1, 14, 0],
			"to": [15, 16, 1],
			"rotation": {"angle": 0, "axis": "y", "origin": [0, 14, 16]},
			"faces": {
				"north": {"uv": [15, 0, 1, 2], "texture": "#north"},
				"east": {"uv": [16, 0, 0, 2], "texture": "#north"},
				"south": {"uv": [16, 0, 0, 2], "texture": "#north"},
				"west": {"uv": [16, 0, 0, 2], "texture": "#north"},
				"up": {"uv": [1, 16, 15, 15], "rotation": 180, "texture": "#top"},
				"down": {"uv": [0, 16, 16, 0], "texture": "#bottom"}
			}
		},
		{
			"from": [1, 14, 15],
			"to": [15, 16, 16],
			"rotation": {"angle": 0, "axis": "y", "origin": [0, 14, 0]},
			"faces": {
				"north": {"uv": [0, 0, 16, 2], "texture": "#north"},
				"east": {"uv": [0, 0, 16, 2], "texture": "#north"},
				"south": {"uv": [1, 0, 15, 2], "texture": "#south"},
				"west": {"uv": [0, 0, 16, 2], "texture": "#north"},
				"up": {"uv": [1, 0, 15, 1], "rotation": 180, "texture": "#top"},
				"down": {"uv": [0, 0, 16, 16], "texture": "#bottom"}
			}
		},
		{
			"from": [0, 14, 0],
			"to": [1, 16, 16],
			"rotation": {"angle": 0, "axis": "y", "origin": [16, 14, 17]},
			"faces": {
				"north": {"uv": [16, 0, 15, 2], "texture": "#north"},
				"east": {"uv": [16, 0, 0, 2], "texture": "#north"},
				"south": {"uv": [16, 0, 0, 2], "texture": "#north"},
				"west": {"uv": [0, 0, 16, 2], "texture": "#west"},
				"up": {"uv": [16, 0, 15, 16], "rotation": 180, "texture": "#top"},
				"down": {"uv": [0, 16, 16, 0], "rotation": 90, "texture": "#bottom"}
			}
		},
		{
			"from": [15, 14, 0],
			"to": [16, 16, 16],
			"rotation": {"angle": 0, "axis": "y", "origin": [0, 14, 17]},
			"faces": {
				"north": {"uv": [0, 0, 1, 2], "texture": "#north"},
				"east": {"uv": [16, 0, 0, 2], "texture": "#west"},
				"south": {"uv": [0, 0, 16, 2], "texture": "#north"},
				"west": {"uv": [0, 0, 16, 2], "texture": "#north"},
				"up": {"uv": [0, 15, 16, 16], "rotation": 90, "texture": "#top"},
				"down": {"uv": [0, 0, 16, 16], "rotation": 90, "texture": "#bottom"}
			}
		},
		{
			"from": [2, 14, 2],
			"to": [14, 16, 14],
			"rotation": {"angle": 0, "axis": "y", "origin": [0, 14, 0]},
			"faces": {
				"north": {"uv": [2, 0, 14, 1], "texture": "#south"},
				"east": {"uv": [2, 0, 14, 1], "texture": "#south"},
				"south": {"uv": [2, 0, 14, 1], "texture": "#south"},
				"west": {"uv": [2, 0, 14, 1], "texture": "#south"},
				"up": {"uv": [2, 2, 14, 14], "rotation": 180, "texture": "#top"},
				"down": {"uv": [0, 0, 16, 16], "texture": "#bottom"}
			}
		},
		{
			"from": [0.25, 14.25, 0.25],
			"to": [15.75, 15.75, 15.75],
			"rotation": {"angle": 0, "axis": "y", "origin": [0, 14, 0]},
			"faces": {
				"north": {"uv": [0, 0, 16, 2], "texture": "#north"},
				"east": {"uv": [0, 0, 16, 2], "texture": "#north"},
				"south": {"uv": [0, 0, 16, 2], "texture": "#south"},
				"west": {"uv": [0, 0, 16, 2], "texture": "#north"},
				"up": {"uv": [0.25, 0.25, 15.75, 15.75], "rotation": 180, "texture": "#top"},
				"down": {"uv": [0, 0, 16, 16], "texture": "#bottom"}
			}
		},
		{
			"from": [0.25, 0, 15.25],
			"to": [15.75, 14, 15.75],
			"rotation": {"angle": 0, "axis": "y", "origin": [8, 8, 16]},
			"faces": {
				"north": {"uv": [2, 0.25, 16, 15.75], "rotation": 90, "texture": "#bottom"},
				"east": {"uv": [0, 0, 16, 1], "rotation": 90, "texture": "#bottom"},
				"south": {"uv": [0.25, 2, 15.75, 16], "texture": "#south"},
				"west": {"uv": [0, 0, 16, 1], "rotation": 270, "texture": "#bottom"},
				"up": {"uv": [0, 0, 16, 1], "texture": "#bottom"},
				"down": {"uv": [0, 0, 16, 1], "rotation": 180, "texture": "#bottom"}
			}
		},
		{
			"from": [0.25, 12, 0.25],
			"to": [15.75, 14, 1.25],
			"rotation": {"angle": 0, "axis": "y", "origin": [8, 8, 0]},
			"faces": {
				"north": {"uv": [15.75, 3, 0.25, 4], "texture": "#north"},
				"east": {"uv": [0, 1, 16, 0], "rotation": 90, "texture": "#bottom"},
				"south": {"uv": [2, 15.75, 16, 0.25], "rotation": 90, "texture": "#bottom"},
				"west": {"uv": [0, 1, 16, 0], "rotation": 270, "texture": "#bottom"},
				"up": {"uv": [0, 1, 16, 0], "texture": "#bottom"},
				"down": {"uv": [11, 6, 12, 4], "rotation": 270, "texture": "#north"}
			}
		},
		{
			"from": [0.25, 9, 0.25],
			"to": [15.75, 10, 1.25],
			"rotation": {"angle": 0, "axis": "y", "origin": [8, 8, 0]},
			"faces": {
				"north": {"uv": [15.75, 6, 0.25, 7], "texture": "#north"},
				"east": {"uv": [0, 1, 16, 0], "rotation": 90, "texture": "#bottom"},
				"south": {"uv": [2, 15.75, 16, 0.25], "rotation": 90, "texture": "#bottom"},
				"west": {"uv": [0, 1, 16, 0], "rotation": 270, "texture": "#bottom"},
				"up": {"uv": [11, 6, 12, 4], "rotation": 270, "texture": "#north"},
				"down": {"uv": [15.75, 6, 0.25, 7], "texture": "#north"}
			}
		},
		{
			"from": [10.5, 6.5, 0.5],
			"to": [16, 7.5, 1.5],
			"rotation": {"angle": -45, "axis": "z", "origin": [14, 7.5, 1]},
			"faces": {
				"north": {"uv": [7.5, 10, 2, 11], "texture": "#west"},
				"east": {"uv": [0, 1, 16, 0], "rotation": 90, "texture": "#west"},
				"south": {"uv": [2, 15.75, 16, 0.25], "rotation": 90, "texture": "#west"},
				"west": {"uv": [0, 1, 16, 0], "rotation": 270, "texture": "#west"},
				"up": {"uv": [11, 6, 12, 4], "rotation": 270, "texture": "#west"},
				"down": {"uv": [7.5, 10, 2, 11], "texture": "#west"}
			}
		},
		{
			"from": [0.5, 7.5, 0.5],
			"to": [5, 8.75, 1.5],
			"rotation": {"angle": 45, "axis": "z", "origin": [2, 7.5, 1]},
			"faces": {
				"north": {"uv": [2.5, 8.5, 7, 9.75], "texture": "#west"},
				"east": {"uv": [0, 0, 16, 1], "rotation": 270, "texture": "#bottom"},
				"south": {"uv": [2, 0.25, 16, 15.75], "rotation": 90, "texture": "#bottom"},
				"west": {"uv": [0, 0, 16, 1], "rotation": 90, "texture": "#bottom"},
				"up": {"uv": [11, 4, 12, 6], "rotation": 270, "texture": "#north"},
				"down": {"uv": [16, 1, 0, 0], "rotation": 180, "texture": "#bottom"}
			}
		},
		{
			"from": [0, 6.5, 0.5],
			"to": [5.5, 7.5, 1.5],
			"rotation": {"angle": 45, "axis": "z", "origin": [2, 7.5, 1]},
			"faces": {
				"north": {"uv": [2, 10, 7.5, 11], "texture": "#west"},
				"east": {"uv": [0, 0, 16, 1], "rotation": 270, "texture": "#west"},
				"south": {"uv": [2, 0.25, 16, 15.75], "rotation": 90, "texture": "#west"},
				"west": {"uv": [0, 0, 16, 1], "rotation": 90, "texture": "#west"},
				"up": {"uv": [11, 4, 12, 6], "rotation": 270, "texture": "#west"},
				"down": {"uv": [2, 10, 7.5, 11], "texture": "#west"}
			}
		},
		{
			"from": [12, 10, 0.25],
			"to": [15.75, 12, 1.25],
			"rotation": {"angle": 0, "axis": "y", "origin": [8, 8, 0]},
			"faces": {
				"north": {"uv": [0.25, 4, 4, 6], "texture": "#north"},
				"east": {"uv": [0, 0, 16, 1], "rotation": 270, "texture": "#bottom"},
				"south": {"uv": [2, 0.25, 16, 15.75], "rotation": 90, "texture": "#bottom"},
				"west": {"uv": [11, 6, 12, 4], "rotation": 270, "texture": "#north"},
				"up": {"uv": [16, 1, 0, 0], "texture": "#bottom"},
				"down": {"uv": [16, 1, 0, 0], "rotation": 180, "texture": "#bottom"}
			}
		},
		{
			"from": [11, 7.5, 0.5],
			"to": [15.5, 8.75, 1.5],
			"rotation": {"angle": -45, "axis": "z", "origin": [14, 7.5, 1]},
			"faces": {
				"north": {"uv": [7, 8.5, 2.5, 9.75], "texture": "#west"},
				"east": {"uv": [0, 1, 16, 0], "rotation": 90, "texture": "#bottom"},
				"south": {"uv": [2, 15.75, 16, 0.25], "rotation": 90, "texture": "#bottom"},
				"west": {"uv": [0, 1, 16, 0], "rotation": 270, "texture": "#bottom"},
				"up": {"uv": [11, 6, 12, 4], "rotation": 270, "texture": "#north"},
				"down": {"uv": [0, 1, 16, 0], "rotation": 180, "texture": "#bottom"}
			}
		},
		{
			"from": [0.25, 3, 1],
			"to": [15.75, 9, 1.75],
			"rotation": {"angle": 0, "axis": "y", "origin": [8, 8, 0]},
			"faces": {
				"north": {"uv": [15.75, 7, 0.25, 13], "texture": "#north"},
				"east": {"uv": [0, 1, 16, 0], "rotation": 90, "texture": "#bottom"},
				"south": {"uv": [2, 15.75, 16, 0.25], "rotation": 90, "texture": "#bottom"},
				"west": {"uv": [0, 1, 16, 0], "rotation": 270, "texture": "#bottom"},
				"up": {"uv": [11, 6, 12, 4], "rotation": 270, "texture": "#north"},
				"down": {"uv": [0, 1, 16, 0], "rotation": 180, "texture": "#bottom"}
			}
		},
		{
			"from": [0.25, 10, 0.25],
			"to": [4, 12, 1.25],
			"rotation": {"angle": 0, "axis": "y", "origin": [8, 8, 0]},
			"faces": {
				"north": {"uv": [12, 4, 15.75, 6], "texture": "#north"},
				"east": {"uv": [11, 6, 12, 4], "rotation": 270, "texture": "#north"},
				"south": {"uv": [2, 15.75, 16, 0.25], "rotation": 90, "texture": "#bottom"},
				"west": {"uv": [0, 1, 16, 0], "rotation": 270, "texture": "#bottom"},
				"up": {"uv": [0, 1, 16, 0], "texture": "#bottom"},
				"down": {"uv": [0, 1, 16, 0], "rotation": 180, "texture": "#bottom"}
			}
		},
		{
			"from": [5, 10, 0.25],
			"to": [11, 12, 1.25],
			"rotation": {"angle": 0, "axis": "y", "origin": [12.75, 8, 0]},
			"faces": {
				"north": {"uv": [5, 4, 11, 6], "texture": "#west"},
				"east": {"uv": [11, 6, 12, 4], "rotation": 270, "texture": "#north"},
				"south": {"uv": [2, 15.75, 16, 0.25], "rotation": 90, "texture": "#bottom"},
				"west": {"uv": [11, 6, 12, 4], "rotation": 270, "texture": "#north"},
				"up": {"uv": [0, 1, 16, 0], "texture": "#bottom"},
				"down": {"uv": [0, 1, 16, 0], "rotation": 180, "texture": "#bottom"}
			}
		},
		{
			"from": [4, 10, 1.25],
			"to": [12, 12, 1.75],
			"rotation": {"angle": 0, "axis": "y", "origin": [12.75, 8, 0.5]},
			"faces": {
				"north": {"uv": [11, 6, 12, 4], "rotation": 270, "texture": "#north"},
				"east": {"uv": [11, 6, 12, 4], "rotation": 270, "texture": "#north"},
				"south": {"uv": [2, 15.75, 16, 0.25], "rotation": 90, "texture": "#bottom"},
				"west": {"uv": [11, 6, 12, 4], "rotation": 270, "texture": "#north"},
				"up": {"uv": [0, 1, 16, 0], "texture": "#bottom"},
				"down": {"uv": [0, 1, 16, 0], "rotation": 180, "texture": "#bottom"}
			}
		},
		{
			"from": [-0.05, 0.025, 0],
			"to": [0, 3.025, 16],
			"rotation": {"angle": 0, "axis": "y", "origin": [8, 1.025, 8]},
			"faces": {
				"north": {"uv": [15, 7, 16, 9], "rotation": 180, "texture": "#west"},
				"east": {"uv": [0, 13, 16, 16], "texture": "#west"},
				"south": {"uv": [1, 7, 2, 9], "rotation": 180, "texture": "#west"},
				"west": {"uv": [0, 13, 16, 16], "texture": "#west"},
				"up": {"uv": [0, 13, 16, 16], "rotation": 270, "texture": "#west"},
				"down": {"uv": [0, 0, 16, 1], "rotation": 180, "texture": "#bottom"}
			}
		},
		{
			"from": [0, 0.025, -0.05],
			"to": [16, 3.025, 1],
			"rotation": {"angle": 0, "axis": "y", "origin": [8, 1.025, 8]},
			"faces": {
				"north": {"uv": [0, 13, 16, 16], "texture": "#north"},
				"east": {"uv": [15, 7, 16, 9], "rotation": 180, "texture": "#west"},
				"south": {"uv": [0, 13, 16, 16], "texture": "#west"},
				"west": {"uv": [0, 7, 1, 9], "rotation": 180, "texture": "#west"},
				"up": {"uv": [0, 13, 16, 14], "texture": "#north"},
				"down": {"uv": [0, 0, 16, 1], "rotation": 180, "texture": "#bottom"}
			}
		},
		{
			"from": [0, 0.025, 16],
			"to": [16, 3.025, 16.05],
			"rotation": {"angle": 0, "axis": "y", "origin": [8, 1.025, 8]},
			"faces": {
				"north": {"uv": [0, 13, 16, 16], "texture": "#west"},
				"east": {"uv": [1, 7, 2, 9], "rotation": 180, "texture": "#west"},
				"south": {"uv": [0, 13, 16, 16], "texture": "#south"},
				"west": {"uv": [15, 7, 16, 9], "rotation": 180, "texture": "#west"},
				"up": {"uv": [2, 8, 16, 9], "rotation": 180, "texture": "#west"},
				"down": {"uv": [0, 0, 16, 1], "rotation": 180, "texture": "#bottom"}
			}
		},
		{
			"from": [15.25, 0.025, 0],
			"to": [16.05, 3.025, 16],
			"rotation": {"angle": 0, "axis": "y", "origin": [8, 1.025, 8]},
			"faces": {
				"north": {"uv": [1, 7, 2, 9], "rotation": 180, "texture": "#west"},
				"east": {"uv": [0, 13, 16, 16], "texture": "#west"},
				"south": {"uv": [15, 7, 16, 9], "rotation": 180, "texture": "#west"},
				"west": {"uv": [0, 13, 16, 16], "texture": "#bottom"},
				"up": {"uv": [0, 13, 16, 14], "rotation": 90, "texture": "#west"},
				"down": {"uv": [0, 0, 16, 1], "rotation": 180, "texture": "#bottom"}
			}
		},
		{
			"from": [0, 13, 2],
			"to": [1, 14, 14],
			"rotation": {"angle": 0, "axis": "y", "origin": [16, 14, 17]},
			"faces": {
				"north": {"uv": [1, 0, 0, 2], "texture": "#north"},
				"east": {"uv": [16, 0, 0, 2], "texture": "#north"},
				"south": {"uv": [16, 0, 0, 2], "texture": "#north"},
				"west": {"uv": [2, 2, 14, 3], "texture": "#west"},
				"up": {"uv": [0, 16, 16, 15], "rotation": 90, "texture": "#top"},
				"down": {"uv": [0, 16, 16, 0], "rotation": 90, "texture": "#bottom"}
			}
		},
		{
			"from": [15, 13, 2],
			"to": [16, 14, 14],
			"rotation": {"angle": 0, "axis": "y", "origin": [0, 14, 17]},
			"faces": {
				"north": {"uv": [0, 0, 1, 2], "texture": "#north"},
				"east": {"uv": [14, 2, 2, 3], "texture": "#west"},
				"south": {"uv": [0, 0, 16, 2], "texture": "#north"},
				"west": {"uv": [0, 0, 16, 2], "texture": "#north"},
				"up": {"uv": [0, 15, 16, 16], "rotation": 90, "texture": "#top"},
				"down": {"uv": [0, 0, 16, 16], "rotation": 90, "texture": "#bottom"}
			}
		},
		{
			"from": [-0.25, 14, 14],
			"to": [2, 16.25, 16.25],
			"rotation": {"angle": 0, "axis": "y", "origin": [0, 14, 14.25]},
			"faces": {
				"north": {"uv": [0, 0, 2, 2], "texture": "#top"},
				"east": {"uv": [0, 0, 2, 2], "texture": "#top"},
				"south": {"uv": [0, 0, 2, 2], "texture": "#top"},
				"west": {"uv": [0, 0, 2, 2], "rotation": 90, "texture": "#top"},
				"up": {"uv": [0, 0, 2, 2], "rotation": 270, "texture": "#top"},
				"down": {"uv": [0, 0, 2, 2], "texture": "#top"}
			}
		},
		{
			"from": [14, 14, 14],
			"to": [16.25, 16.25, 16.25],
			"rotation": {"angle": 0, "axis": "y", "origin": [16, 14, 14.25]},
			"faces": {
				"north": {"uv": [2, 0, 0, 2], "texture": "#top"},
				"east": {"uv": [0, 2, 2, 0], "rotation": 90, "texture": "#top"},
				"south": {"uv": [2, 0, 0, 2], "texture": "#top"},
				"west": {"uv": [2, 0, 0, 2], "texture": "#top"},
				"up": {"uv": [0, 2, 2, 0], "rotation": 270, "texture": "#top"},
				"down": {"uv": [2, 0, 0, 2], "texture": "#top"}
			}
		}
	],
	"groups": [
		{
			"name": "GRID",
			"origin": [0.8714, 15.98119, 7.1132],
			"color": 0,
			"children": [0, 1, 2, 3, 4, 5, 6, 7]
		},
		8,
		9,
		10,
		11,
		12,
		13,
		14,
		15,
		16,
		17,
		18,
		19,
		20,
		21,
		22,
		23,
		24,
		25,
		26,
		27,
		28,
		29,
		30,
		31,
		32,
		33,
		34,
		35,
		36,
		37,
		38,
		39,
		40,
		41,
		42,
		43,
		44,
		45,
		46,
		47,
		48,
		49,
		50,
		51,
		52,
		53,
		54,
		55,
		56,
		57,
		58
	]
}