{
	"format_version": "1.21.6",
	"credit": "Made with Blockbench",
	"parent": "minecraft:block/cross",
	"textures": {
		"9": "block/crimson_fungus_top",
		"cross": "block/crimson_fungus"
	},
	"elements": [
		{
			"from": [7, 0, 7],
			"to": [9, 5, 9],
			"rotation": {"angle": 0, "axis": "y", "origin": [7, 0, 7]},
			"faces": {
				"north": {"uv": [7, 11, 9, 16], "texture": "#cross"},
				"east": {"uv": [7, 11, 9, 16], "texture": "#cross"},
				"south": {"uv": [7, 11, 9, 16], "texture": "#cross"},
				"west": {"uv": [7, 11, 9, 16], "texture": "#cross"},
				"up": {"uv": [7, 11, 9, 13], "texture": "#cross"},
				"down": {"uv": [7, 11, 9, 13], "texture": "#cross"}
			}
		},
		{
			"from": [4, 5, 4],
			"to": [12, 6, 12],
			"rotation": {"angle": 0, "axis": "y", "origin": [7, 5, 7]},
			"faces": {
				"north": {"uv": [4, 10, 12, 11], "texture": "#cross"},
				"east": {"uv": [4, 10, 12, 11], "texture": "#cross"},
				"south": {"uv": [4, 10, 12, 11], "texture": "#cross"},
				"west": {"uv": [4, 10, 12, 11], "texture": "#cross"},
				"up": {"uv": [6, 11, 11, 16], "texture": "#9"},
				"down": {"uv": [11, 11, 16, 16], "texture": "#9"}
			}
		},
		{
			"from": [3, 6, 3],
			"to": [13, 8, 13],
			"rotation": {"angle": 0, "axis": "y", "origin": [7, 6, 7]},
			"faces": {
				"north": {"uv": [3, 8, 13, 10], "texture": "#cross"},
				"east": {"uv": [3, 8, 13, 10], "texture": "#cross"},
				"south": {"uv": [3, 8, 13, 10], "texture": "#cross"},
				"west": {"uv": [3, 8, 13, 10], "texture": "#cross"},
				"up": {"uv": [6, 0, 16, 10], "texture": "#9"},
				"down": {"uv": [3, 10, 13, 8], "texture": "#cross"}
			}
		},
		{
			"from": [5, 8, 5],
			"to": [11, 11, 11],
			"rotation": {"angle": 0, "axis": "y", "origin": [7, 6, 7]},
			"faces": {
				"north": {"uv": [11, 5, 5, 8], "texture": "#cross"},
				"east": {"uv": [5, 5, 11, 8], "texture": "#cross"},
				"south": {"uv": [11, 5, 5, 8], "texture": "#cross"},
				"west": {"uv": [5, 5, 11, 8], "texture": "#cross"},
				"up": {"uv": [5, 5, 11, 11], "texture": "#cross"},
				"down": {"uv": [11, 16, 16, 11], "texture": "#9"}
			}
		},
		{
			"from": [6, 11, 6],
			"to": [10, 12, 10],
			"rotation": {"angle": 0, "axis": "y", "origin": [7, 6, 7]},
			"faces": {
				"north": {"uv": [10, 4, 6, 5], "texture": "#cross"},
				"east": {"uv": [6, 4, 10, 5], "texture": "#cross"},
				"south": {"uv": [10, 4, 6, 5], "texture": "#cross"},
				"west": {"uv": [6, 4, 10, 5], "texture": "#cross"},
				"up": {"uv": [4, 0, 0, 4], "texture": "#9"},
				"down": {"uv": [15.5, 11.5, 11.5, 15.5], "texture": "#9"}
			}
		}
	]
}