{
	"format_version": "1.21.6",
	"credit": "Made with Blockbench",
	"ambientocclusion": false,
	"textures": {
		"particle": "#crop"
	},
	"elements": [
		{
			"from": [2, -1, 0],
			"to": [2, 15, 16],
			"shade": false,
			"rotation": {"angle": 0, "axis": "y", "origin": [-2, 0, 0]},
			"faces": {
				"east": {"uv": [16, 0, 0, 16], "texture": "#crop"},
				"west": {"uv": [0, 0, 16, 16], "texture": "#crop"}
			}
		},
		{
			"from": [10, -1, 0],
			"to": [10, 15, 16],
			"shade": false,
			"rotation": {"angle": 0, "axis": "y", "origin": [-2, 0, 0]},
			"faces": {
				"east": {"uv": [0, 0, 16, 16], "texture": "#crop"},
				"west": {"uv": [16, 0, 0, 16], "texture": "#crop"}
			}
		},
		{
			"from": [14, -1, 0],
			"to": [14, 15, 16],
			"shade": false,
			"rotation": {"angle": 0, "axis": "y", "origin": [2, 0, 0]},
			"faces": {
				"east": {"uv": [0, 0, 16, 16], "texture": "#crop"},
				"west": {"uv": [16, 0, 0, 16], "texture": "#crop"}
			}
		},
		{
			"from": [0, -1, 2],
			"to": [16, 15, 2],
			"shade": false,
			"rotation": {"angle": 0, "axis": "y", "origin": [0, 0, -2]},
			"faces": {
				"north": {"uv": [0, 0, 16, 16], "texture": "#crop"},
				"south": {"uv": [16, 0, 0, 16], "texture": "#crop"}
			}
		},
		{
			"from": [0, -1, 10],
			"to": [16, 15, 10],
			"shade": false,
			"rotation": {"angle": 0, "axis": "y", "origin": [0, 0, -2]},
			"faces": {
				"north": {"uv": [16, 0, 0, 16], "texture": "#crop"},
				"south": {"uv": [0, 0, 16, 16], "texture": "#crop"}
			}
		},
		{
			"from": [0, -1, 6],
			"to": [16, 15, 6],
			"shade": false,
			"rotation": {"angle": 0, "axis": "y", "origin": [0, 0, -6]},
			"faces": {
				"north": {"uv": [16, 0, 0, 16], "texture": "#crop"},
				"south": {"uv": [0, 0, 16, 16], "texture": "#crop"}
			}
		},
		{
			"from": [6, -1, 0],
			"to": [6, 15, 16],
			"shade": false,
			"rotation": {"angle": 0, "axis": "y", "origin": [-6, 0, 0]},
			"faces": {
				"east": {"uv": [0, 0, 16, 16], "texture": "#crop"},
				"west": {"uv": [16, 0, 0, 16], "texture": "#crop"}
			}
		},
		{
			"from": [0, -1, 14],
			"to": [16, 15, 14],
			"shade": false,
			"rotation": {"angle": 0, "axis": "y", "origin": [0, 0, 2]},
			"faces": {
				"north": {"uv": [16, 0, 0, 16], "texture": "#crop"},
				"south": {"uv": [0, 0, 16, 16], "texture": "#crop"}
			}
		},
		{
			"from": [0, -1, 8],
			"to": [16, 15, 8],
			"shade": false,
			"rotation": {"angle": -45, "axis": "y", "origin": [8, 0, 8]},
			"faces": {
				"north": {"uv": [0, 0, 16, 16], "texture": "#crop"},
				"south": {"uv": [16, 0, 0, 16], "texture": "#crop"}
			}
		},
		{
			"from": [0, -1, 8],
			"to": [16, 15, 8],
			"shade": false,
			"rotation": {"angle": 45, "axis": "y", "origin": [8, 0, 8]},
			"faces": {
				"north": {"uv": [0, 0, 16, 16], "texture": "#crop"},
				"south": {"uv": [16, 0, 0, 16], "texture": "#crop"}
			}
		}
	]
}