{
	"format_version": "1.21.6",
	"credit": "Made with Blockbench",
	"ambientocclusion": false,
	"textures": {
		"particle": "block/dandelion_block",
		"cross": "block/dandelion_block"
	},
	"elements": [
		{
			"from": [0.8, 0, 8],
			"to": [15.2, 8, 8],
			"shade": false,
			"rotation": {"angle": 45, "axis": "y", "origin": [8, 8, 8], "rescale": true},
			"faces": {
				"north": {"uv": [0, 11, 16, 16], "texture": "#cross"},
				"south": {"uv": [0, 11, 16, 16], "texture": "#cross"}
			}
		},
		{
			"from": [8, 0, 0.8],
			"to": [8, 8, 15.2],
			"shade": false,
			"rotation": {"angle": 45, "axis": "y", "origin": [8, 8, 8], "rescale": true},
			"faces": {
				"east": {"uv": [0, 11, 16, 16], "texture": "#cross"},
				"west": {"uv": [0, 11, 16, 16], "texture": "#cross"}
			}
		},
		{
			"from": [6, 9, 4],
			"to": [10, 9, 7],
			"rotation": {"angle": -22.5, "axis": "x", "origin": [8, 9, 7]},
			"faces": {
				"up": {"uv": [6, 8, 10, 11], "texture": "#cross"},
				"down": {"uv": [6, 11, 10, 8], "texture": "#cross"}
			}
		},
		{
			"from": [6, 9, 9],
			"to": [10, 9, 12],
			"rotation": {"angle": 22.5, "axis": "x", "origin": [8, 9, 9]},
			"faces": {
				"up": {"uv": [6, 11, 10, 8], "texture": "#cross"},
				"down": {"uv": [6, 8, 10, 11], "texture": "#cross"}
			}
		},
		{
			"from": [4.29579, 9.33899, 6],
			"to": [7.29579, 9.33899, 10],
			"rotation": {"angle": 22.5, "axis": "z", "origin": [8, 8.42597, 8]},
			"faces": {
				"up": {"uv": [6, 11, 10, 8], "rotation": 90, "texture": "#cross"},
				"down": {"uv": [6, 8, 10, 11], "rotation": 270, "texture": "#cross"}
			}
		},
		{
			"from": [8.70421, 9.33899, 6],
			"to": [11.70421, 9.33899, 10],
			"rotation": {"angle": -22.5, "axis": "z", "origin": [8, 8.42597, 8]},
			"faces": {
				"up": {"uv": [6, 8, 10, 11], "rotation": 90, "texture": "#cross"},
				"down": {"uv": [6, 11, 10, 8], "rotation": 270, "texture": "#cross"}
			}
		},
		{
			"from": [6, 9.25, 9],
			"to": [10, 9.25, 12],
			"rotation": {"angle": 22.5, "axis": "x", "origin": [8, 9.25, 9]},
			"faces": {
				"up": {"uv": [10, 11, 6, 8], "texture": "#cross"},
				"down": {"uv": [10, 8, 6, 11], "texture": "#cross"}
			}
		},
		{
			"from": [6, 9.25, 4],
			"to": [10, 9.25, 7],
			"rotation": {"angle": -22.5, "axis": "x", "origin": [8, 9.25, 7]},
			"faces": {
				"up": {"uv": [10, 8, 6, 11], "texture": "#cross"},
				"down": {"uv": [10, 11, 6, 8], "texture": "#cross"}
			}
		},
		{
			"from": [4.29579, 9.58899, 6],
			"to": [7.29579, 9.58899, 10],
			"rotation": {"angle": 22.5, "axis": "z", "origin": [8, 8.67597, 8]},
			"faces": {
				"up": {"uv": [10, 11, 6, 8], "rotation": 90, "texture": "#cross"},
				"down": {"uv": [10, 8, 6, 11], "rotation": 270, "texture": "#cross"}
			}
		},
		{
			"from": [8.70421, 9.58899, 6],
			"to": [11.70421, 9.58899, 10],
			"rotation": {"angle": -22.5, "axis": "z", "origin": [8, 8.67597, 8]},
			"faces": {
				"up": {"uv": [10, 8, 6, 11], "rotation": 90, "texture": "#cross"},
				"down": {"uv": [10, 11, 6, 8], "rotation": 270, "texture": "#cross"}
			}
		},
		{
			"from": [7, 7.85, 7],
			"to": [9, 9.05, 9],
			"rotation": {"angle": 0, "axis": "y", "origin": [8, 8.25, 8]},
			"faces": {
				"north": {"uv": [7, 0, 9, 1], "texture": "#cross"},
				"east": {"uv": [7, 0, 9, 1], "texture": "#cross"},
				"south": {"uv": [7, 0, 9, 1], "texture": "#cross"},
				"west": {"uv": [7, 0, 9, 1], "texture": "#cross"},
				"up": {"uv": [2, 0, 4, 2], "texture": "#cross"},
				"down": {"uv": [13, 1, 15, 3], "texture": "#cross"}
			}
		},
		{
			"from": [5, 7.85, 5],
			"to": [11, 7.85, 11],
			"rotation": {"angle": 0, "axis": "y", "origin": [8, 8.35, 8]},
			"faces": {
				"north": {"uv": [7, 0, 9, 1], "texture": "#cross"},
				"east": {"uv": [7, 0, 9, 1], "texture": "#cross"},
				"south": {"uv": [7, 0, 9, 1], "texture": "#cross"},
				"west": {"uv": [7, 0, 9, 1], "texture": "#cross"},
				"up": {"uv": [6, 0, 11, 5], "texture": "#cross"},
				"down": {"uv": [11, 0, 16, 5], "texture": "#cross"}
			}
		},
		{
			"from": [6, 9.2, 6],
			"to": [10, 9.2, 10],
			"rotation": {"angle": 0, "axis": "x", "origin": [8, 9.2, 7]},
			"faces": {
				"up": {"uv": [12, 9, 16, 5], "texture": "#cross"},
				"down": {"uv": [12, 9, 16, 5], "texture": "#cross"}
			}
		}
	],
	"groups": [
		0,
		1,
		{
			"name": "The Kvet",
			"origin": [8, 7.2, 7],
			"color": 0,
			"children": [2, 3, 4, 5, 6, 7, 8, 9, 10, 11, 12]
		}
	]
}