{
	"format_version": "1.21.6",
	"credit": "Made with Blockbench",
	"parent": "minecraft:block/cross",
	"textures": {
		"cross": "block/dead_bush_block"
	},
	"elements": [
		{
			"from": [6.815, 0, 6.815],
			"to": [9.185, 3.16, 9.185],
			"rotation": {"angle": 0, "axis": "y", "origin": [8, 0, 8]},
			"faces": {
				"north": {"uv": [7, 12, 10, 16], "texture": "#cross"},
				"east": {"uv": [7, 12, 10, 16], "texture": "#cross"},
				"south": {"uv": [7, 12, 10, 16], "texture": "#cross"},
				"west": {"uv": [7, 12, 10, 16], "texture": "#cross"},
				"up": {"uv": [7, 13, 10, 16], "texture": "#cross"},
				"down": {"uv": [7, 13, 10, 16], "texture": "#cross"}
			}
		},
		{
			"from": [6.815, 3.16, 6.815],
			"to": [9.185, 7.11, 9.185],
			"rotation": {"angle": 0, "axis": "x", "origin": [8, 0, 8]},
			"faces": {
				"north": {"uv": [7, 7, 10, 12], "texture": "#cross"},
				"east": {"uv": [7, 7, 10, 12], "texture": "#cross"},
				"south": {"uv": [7, 7, 10, 12], "texture": "#cross"},
				"west": {"uv": [7, 7, 10, 12], "texture": "#cross"},
				"up": {"uv": [7, 6, 10, 9], "texture": "#cross"},
				"down": {"uv": [7, 13, 10, 16], "texture": "#cross"}
			}
		},
		{
			"from": [4.91419, 6.41762, 6.8545],
			"to": [6.49419, 10.36762, 8.4345],
			"rotation": {"angle": -22.5, "axis": "z", "origin": [8, 0, 8]},
			"faces": {
				"north": {"uv": [14, 10, 16, 15], "texture": "#cross"},
				"east": {"uv": [16, 10, 14, 15], "texture": "#cross"},
				"south": {"uv": [14, 10, 16, 15], "texture": "#cross"},
				"west": {"uv": [10, 7, 8, 12], "texture": "#cross"},
				"up": {"uv": [14, 9, 16, 11], "texture": "#cross"},
				"down": {"uv": [7, 13, 10, 16], "texture": "#cross"}
			}
		},
		{
			"from": [8.9875, 8.83181, 10.81337],
			"to": [9.7775, 13.57181, 11.60337],
			"rotation": {"angle": -22.5, "axis": "x", "origin": [8, 0, 8]},
			"faces": {
				"north": {"uv": [15, 7, 16, 13], "texture": "#cross"},
				"east": {"uv": [15, 7, 16, 13], "texture": "#cross"},
				"south": {"uv": [15, 7, 16, 13], "texture": "#cross"},
				"west": {"uv": [15, 7, 16, 13], "texture": "#cross"},
				"up": {"uv": [15, 7, 16, 8], "texture": "#cross"},
				"down": {"uv": [7, 13, 10, 16], "texture": "#cross"}
			}
		},
		{
			"from": [1.92712, 7.96025, 7.2495],
			"to": [2.71712, 12.70025, 8.0395],
			"rotation": {"angle": -45, "axis": "z", "origin": [8, 0, 8]},
			"faces": {
				"north": {"uv": [15, 8, 16, 14], "texture": "#cross"},
				"east": {"uv": [15, 8, 16, 14], "texture": "#cross"},
				"south": {"uv": [15, 8, 16, 14], "texture": "#cross"},
				"west": {"uv": [15, 8, 16, 14], "texture": "#cross"},
				"up": {"uv": [15, 7, 16, 8], "rotation": 90, "texture": "#cross"},
				"down": {"uv": [7, 13, 10, 16], "rotation": 270, "texture": "#cross"}
			}
		},
		{
			"from": [6.8545, 4.21754, 2.16248],
			"to": [8.4345, 8.16754, 3.74248],
			"rotation": {"angle": 45, "axis": "x", "origin": [8, 0, 8]},
			"faces": {
				"north": {"uv": [16, 10, 14, 15], "texture": "#cross"},
				"east": {"uv": [14, 10, 16, 15], "texture": "#cross"},
				"south": {"uv": [16, 10, 14, 15], "texture": "#cross"},
				"west": {"uv": [14, 10, 16, 15], "texture": "#cross"},
				"up": {"uv": [14, 9, 16, 11], "rotation": 90, "texture": "#cross"},
				"down": {"uv": [7, 13, 10, 16], "rotation": 270, "texture": "#cross"}
			}
		},
		{
			"from": [0.861, 5.86545, 9.48584],
			"to": [1.651, 10.60545, 10.27584],
			"rotation": {"angle": -45, "axis": "z", "origin": [8, 0, 8]},
			"faces": {
				"north": {"uv": [15, 8, 16, 14], "texture": "#cross"},
				"east": {"uv": [15, 8, 16, 14], "texture": "#cross"},
				"south": {"uv": [15, 8, 16, 14], "texture": "#cross"},
				"west": {"uv": [15, 8, 16, 14], "texture": "#cross"},
				"up": {"uv": [15, 7, 16, 8], "rotation": 90, "texture": "#cross"},
				"down": {"uv": [7, 13, 10, 16], "rotation": 270, "texture": "#cross"}
			}
		},
		{
			"from": [7.08757, 7.80988, 2.89398],
			"to": [7.87757, 12.54988, 3.68398],
			"rotation": {"angle": 45, "axis": "x", "origin": [8, 0, 8]},
			"faces": {
				"north": {"uv": [15, 7, 16, 13], "texture": "#cross"},
				"east": {"uv": [15, 7, 16, 13], "texture": "#cross"},
				"south": {"uv": [15, 7, 16, 13], "texture": "#cross"},
				"west": {"uv": [15, 7, 16, 13], "texture": "#cross"},
				"up": {"uv": [15, 7, 16, 8], "rotation": 180, "texture": "#cross"},
				"down": {"uv": [7, 13, 10, 16], "rotation": 180, "texture": "#cross"}
			}
		},
		{
			"from": [13.79038, 6.42407, 9.56484],
			"to": [14.58038, 10.37407, 10.35484],
			"rotation": {"angle": 45, "axis": "z", "origin": [8, 0, 8]},
			"faces": {
				"north": {"uv": [16, 8, 15, 13], "texture": "#cross"},
				"east": {"uv": [16, 8, 15, 13], "texture": "#cross"},
				"south": {"uv": [16, 8, 15, 13], "texture": "#cross"},
				"west": {"uv": [16, 8, 15, 13], "texture": "#cross"},
				"up": {"uv": [15, 9, 16, 8], "rotation": 90, "texture": "#cross"},
				"down": {"uv": [7, 16, 10, 13], "rotation": 270, "texture": "#cross"}
			}
		},
		{
			"from": [8.92951, 2.00504, 6.8545],
			"to": [10.50951, 5.95504, 8.4345],
			"rotation": {"angle": 45, "axis": "z", "origin": [8, 0, 8]},
			"faces": {
				"north": {"uv": [14, 10, 16, 15], "texture": "#cross"},
				"east": {"uv": [14, 10, 16, 15], "texture": "#cross"},
				"south": {"uv": [14, 10, 16, 15], "texture": "#cross"},
				"west": {"uv": [14, 10, 16, 15], "texture": "#cross"},
				"up": {"uv": [16, 9, 14, 11], "texture": "#cross"},
				"down": {"uv": [10, 13, 7, 16], "texture": "#cross"}
			}
		},
		{
			"from": [5.235, 3.56192, 10.92175],
			"to": [6.025, 8.30192, 11.71175],
			"rotation": {"angle": -45, "axis": "x", "origin": [8, 0, 8]},
			"faces": {
				"north": {"uv": [16, 7, 15, 13], "texture": "#cross"},
				"east": {"uv": [16, 7, 15, 13], "texture": "#cross"},
				"south": {"uv": [16, 7, 15, 13], "texture": "#cross"},
				"west": {"uv": [16, 7, 15, 13], "texture": "#cross"},
				"up": {"uv": [16, 7, 15, 8], "texture": "#cross"},
				"down": {"uv": [10, 13, 7, 16], "texture": "#cross"}
			}
		},
		{
			"from": [7.01745, 4.92273, 7.2495],
			"to": [7.80745, 9.66273, 8.0395],
			"rotation": {"angle": 22.5, "axis": "z", "origin": [8, 0, 8]},
			"faces": {
				"north": {"uv": [16, 8, 15, 14], "texture": "#cross"},
				"east": {"uv": [16, 8, 15, 14], "texture": "#cross"},
				"south": {"uv": [16, 8, 15, 14], "texture": "#cross"},
				"west": {"uv": [16, 8, 15, 14], "texture": "#cross"},
				"up": {"uv": [15, 9, 16, 8], "rotation": 90, "texture": "#cross"},
				"down": {"uv": [7, 16, 10, 13], "rotation": 270, "texture": "#cross"}
			}
		},
		{
			"from": [7.447, 0.7262, 7.92826],
			"to": [9.027, 4.6762, 9.50826],
			"rotation": {"angle": -45, "axis": "x", "origin": [8, 0, 8]},
			"faces": {
				"north": {"uv": [14, 11, 16, 16], "texture": "#cross"},
				"east": {"uv": [14, 11, 16, 16], "texture": "#cross"},
				"south": {"uv": [14, 11, 16, 16], "texture": "#cross"},
				"west": {"uv": [14, 11, 16, 16], "texture": "#cross"},
				"up": {"uv": [16, 9, 14, 11], "rotation": 90, "texture": "#cross"},
				"down": {"uv": [10, 13, 7, 16], "rotation": 270, "texture": "#cross"}
			}
		},
		{
			"from": [7.68007, 4.31854, 7.98676],
			"to": [8.47007, 9.05854, 8.77676],
			"rotation": {"angle": -45, "axis": "x", "origin": [8, 0, 8]},
			"faces": {
				"north": {"uv": [16, 8, 15, 13], "texture": "#cross"},
				"east": {"uv": [16, 8, 15, 13], "texture": "#cross"},
				"south": {"uv": [16, 8, 15, 13], "texture": "#cross"},
				"west": {"uv": [16, 8, 15, 13], "texture": "#cross"},
				"up": {"uv": [15, 9, 16, 8], "rotation": 180, "texture": "#cross"},
				"down": {"uv": [7, 16, 10, 13], "rotation": 180, "texture": "#cross"}
			}
		},
		{
			"from": [5.19026, 2.37411, 5.05266],
			"to": [5.98026, 7.11411, 5.84266],
			"rotation": {"angle": -45, "axis": "z", "origin": [8, 0, 8]},
			"faces": {
				"north": {"uv": [16, 7, 15, 13], "texture": "#cross"},
				"east": {"uv": [16, 7, 15, 13], "texture": "#cross"},
				"south": {"uv": [16, 7, 15, 13], "texture": "#cross"},
				"west": {"uv": [16, 7, 15, 13], "texture": "#cross"},
				"up": {"uv": [16, 8, 15, 9], "rotation": 90, "texture": "#cross"},
				"down": {"uv": [10, 13, 7, 16], "rotation": 270, "texture": "#cross"}
			}
		},
		{
			"from": [7.02381, 0.78792, 7.06645],
			"to": [8.60381, 4.73792, 8.64645],
			"rotation": {"angle": 45, "axis": "x", "origin": [8, 0, 8]},
			"faces": {
				"north": {"uv": [14, 11, 16, 16], "texture": "#cross"},
				"east": {"uv": [14, 11, 16, 16], "texture": "#cross"},
				"south": {"uv": [14, 11, 16, 16], "texture": "#cross"},
				"west": {"uv": [14, 11, 16, 16], "texture": "#cross"},
				"up": {"uv": [14, 9, 16, 11], "rotation": 90, "texture": "#cross"},
				"down": {"uv": [7, 13, 10, 16], "rotation": 270, "texture": "#cross"}
			}
		},
		{
			"from": [7.41881, 3.19516, 9.18278],
			"to": [8.20881, 7.93516, 9.97278],
			"rotation": {"angle": 22.5, "axis": "x", "origin": [8, 0, 8]},
			"faces": {
				"north": {"uv": [15, 7, 16, 13], "texture": "#cross"},
				"east": {"uv": [15, 7, 16, 13], "texture": "#cross"},
				"south": {"uv": [15, 7, 16, 13], "texture": "#cross"},
				"west": {"uv": [15, 7, 16, 13], "texture": "#cross"},
				"up": {"uv": [15, 7, 16, 8], "rotation": 180, "texture": "#cross"},
				"down": {"uv": [7, 13, 10, 16], "rotation": 180, "texture": "#cross"}
			}
		},
		{
			"from": [9.03028, 1.87202, 9.96741],
			"to": [9.82028, 6.61202, 10.75741],
			"rotation": {"angle": 45, "axis": "z", "origin": [8, 0, 8]},
			"faces": {
				"north": {"uv": [15, 8, 16, 14], "texture": "#cross"},
				"east": {"uv": [15, 8, 16, 14], "texture": "#cross"},
				"south": {"uv": [15, 8, 16, 14], "texture": "#cross"},
				"west": {"uv": [15, 8, 16, 14], "texture": "#cross"},
				"up": {"uv": [15, 7, 16, 8], "rotation": 180, "texture": "#cross"},
				"down": {"uv": [7, 13, 10, 16], "rotation": 180, "texture": "#cross"}
			}
		},
		{
			"from": [10.10867, 1.90795, 6.21565],
			"to": [10.89867, 6.64795, 7.00565],
			"rotation": {"angle": 45, "axis": "x", "origin": [8, 0, 8]},
			"faces": {
				"north": {"uv": [15, 8, 16, 14], "texture": "#cross"},
				"east": {"uv": [15, 8, 16, 14], "texture": "#cross"},
				"south": {"uv": [15, 8, 16, 14], "texture": "#cross"},
				"west": {"uv": [15, 8, 16, 14], "texture": "#cross"},
				"up": {"uv": [15, 7, 16, 8], "rotation": 90, "texture": "#cross"},
				"down": {"uv": [7, 13, 10, 16], "rotation": 270, "texture": "#cross"}
			}
		},
		{
			"from": [7.16634, 0.88782, 7.447],
			"to": [8.74634, 4.83782, 9.027],
			"rotation": {"angle": -45, "axis": "z", "origin": [8, 0, 8]},
			"faces": {
				"north": {"uv": [14, 11, 16, 16], "texture": "#cross"},
				"east": {"uv": [14, 11, 16, 16], "texture": "#cross"},
				"south": {"uv": [14, 11, 16, 16], "texture": "#cross"},
				"west": {"uv": [14, 11, 16, 16], "texture": "#cross"},
				"up": {"uv": [14, 9, 16, 11], "texture": "#cross"},
				"down": {"uv": [7, 13, 10, 16], "texture": "#cross"}
			}
		},
		{
			"from": [9.31329, 3.24923, 7.842],
			"to": [10.10329, 7.98923, 8.632],
			"rotation": {"angle": -22.5, "axis": "z", "origin": [8, 0, 8]},
			"faces": {
				"north": {"uv": [15, 7, 16, 13], "texture": "#cross"},
				"east": {"uv": [15, 7, 16, 13], "texture": "#cross"},
				"south": {"uv": [15, 7, 16, 13], "texture": "#cross"},
				"west": {"uv": [15, 7, 16, 13], "texture": "#cross"},
				"up": {"uv": [15, 7, 16, 8], "rotation": 90, "texture": "#cross"},
				"down": {"uv": [7, 13, 10, 16], "rotation": 270, "texture": "#cross"}
			}
		}
	]
}