{
	"format_version": "1.21.6",
	"credit": "Made with Blockbench",
	"parent": "minecraft:block/cross",
	"textures": {
		"cross": "block/dead_bush_block"
	},
	"elements": [
		{
			"from": [6.54255, 0, 6.73697],
			"to": [9.54255, 4, 9.73697],
			"rotation": {"angle": 0, "axis": "y", "origin": [7.90279, 7.32716, 8.13976]},
			"faces": {
				"north": {"uv": [7, 12, 10, 16], "texture": "#cross"},
				"east": {"uv": [7, 12, 10, 16], "texture": "#cross"},
				"south": {"uv": [7, 12, 10, 16], "texture": "#cross"},
				"west": {"uv": [7, 12, 10, 16], "texture": "#cross"},
				"up": {"uv": [7, 13, 10, 16], "rotation": 90, "texture": "#cross"},
				"down": {"uv": [7, 13, 10, 16], "rotation": 270, "texture": "#cross"}
			}
		},
		{
			"from": [6.54255, 4, 6.73697],
			"to": [9.54255, 9, 9.73697],
			"rotation": {"angle": 0, "axis": "x", "origin": [7.90279, 7.32716, 8.13976]},
			"faces": {
				"north": {"uv": [7, 7, 10, 12], "texture": "#cross"},
				"east": {"uv": [7, 7, 10, 12], "texture": "#cross"},
				"south": {"uv": [7, 7, 10, 12], "texture": "#cross"},
				"west": {"uv": [7, 7, 10, 12], "texture": "#cross"},
				"up": {"uv": [7, 6, 10, 9], "rotation": 90, "texture": "#cross"},
				"down": {"uv": [7, 13, 10, 16], "rotation": 270, "texture": "#cross"}
			}
		},
		{
			"from": [7.49255, 6.87076, 7.89283],
			"to": [9.49255, 11.87076, 9.89283],
			"rotation": {"angle": 22.5, "axis": "x", "origin": [7.90279, 7.32716, 8.13976]},
			"faces": {
				"north": {"uv": [10, 7, 8, 12], "texture": "#cross"},
				"east": {"uv": [14, 10, 16, 15], "texture": "#cross"},
				"south": {"uv": [16, 10, 14, 15], "texture": "#cross"},
				"west": {"uv": [14, 10, 16, 15], "texture": "#cross"},
				"up": {"uv": [14, 9, 16, 11], "rotation": 90, "texture": "#cross"},
				"down": {"uv": [7, 13, 10, 16], "rotation": 270, "texture": "#cross"}
			}
		},
		{
			"from": [7.04003, 9.94298, 9.48697],
			"to": [8.04003, 15.94298, 10.48697],
			"rotation": {"angle": -22.5, "axis": "z", "origin": [7.90279, 7.32716, 8.13976]},
			"faces": {
				"north": {"uv": [15, 7, 16, 13], "texture": "#cross"},
				"east": {"uv": [15, 7, 16, 13], "texture": "#cross"},
				"south": {"uv": [15, 7, 16, 13], "texture": "#cross"},
				"west": {"uv": [15, 7, 16, 13], "texture": "#cross"},
				"up": {"uv": [15, 7, 16, 8], "rotation": 90, "texture": "#cross"},
				"down": {"uv": [7, 13, 10, 16], "rotation": 270, "texture": "#cross"}
			}
		},
		{
			"from": [7.99255, 10.87687, 7.11662],
			"to": [8.99255, 16.87687, 8.11662],
			"rotation": {"angle": 45, "axis": "x", "origin": [7.90279, 7.32716, 8.13976]},
			"faces": {
				"north": {"uv": [15, 8, 16, 14], "texture": "#cross"},
				"east": {"uv": [15, 8, 16, 14], "texture": "#cross"},
				"south": {"uv": [15, 8, 16, 14], "texture": "#cross"},
				"west": {"uv": [15, 8, 16, 14], "texture": "#cross"},
				"up": {"uv": [15, 7, 16, 8], "rotation": 180, "texture": "#cross"},
				"down": {"uv": [7, 13, 10, 16], "rotation": 180, "texture": "#cross"}
			}
		},
		{
			"from": [7.14914, 6.32524, 6.78697],
			"to": [9.14914, 11.32524, 8.78697],
			"rotation": {"angle": 45, "axis": "z", "origin": [7.90279, 7.32716, 8.13976]},
			"faces": {
				"north": {"uv": [14, 10, 16, 15], "texture": "#cross"},
				"east": {"uv": [16, 10, 14, 15], "texture": "#cross"},
				"south": {"uv": [14, 10, 16, 15], "texture": "#cross"},
				"west": {"uv": [16, 10, 14, 15], "texture": "#cross"},
				"up": {"uv": [14, 9, 16, 11], "rotation": 180, "texture": "#cross"},
				"down": {"uv": [7, 13, 10, 16], "rotation": 180, "texture": "#cross"}
			}
		},
		{
			"from": [5.16175, 8.57877, 5.41354],
			"to": [6.16175, 14.57877, 6.41354],
			"rotation": {"angle": 45, "axis": "x", "origin": [7.90279, 7.32716, 8.13976]},
			"faces": {
				"north": {"uv": [15, 8, 16, 14], "texture": "#cross"},
				"east": {"uv": [15, 8, 16, 14], "texture": "#cross"},
				"south": {"uv": [15, 8, 16, 14], "texture": "#cross"},
				"west": {"uv": [15, 8, 16, 14], "texture": "#cross"},
				"up": {"uv": [15, 7, 16, 8], "rotation": 180, "texture": "#cross"},
				"down": {"uv": [7, 13, 10, 16], "rotation": 180, "texture": "#cross"}
			}
		},
		{
			"from": [7.22319, 10.87251, 7.082],
			"to": [8.22319, 16.87251, 8.082],
			"rotation": {"angle": 45, "axis": "z", "origin": [7.90279, 7.32716, 8.13976]},
			"faces": {
				"north": {"uv": [15, 7, 16, 13], "texture": "#cross"},
				"east": {"uv": [15, 7, 16, 13], "texture": "#cross"},
				"south": {"uv": [15, 7, 16, 13], "texture": "#cross"},
				"west": {"uv": [15, 7, 16, 13], "texture": "#cross"},
				"up": {"uv": [15, 7, 16, 8], "rotation": 270, "texture": "#cross"},
				"down": {"uv": [7, 13, 10, 16], "rotation": 90, "texture": "#cross"}
			}
		},
		{
			"from": [7.49255, 4.61536, 4.204],
			"to": [9.49255, 9.61536, 6.204],
			"rotation": {"angle": -45, "axis": "x", "origin": [7.90279, 7.32716, 8.13976]},
			"faces": {
				"north": {"uv": [14, 10, 16, 15], "texture": "#cross"},
				"east": {"uv": [14, 10, 16, 15], "texture": "#cross"},
				"south": {"uv": [14, 10, 16, 15], "texture": "#cross"},
				"west": {"uv": [14, 10, 16, 15], "texture": "#cross"},
				"up": {"uv": [16, 9, 14, 11], "rotation": 90, "texture": "#cross"},
				"down": {"uv": [10, 13, 7, 16], "rotation": 270, "texture": "#cross"}
			}
		},
		{
			"from": [8.57076, 6.24746, 4.73697],
			"to": [9.57076, 12.24746, 5.73697],
			"rotation": {"angle": -22.5, "axis": "z", "origin": [7.90279, 7.32716, 8.13976]},
			"faces": {
				"north": {"uv": [16, 7, 15, 13], "texture": "#cross"},
				"east": {"uv": [16, 7, 15, 13], "texture": "#cross"},
				"south": {"uv": [16, 7, 15, 13], "texture": "#cross"},
				"west": {"uv": [16, 7, 15, 13], "texture": "#cross"},
				"up": {"uv": [16, 7, 15, 8], "rotation": 90, "texture": "#cross"},
				"down": {"uv": [10, 13, 7, 16], "rotation": 270, "texture": "#cross"}
			}
		},
		{
			"from": [7.99255, 8.08775, 4.58808],
			"to": [8.99255, 14.08775, 5.58808],
			"rotation": {"angle": -45, "axis": "x", "origin": [7.90279, 7.32716, 8.13976]},
			"faces": {
				"north": {"uv": [16, 8, 15, 14], "texture": "#cross"},
				"east": {"uv": [16, 8, 15, 14], "texture": "#cross"},
				"south": {"uv": [16, 8, 15, 14], "texture": "#cross"},
				"west": {"uv": [16, 8, 15, 14], "texture": "#cross"},
				"up": {"uv": [15, 9, 16, 8], "rotation": 180, "texture": "#cross"},
				"down": {"uv": [7, 16, 10, 13], "rotation": 180, "texture": "#cross"}
			}
		},
		{
			"from": [11.27352, 3.16414, 7.53697],
			"to": [13.27352, 8.16414, 9.53697],
			"rotation": {"angle": -45, "axis": "z", "origin": [7.90279, 7.32716, 8.13976]},
			"faces": {
				"north": {"uv": [14, 11, 16, 16], "texture": "#cross"},
				"east": {"uv": [14, 11, 16, 16], "texture": "#cross"},
				"south": {"uv": [14, 11, 16, 16], "texture": "#cross"},
				"west": {"uv": [14, 11, 16, 16], "texture": "#cross"},
				"up": {"uv": [16, 9, 14, 11], "rotation": 180, "texture": "#cross"},
				"down": {"uv": [10, 13, 7, 16], "rotation": 180, "texture": "#cross"}
			}
		},
		{
			"from": [11.99675, 5.66245, 7.832],
			"to": [12.99675, 11.66245, 8.832],
			"rotation": {"angle": -22.5, "axis": "z", "origin": [7.90279, 7.32716, 8.13976]},
			"faces": {
				"north": {"uv": [16, 8, 15, 13], "texture": "#cross"},
				"east": {"uv": [16, 8, 15, 13], "texture": "#cross"},
				"south": {"uv": [16, 8, 15, 13], "texture": "#cross"},
				"west": {"uv": [16, 8, 15, 13], "texture": "#cross"},
				"up": {"uv": [15, 9, 16, 8], "rotation": 270, "texture": "#cross"},
				"down": {"uv": [7, 16, 10, 13], "rotation": 90, "texture": "#cross"}
			}
		},
		{
			"from": [2.00224, 3.04462, 7.0013],
			"to": [4.00224, 8.04462, 9.0013],
			"rotation": {"angle": 45, "axis": "z", "origin": [7.90279, 7.32716, 8.13976]},
			"faces": {
				"north": {"uv": [14, 11, 16, 16], "texture": "#cross"},
				"east": {"uv": [14, 11, 16, 16], "texture": "#cross"},
				"south": {"uv": [14, 11, 16, 16], "texture": "#cross"},
				"west": {"uv": [14, 11, 16, 16], "texture": "#cross"},
				"up": {"uv": [14, 9, 16, 11], "rotation": 180, "texture": "#cross"},
				"down": {"uv": [7, 13, 10, 16], "rotation": 180, "texture": "#cross"}
			}
		},
		{
			"from": [2.73075, 4.54878, 7.5013],
			"to": [3.73075, 10.54878, 8.5013],
			"rotation": {"angle": 22.5, "axis": "z", "origin": [7.90279, 7.32716, 8.13976]},
			"faces": {
				"north": {"uv": [15, 7, 16, 13], "texture": "#cross"},
				"east": {"uv": [15, 7, 16, 13], "texture": "#cross"},
				"south": {"uv": [15, 7, 16, 13], "texture": "#cross"},
				"west": {"uv": [15, 7, 16, 13], "texture": "#cross"},
				"up": {"uv": [15, 7, 16, 8], "rotation": 270, "texture": "#cross"},
				"down": {"uv": [7, 13, 10, 16], "rotation": 90, "texture": "#cross"}
			}
		},
		{
			"from": [4.55217, 4.44699, 4.33157],
			"to": [5.55217, 10.44699, 5.33157],
			"rotation": {"angle": -45, "axis": "x", "origin": [7.90279, 7.32716, 8.13976]},
			"faces": {
				"north": {"uv": [15, 8, 16, 14], "texture": "#cross"},
				"east": {"uv": [15, 8, 16, 14], "texture": "#cross"},
				"south": {"uv": [15, 8, 16, 14], "texture": "#cross"},
				"west": {"uv": [15, 8, 16, 14], "texture": "#cross"},
				"up": {"uv": [15, 7, 16, 8], "rotation": 270, "texture": "#cross"},
				"down": {"uv": [7, 13, 10, 16], "rotation": 90, "texture": "#cross"}
			}
		},
		{
			"from": [4.82011, 3.35587, 10.90618],
			"to": [5.82011, 9.35587, 11.90618],
			"rotation": {"angle": 22.5, "axis": "z", "origin": [7.90279, 7.32716, 8.13976]},
			"faces": {
				"north": {"uv": [15, 8, 16, 14], "texture": "#cross"},
				"east": {"uv": [15, 8, 16, 14], "texture": "#cross"},
				"south": {"uv": [15, 8, 16, 14], "texture": "#cross"},
				"west": {"uv": [15, 8, 16, 14], "texture": "#cross"},
				"up": {"uv": [15, 7, 16, 8], "rotation": 180, "texture": "#cross"},
				"down": {"uv": [7, 13, 10, 16], "rotation": 180, "texture": "#cross"}
			}
		},
		{
			"from": [6.74255, 3.33863, 12.33432],
			"to": [8.74255, 8.33863, 14.33432],
			"rotation": {"angle": 45, "axis": "x", "origin": [7.90279, 7.32716, 8.13976]},
			"faces": {
				"north": {"uv": [14, 11, 16, 16], "texture": "#cross"},
				"east": {"uv": [14, 11, 16, 16], "texture": "#cross"},
				"south": {"uv": [14, 11, 16, 16], "texture": "#cross"},
				"west": {"uv": [14, 11, 16, 16], "texture": "#cross"},
				"up": {"uv": [14, 9, 16, 11], "rotation": 90, "texture": "#cross"},
				"down": {"uv": [7, 13, 10, 16], "rotation": 270, "texture": "#cross"}
			}
		},
		{
			"from": [7.24255, 4.70789, 12.69595],
			"to": [8.24255, 10.70789, 13.69595],
			"rotation": {"angle": 22.5, "axis": "x", "origin": [7.90279, 7.32716, 8.13976]},
			"faces": {
				"north": {"uv": [15, 7, 16, 13], "texture": "#cross"},
				"east": {"uv": [15, 7, 16, 13], "texture": "#cross"},
				"south": {"uv": [15, 7, 16, 13], "texture": "#cross"},
				"west": {"uv": [15, 7, 16, 13], "texture": "#cross"},
				"up": {"uv": [15, 7, 16, 8], "rotation": 180, "texture": "#cross"},
				"down": {"uv": [7, 13, 10, 16], "rotation": 180, "texture": "#cross"}
			}
		}
	]
}