{
	"format_version": "1.21.6",
	"credit": "Made with Blockbench",
	"parent": "minecraft:block/cross",
	"textures": {
		"cross": "block/dead_bush_block"
	},
	"elements": [
		{
			"from": [7.20375, -0.0121, 6.4625],
			"to": [9.99375, 3.7079, 9.2525],
			"rotation": {"angle": 0, "axis": "y", "origin": [8.25, -0.17284, 7.625]},
			"faces": {
				"north": {"uv": [7, 12, 10, 16], "texture": "#cross"},
				"east": {"uv": [7, 12, 10, 16], "texture": "#cross"},
				"south": {"uv": [7, 12, 10, 16], "texture": "#cross"},
				"west": {"uv": [7, 12, 10, 16], "texture": "#cross"},
				"up": {"uv": [7, 13, 10, 16], "rotation": 270, "texture": "#cross"},
				"down": {"uv": [7, 13, 10, 16], "rotation": 90, "texture": "#cross"}
			}
		},
		{
			"from": [7.20375, 3.7079, 6.4625],
			"to": [9.99375, 8.3579, 9.2525],
			"rotation": {"angle": 0, "axis": "x", "origin": [8.25, -0.17284, 7.625]},
			"faces": {
				"north": {"uv": [7, 7, 10, 12], "texture": "#cross"},
				"east": {"uv": [7, 7, 10, 12], "texture": "#cross"},
				"south": {"uv": [7, 7, 10, 12], "texture": "#cross"},
				"west": {"uv": [7, 7, 10, 12], "texture": "#cross"},
				"up": {"uv": [7, 6, 10, 9], "rotation": 270, "texture": "#cross"},
				"down": {"uv": [7, 13, 10, 16], "rotation": 90, "texture": "#cross"}
			}
		},
		{
			"from": [7.25025, 4.43439, 8.42835],
			"to": [9.11025, 9.08439, 10.28835],
			"rotation": {"angle": -22.5, "axis": "x", "origin": [8.25, -0.17284, 7.625]},
			"faces": {
				"north": {"uv": [14, 8, 16, 13], "texture": "#cross"},
				"east": {"uv": [14, 8, 16, 13], "texture": "#cross"},
				"south": {"uv": [14, 8, 16, 13], "texture": "#cross"},
				"west": {"uv": [14, 8, 16, 13], "texture": "#cross"},
				"up": {"uv": [14, 9, 16, 11], "rotation": 270, "texture": "#cross"},
				"down": {"uv": [7, 13, 10, 16], "rotation": 90, "texture": "#cross"}
			}
		},
		{
			"from": [10.70003, 7.23192, 5.5325],
			"to": [11.63003, 12.81192, 6.4625],
			"rotation": {"angle": 22.5, "axis": "z", "origin": [8.25, -0.17284, 7.625]},
			"faces": {
				"north": {"uv": [15, 7, 16, 13], "texture": "#cross"},
				"east": {"uv": [15, 7, 16, 13], "texture": "#cross"},
				"south": {"uv": [15, 7, 16, 13], "texture": "#cross"},
				"west": {"uv": [15, 7, 16, 13], "texture": "#cross"},
				"up": {"uv": [15, 7, 16, 8], "rotation": 270, "texture": "#cross"},
				"down": {"uv": [7, 13, 10, 16], "rotation": 90, "texture": "#cross"}
			}
		},
		{
			"from": [7.71525, 6.84572, 11.82051],
			"to": [8.64525, 12.42572, 12.75051],
			"rotation": {"angle": -45, "axis": "x", "origin": [8.25, -0.17284, 7.625]},
			"faces": {
				"north": {"uv": [15, 8, 16, 14], "texture": "#cross"},
				"east": {"uv": [15, 8, 16, 14], "texture": "#cross"},
				"south": {"uv": [15, 8, 16, 14], "texture": "#cross"},
				"west": {"uv": [15, 8, 16, 14], "texture": "#cross"},
				"up": {"uv": [15, 7, 16, 8], "texture": "#cross"},
				"down": {"uv": [7, 13, 10, 16], "texture": "#cross"}
			}
		},
		{
			"from": [3.48376, 3.17955, 7.346],
			"to": [5.34376, 7.82955, 9.206],
			"rotation": {"angle": -45, "axis": "z", "origin": [8.25, -0.17284, 7.625]},
			"faces": {
				"north": {"uv": [14, 10, 16, 15], "texture": "#cross"},
				"east": {"uv": [16, 10, 14, 15], "texture": "#cross"},
				"south": {"uv": [14, 10, 16, 15], "texture": "#cross"},
				"west": {"uv": [16, 10, 14, 15], "texture": "#cross"},
				"up": {"uv": [14, 9, 16, 11], "texture": "#cross"},
				"down": {"uv": [7, 13, 10, 16], "texture": "#cross"}
			}
		},
		{
			"from": [10.3479, 4.70849, 13.40437],
			"to": [11.2779, 10.28849, 14.33437],
			"rotation": {"angle": -45, "axis": "x", "origin": [8.25, -0.17284, 7.625]},
			"faces": {
				"north": {"uv": [15, 8, 16, 14], "texture": "#cross"},
				"east": {"uv": [15, 8, 16, 14], "texture": "#cross"},
				"south": {"uv": [15, 8, 16, 14], "texture": "#cross"},
				"west": {"uv": [15, 8, 16, 14], "texture": "#cross"},
				"up": {"uv": [15, 7, 16, 8], "texture": "#cross"},
				"down": {"uv": [7, 13, 10, 16], "texture": "#cross"}
			}
		},
		{
			"from": [4.34489, 7.40851, 8.00163],
			"to": [5.27489, 12.98851, 8.93163],
			"rotation": {"angle": -45, "axis": "z", "origin": [8.25, -0.17284, 7.625]},
			"faces": {
				"north": {"uv": [15, 7, 16, 13], "texture": "#cross"},
				"east": {"uv": [15, 7, 16, 13], "texture": "#cross"},
				"south": {"uv": [15, 7, 16, 13], "texture": "#cross"},
				"west": {"uv": [15, 7, 16, 13], "texture": "#cross"},
				"up": {"uv": [15, 7, 16, 8], "rotation": 90, "texture": "#cross"},
				"down": {"uv": [7, 13, 10, 16], "rotation": 270, "texture": "#cross"}
			}
		},
		{
			"from": [10.4409, 5.6949, 1.90204],
			"to": [11.3709, 10.3449, 2.83204],
			"rotation": {"angle": 45, "axis": "x", "origin": [8.25, -0.17284, 7.625]},
			"faces": {
				"north": {"uv": [16, 8, 15, 13], "texture": "#cross"},
				"east": {"uv": [16, 8, 15, 13], "texture": "#cross"},
				"south": {"uv": [16, 8, 15, 13], "texture": "#cross"},
				"west": {"uv": [16, 8, 15, 13], "texture": "#cross"},
				"up": {"uv": [15, 9, 16, 8], "texture": "#cross"},
				"down": {"uv": [7, 16, 10, 13], "texture": "#cross"}
			}
		},
		{
			"from": [7.38975, 0.98596, 6.20114],
			"to": [9.24975, 5.63596, 8.06114],
			"rotation": {"angle": 45, "axis": "x", "origin": [8.25, -0.17284, 7.625]},
			"faces": {
				"north": {"uv": [16, 10, 14, 15], "texture": "#cross"},
				"east": {"uv": [16, 10, 14, 15], "texture": "#cross"},
				"south": {"uv": [16, 10, 14, 15], "texture": "#cross"},
				"west": {"uv": [16, 10, 14, 15], "texture": "#cross"},
				"up": {"uv": [16, 11, 14, 9], "rotation": 270, "texture": "#cross"},
				"down": {"uv": [10, 16, 7, 13], "rotation": 90, "texture": "#cross"}
			}
		},
		{
			"from": [4.99983, 2.40774, 10.1825],
			"to": [5.92983, 7.98774, 11.1125],
			"rotation": {"angle": -45, "axis": "z", "origin": [8.25, -0.17284, 7.625]},
			"faces": {
				"north": {"uv": [15, 7, 16, 13], "texture": "#cross"},
				"east": {"uv": [15, 7, 16, 13], "texture": "#cross"},
				"south": {"uv": [15, 7, 16, 13], "texture": "#cross"},
				"west": {"uv": [15, 7, 16, 13], "texture": "#cross"},
				"up": {"uv": [16, 8, 15, 7], "rotation": 270, "texture": "#cross"},
				"down": {"uv": [10, 16, 7, 13], "rotation": 90, "texture": "#cross"}
			}
		},
		{
			"from": [7.85475, 3.92654, 8.80573],
			"to": [8.78475, 9.50654, 9.73573],
			"rotation": {"angle": 22.5, "axis": "x", "origin": [8.25, -0.17284, 7.625]},
			"faces": {
				"north": {"uv": [15, 8, 16, 14], "texture": "#cross"},
				"east": {"uv": [15, 8, 16, 14], "texture": "#cross"},
				"south": {"uv": [15, 8, 16, 14], "texture": "#cross"},
				"west": {"uv": [15, 8, 16, 14], "texture": "#cross"},
				"up": {"uv": [16, 9, 15, 8], "texture": "#cross"},
				"down": {"uv": [10, 16, 7, 13], "texture": "#cross"}
			}
		},
		{
			"from": [8.52581, 0.54911, 6.509],
			"to": [10.38581, 5.19911, 8.369],
			"rotation": {"angle": 45, "axis": "z", "origin": [8.25, -0.17284, 7.625]},
			"faces": {
				"north": {"uv": [16, 11, 14, 16], "texture": "#cross"},
				"east": {"uv": [16, 11, 14, 16], "texture": "#cross"},
				"south": {"uv": [16, 11, 14, 16], "texture": "#cross"},
				"west": {"uv": [16, 11, 14, 16], "texture": "#cross"},
				"up": {"uv": [16, 11, 14, 9], "texture": "#cross"},
				"down": {"uv": [10, 16, 7, 13], "texture": "#cross"}
			}
		},
		{
			"from": [8.59467, 4.77807, 6.78337],
			"to": [9.52467, 10.35807, 7.71337],
			"rotation": {"angle": 45, "axis": "z", "origin": [8.25, -0.17284, 7.625]},
			"faces": {
				"north": {"uv": [15, 8, 16, 13], "texture": "#cross"},
				"east": {"uv": [15, 8, 16, 13], "texture": "#cross"},
				"south": {"uv": [15, 8, 16, 13], "texture": "#cross"},
				"west": {"uv": [15, 8, 16, 13], "texture": "#cross"},
				"up": {"uv": [16, 9, 15, 8], "rotation": 90, "texture": "#cross"},
				"down": {"uv": [10, 16, 7, 13], "rotation": 270, "texture": "#cross"}
			}
		},
		{
			"from": [5.1291, 2.40686, 3.87487],
			"to": [6.0591, 7.98686, 4.80487],
			"rotation": {"angle": 45, "axis": "x", "origin": [8.25, -0.17284, 7.625]},
			"faces": {
				"north": {"uv": [15, 7, 16, 13], "texture": "#cross"},
				"east": {"uv": [15, 7, 16, 13], "texture": "#cross"},
				"south": {"uv": [15, 7, 16, 13], "texture": "#cross"},
				"west": {"uv": [15, 7, 16, 13], "texture": "#cross"},
				"up": {"uv": [16, 9, 15, 8], "texture": "#cross"},
				"down": {"uv": [10, 16, 7, 13], "texture": "#cross"}
			}
		},
		{
			"from": [6.28238, 2.43349, 4.44515],
			"to": [7.21238, 8.01349, 5.37515],
			"rotation": {"angle": -45, "axis": "z", "origin": [8.25, -0.17284, 7.625]},
			"faces": {
				"north": {"uv": [15, 8, 16, 14], "texture": "#cross"},
				"east": {"uv": [15, 8, 16, 14], "texture": "#cross"},
				"south": {"uv": [15, 8, 16, 14], "texture": "#cross"},
				"west": {"uv": [15, 8, 16, 14], "texture": "#cross"},
				"up": {"uv": [15, 7, 16, 8], "texture": "#cross"},
				"down": {"uv": [7, 13, 10, 16], "texture": "#cross"}
			}
		},
		{
			"from": [7.94775, 0.82157, 7.02446],
			"to": [9.80775, 5.47157, 8.88446],
			"rotation": {"angle": -45, "axis": "x", "origin": [8.25, -0.17284, 7.625]},
			"faces": {
				"north": {"uv": [14, 11, 16, 16], "texture": "#cross"},
				"east": {"uv": [14, 11, 16, 16], "texture": "#cross"},
				"south": {"uv": [14, 11, 16, 16], "texture": "#cross"},
				"west": {"uv": [14, 11, 16, 16], "texture": "#cross"},
				"up": {"uv": [14, 9, 16, 11], "rotation": 270, "texture": "#cross"},
				"down": {"uv": [7, 13, 10, 16], "rotation": 90, "texture": "#cross"}
			}
		},
		{
			"from": [8.41275, 3.71173, 5.42529],
			"to": [9.34275, 9.29173, 6.35529],
			"rotation": {"angle": -22.5, "axis": "x", "origin": [8.25, -0.17284, 7.625]},
			"faces": {
				"north": {"uv": [15, 7, 16, 13], "texture": "#cross"},
				"east": {"uv": [15, 7, 16, 13], "texture": "#cross"},
				"south": {"uv": [15, 7, 16, 13], "texture": "#cross"},
				"west": {"uv": [15, 7, 16, 13], "texture": "#cross"},
				"up": {"uv": [15, 7, 16, 8], "texture": "#cross"},
				"down": {"uv": [7, 13, 10, 16], "texture": "#cross"}
			}
		}
	]
}