{
	"format_version": "1.21.6",
	"credit": "Made with Blockbench",
	"parent": "minecraft:block/cross",
	"textures": {
		"cross": "block/dead_bush_block"
	},
	"elements": [
		{
			"from": [6.5, 0, 6.5],
			"to": [9.5, 4, 9.5],
			"rotation": {"angle": 0, "axis": "y", "origin": [6.5, 0, 6.5]},
			"faces": {
				"north": {"uv": [7, 12, 10, 16], "texture": "#cross"},
				"east": {"uv": [7, 12, 10, 16], "texture": "#cross"},
				"south": {"uv": [7, 12, 10, 16], "texture": "#cross"},
				"west": {"uv": [7, 12, 10, 16], "texture": "#cross"},
				"up": {"uv": [7, 13, 10, 16], "texture": "#cross"},
				"down": {"uv": [7, 13, 10, 16], "texture": "#cross"}
			}
		},
		{
			"from": [6.5, 4, 6.5],
			"to": [9.5, 9, 9.5],
			"rotation": {"angle": 0, "axis": "x", "origin": [6.5, 4, 6.5]},
			"faces": {
				"north": {"uv": [7, 7, 10, 12], "texture": "#cross"},
				"east": {"uv": [7, 7, 10, 12], "texture": "#cross"},
				"south": {"uv": [7, 7, 10, 12], "texture": "#cross"},
				"west": {"uv": [7, 7, 10, 12], "texture": "#cross"},
				"up": {"uv": [7, 6, 10, 9], "texture": "#cross"},
				"down": {"uv": [7, 13, 10, 16], "texture": "#cross"}
			}
		},
		{
			"from": [7.5, 9, 6.55],
			"to": [9.5, 14, 8.55],
			"rotation": {"angle": -22.5, "axis": "z", "origin": [7.5, 9, 6.55]},
			"faces": {
				"north": {"uv": [14, 10, 16, 15], "texture": "#cross"},
				"east": {"uv": [16, 10, 14, 15], "texture": "#cross"},
				"south": {"uv": [14, 10, 16, 15], "texture": "#cross"},
				"west": {"uv": [10, 7, 8, 12], "texture": "#cross"},
				"up": {"uv": [14, 9, 16, 11], "texture": "#cross"},
				"down": {"uv": [7, 13, 10, 16], "texture": "#cross"}
			}
		},
		{
			"from": [9.25, 11.5, 7.05],
			"to": [10.25, 17.5, 8.05],
			"rotation": {"angle": -22.5, "axis": "x", "origin": [8.75, 11.5, 6.55]},
			"faces": {
				"north": {"uv": [15, 7, 16, 13], "texture": "#cross"},
				"east": {"uv": [15, 7, 16, 13], "texture": "#cross"},
				"south": {"uv": [15, 7, 16, 13], "texture": "#cross"},
				"west": {"uv": [15, 7, 16, 13], "texture": "#cross"},
				"up": {"uv": [15, 7, 16, 8], "texture": "#cross"},
				"down": {"uv": [7, 13, 10, 16], "texture": "#cross"}
			}
		},
		{
			"from": [9.25, 11.5, 7.05],
			"to": [10.25, 17.5, 8.05],
			"rotation": {"angle": -45, "axis": "z", "origin": [10.75, 11.5, 6.55]},
			"faces": {
				"north": {"uv": [15, 8, 16, 14], "texture": "#cross"},
				"east": {"uv": [15, 8, 16, 14], "texture": "#cross"},
				"south": {"uv": [15, 8, 16, 14], "texture": "#cross"},
				"west": {"uv": [15, 8, 16, 14], "texture": "#cross"},
				"up": {"uv": [15, 7, 16, 8], "rotation": 90, "texture": "#cross"},
				"down": {"uv": [7, 13, 10, 16], "rotation": 270, "texture": "#cross"}
			}
		},
		{
			"from": [6.55, 9, 6.55],
			"to": [8.55, 14, 8.55],
			"rotation": {"angle": 45, "axis": "x", "origin": [8.55, 9, 6.55]},
			"faces": {
				"north": {"uv": [16, 10, 14, 15], "texture": "#cross"},
				"east": {"uv": [14, 10, 16, 15], "texture": "#cross"},
				"south": {"uv": [16, 10, 14, 15], "texture": "#cross"},
				"west": {"uv": [14, 10, 16, 15], "texture": "#cross"},
				"up": {"uv": [14, 9, 16, 11], "rotation": 90, "texture": "#cross"},
				"down": {"uv": [7, 13, 10, 16], "rotation": 270, "texture": "#cross"}
			}
		},
		{
			"from": [8.71024, 10.87615, 9.88081],
			"to": [9.71024, 16.87615, 10.88081],
			"rotation": {"angle": -45, "axis": "z", "origin": [8.70711, 13.49137, 11.58791]},
			"faces": {
				"north": {"uv": [15, 8, 16, 14], "texture": "#cross"},
				"east": {"uv": [15, 8, 16, 14], "texture": "#cross"},
				"south": {"uv": [15, 8, 16, 14], "texture": "#cross"},
				"west": {"uv": [15, 8, 16, 14], "texture": "#cross"},
				"up": {"uv": [15, 7, 16, 8], "rotation": 90, "texture": "#cross"},
				"down": {"uv": [7, 13, 10, 16], "rotation": 270, "texture": "#cross"}
			}
		},
		{
			"from": [6.84502, 11.22971, 12.15669],
			"to": [7.84502, 17.22971, 13.15669],
			"rotation": {"angle": 45, "axis": "x", "origin": [7.95711, 13.49137, 11.68791]},
			"faces": {
				"north": {"uv": [15, 7, 16, 13], "texture": "#cross"},
				"east": {"uv": [15, 7, 16, 13], "texture": "#cross"},
				"south": {"uv": [15, 7, 16, 13], "texture": "#cross"},
				"west": {"uv": [15, 7, 16, 13], "texture": "#cross"},
				"up": {"uv": [15, 7, 16, 8], "rotation": 180, "texture": "#cross"},
				"down": {"uv": [7, 13, 10, 16], "rotation": 180, "texture": "#cross"}
			}
		},
		{
			"from": [5.28976, 10.87615, 9.98081],
			"to": [6.28976, 15.87615, 10.98081],
			"rotation": {"angle": 45, "axis": "z", "origin": [6.29289, 13.49137, 11.68791]},
			"faces": {
				"north": {"uv": [16, 8, 15, 13], "texture": "#cross"},
				"east": {"uv": [16, 8, 15, 13], "texture": "#cross"},
				"south": {"uv": [16, 8, 15, 13], "texture": "#cross"},
				"west": {"uv": [16, 8, 15, 13], "texture": "#cross"},
				"up": {"uv": [15, 9, 16, 8], "rotation": 90, "texture": "#cross"},
				"down": {"uv": [7, 16, 10, 13], "rotation": 270, "texture": "#cross"}
			}
		},
		{
			"from": [3.55028, 1.53625, 6.55],
			"to": [5.55028, 6.53625, 8.55],
			"rotation": {"angle": 45, "axis": "z", "origin": [3.9776, 6.29067, 6.93791]},
			"faces": {
				"north": {"uv": [14, 10, 16, 15], "texture": "#cross"},
				"east": {"uv": [14, 10, 16, 15], "texture": "#cross"},
				"south": {"uv": [14, 10, 16, 15], "texture": "#cross"},
				"west": {"uv": [14, 10, 16, 15], "texture": "#cross"},
				"up": {"uv": [16, 9, 14, 11], "texture": "#cross"},
				"down": {"uv": [10, 13, 7, 16], "texture": "#cross"}
			}
		},
		{
			"from": [4.5, 5.74669, 6.58561],
			"to": [5.5, 11.74669, 7.58561],
			"rotation": {"angle": -45, "axis": "x", "origin": [3.9776, 6.79067, 6.93791]},
			"faces": {
				"north": {"uv": [16, 7, 15, 13], "texture": "#cross"},
				"east": {"uv": [16, 7, 15, 13], "texture": "#cross"},
				"south": {"uv": [16, 7, 15, 13], "texture": "#cross"},
				"west": {"uv": [16, 7, 15, 13], "texture": "#cross"},
				"up": {"uv": [16, 7, 15, 8], "texture": "#cross"},
				"down": {"uv": [10, 13, 7, 16], "texture": "#cross"}
			}
		},
		{
			"from": [4.0808, 5.36219, 7.05],
			"to": [5.0808, 11.36219, 8.05],
			"rotation": {"angle": 22.5, "axis": "z", "origin": [4.4776, 6.29067, 6.93791]},
			"faces": {
				"north": {"uv": [16, 8, 15, 14], "texture": "#cross"},
				"east": {"uv": [16, 8, 15, 14], "texture": "#cross"},
				"south": {"uv": [16, 8, 15, 14], "texture": "#cross"},
				"west": {"uv": [16, 8, 15, 14], "texture": "#cross"},
				"up": {"uv": [15, 9, 16, 8], "rotation": 90, "texture": "#cross"},
				"down": {"uv": [7, 16, 10, 13], "rotation": 270, "texture": "#cross"}
			}
		},
		{
			"from": [7.3, 2, 6.7],
			"to": [9.3, 7, 8.7],
			"rotation": {"angle": -45, "axis": "x", "origin": [9.3, 2, 8.7]},
			"faces": {
				"north": {"uv": [14, 11, 16, 16], "texture": "#cross"},
				"east": {"uv": [14, 11, 16, 16], "texture": "#cross"},
				"south": {"uv": [14, 11, 16, 16], "texture": "#cross"},
				"west": {"uv": [14, 11, 16, 16], "texture": "#cross"},
				"up": {"uv": [16, 9, 14, 11], "rotation": 90, "texture": "#cross"},
				"down": {"uv": [10, 13, 7, 16], "rotation": 270, "texture": "#cross"}
			}
		},
		{
			"from": [7.59502, 4.22971, 2.09331],
			"to": [8.59502, 10.22971, 3.09331],
			"rotation": {"angle": -45, "axis": "x", "origin": [8.70711, 6.49137, 3.56209]},
			"faces": {
				"north": {"uv": [16, 8, 15, 13], "texture": "#cross"},
				"east": {"uv": [16, 8, 15, 13], "texture": "#cross"},
				"south": {"uv": [16, 8, 15, 13], "texture": "#cross"},
				"west": {"uv": [16, 8, 15, 13], "texture": "#cross"},
				"up": {"uv": [15, 9, 16, 8], "rotation": 180, "texture": "#cross"},
				"down": {"uv": [7, 16, 10, 13], "rotation": 180, "texture": "#cross"}
			}
		},
		{
			"from": [9.46024, 3.87615, 4.26919],
			"to": [10.46024, 9.87615, 5.26919],
			"rotation": {"angle": -45, "axis": "z", "origin": [9.45711, 6.49137, 3.56209]},
			"faces": {
				"north": {"uv": [16, 7, 15, 13], "texture": "#cross"},
				"east": {"uv": [16, 7, 15, 13], "texture": "#cross"},
				"south": {"uv": [16, 7, 15, 13], "texture": "#cross"},
				"west": {"uv": [16, 7, 15, 13], "texture": "#cross"},
				"up": {"uv": [16, 8, 15, 9], "rotation": 90, "texture": "#cross"},
				"down": {"uv": [10, 13, 7, 16], "rotation": 270, "texture": "#cross"}
			}
		},
		{
			"from": [6.76432, -0.21485, 10.77723],
			"to": [8.76432, 4.78515, 12.77723],
			"rotation": {"angle": 45, "axis": "x", "origin": [6.62157, 4.17275, 11.44275]},
			"faces": {
				"north": {"uv": [14, 11, 16, 16], "texture": "#cross"},
				"east": {"uv": [14, 11, 16, 16], "texture": "#cross"},
				"south": {"uv": [14, 11, 16, 16], "texture": "#cross"},
				"west": {"uv": [14, 11, 16, 16], "texture": "#cross"},
				"up": {"uv": [14, 9, 16, 11], "rotation": 90, "texture": "#cross"},
				"down": {"uv": [7, 13, 10, 16], "rotation": 270, "texture": "#cross"}
			}
		},
		{
			"from": [7.26432, 3.04466, 11.35609],
			"to": [8.26432, 9.04466, 12.35609],
			"rotation": {"angle": 22.5, "axis": "x", "origin": [6.62157, 4.17275, 11.44275]},
			"faces": {
				"north": {"uv": [15, 7, 16, 13], "texture": "#cross"},
				"east": {"uv": [15, 7, 16, 13], "texture": "#cross"},
				"south": {"uv": [15, 7, 16, 13], "texture": "#cross"},
				"west": {"uv": [15, 7, 16, 13], "texture": "#cross"},
				"up": {"uv": [15, 7, 16, 8], "rotation": 180, "texture": "#cross"},
				"down": {"uv": [7, 13, 10, 16], "rotation": 180, "texture": "#cross"}
			}
		},
		{
			"from": [5.94984, 2.61712, 10.49039],
			"to": [6.94984, 8.61712, 11.49039],
			"rotation": {"angle": 45, "axis": "z", "origin": [6.62157, 4.17275, 11.44275]},
			"faces": {
				"north": {"uv": [15, 8, 16, 14], "texture": "#cross"},
				"east": {"uv": [15, 8, 16, 14], "texture": "#cross"},
				"south": {"uv": [15, 8, 16, 14], "texture": "#cross"},
				"west": {"uv": [15, 8, 16, 14], "texture": "#cross"},
				"up": {"uv": [15, 7, 16, 8], "rotation": 180, "texture": "#cross"},
				"down": {"uv": [7, 13, 10, 16], "rotation": 180, "texture": "#cross"}
			}
		},
		{
			"from": [10.6692, 2.61712, 9.11448],
			"to": [11.6692, 8.61712, 10.11448],
			"rotation": {"angle": 45, "axis": "x", "origin": [11.62157, 4.17275, 9.44275]},
			"faces": {
				"north": {"uv": [15, 8, 16, 14], "texture": "#cross"},
				"east": {"uv": [15, 8, 16, 14], "texture": "#cross"},
				"south": {"uv": [15, 8, 16, 14], "texture": "#cross"},
				"west": {"uv": [15, 8, 16, 14], "texture": "#cross"},
				"up": {"uv": [15, 7, 16, 8], "rotation": 90, "texture": "#cross"},
				"down": {"uv": [7, 13, 10, 16], "rotation": 270, "texture": "#cross"}
			}
		},
		{
			"from": [10.95605, -0.21485, 7.3],
			"to": [12.95605, 4.78515, 9.3],
			"rotation": {"angle": -45, "axis": "z", "origin": [11.62157, 4.17275, 9.44275]},
			"faces": {
				"north": {"uv": [14, 11, 16, 16], "texture": "#cross"},
				"east": {"uv": [14, 11, 16, 16], "texture": "#cross"},
				"south": {"uv": [14, 11, 16, 16], "texture": "#cross"},
				"west": {"uv": [14, 11, 16, 16], "texture": "#cross"},
				"up": {"uv": [14, 9, 16, 11], "texture": "#cross"},
				"down": {"uv": [7, 13, 10, 16], "texture": "#cross"}
			}
		},
		{
			"from": [11.53491, 3.04466, 7.8],
			"to": [12.53491, 9.04466, 8.8],
			"rotation": {"angle": -22.5, "axis": "z", "origin": [11.62157, 4.17275, 9.44275]},
			"faces": {
				"north": {"uv": [15, 7, 16, 13], "texture": "#cross"},
				"east": {"uv": [15, 7, 16, 13], "texture": "#cross"},
				"south": {"uv": [15, 7, 16, 13], "texture": "#cross"},
				"west": {"uv": [15, 7, 16, 13], "texture": "#cross"},
				"up": {"uv": [15, 7, 16, 8], "rotation": 90, "texture": "#cross"},
				"down": {"uv": [7, 13, 10, 16], "rotation": 270, "texture": "#cross"}
			}
		}
	]
}