{
	"format_version": "1.21.6",
	"credit": "Made with Blockbench",
	"parent": "minecraft:block/cross",
	"textures": {
		"cross": "block/dead_bush_block"
	},
	"elements": [
		{
			"from": [7, 0, 5.75],
			"to": [10, 4, 8.75],
			"rotation": {"angle": 0, "axis": "y", "origin": [8.25, 6.57716, 7.625]},
			"faces": {
				"north": {"uv": [7, 12, 10, 16], "texture": "#cross"},
				"east": {"uv": [7, 12, 10, 16], "texture": "#cross"},
				"south": {"uv": [7, 12, 10, 16], "texture": "#cross"},
				"west": {"uv": [7, 12, 10, 16], "texture": "#cross"},
				"up": {"uv": [7, 13, 10, 16], "rotation": 180, "texture": "#cross"},
				"down": {"uv": [7, 13, 10, 16], "rotation": 180, "texture": "#cross"}
			}
		},
		{
			"from": [7, 4, 5.75],
			"to": [10, 9, 8.75],
			"rotation": {"angle": 0, "axis": "x", "origin": [8.25, 6.57716, 7.625]},
			"faces": {
				"north": {"uv": [7, 7, 10, 12], "texture": "#cross"},
				"east": {"uv": [7, 7, 10, 12], "texture": "#cross"},
				"south": {"uv": [7, 7, 10, 12], "texture": "#cross"},
				"west": {"uv": [7, 7, 10, 12], "texture": "#cross"},
				"up": {"uv": [7, 6, 10, 9], "rotation": 180, "texture": "#cross"},
				"down": {"uv": [7, 13, 10, 16], "rotation": 180, "texture": "#cross"}
			}
		},
		{
			"from": [6.5307, 5.29498, 6.7],
			"to": [8.5307, 10.29498, 8.7],
			"rotation": {"angle": 22.5, "axis": "z", "origin": [8.25, 6.57716, 7.625]},
			"faces": {
				"north": {"uv": [14, 8, 16, 13], "texture": "#cross"},
				"east": {"uv": [14, 8, 16, 13], "texture": "#cross"},
				"south": {"uv": [14, 8, 16, 13], "texture": "#cross"},
				"west": {"uv": [14, 8, 16, 13], "texture": "#cross"},
				"up": {"uv": [14, 9, 16, 11], "rotation": 180, "texture": "#cross"},
				"down": {"uv": [7, 13, 10, 16], "rotation": 180, "texture": "#cross"}
			}
		},
		{
			"from": [6, 8.30308, 6.57367],
			"to": [7, 14.30308, 7.57367],
			"rotation": {"angle": 22.5, "axis": "x", "origin": [8.25, 6.57716, 7.625]},
			"faces": {
				"north": {"uv": [15, 7, 16, 13], "texture": "#cross"},
				"east": {"uv": [15, 7, 16, 13], "texture": "#cross"},
				"south": {"uv": [15, 7, 16, 13], "texture": "#cross"},
				"west": {"uv": [15, 7, 16, 13], "texture": "#cross"},
				"up": {"uv": [15, 7, 16, 8], "rotation": 180, "texture": "#cross"},
				"down": {"uv": [7, 13, 10, 16], "rotation": 180, "texture": "#cross"}
			}
		},
		{
			"from": [7.98833, 9.35103, 7.2],
			"to": [8.98833, 15.35103, 8.2],
			"rotation": {"angle": 45, "axis": "z", "origin": [8.25, 6.57716, 7.625]},
			"faces": {
				"north": {"uv": [15, 8, 16, 14], "texture": "#cross"},
				"east": {"uv": [15, 8, 16, 14], "texture": "#cross"},
				"south": {"uv": [15, 8, 16, 14], "texture": "#cross"},
				"west": {"uv": [15, 8, 16, 14], "texture": "#cross"},
				"up": {"uv": [15, 7, 16, 8], "rotation": 270, "texture": "#cross"},
				"down": {"uv": [7, 13, 10, 16], "rotation": 90, "texture": "#cross"}
			}
		},
		{
			"from": [7.95, 5.40891, 5.97703],
			"to": [9.95, 10.40891, 7.97703],
			"rotation": {"angle": -45, "axis": "x", "origin": [8.25, 6.57716, 7.625]},
			"faces": {
				"north": {"uv": [16, 10, 14, 15], "texture": "#cross"},
				"east": {"uv": [14, 10, 16, 15], "texture": "#cross"},
				"south": {"uv": [16, 10, 14, 15], "texture": "#cross"},
				"west": {"uv": [14, 10, 16, 15], "texture": "#cross"},
				"up": {"uv": [14, 9, 16, 11], "rotation": 270, "texture": "#cross"},
				"down": {"uv": [7, 13, 10, 16], "rotation": 90, "texture": "#cross"}
			}
		},
		{
			"from": [9.69141, 7.05293, 4.36919],
			"to": [10.69141, 13.05293, 5.36919],
			"rotation": {"angle": 45, "axis": "z", "origin": [8.25, 6.57716, 7.625]},
			"faces": {
				"north": {"uv": [15, 8, 16, 14], "texture": "#cross"},
				"east": {"uv": [15, 8, 16, 14], "texture": "#cross"},
				"south": {"uv": [15, 8, 16, 14], "texture": "#cross"},
				"west": {"uv": [15, 8, 16, 14], "texture": "#cross"},
				"up": {"uv": [15, 7, 16, 8], "rotation": 270, "texture": "#cross"},
				"down": {"uv": [7, 13, 10, 16], "rotation": 90, "texture": "#cross"}
			}
		},
		{
			"from": [8.65498, 9.95618, 6.05107],
			"to": [9.65498, 15.95618, 7.05107],
			"rotation": {"angle": -45, "axis": "x", "origin": [8.25, 6.57716, 7.625]},
			"faces": {
				"north": {"uv": [15, 7, 16, 13], "texture": "#cross"},
				"east": {"uv": [15, 7, 16, 13], "texture": "#cross"},
				"south": {"uv": [15, 7, 16, 13], "texture": "#cross"},
				"west": {"uv": [15, 7, 16, 13], "texture": "#cross"},
				"up": {"uv": [15, 7, 16, 8], "texture": "#cross"},
				"down": {"uv": [7, 13, 10, 16], "texture": "#cross"}
			}
		},
		{
			"from": [6.86925, 8.11359, 4.26919],
			"to": [7.86925, 13.11359, 5.26919],
			"rotation": {"angle": -45, "axis": "z", "origin": [8.25, 6.57716, 7.625]},
			"faces": {
				"north": {"uv": [16, 8, 15, 13], "texture": "#cross"},
				"east": {"uv": [16, 8, 15, 13], "texture": "#cross"},
				"south": {"uv": [16, 8, 15, 13], "texture": "#cross"},
				"west": {"uv": [16, 8, 15, 13], "texture": "#cross"},
				"up": {"uv": [15, 9, 16, 8], "rotation": 270, "texture": "#cross"},
				"down": {"uv": [7, 16, 10, 13], "rotation": 90, "texture": "#cross"}
			}
		},
		{
			"from": [11.49194, 3.05022, 6.55],
			"to": [13.49194, 8.05022, 8.55],
			"rotation": {"angle": -45, "axis": "z", "origin": [8.25, 6.57716, 7.625]},
			"faces": {
				"north": {"uv": [16, 10, 14, 15], "texture": "#cross"},
				"east": {"uv": [16, 10, 14, 15], "texture": "#cross"},
				"south": {"uv": [16, 10, 14, 15], "texture": "#cross"},
				"west": {"uv": [16, 10, 14, 15], "texture": "#cross"},
				"up": {"uv": [16, 11, 14, 9], "rotation": 180, "texture": "#cross"},
				"down": {"uv": [10, 16, 7, 13], "rotation": 180, "texture": "#cross"}
			}
		},
		{
			"from": [11, 4.57901, 5.34684],
			"to": [12, 10.57901, 6.34684],
			"rotation": {"angle": -45, "axis": "x", "origin": [8.25, 6.57716, 7.625]},
			"faces": {
				"north": {"uv": [15, 7, 16, 13], "texture": "#cross"},
				"east": {"uv": [15, 7, 16, 13], "texture": "#cross"},
				"south": {"uv": [15, 7, 16, 13], "texture": "#cross"},
				"west": {"uv": [15, 7, 16, 13], "texture": "#cross"},
				"up": {"uv": [16, 8, 15, 7], "rotation": 180, "texture": "#cross"},
				"down": {"uv": [10, 16, 7, 13], "rotation": 180, "texture": "#cross"}
			}
		},
		{
			"from": [12.10272, 4.7489, 7.05],
			"to": [13.10272, 10.7489, 8.05],
			"rotation": {"angle": -22.5, "axis": "z", "origin": [8.25, 6.57716, 7.625]},
			"faces": {
				"north": {"uv": [15, 8, 16, 14], "texture": "#cross"},
				"east": {"uv": [15, 8, 16, 14], "texture": "#cross"},
				"south": {"uv": [15, 8, 16, 14], "texture": "#cross"},
				"west": {"uv": [15, 8, 16, 14], "texture": "#cross"},
				"up": {"uv": [16, 9, 15, 8], "rotation": 270, "texture": "#cross"},
				"down": {"uv": [10, 16, 7, 13], "rotation": 90, "texture": "#cross"}
			}
		},
		{
			"from": [7.05, 2.58048, 10.1014],
			"to": [9.05, 7.58048, 12.1014],
			"rotation": {"angle": 45, "axis": "x", "origin": [8.25, 6.57716, 7.625]},
			"faces": {
				"north": {"uv": [16, 11, 14, 16], "texture": "#cross"},
				"east": {"uv": [16, 11, 14, 16], "texture": "#cross"},
				"south": {"uv": [16, 11, 14, 16], "texture": "#cross"},
				"west": {"uv": [16, 11, 14, 16], "texture": "#cross"},
				"up": {"uv": [16, 11, 14, 9], "rotation": 270, "texture": "#cross"},
				"down": {"uv": [10, 16, 7, 13], "rotation": 90, "texture": "#cross"}
			}
		},
		{
			"from": [7.34502, 7.12775, 11.02735],
			"to": [8.34502, 13.12775, 12.02735],
			"rotation": {"angle": 45, "axis": "x", "origin": [8.25, 6.57716, 7.625]},
			"faces": {
				"north": {"uv": [15, 8, 16, 13], "texture": "#cross"},
				"east": {"uv": [15, 8, 16, 13], "texture": "#cross"},
				"south": {"uv": [15, 8, 16, 13], "texture": "#cross"},
				"west": {"uv": [15, 8, 16, 13], "texture": "#cross"},
				"up": {"uv": [16, 9, 15, 8], "texture": "#cross"},
				"down": {"uv": [10, 16, 7, 13], "texture": "#cross"}
			}
		},
		{
			"from": [8.99058, 4.57806, 9.98081],
			"to": [9.99058, 10.57806, 10.98081],
			"rotation": {"angle": -45, "axis": "z", "origin": [8.25, 6.57716, 7.625]},
			"faces": {
				"north": {"uv": [15, 7, 16, 13], "texture": "#cross"},
				"east": {"uv": [15, 7, 16, 13], "texture": "#cross"},
				"south": {"uv": [15, 7, 16, 13], "texture": "#cross"},
				"west": {"uv": [15, 7, 16, 13], "texture": "#cross"},
				"up": {"uv": [16, 9, 15, 8], "rotation": 270, "texture": "#cross"},
				"down": {"uv": [10, 16, 7, 13], "rotation": 90, "texture": "#cross"}
			}
		},
		{
			"from": [4.8308, 4.6067, 3.96775],
			"to": [5.8308, 10.6067, 4.96775],
			"rotation": {"angle": -45, "axis": "x", "origin": [8.25, 6.57716, 7.625]},
			"faces": {
				"north": {"uv": [15, 8, 16, 14], "texture": "#cross"},
				"east": {"uv": [15, 8, 16, 14], "texture": "#cross"},
				"south": {"uv": [15, 8, 16, 14], "texture": "#cross"},
				"west": {"uv": [15, 8, 16, 14], "texture": "#cross"},
				"up": {"uv": [15, 7, 16, 8], "rotation": 270, "texture": "#cross"},
				"down": {"uv": [7, 13, 10, 16], "rotation": 90, "texture": "#cross"}
			}
		},
		{
			"from": [2.83129, 2.87344, 5.95],
			"to": [4.83129, 7.87344, 7.95],
			"rotation": {"angle": 45, "axis": "z", "origin": [8.25, 6.57716, 7.625]},
			"faces": {
				"north": {"uv": [14, 11, 16, 16], "texture": "#cross"},
				"east": {"uv": [14, 11, 16, 16], "texture": "#cross"},
				"south": {"uv": [14, 11, 16, 16], "texture": "#cross"},
				"west": {"uv": [14, 11, 16, 16], "texture": "#cross"},
				"up": {"uv": [14, 9, 16, 11], "rotation": 180, "texture": "#cross"},
				"down": {"uv": [7, 13, 10, 16], "rotation": 180, "texture": "#cross"}
			}
		},
		{
			"from": [3.30161, 4.51793, 6.45],
			"to": [4.30161, 10.51793, 7.45],
			"rotation": {"angle": 22.5, "axis": "z", "origin": [8.25, 6.57716, 7.625]},
			"faces": {
				"north": {"uv": [15, 7, 16, 13], "texture": "#cross"},
				"east": {"uv": [15, 7, 16, 13], "texture": "#cross"},
				"south": {"uv": [15, 7, 16, 13], "texture": "#cross"},
				"west": {"uv": [15, 7, 16, 13], "texture": "#cross"},
				"up": {"uv": [15, 7, 16, 8], "rotation": 270, "texture": "#cross"},
				"down": {"uv": [7, 13, 10, 16], "rotation": 90, "texture": "#cross"}
			}
		}
	]
}