{
	"format_version": "1.21.6",
	"credit": "Made with Blockbench",
	"parent": "minecraft:block/cube_all",
	"textures": {
		"0": "block/deepslate_emerald_ore",
		"particle": "block/deepslate_emerald_ore"
	},
	"elements": [
		{
			"from": [0, 0, 0],
			"to": [16, 16, 16],
			"faces": {
				"north": {"uv": [0, 0, 16, 16], "texture": "#0", "cullface": "north"},
				"east": {"uv": [0, 0, 16, 16], "texture": "#0", "cullface": "east"},
				"south": {"uv": [0, 0, 16, 16], "texture": "#0", "cullface": "south"},
				"west": {"uv": [0, 0, 16, 16], "texture": "#0", "cullface": "west"},
				"up": {"uv": [0, 0, 16, 16], "texture": "#0", "cullface": "up"},
				"down": {"uv": [0, 0, 16, 16], "texture": "#0", "cullface": "down"}
			}
		},
		{
			"from": [1, 7, -0.25],
			"to": [3, 9, 2],
			"light_emission": 15,
			"rotation": {"angle": 0, "axis": "y", "origin": [8, 7.5, 8]},
			"faces": {
				"north": {"uv": [13, 7, 15, 9], "texture": "#0", "cullface": "north"},
				"east": {"uv": [15, 7, 13, 9], "texture": "#0", "cullface": "north"},
				"south": {"uv": [0, 0, 2, 2], "texture": "#0", "cullface": "north"},
				"west": {"uv": [15, 7, 13, 9], "texture": "#0", "cullface": "north"},
				"up": {"uv": [15, 7, 13, 9], "texture": "#0", "cullface": "north"},
				"down": {"uv": [15, 7, 13, 9], "texture": "#0", "cullface": "north"}
			}
		},
		{
			"from": [3, 3, -0.25],
			"to": [8, 5, 2],
			"light_emission": 15,
			"rotation": {"angle": 0, "axis": "y", "origin": [8, 7.5, 8]},
			"faces": {
				"north": {"uv": [8, 11, 13, 13], "texture": "#0", "cullface": "north"},
				"east": {"uv": [13, 11, 8, 13], "texture": "#0", "cullface": "north"},
				"south": {"uv": [0, 0, 2, 2], "texture": "#0", "cullface": "north"},
				"west": {"uv": [13, 11, 8, 13], "texture": "#0", "cullface": "north"},
				"up": {"uv": [13, 11, 8, 13], "texture": "#0", "cullface": "north"},
				"down": {"uv": [13, 11, 8, 13], "texture": "#0", "cullface": "north"}
			}
		},
		{
			"from": [7, 8, -0.25],
			"to": [13, 10, 2],
			"light_emission": 15,
			"rotation": {"angle": 0, "axis": "y", "origin": [8, 7.5, 8]},
			"faces": {
				"north": {"uv": [3, 6, 9, 8], "texture": "#0", "cullface": "north"},
				"east": {"uv": [9, 6, 3, 8], "texture": "#0", "cullface": "north"},
				"south": {"uv": [0, 0, 2, 2], "texture": "#0", "cullface": "north"},
				"west": {"uv": [9, 6, 3, 8], "texture": "#0", "cullface": "north"},
				"up": {"uv": [9, 6, 3, 8], "texture": "#0", "cullface": "north"},
				"down": {"uv": [9, 6, 3, 8], "texture": "#0", "cullface": "north"}
			}
		},
		{
			"from": [4, 3, -0.45],
			"to": [7, 6, 2],
			"light_emission": 15,
			"rotation": {"angle": 0, "axis": "y", "origin": [8, 7.5, 8]},
			"faces": {
				"north": {"uv": [9, 10, 12, 13], "texture": "#0", "cullface": "north"},
				"east": {"uv": [12, 10, 9, 13], "texture": "#0", "cullface": "north"},
				"south": {"uv": [0, 0, 2, 2], "texture": "#0", "cullface": "north"},
				"west": {"uv": [12, 10, 9, 13], "texture": "#0", "cullface": "north"},
				"up": {"uv": [12, 10, 9, 13], "texture": "#0", "cullface": "north"},
				"down": {"uv": [12, 10, 9, 13], "texture": "#0", "cullface": "north"}
			}
		},
		{
			"from": [8, 8, -0.45],
			"to": [11, 11, 2],
			"light_emission": 15,
			"rotation": {"angle": 0, "axis": "y", "origin": [8, 7.5, 8]},
			"faces": {
				"north": {"uv": [5, 5, 8, 8], "texture": "#0", "cullface": "north"},
				"east": {"uv": [8, 5, 5, 8], "texture": "#0", "cullface": "north"},
				"south": {"uv": [0, 0, 2, 2], "texture": "#0", "cullface": "north"},
				"west": {"uv": [8, 5, 5, 8], "texture": "#0", "cullface": "north"},
				"up": {"uv": [8, 5, 5, 8], "texture": "#0", "cullface": "north"},
				"down": {"uv": [8, 5, 5, 8], "texture": "#0", "cullface": "north"}
			}
		},
		{
			"from": [4, 12, -0.25],
			"to": [6, 14, 2],
			"light_emission": 15,
			"rotation": {"angle": 0, "axis": "y", "origin": [8, 7.5, 8]},
			"faces": {
				"north": {"uv": [13, 7, 15, 9], "texture": "#0", "cullface": "north"},
				"east": {"uv": [15, 7, 13, 9], "texture": "#0", "cullface": "north"},
				"south": {"uv": [0, 0, 2, 2], "texture": "#0", "cullface": "north"},
				"west": {"uv": [15, 7, 13, 9], "texture": "#0", "cullface": "north"},
				"up": {"uv": [15, 7, 13, 9], "texture": "#0", "cullface": "north"},
				"down": {"uv": [15, 7, 13, 9], "texture": "#0", "cullface": "north"}
			}
		},
		{
			"from": [12, 12, -0.25],
			"to": [14, 14, 2],
			"light_emission": 15,
			"rotation": {"angle": 0, "axis": "y", "origin": [8, 7.5, 8]},
			"faces": {
				"north": {"uv": [13, 7, 15, 9], "texture": "#0", "cullface": "north"},
				"east": {"uv": [15, 7, 13, 9], "texture": "#0", "cullface": "north"},
				"south": {"uv": [0, 0, 2, 2], "texture": "#0", "cullface": "north"},
				"west": {"uv": [15, 7, 13, 9], "texture": "#0", "cullface": "north"},
				"up": {"uv": [15, 7, 13, 9], "texture": "#0", "cullface": "north"},
				"down": {"uv": [15, 7, 13, 9], "texture": "#0", "cullface": "north"}
			}
		},
		{
			"from": [13, 6, -0.25],
			"to": [15, 8, 2],
			"light_emission": 15,
			"rotation": {"angle": 0, "axis": "y", "origin": [8, 7.5, 8]},
			"faces": {
				"north": {"uv": [13, 7, 15, 9], "texture": "#0", "cullface": "north"},
				"east": {"uv": [15, 7, 13, 9], "texture": "#0", "cullface": "north"},
				"south": {"uv": [0, 0, 2, 2], "texture": "#0", "cullface": "north"},
				"west": {"uv": [15, 7, 13, 9], "texture": "#0", "cullface": "north"},
				"up": {"uv": [15, 7, 13, 9], "texture": "#0", "cullface": "north"},
				"down": {"uv": [15, 7, 13, 9], "texture": "#0", "cullface": "north"}
			}
		},
		{
			"from": [10, 7, -0.15],
			"to": [12, 8, 2],
			"light_emission": 15,
			"rotation": {"angle": 0, "axis": "y", "origin": [8, 7.5, 8]},
			"faces": {
				"north": {"uv": [4, 8, 6, 9], "texture": "#0", "cullface": "north"},
				"east": {"uv": [6, 8, 4, 9], "texture": "#0", "cullface": "north"},
				"south": {"uv": [0, 0, 2, 2], "texture": "#0", "cullface": "north"},
				"west": {"uv": [6, 8, 4, 9], "texture": "#0", "cullface": "north"},
				"up": {"uv": [6, 8, 4, 9], "texture": "#0", "cullface": "north"},
				"down": {"uv": [6, 8, 4, 9], "texture": "#0", "cullface": "north"}
			}
		},
		{
			"from": [9, 11, -0.15],
			"to": [10, 12, 2],
			"light_emission": 15,
			"rotation": {"angle": 0, "axis": "y", "origin": [8, 7.5, 8]},
			"faces": {
				"north": {"uv": [6, 4, 7, 5], "texture": "#0", "cullface": "north"},
				"east": {"uv": [6, 4, 7, 5], "texture": "#0", "cullface": "north"},
				"south": {"uv": [0, 0, 2, 2], "texture": "#0", "cullface": "north"},
				"west": {"uv": [6, 4, 7, 5], "texture": "#0", "cullface": "north"},
				"up": {"uv": [6, 4, 7, 5], "texture": "#0", "cullface": "north"},
				"down": {"uv": [6, 4, 7, 5], "texture": "#0", "cullface": "north"}
			}
		},
		{
			"from": [10, 1, -0.25],
			"to": [12, 3, 2],
			"light_emission": 15,
			"rotation": {"angle": 0, "axis": "y", "origin": [8, 7.5, 8]},
			"faces": {
				"north": {"uv": [13, 7, 15, 9], "texture": "#0", "cullface": "north"},
				"east": {"uv": [15, 7, 13, 9], "texture": "#0", "cullface": "north"},
				"south": {"uv": [0, 0, 2, 2], "texture": "#0", "cullface": "north"},
				"west": {"uv": [15, 7, 13, 9], "texture": "#0", "cullface": "north"},
				"up": {"uv": [15, 7, 13, 9], "texture": "#0", "cullface": "north"},
				"down": {"uv": [15, 7, 13, 9], "texture": "#0", "cullface": "north"}
			}
		},
		{
			"from": [5, 2, -0.25],
			"to": [7, 3, 2],
			"light_emission": 15,
			"rotation": {"angle": 0, "axis": "y", "origin": [8, 7.5, 8]},
			"faces": {
				"north": {"uv": [9, 13, 11, 14], "texture": "#0", "cullface": "north"},
				"east": {"uv": [11, 13, 9, 14], "texture": "#0", "cullface": "north"},
				"south": {"uv": [0, 0, 2, 2], "texture": "#0", "cullface": "north"},
				"west": {"uv": [11, 13, 9, 14], "texture": "#0", "cullface": "north"},
				"up": {"uv": [11, 13, 9, 14], "texture": "#0", "cullface": "north"},
				"down": {"uv": [11, 13, 9, 14], "texture": "#0", "cullface": "north"}
			}
		},
		{
			"from": [13, 7, 14],
			"to": [15, 9, 16.25],
			"light_emission": 15,
			"rotation": {"angle": 0, "axis": "y", "origin": [8, 7.5, 8]},
			"faces": {
				"north": {"uv": [0, 0, 2, 2], "texture": "#0", "cullface": "south"},
				"east": {"uv": [15, 7, 13, 9], "texture": "#0", "cullface": "south"},
				"south": {"uv": [13, 7, 15, 9], "texture": "#0", "cullface": "south"},
				"west": {"uv": [15, 7, 13, 9], "texture": "#0", "cullface": "south"},
				"up": {"uv": [13, 9, 15, 7], "texture": "#0", "cullface": "south"},
				"down": {"uv": [13, 9, 15, 7], "texture": "#0", "cullface": "south"}
			}
		},
		{
			"from": [8, 3, 14],
			"to": [13, 5, 16.25],
			"light_emission": 15,
			"rotation": {"angle": 0, "axis": "y", "origin": [8, 7.5, 8]},
			"faces": {
				"north": {"uv": [0, 0, 2, 2], "texture": "#0", "cullface": "south"},
				"east": {"uv": [13, 11, 8, 13], "texture": "#0", "cullface": "south"},
				"south": {"uv": [8, 11, 13, 13], "texture": "#0", "cullface": "south"},
				"west": {"uv": [13, 11, 8, 13], "texture": "#0", "cullface": "south"},
				"up": {"uv": [8, 13, 13, 11], "texture": "#0", "cullface": "south"},
				"down": {"uv": [8, 13, 13, 11], "texture": "#0", "cullface": "south"}
			}
		},
		{
			"from": [3, 8, 14],
			"to": [9, 10, 16.25],
			"light_emission": 15,
			"rotation": {"angle": 0, "axis": "y", "origin": [8, 7.5, 8]},
			"faces": {
				"north": {"uv": [0, 0, 2, 2], "texture": "#0", "cullface": "south"},
				"east": {"uv": [9, 6, 3, 8], "texture": "#0", "cullface": "south"},
				"south": {"uv": [3, 6, 9, 8], "texture": "#0", "cullface": "south"},
				"west": {"uv": [9, 6, 3, 8], "texture": "#0", "cullface": "south"},
				"up": {"uv": [3, 8, 9, 6], "texture": "#0", "cullface": "south"},
				"down": {"uv": [3, 8, 9, 6], "texture": "#0", "cullface": "south"}
			}
		},
		{
			"from": [9, 3, 14],
			"to": [12, 6, 16.45],
			"light_emission": 15,
			"rotation": {"angle": 0, "axis": "y", "origin": [8, 7.5, 8]},
			"faces": {
				"north": {"uv": [0, 0, 2, 2], "texture": "#0", "cullface": "south"},
				"east": {"uv": [12, 10, 9, 13], "texture": "#0", "cullface": "south"},
				"south": {"uv": [9, 10, 12, 13], "texture": "#0", "cullface": "south"},
				"west": {"uv": [12, 10, 9, 13], "texture": "#0", "cullface": "south"},
				"up": {"uv": [9, 13, 12, 10], "texture": "#0", "cullface": "south"},
				"down": {"uv": [9, 13, 12, 10], "texture": "#0", "cullface": "south"}
			}
		},
		{
			"from": [5, 8, 14],
			"to": [8, 11, 16.45],
			"light_emission": 15,
			"rotation": {"angle": 0, "axis": "y", "origin": [8, 7.5, 8]},
			"faces": {
				"north": {"uv": [0, 0, 2, 2], "texture": "#0", "cullface": "south"},
				"east": {"uv": [8, 5, 5, 8], "texture": "#0", "cullface": "south"},
				"south": {"uv": [5, 5, 8, 8], "texture": "#0", "cullface": "south"},
				"west": {"uv": [8, 5, 5, 8], "texture": "#0", "cullface": "south"},
				"up": {"uv": [5, 8, 8, 5], "texture": "#0", "cullface": "south"},
				"down": {"uv": [5, 8, 8, 5], "texture": "#0", "cullface": "south"}
			}
		},
		{
			"from": [10, 12, 14],
			"to": [12, 14, 16.25],
			"light_emission": 15,
			"rotation": {"angle": 0, "axis": "y", "origin": [8, 7.5, 8]},
			"faces": {
				"north": {"uv": [0, 0, 2, 2], "texture": "#0", "cullface": "south"},
				"east": {"uv": [15, 7, 13, 9], "texture": "#0", "cullface": "south"},
				"south": {"uv": [13, 7, 15, 9], "texture": "#0", "cullface": "south"},
				"west": {"uv": [15, 7, 13, 9], "texture": "#0", "cullface": "south"},
				"up": {"uv": [13, 9, 15, 7], "texture": "#0", "cullface": "south"},
				"down": {"uv": [13, 9, 15, 7], "texture": "#0", "cullface": "south"}
			}
		},
		{
			"from": [2, 12, 14],
			"to": [4, 14, 16.25],
			"light_emission": 15,
			"rotation": {"angle": 0, "axis": "y", "origin": [8, 7.5, 8]},
			"faces": {
				"north": {"uv": [0, 0, 2, 2], "texture": "#0", "cullface": "south"},
				"east": {"uv": [15, 7, 13, 9], "texture": "#0", "cullface": "south"},
				"south": {"uv": [13, 7, 15, 9], "texture": "#0", "cullface": "south"},
				"west": {"uv": [15, 7, 13, 9], "texture": "#0", "cullface": "south"},
				"up": {"uv": [13, 9, 15, 7], "texture": "#0", "cullface": "south"},
				"down": {"uv": [13, 9, 15, 7], "texture": "#0", "cullface": "south"}
			}
		},
		{
			"from": [1, 6, 14],
			"to": [3, 8, 16.25],
			"light_emission": 15,
			"rotation": {"angle": 0, "axis": "y", "origin": [8, 7.5, 8]},
			"faces": {
				"north": {"uv": [0, 0, 2, 2], "texture": "#0", "cullface": "south"},
				"east": {"uv": [15, 7, 13, 9], "texture": "#0", "cullface": "south"},
				"south": {"uv": [13, 7, 15, 9], "texture": "#0", "cullface": "south"},
				"west": {"uv": [15, 7, 13, 9], "texture": "#0", "cullface": "south"},
				"up": {"uv": [13, 9, 15, 7], "texture": "#0", "cullface": "south"},
				"down": {"uv": [13, 9, 15, 7], "texture": "#0", "cullface": "south"}
			}
		},
		{
			"from": [4, 7, 14],
			"to": [6, 8, 16.15],
			"light_emission": 15,
			"rotation": {"angle": 0, "axis": "y", "origin": [8, 7.5, 8]},
			"faces": {
				"north": {"uv": [0, 0, 2, 2], "texture": "#0", "cullface": "south"},
				"east": {"uv": [6, 8, 4, 9], "texture": "#0", "cullface": "south"},
				"south": {"uv": [4, 8, 6, 9], "texture": "#0", "cullface": "south"},
				"west": {"uv": [6, 8, 4, 9], "texture": "#0", "cullface": "south"},
				"up": {"uv": [4, 9, 6, 8], "texture": "#0", "cullface": "south"},
				"down": {"uv": [4, 9, 6, 8], "texture": "#0", "cullface": "south"}
			}
		},
		{
			"from": [6, 11, 14],
			"to": [7, 12, 16.15],
			"light_emission": 15,
			"rotation": {"angle": 0, "axis": "y", "origin": [8, 7.5, 8]},
			"faces": {
				"north": {"uv": [0, 0, 2, 2], "texture": "#0", "cullface": "south"},
				"east": {"uv": [6, 4, 7, 5], "texture": "#0", "cullface": "south"},
				"south": {"uv": [6, 4, 7, 5], "texture": "#0", "cullface": "south"},
				"west": {"uv": [6, 4, 7, 5], "texture": "#0", "cullface": "south"},
				"up": {"uv": [7, 5, 6, 4], "texture": "#0", "cullface": "south"},
				"down": {"uv": [7, 5, 6, 4], "texture": "#0", "cullface": "south"}
			}
		},
		{
			"from": [4, 1, 14],
			"to": [6, 3, 16.25],
			"light_emission": 15,
			"rotation": {"angle": 0, "axis": "y", "origin": [8, 7.5, 8]},
			"faces": {
				"north": {"uv": [0, 0, 2, 2], "texture": "#0", "cullface": "south"},
				"east": {"uv": [15, 7, 13, 9], "texture": "#0", "cullface": "south"},
				"south": {"uv": [13, 7, 15, 9], "texture": "#0", "cullface": "south"},
				"west": {"uv": [15, 7, 13, 9], "texture": "#0", "cullface": "south"},
				"up": {"uv": [13, 9, 15, 7], "texture": "#0", "cullface": "south"},
				"down": {"uv": [13, 9, 15, 7], "texture": "#0", "cullface": "south"}
			}
		},
		{
			"from": [9, 2, 14],
			"to": [11, 3, 16.25],
			"light_emission": 15,
			"rotation": {"angle": 0, "axis": "y", "origin": [8, 7.5, 8]},
			"faces": {
				"north": {"uv": [0, 0, 2, 2], "texture": "#0", "cullface": "south"},
				"east": {"uv": [11, 13, 9, 14], "texture": "#0", "cullface": "south"},
				"south": {"uv": [9, 13, 11, 14], "texture": "#0", "cullface": "south"},
				"west": {"uv": [11, 13, 9, 14], "texture": "#0", "cullface": "south"},
				"up": {"uv": [9, 14, 11, 13], "texture": "#0", "cullface": "south"},
				"down": {"uv": [9, 14, 11, 13], "texture": "#0", "cullface": "south"}
			}
		},
		{
			"from": [14, 7, 1],
			"to": [16.25, 9, 3],
			"light_emission": 15,
			"rotation": {"angle": 0, "axis": "y", "origin": [8, 7.5, 8]},
			"faces": {
				"north": {"uv": [15, 7, 13, 9], "texture": "#0", "cullface": "east"},
				"east": {"uv": [13, 7, 15, 9], "texture": "#0", "cullface": "east"},
				"south": {"uv": [15, 7, 13, 9], "texture": "#0", "cullface": "east"},
				"west": {"uv": [0, 0, 2, 2], "texture": "#0", "cullface": "east"},
				"up": {"uv": [13, 9, 15, 7], "rotation": 270, "texture": "#0", "cullface": "east"},
				"down": {"uv": [13, 9, 15, 7], "rotation": 90, "texture": "#0", "cullface": "east"}
			}
		},
		{
			"from": [14, 3, 3],
			"to": [16.25, 5, 8],
			"light_emission": 15,
			"rotation": {"angle": 0, "axis": "y", "origin": [8, 7.5, 8]},
			"faces": {
				"north": {"uv": [13, 11, 8, 13], "texture": "#0", "cullface": "east"},
				"east": {"uv": [8, 11, 13, 13], "texture": "#0", "cullface": "east"},
				"south": {"uv": [13, 11, 8, 13], "texture": "#0", "cullface": "east"},
				"west": {"uv": [0, 0, 2, 2], "texture": "#0", "cullface": "east"},
				"up": {"uv": [8, 13, 13, 11], "rotation": 270, "texture": "#0", "cullface": "east"},
				"down": {"uv": [8, 13, 13, 11], "rotation": 90, "texture": "#0", "cullface": "east"}
			}
		},
		{
			"from": [14, 8, 7],
			"to": [16.25, 10, 13],
			"light_emission": 15,
			"rotation": {"angle": 0, "axis": "y", "origin": [8, 7.5, 8]},
			"faces": {
				"north": {"uv": [9, 6, 3, 8], "texture": "#0", "cullface": "east"},
				"east": {"uv": [3, 6, 9, 8], "texture": "#0", "cullface": "east"},
				"south": {"uv": [9, 6, 3, 8], "texture": "#0", "cullface": "east"},
				"west": {"uv": [0, 0, 2, 2], "texture": "#0", "cullface": "east"},
				"up": {"uv": [3, 8, 9, 6], "rotation": 270, "texture": "#0", "cullface": "east"},
				"down": {"uv": [3, 8, 9, 6], "rotation": 90, "texture": "#0", "cullface": "east"}
			}
		},
		{
			"from": [14, 3, 4],
			"to": [16.45, 6, 7],
			"light_emission": 15,
			"rotation": {"angle": 0, "axis": "y", "origin": [8, 7.5, 8]},
			"faces": {
				"north": {"uv": [12, 10, 9, 13], "texture": "#0", "cullface": "east"},
				"east": {"uv": [9, 10, 12, 13], "texture": "#0", "cullface": "east"},
				"south": {"uv": [12, 10, 9, 13], "texture": "#0", "cullface": "east"},
				"west": {"uv": [0, 0, 2, 2], "texture": "#0", "cullface": "east"},
				"up": {"uv": [9, 13, 12, 10], "rotation": 270, "texture": "#0", "cullface": "east"},
				"down": {"uv": [9, 13, 12, 10], "rotation": 90, "texture": "#0", "cullface": "east"}
			}
		},
		{
			"from": [14, 8, 8],
			"to": [16.45, 11, 11],
			"light_emission": 15,
			"rotation": {"angle": 0, "axis": "y", "origin": [8, 7.5, 8]},
			"faces": {
				"north": {"uv": [8, 5, 5, 8], "texture": "#0", "cullface": "east"},
				"east": {"uv": [5, 5, 8, 8], "texture": "#0", "cullface": "east"},
				"south": {"uv": [8, 5, 5, 8], "texture": "#0", "cullface": "east"},
				"west": {"uv": [0, 0, 2, 2], "texture": "#0", "cullface": "east"},
				"up": {"uv": [5, 8, 8, 5], "rotation": 270, "texture": "#0", "cullface": "east"},
				"down": {"uv": [5, 8, 8, 5], "rotation": 90, "texture": "#0", "cullface": "east"}
			}
		},
		{
			"from": [14, 12, 4],
			"to": [16.25, 14, 6],
			"light_emission": 15,
			"rotation": {"angle": 0, "axis": "y", "origin": [8, 7.5, 8]},
			"faces": {
				"north": {"uv": [15, 7, 13, 9], "texture": "#0", "cullface": "east"},
				"east": {"uv": [13, 7, 15, 9], "texture": "#0", "cullface": "east"},
				"south": {"uv": [15, 7, 13, 9], "texture": "#0", "cullface": "east"},
				"west": {"uv": [0, 0, 2, 2], "texture": "#0", "cullface": "east"},
				"up": {"uv": [13, 9, 15, 7], "rotation": 270, "texture": "#0", "cullface": "east"},
				"down": {"uv": [13, 9, 15, 7], "rotation": 90, "texture": "#0", "cullface": "east"}
			}
		},
		{
			"from": [14, 12, 12],
			"to": [16.25, 14, 14],
			"light_emission": 15,
			"rotation": {"angle": 0, "axis": "y", "origin": [8, 7.5, 8]},
			"faces": {
				"north": {"uv": [15, 7, 13, 9], "texture": "#0", "cullface": "east"},
				"east": {"uv": [13, 7, 15, 9], "texture": "#0", "cullface": "east"},
				"south": {"uv": [15, 7, 13, 9], "texture": "#0", "cullface": "east"},
				"west": {"uv": [0, 0, 2, 2], "texture": "#0", "cullface": "east"},
				"up": {"uv": [13, 9, 15, 7], "rotation": 270, "texture": "#0", "cullface": "east"},
				"down": {"uv": [13, 9, 15, 7], "rotation": 90, "texture": "#0", "cullface": "east"}
			}
		},
		{
			"from": [14, 6, 13],
			"to": [16.25, 8, 15],
			"light_emission": 15,
			"rotation": {"angle": 0, "axis": "y", "origin": [8, 7.5, 8]},
			"faces": {
				"north": {"uv": [15, 7, 13, 9], "texture": "#0", "cullface": "east"},
				"east": {"uv": [13, 7, 15, 9], "texture": "#0", "cullface": "east"},
				"south": {"uv": [15, 7, 13, 9], "texture": "#0", "cullface": "east"},
				"west": {"uv": [0, 0, 2, 2], "texture": "#0", "cullface": "east"},
				"up": {"uv": [13, 9, 15, 7], "rotation": 270, "texture": "#0", "cullface": "east"},
				"down": {"uv": [13, 9, 15, 7], "rotation": 90, "texture": "#0", "cullface": "east"}
			}
		},
		{
			"from": [14, 7, 10],
			"to": [16.15, 8, 12],
			"light_emission": 15,
			"rotation": {"angle": 0, "axis": "y", "origin": [8, 7.5, 8]},
			"faces": {
				"north": {"uv": [6, 8, 4, 9], "texture": "#0", "cullface": "east"},
				"east": {"uv": [4, 8, 6, 9], "texture": "#0", "cullface": "east"},
				"south": {"uv": [6, 8, 4, 9], "texture": "#0", "cullface": "east"},
				"west": {"uv": [0, 0, 2, 2], "texture": "#0", "cullface": "east"},
				"up": {"uv": [4, 9, 6, 8], "rotation": 270, "texture": "#0", "cullface": "east"},
				"down": {"uv": [4, 9, 6, 8], "rotation": 90, "texture": "#0", "cullface": "east"}
			}
		},
		{
			"from": [14, 11, 9],
			"to": [16.15, 12, 10],
			"light_emission": 15,
			"rotation": {"angle": 0, "axis": "y", "origin": [8, 7.5, 8]},
			"faces": {
				"north": {"uv": [6, 4, 7, 5], "texture": "#0", "cullface": "east"},
				"east": {"uv": [6, 4, 7, 5], "texture": "#0", "cullface": "east"},
				"south": {"uv": [6, 4, 7, 5], "texture": "#0", "cullface": "east"},
				"west": {"uv": [0, 0, 2, 2], "texture": "#0", "cullface": "east"},
				"up": {"uv": [7, 5, 6, 4], "rotation": 270, "texture": "#0", "cullface": "east"},
				"down": {"uv": [7, 5, 6, 4], "rotation": 90, "texture": "#0", "cullface": "east"}
			}
		},
		{
			"from": [14, 1, 10],
			"to": [16.25, 3, 12],
			"light_emission": 15,
			"rotation": {"angle": 0, "axis": "y", "origin": [8, 7.5, 8]},
			"faces": {
				"north": {"uv": [15, 7, 13, 9], "texture": "#0", "cullface": "east"},
				"east": {"uv": [13, 7, 15, 9], "texture": "#0", "cullface": "east"},
				"south": {"uv": [15, 7, 13, 9], "texture": "#0", "cullface": "east"},
				"west": {"uv": [0, 0, 2, 2], "texture": "#0", "cullface": "east"},
				"up": {"uv": [13, 9, 15, 7], "rotation": 270, "texture": "#0", "cullface": "east"},
				"down": {"uv": [13, 9, 15, 7], "rotation": 90, "texture": "#0", "cullface": "east"}
			}
		},
		{
			"from": [14, 2, 5],
			"to": [16.25, 3, 7],
			"light_emission": 15,
			"rotation": {"angle": 0, "axis": "y", "origin": [8, 7.5, 8]},
			"faces": {
				"north": {"uv": [11, 13, 9, 14], "texture": "#0", "cullface": "east"},
				"east": {"uv": [9, 13, 11, 14], "texture": "#0", "cullface": "east"},
				"south": {"uv": [11, 13, 9, 14], "texture": "#0", "cullface": "east"},
				"west": {"uv": [0, 0, 2, 2], "texture": "#0", "cullface": "east"},
				"up": {"uv": [9, 14, 11, 13], "rotation": 270, "texture": "#0", "cullface": "east"},
				"down": {"uv": [9, 14, 11, 13], "rotation": 90, "texture": "#0", "cullface": "east"}
			}
		},
		{
			"from": [-0.25, 7, 13],
			"to": [2, 9, 15],
			"light_emission": 15,
			"rotation": {"angle": 0, "axis": "y", "origin": [8, 7.5, 8]},
			"faces": {
				"north": {"uv": [15, 7, 13, 9], "texture": "#0", "cullface": "west"},
				"east": {"uv": [0, 0, 2, 2], "texture": "#0", "cullface": "west"},
				"south": {"uv": [15, 7, 13, 9], "texture": "#0", "cullface": "west"},
				"west": {"uv": [13, 7, 15, 9], "texture": "#0", "cullface": "west"},
				"up": {"uv": [15, 7, 13, 9], "rotation": 270, "texture": "#0", "cullface": "west"},
				"down": {"uv": [15, 7, 13, 9], "rotation": 90, "texture": "#0", "cullface": "west"}
			}
		},
		{
			"from": [-0.25, 3, 8],
			"to": [2, 5, 13],
			"light_emission": 15,
			"rotation": {"angle": 0, "axis": "y", "origin": [8, 7.5, 8]},
			"faces": {
				"north": {"uv": [13, 11, 8, 13], "texture": "#0", "cullface": "west"},
				"east": {"uv": [0, 0, 2, 2], "texture": "#0", "cullface": "west"},
				"south": {"uv": [13, 11, 8, 13], "texture": "#0", "cullface": "west"},
				"west": {"uv": [8, 11, 13, 13], "texture": "#0", "cullface": "west"},
				"up": {"uv": [13, 11, 8, 13], "rotation": 270, "texture": "#0", "cullface": "west"},
				"down": {"uv": [13, 11, 8, 13], "rotation": 90, "texture": "#0", "cullface": "west"}
			}
		},
		{
			"from": [-0.25, 8, 3],
			"to": [2, 10, 9],
			"light_emission": 15,
			"rotation": {"angle": 0, "axis": "y", "origin": [8, 7.5, 8]},
			"faces": {
				"north": {"uv": [9, 6, 3, 8], "texture": "#0", "cullface": "west"},
				"east": {"uv": [0, 0, 2, 2], "texture": "#0", "cullface": "west"},
				"south": {"uv": [9, 6, 3, 8], "texture": "#0", "cullface": "west"},
				"west": {"uv": [3, 6, 9, 8], "texture": "#0", "cullface": "west"},
				"up": {"uv": [9, 6, 3, 8], "rotation": 270, "texture": "#0", "cullface": "west"},
				"down": {"uv": [9, 6, 3, 8], "rotation": 90, "texture": "#0", "cullface": "west"}
			}
		},
		{
			"from": [-0.45, 3, 9],
			"to": [2, 6, 12],
			"light_emission": 15,
			"rotation": {"angle": 0, "axis": "y", "origin": [8, 7.5, 8]},
			"faces": {
				"north": {"uv": [12, 10, 9, 13], "texture": "#0", "cullface": "west"},
				"east": {"uv": [0, 0, 2, 2], "texture": "#0", "cullface": "west"},
				"south": {"uv": [12, 10, 9, 13], "texture": "#0", "cullface": "west"},
				"west": {"uv": [9, 10, 12, 13], "texture": "#0", "cullface": "west"},
				"up": {"uv": [12, 10, 9, 13], "rotation": 270, "texture": "#0", "cullface": "west"},
				"down": {"uv": [12, 10, 9, 13], "rotation": 90, "texture": "#0", "cullface": "west"}
			}
		},
		{
			"from": [-0.45, 8, 5],
			"to": [2, 11, 8],
			"light_emission": 15,
			"rotation": {"angle": 0, "axis": "y", "origin": [8, 7.5, 8]},
			"faces": {
				"north": {"uv": [8, 5, 5, 8], "texture": "#0", "cullface": "west"},
				"east": {"uv": [0, 0, 2, 2], "texture": "#0", "cullface": "west"},
				"south": {"uv": [8, 5, 5, 8], "texture": "#0", "cullface": "west"},
				"west": {"uv": [5, 5, 8, 8], "texture": "#0", "cullface": "west"},
				"up": {"uv": [8, 5, 5, 8], "rotation": 270, "texture": "#0", "cullface": "west"},
				"down": {"uv": [8, 5, 5, 8], "rotation": 90, "texture": "#0", "cullface": "west"}
			}
		},
		{
			"from": [-0.25, 12, 10],
			"to": [2, 14, 12],
			"light_emission": 15,
			"rotation": {"angle": 0, "axis": "y", "origin": [8, 7.5, 8]},
			"faces": {
				"north": {"uv": [15, 7, 13, 9], "texture": "#0", "cullface": "west"},
				"east": {"uv": [0, 0, 2, 2], "texture": "#0", "cullface": "west"},
				"south": {"uv": [15, 7, 13, 9], "texture": "#0", "cullface": "west"},
				"west": {"uv": [13, 7, 15, 9], "texture": "#0", "cullface": "west"},
				"up": {"uv": [15, 7, 13, 9], "rotation": 270, "texture": "#0", "cullface": "west"},
				"down": {"uv": [15, 7, 13, 9], "rotation": 90, "texture": "#0", "cullface": "west"}
			}
		},
		{
			"from": [-0.25, 12, 2],
			"to": [2, 14, 4],
			"light_emission": 15,
			"rotation": {"angle": 0, "axis": "y", "origin": [8, 7.5, 8]},
			"faces": {
				"north": {"uv": [15, 7, 13, 9], "texture": "#0", "cullface": "west"},
				"east": {"uv": [0, 0, 2, 2], "texture": "#0", "cullface": "west"},
				"south": {"uv": [15, 7, 13, 9], "texture": "#0", "cullface": "west"},
				"west": {"uv": [13, 7, 15, 9], "texture": "#0", "cullface": "west"},
				"up": {"uv": [15, 7, 13, 9], "rotation": 270, "texture": "#0", "cullface": "west"},
				"down": {"uv": [15, 7, 13, 9], "rotation": 90, "texture": "#0", "cullface": "west"}
			}
		},
		{
			"from": [-0.25, 6, 1],
			"to": [2, 8, 3],
			"light_emission": 15,
			"rotation": {"angle": 0, "axis": "y", "origin": [8, 7.5, 8]},
			"faces": {
				"north": {"uv": [15, 7, 13, 9], "texture": "#0", "cullface": "west"},
				"east": {"uv": [0, 0, 2, 2], "texture": "#0", "cullface": "west"},
				"south": {"uv": [15, 7, 13, 9], "texture": "#0", "cullface": "west"},
				"west": {"uv": [13, 7, 15, 9], "texture": "#0", "cullface": "west"},
				"up": {"uv": [15, 7, 13, 9], "rotation": 270, "texture": "#0", "cullface": "west"},
				"down": {"uv": [15, 7, 13, 9], "rotation": 90, "texture": "#0", "cullface": "west"}
			}
		},
		{
			"from": [-0.15, 7, 4],
			"to": [2, 8, 6],
			"light_emission": 15,
			"rotation": {"angle": 0, "axis": "y", "origin": [8, 7.5, 8]},
			"faces": {
				"north": {"uv": [6, 8, 4, 9], "texture": "#0", "cullface": "west"},
				"east": {"uv": [0, 0, 2, 2], "texture": "#0", "cullface": "west"},
				"south": {"uv": [6, 8, 4, 9], "texture": "#0", "cullface": "west"},
				"west": {"uv": [4, 8, 6, 9], "texture": "#0", "cullface": "west"},
				"up": {"uv": [6, 8, 4, 9], "rotation": 270, "texture": "#0", "cullface": "west"},
				"down": {"uv": [6, 8, 4, 9], "rotation": 90, "texture": "#0", "cullface": "west"}
			}
		},
		{
			"from": [-0.15, 11, 6],
			"to": [2, 12, 7],
			"light_emission": 15,
			"rotation": {"angle": 0, "axis": "y", "origin": [8, 7.5, 8]},
			"faces": {
				"north": {"uv": [6, 4, 7, 5], "texture": "#0", "cullface": "west"},
				"east": {"uv": [0, 0, 2, 2], "texture": "#0", "cullface": "west"},
				"south": {"uv": [6, 4, 7, 5], "texture": "#0", "cullface": "west"},
				"west": {"uv": [6, 4, 7, 5], "texture": "#0", "cullface": "west"},
				"up": {"uv": [6, 4, 7, 5], "rotation": 270, "texture": "#0", "cullface": "west"},
				"down": {"uv": [6, 4, 7, 5], "rotation": 90, "texture": "#0", "cullface": "west"}
			}
		},
		{
			"from": [-0.25, 1, 4],
			"to": [2, 3, 6],
			"light_emission": 15,
			"rotation": {"angle": 0, "axis": "y", "origin": [8, 7.5, 8]},
			"faces": {
				"north": {"uv": [15, 7, 13, 9], "texture": "#0", "cullface": "west"},
				"east": {"uv": [0, 0, 2, 2], "texture": "#0", "cullface": "west"},
				"south": {"uv": [15, 7, 13, 9], "texture": "#0", "cullface": "west"},
				"west": {"uv": [13, 7, 15, 9], "texture": "#0", "cullface": "west"},
				"up": {"uv": [15, 7, 13, 9], "rotation": 270, "texture": "#0", "cullface": "west"},
				"down": {"uv": [15, 7, 13, 9], "rotation": 90, "texture": "#0", "cullface": "west"}
			}
		},
		{
			"from": [-0.25, 2, 9],
			"to": [2, 3, 11],
			"light_emission": 15,
			"rotation": {"angle": 0, "axis": "y", "origin": [8, 7.5, 8]},
			"faces": {
				"north": {"uv": [11, 13, 9, 14], "texture": "#0", "cullface": "west"},
				"east": {"uv": [0, 0, 2, 2], "texture": "#0", "cullface": "west"},
				"south": {"uv": [11, 13, 9, 14], "texture": "#0", "cullface": "west"},
				"west": {"uv": [9, 13, 11, 14], "texture": "#0", "cullface": "west"},
				"up": {"uv": [11, 13, 9, 14], "rotation": 270, "texture": "#0", "cullface": "west"},
				"down": {"uv": [11, 13, 9, 14], "rotation": 90, "texture": "#0", "cullface": "west"}
			}
		},
		{
			"from": [13, 14, 7],
			"to": [15, 16.25, 9],
			"light_emission": 15,
			"rotation": {"angle": 0, "axis": "y", "origin": [8, 8, 8.5]},
			"faces": {
				"north": {"uv": [13, 9, 15, 7], "rotation": 180, "texture": "#0", "cullface": "up"},
				"east": {"uv": [15, 7, 13, 9], "rotation": 90, "texture": "#0", "cullface": "up"},
				"south": {"uv": [13, 9, 15, 7], "texture": "#0", "cullface": "up"},
				"west": {"uv": [15, 7, 13, 9], "rotation": 270, "texture": "#0", "cullface": "up"},
				"up": {"uv": [13, 7, 15, 9], "texture": "#0", "cullface": "up"},
				"down": {"uv": [0, 0, 2, 2], "rotation": 180, "texture": "#0", "cullface": "up"}
			}
		},
		{
			"from": [8, 14, 11],
			"to": [13, 16.25, 13],
			"light_emission": 15,
			"rotation": {"angle": 0, "axis": "y", "origin": [8, 8, 8.5]},
			"faces": {
				"north": {"uv": [8, 13, 13, 11], "rotation": 180, "texture": "#0", "cullface": "up"},
				"east": {"uv": [13, 11, 8, 13], "rotation": 90, "texture": "#0", "cullface": "up"},
				"south": {"uv": [8, 13, 13, 11], "texture": "#0", "cullface": "up"},
				"west": {"uv": [13, 11, 8, 13], "rotation": 270, "texture": "#0", "cullface": "up"},
				"up": {"uv": [8, 11, 13, 13], "texture": "#0", "cullface": "up"},
				"down": {"uv": [0, 0, 2, 2], "rotation": 180, "texture": "#0", "cullface": "up"}
			}
		},
		{
			"from": [3, 14, 6],
			"to": [9, 16.25, 8],
			"light_emission": 15,
			"rotation": {"angle": 0, "axis": "y", "origin": [8, 8, 8.5]},
			"faces": {
				"north": {"uv": [3, 8, 9, 6], "rotation": 180, "texture": "#0", "cullface": "up"},
				"east": {"uv": [9, 6, 3, 8], "rotation": 90, "texture": "#0", "cullface": "up"},
				"south": {"uv": [3, 8, 9, 6], "texture": "#0", "cullface": "up"},
				"west": {"uv": [9, 6, 3, 8], "rotation": 270, "texture": "#0", "cullface": "up"},
				"up": {"uv": [3, 6, 9, 8], "texture": "#0", "cullface": "up"},
				"down": {"uv": [0, 0, 2, 2], "rotation": 180, "texture": "#0", "cullface": "up"}
			}
		},
		{
			"from": [9, 14, 10],
			"to": [12, 16.45, 13],
			"light_emission": 15,
			"rotation": {"angle": 0, "axis": "y", "origin": [8, 8, 8.5]},
			"faces": {
				"north": {"uv": [9, 13, 12, 10], "rotation": 180, "texture": "#0", "cullface": "up"},
				"east": {"uv": [12, 10, 9, 13], "rotation": 90, "texture": "#0", "cullface": "up"},
				"south": {"uv": [9, 13, 12, 10], "texture": "#0", "cullface": "up"},
				"west": {"uv": [12, 10, 9, 13], "rotation": 270, "texture": "#0", "cullface": "up"},
				"up": {"uv": [9, 10, 12, 13], "texture": "#0", "cullface": "up"},
				"down": {"uv": [0, 0, 2, 2], "rotation": 180, "texture": "#0", "cullface": "up"}
			}
		},
		{
			"from": [5, 14, 5],
			"to": [8, 16.45, 8],
			"light_emission": 15,
			"rotation": {"angle": 0, "axis": "y", "origin": [8, 8, 8.5]},
			"faces": {
				"north": {"uv": [5, 8, 8, 5], "rotation": 180, "texture": "#0", "cullface": "up"},
				"east": {"uv": [8, 5, 5, 8], "rotation": 90, "texture": "#0", "cullface": "up"},
				"south": {"uv": [5, 8, 8, 5], "texture": "#0", "cullface": "up"},
				"west": {"uv": [8, 5, 5, 8], "rotation": 270, "texture": "#0", "cullface": "up"},
				"up": {"uv": [5, 5, 8, 8], "texture": "#0", "cullface": "up"},
				"down": {"uv": [0, 0, 2, 2], "rotation": 180, "texture": "#0", "cullface": "up"}
			}
		},
		{
			"from": [10, 14, 2],
			"to": [12, 16.25, 4],
			"light_emission": 15,
			"rotation": {"angle": 0, "axis": "y", "origin": [8, 8, 8.5]},
			"faces": {
				"north": {"uv": [13, 9, 15, 7], "rotation": 180, "texture": "#0", "cullface": "up"},
				"east": {"uv": [15, 7, 13, 9], "rotation": 90, "texture": "#0", "cullface": "up"},
				"south": {"uv": [13, 9, 15, 7], "texture": "#0", "cullface": "up"},
				"west": {"uv": [15, 7, 13, 9], "rotation": 270, "texture": "#0", "cullface": "up"},
				"up": {"uv": [13, 7, 15, 9], "texture": "#0", "cullface": "up"},
				"down": {"uv": [0, 0, 2, 2], "rotation": 180, "texture": "#0", "cullface": "up"}
			}
		},
		{
			"from": [2, 14, 2],
			"to": [4, 16.25, 4],
			"light_emission": 15,
			"rotation": {"angle": 0, "axis": "y", "origin": [8, 8, 8.5]},
			"faces": {
				"north": {"uv": [13, 9, 15, 7], "rotation": 180, "texture": "#0", "cullface": "up"},
				"east": {"uv": [15, 7, 13, 9], "rotation": 90, "texture": "#0", "cullface": "up"},
				"south": {"uv": [13, 9, 15, 7], "texture": "#0", "cullface": "up"},
				"west": {"uv": [15, 7, 13, 9], "rotation": 270, "texture": "#0", "cullface": "up"},
				"up": {"uv": [13, 7, 15, 9], "texture": "#0", "cullface": "up"},
				"down": {"uv": [0, 0, 2, 2], "rotation": 180, "texture": "#0", "cullface": "up"}
			}
		},
		{
			"from": [1, 14, 8],
			"to": [3, 16.25, 10],
			"light_emission": 15,
			"rotation": {"angle": 0, "axis": "y", "origin": [8, 8, 8.5]},
			"faces": {
				"north": {"uv": [13, 9, 15, 7], "rotation": 180, "texture": "#0", "cullface": "up"},
				"east": {"uv": [15, 7, 13, 9], "rotation": 90, "texture": "#0", "cullface": "up"},
				"south": {"uv": [13, 9, 15, 7], "texture": "#0", "cullface": "up"},
				"west": {"uv": [15, 7, 13, 9], "rotation": 270, "texture": "#0", "cullface": "up"},
				"up": {"uv": [13, 7, 15, 9], "texture": "#0", "cullface": "up"},
				"down": {"uv": [0, 0, 2, 2], "rotation": 180, "texture": "#0", "cullface": "up"}
			}
		},
		{
			"from": [4, 14, 8],
			"to": [6, 16.15, 9],
			"light_emission": 15,
			"rotation": {"angle": 0, "axis": "y", "origin": [8, 8, 8.5]},
			"faces": {
				"north": {"uv": [4, 9, 6, 8], "rotation": 180, "texture": "#0", "cullface": "up"},
				"east": {"uv": [6, 8, 4, 9], "rotation": 90, "texture": "#0", "cullface": "up"},
				"south": {"uv": [4, 9, 6, 8], "texture": "#0", "cullface": "up"},
				"west": {"uv": [6, 8, 4, 9], "rotation": 270, "texture": "#0", "cullface": "up"},
				"up": {"uv": [4, 8, 6, 9], "texture": "#0", "cullface": "up"},
				"down": {"uv": [0, 0, 2, 2], "rotation": 180, "texture": "#0", "cullface": "up"}
			}
		},
		{
			"from": [6, 14, 4],
			"to": [7, 16.15, 5],
			"light_emission": 15,
			"rotation": {"angle": 0, "axis": "y", "origin": [8, 8, 8.5]},
			"faces": {
				"north": {"uv": [7, 5, 6, 4], "rotation": 180, "texture": "#0", "cullface": "up"},
				"east": {"uv": [6, 4, 7, 5], "rotation": 90, "texture": "#0", "cullface": "up"},
				"south": {"uv": [7, 5, 6, 4], "texture": "#0", "cullface": "up"},
				"west": {"uv": [6, 4, 7, 5], "rotation": 270, "texture": "#0", "cullface": "up"},
				"up": {"uv": [6, 4, 7, 5], "texture": "#0", "cullface": "up"},
				"down": {"uv": [0, 0, 2, 2], "rotation": 180, "texture": "#0", "cullface": "up"}
			}
		},
		{
			"from": [4, 14, 13],
			"to": [6, 16.25, 15],
			"light_emission": 15,
			"rotation": {"angle": 0, "axis": "y", "origin": [8, 8, 8.5]},
			"faces": {
				"north": {"uv": [13, 9, 15, 7], "rotation": 180, "texture": "#0", "cullface": "up"},
				"east": {"uv": [15, 7, 13, 9], "rotation": 90, "texture": "#0", "cullface": "up"},
				"south": {"uv": [13, 9, 15, 7], "texture": "#0", "cullface": "up"},
				"west": {"uv": [15, 7, 13, 9], "rotation": 270, "texture": "#0", "cullface": "up"},
				"up": {"uv": [13, 7, 15, 9], "texture": "#0", "cullface": "up"},
				"down": {"uv": [0, 0, 2, 2], "rotation": 180, "texture": "#0", "cullface": "up"}
			}
		},
		{
			"from": [9, 14, 13],
			"to": [11, 16.25, 14],
			"light_emission": 15,
			"rotation": {"angle": 0, "axis": "y", "origin": [8, 8, 8.5]},
			"faces": {
				"north": {"uv": [9, 14, 11, 13], "rotation": 180, "texture": "#0", "cullface": "up"},
				"east": {"uv": [11, 13, 9, 14], "rotation": 90, "texture": "#0", "cullface": "up"},
				"south": {"uv": [9, 14, 11, 13], "texture": "#0", "cullface": "up"},
				"west": {"uv": [11, 13, 9, 14], "rotation": 270, "texture": "#0", "cullface": "up"},
				"up": {"uv": [9, 13, 11, 14], "texture": "#0", "cullface": "up"},
				"down": {"uv": [0, 0, 2, 2], "rotation": 180, "texture": "#0", "cullface": "up"}
			}
		},
		{
			"from": [13, -0.25, 7],
			"to": [15, 2, 9],
			"light_emission": 15,
			"rotation": {"angle": 0, "axis": "y", "origin": [8, 8, 7.5]},
			"faces": {
				"north": {"uv": [15, 7, 13, 9], "texture": "#0", "cullface": "down"},
				"east": {"uv": [13, 9, 15, 7], "rotation": 90, "texture": "#0", "cullface": "down"},
				"south": {"uv": [15, 7, 13, 9], "rotation": 180, "texture": "#0", "cullface": "down"},
				"west": {"uv": [13, 9, 15, 7], "rotation": 270, "texture": "#0", "cullface": "down"},
				"up": {"uv": [0, 0, 2, 2], "rotation": 180, "texture": "#0", "cullface": "down"},
				"down": {"uv": [13, 7, 15, 9], "texture": "#0", "cullface": "down"}
			}
		},
		{
			"from": [8, -0.25, 3],
			"to": [13, 2, 5],
			"light_emission": 15,
			"rotation": {"angle": 0, "axis": "y", "origin": [8, 8, 7.5]},
			"faces": {
				"north": {"uv": [13, 11, 8, 13], "texture": "#0", "cullface": "down"},
				"east": {"uv": [8, 13, 13, 11], "rotation": 90, "texture": "#0", "cullface": "down"},
				"south": {"uv": [13, 11, 8, 13], "rotation": 180, "texture": "#0", "cullface": "down"},
				"west": {"uv": [8, 13, 13, 11], "rotation": 270, "texture": "#0", "cullface": "down"},
				"up": {"uv": [0, 0, 2, 2], "rotation": 180, "texture": "#0", "cullface": "down"},
				"down": {"uv": [8, 11, 13, 13], "texture": "#0", "cullface": "down"}
			}
		},
		{
			"from": [3, -0.25, 8],
			"to": [9, 2, 10],
			"light_emission": 15,
			"rotation": {"angle": 0, "axis": "y", "origin": [8, 8, 7.5]},
			"faces": {
				"north": {"uv": [9, 6, 3, 8], "texture": "#0", "cullface": "down"},
				"east": {"uv": [3, 8, 9, 6], "rotation": 90, "texture": "#0", "cullface": "down"},
				"south": {"uv": [9, 6, 3, 8], "rotation": 180, "texture": "#0", "cullface": "down"},
				"west": {"uv": [3, 8, 9, 6], "rotation": 270, "texture": "#0", "cullface": "down"},
				"up": {"uv": [0, 0, 2, 2], "rotation": 180, "texture": "#0", "cullface": "down"},
				"down": {"uv": [3, 6, 9, 8], "texture": "#0", "cullface": "down"}
			}
		},
		{
			"from": [9, -0.45, 3],
			"to": [12, 2, 6],
			"light_emission": 15,
			"rotation": {"angle": 0, "axis": "y", "origin": [8, 8, 7.5]},
			"faces": {
				"north": {"uv": [12, 10, 9, 13], "texture": "#0", "cullface": "down"},
				"east": {"uv": [9, 13, 12, 10], "rotation": 90, "texture": "#0", "cullface": "down"},
				"south": {"uv": [12, 10, 9, 13], "rotation": 180, "texture": "#0", "cullface": "down"},
				"west": {"uv": [9, 13, 12, 10], "rotation": 270, "texture": "#0", "cullface": "down"},
				"up": {"uv": [0, 0, 2, 2], "rotation": 180, "texture": "#0", "cullface": "down"},
				"down": {"uv": [9, 10, 12, 13], "texture": "#0", "cullface": "down"}
			}
		},
		{
			"from": [5, -0.45, 8],
			"to": [8, 2, 11],
			"light_emission": 15,
			"rotation": {"angle": 0, "axis": "y", "origin": [8, 8, 7.5]},
			"faces": {
				"north": {"uv": [8, 5, 5, 8], "texture": "#0", "cullface": "down"},
				"east": {"uv": [5, 8, 8, 5], "rotation": 90, "texture": "#0", "cullface": "down"},
				"south": {"uv": [8, 5, 5, 8], "rotation": 180, "texture": "#0", "cullface": "down"},
				"west": {"uv": [5, 8, 8, 5], "rotation": 270, "texture": "#0", "cullface": "down"},
				"up": {"uv": [0, 0, 2, 2], "rotation": 180, "texture": "#0", "cullface": "down"},
				"down": {"uv": [5, 5, 8, 8], "texture": "#0", "cullface": "down"}
			}
		},
		{
			"from": [10, -0.25, 12],
			"to": [12, 2, 14],
			"light_emission": 15,
			"rotation": {"angle": 0, "axis": "y", "origin": [8, 8, 7.5]},
			"faces": {
				"north": {"uv": [15, 7, 13, 9], "texture": "#0", "cullface": "down"},
				"east": {"uv": [13, 9, 15, 7], "rotation": 90, "texture": "#0", "cullface": "down"},
				"south": {"uv": [15, 7, 13, 9], "rotation": 180, "texture": "#0", "cullface": "down"},
				"west": {"uv": [13, 9, 15, 7], "rotation": 270, "texture": "#0", "cullface": "down"},
				"up": {"uv": [0, 0, 2, 2], "rotation": 180, "texture": "#0", "cullface": "down"},
				"down": {"uv": [13, 7, 15, 9], "texture": "#0", "cullface": "down"}
			}
		},
		{
			"from": [2, -0.25, 12],
			"to": [4, 2, 14],
			"light_emission": 15,
			"rotation": {"angle": 0, "axis": "y", "origin": [8, 8, 7.5]},
			"faces": {
				"north": {"uv": [15, 7, 13, 9], "texture": "#0", "cullface": "down"},
				"east": {"uv": [13, 9, 15, 7], "rotation": 90, "texture": "#0", "cullface": "down"},
				"south": {"uv": [15, 7, 13, 9], "rotation": 180, "texture": "#0", "cullface": "down"},
				"west": {"uv": [13, 9, 15, 7], "rotation": 270, "texture": "#0", "cullface": "down"},
				"up": {"uv": [0, 0, 2, 2], "rotation": 180, "texture": "#0", "cullface": "down"},
				"down": {"uv": [13, 7, 15, 9], "texture": "#0", "cullface": "down"}
			}
		},
		{
			"from": [1, -0.25, 6],
			"to": [3, 2, 8],
			"light_emission": 15,
			"rotation": {"angle": 0, "axis": "y", "origin": [8, 8, 7.5]},
			"faces": {
				"north": {"uv": [15, 7, 13, 9], "texture": "#0", "cullface": "down"},
				"east": {"uv": [13, 9, 15, 7], "rotation": 90, "texture": "#0", "cullface": "down"},
				"south": {"uv": [15, 7, 13, 9], "rotation": 180, "texture": "#0", "cullface": "down"},
				"west": {"uv": [13, 9, 15, 7], "rotation": 270, "texture": "#0", "cullface": "down"},
				"up": {"uv": [0, 0, 2, 2], "rotation": 180, "texture": "#0", "cullface": "down"},
				"down": {"uv": [13, 7, 15, 9], "texture": "#0", "cullface": "down"}
			}
		},
		{
			"from": [4, -0.15, 7],
			"to": [6, 2, 8],
			"light_emission": 15,
			"rotation": {"angle": 0, "axis": "y", "origin": [8, 8, 7.5]},
			"faces": {
				"north": {"uv": [6, 8, 4, 9], "texture": "#0", "cullface": "down"},
				"east": {"uv": [4, 9, 6, 8], "rotation": 90, "texture": "#0", "cullface": "down"},
				"south": {"uv": [6, 8, 4, 9], "rotation": 180, "texture": "#0", "cullface": "down"},
				"west": {"uv": [4, 9, 6, 8], "rotation": 270, "texture": "#0", "cullface": "down"},
				"up": {"uv": [0, 0, 2, 2], "rotation": 180, "texture": "#0", "cullface": "down"},
				"down": {"uv": [4, 8, 6, 9], "texture": "#0", "cullface": "down"}
			}
		},
		{
			"from": [6, -0.15, 11],
			"to": [7, 2, 12],
			"light_emission": 15,
			"rotation": {"angle": 0, "axis": "y", "origin": [8, 8, 7.5]},
			"faces": {
				"north": {"uv": [6, 4, 7, 5], "texture": "#0", "cullface": "down"},
				"east": {"uv": [7, 5, 6, 4], "rotation": 90, "texture": "#0", "cullface": "down"},
				"south": {"uv": [6, 4, 7, 5], "rotation": 180, "texture": "#0", "cullface": "down"},
				"west": {"uv": [7, 5, 6, 4], "rotation": 270, "texture": "#0", "cullface": "down"},
				"up": {"uv": [0, 0, 2, 2], "rotation": 180, "texture": "#0", "cullface": "down"},
				"down": {"uv": [6, 4, 7, 5], "texture": "#0", "cullface": "down"}
			}
		},
		{
			"from": [4, -0.25, 1],
			"to": [6, 2, 3],
			"light_emission": 15,
			"rotation": {"angle": 0, "axis": "y", "origin": [8, 8, 7.5]},
			"faces": {
				"north": {"uv": [15, 7, 13, 9], "texture": "#0", "cullface": "down"},
				"east": {"uv": [13, 9, 15, 7], "rotation": 90, "texture": "#0", "cullface": "down"},
				"south": {"uv": [15, 7, 13, 9], "rotation": 180, "texture": "#0", "cullface": "down"},
				"west": {"uv": [13, 9, 15, 7], "rotation": 270, "texture": "#0", "cullface": "down"},
				"up": {"uv": [0, 0, 2, 2], "rotation": 180, "texture": "#0", "cullface": "down"},
				"down": {"uv": [13, 7, 15, 9], "texture": "#0", "cullface": "down"}
			}
		},
		{
			"from": [9, -0.25, 2],
			"to": [11, 2, 3],
			"light_emission": 15,
			"rotation": {"angle": 0, "axis": "y", "origin": [8, 8, 7.5]},
			"faces": {
				"north": {"uv": [11, 13, 9, 14], "texture": "#0", "cullface": "down"},
				"east": {"uv": [9, 14, 11, 13], "rotation": 90, "texture": "#0", "cullface": "down"},
				"south": {"uv": [11, 13, 9, 14], "rotation": 180, "texture": "#0", "cullface": "down"},
				"west": {"uv": [9, 14, 11, 13], "rotation": 270, "texture": "#0", "cullface": "down"},
				"up": {"uv": [0, 0, 2, 2], "rotation": 180, "texture": "#0", "cullface": "down"},
				"down": {"uv": [9, 13, 11, 14], "texture": "#0", "cullface": "down"}
			}
		}
	],
	"groups": [
		0,
		{
			"name": "The ORES",
			"origin": [5, 2, 0],
			"color": 0,
			"children": [1, 2, 3, 4, 5, 6, 7, 8, 9, 10, 11, 12]
		},
		{
			"name": "The ORES",
			"origin": [5, 2, 0],
			"color": 0,
			"children": [13, 14, 15, 16, 17, 18, 19, 20, 21, 22, 23, 24]
		},
		{
			"name": "The ORES",
			"origin": [5, 2, 0],
			"color": 0,
			"children": [25, 26, 27, 28, 29, 30, 31, 32, 33, 34, 35, 36]
		},
		{
			"name": "The ORES",
			"origin": [5, 2, 0],
			"color": 0,
			"children": [37, 38, 39, 40, 41, 42, 43, 44, 45, 46, 47, 48]
		},
		{
			"name": "The ORES",
			"origin": [5, 2, 0],
			"color": 0,
			"children": [49, 50, 51, 52, 53, 54, 55, 56, 57, 58, 59, 60]
		},
		{
			"name": "The ORES",
			"origin": [5, 2, 0],
			"color": 0,
			"children": [61, 62, 63, 64, 65, 66, 67, 68, 69, 70, 71, 72]
		}
	]
}