{
	"format_version": "1.21.6",
	"credit": "Made with Blockbench",
	"parent": "minecraft:block/cube_all",
	"textures": {
		"0": "block/deepslate_iron_ore",
		"particle": "block/deepslate_iron_ore"
	},
	"elements": [
		{
			"from": [0, 0, 0],
			"to": [16, 16, 16],
			"faces": {
				"north": {"uv": [0, 0, 16, 16], "texture": "#0", "cullface": "north"},
				"east": {"uv": [0, 0, 16, 16], "texture": "#0", "cullface": "east"},
				"south": {"uv": [0, 0, 16, 16], "texture": "#0", "cullface": "south"},
				"west": {"uv": [0, 0, 16, 16], "texture": "#0", "cullface": "west"},
				"up": {"uv": [0, 0, 16, 16], "texture": "#0", "cullface": "up"},
				"down": {"uv": [0, 0, 16, 16], "texture": "#0", "cullface": "down"}
			}
		},
		{
			"from": [10, 3, -0.25],
			"to": [12, 4, 2.25],
			"light_emission": 15,
			"rotation": {"angle": 0, "axis": "y", "origin": [8, 8, 8]},
			"faces": {
				"north": {"uv": [4, 12, 6, 13], "texture": "#0", "cullface": "north"},
				"east": {"uv": [4, 12, 5, 13], "texture": "#0", "cullface": "north"},
				"south": {"uv": [0, 0, 2, 1], "texture": "#0", "cullface": "north"},
				"west": {"uv": [5, 12, 6, 13], "texture": "#0", "cullface": "north"},
				"up": {"uv": [6, 12, 4, 13], "texture": "#0", "cullface": "north"},
				"down": {"uv": [6, 12, 4, 13], "texture": "#0", "cullface": "north"}
			}
		},
		{
			"from": [1, 10, -0.15],
			"to": [3, 11, 2.35],
			"light_emission": 15,
			"rotation": {"angle": 0, "axis": "y", "origin": [8, 8, 8]},
			"faces": {
				"north": {"uv": [4, 12, 6, 13], "texture": "#0", "cullface": "north"},
				"east": {"uv": [4, 12, 5, 13], "texture": "#0", "cullface": "north"},
				"south": {"uv": [0, 0, 2, 1], "texture": "#0", "cullface": "north"},
				"west": {"uv": [5, 12, 6, 13], "texture": "#0", "cullface": "north"},
				"up": {"uv": [6, 12, 4, 13], "texture": "#0", "cullface": "north"},
				"down": {"uv": [6, 12, 4, 13], "texture": "#0", "cullface": "north"}
			}
		},
		{
			"from": [3, 4, -0.15],
			"to": [5, 5, 2.35],
			"light_emission": 15,
			"rotation": {"angle": 0, "axis": "y", "origin": [8, 8, 8]},
			"faces": {
				"north": {"uv": [11, 11, 13, 12], "texture": "#0", "cullface": "north"},
				"east": {"uv": [13, 11, 11, 12], "texture": "#0", "cullface": "north"},
				"south": {"uv": [0, 0, 2, 1], "texture": "#0", "cullface": "north"},
				"west": {"uv": [13, 11, 11, 12], "texture": "#0", "cullface": "north"},
				"up": {"uv": [11, 11, 13, 12], "texture": "#0", "cullface": "north"},
				"down": {"uv": [11, 11, 13, 12], "texture": "#0", "cullface": "north"}
			}
		},
		{
			"from": [3, 13, -0.35],
			"to": [5, 14, 2.15],
			"light_emission": 15,
			"rotation": {"angle": 0, "axis": "y", "origin": [8, 8, 8]},
			"faces": {
				"north": {"uv": [11, 2, 13, 3], "texture": "#0", "cullface": "north"},
				"east": {"uv": [11, 2, 12, 3], "texture": "#0", "cullface": "north"},
				"south": {"uv": [0, 0, 2, 1], "texture": "#0", "cullface": "north"},
				"west": {"uv": [12, 2, 13, 3], "texture": "#0", "cullface": "north"},
				"up": {"uv": [6, 12, 4, 13], "texture": "#0", "cullface": "north"},
				"down": {"uv": [13, 2, 11, 3], "texture": "#0", "cullface": "north"}
			}
		},
		{
			"from": [12, 1, -0.35],
			"to": [14, 2, 2.15],
			"light_emission": 15,
			"rotation": {"angle": 0, "axis": "y", "origin": [8, 8, 8]},
			"faces": {
				"north": {"uv": [4, 14, 2, 15], "texture": "#0", "cullface": "north"},
				"east": {"uv": [4, 12, 5, 13], "texture": "#0", "cullface": "north"},
				"south": {"uv": [0, 0, 2, 1], "texture": "#0", "cullface": "north"},
				"west": {"uv": [2, 14, 4, 15], "texture": "#0", "cullface": "north"},
				"up": {"uv": [2, 14, 4, 15], "texture": "#0", "cullface": "north"},
				"down": {"uv": [2, 14, 4, 15], "texture": "#0", "cullface": "north"}
			}
		},
		{
			"from": [13, 2, -0.25],
			"to": [15, 3, 2.25],
			"light_emission": 15,
			"rotation": {"angle": 0, "axis": "y", "origin": [8, 8, 8]},
			"faces": {
				"north": {"uv": [1, 13, 3, 14], "texture": "#0", "cullface": "north"},
				"east": {"uv": [4, 12, 5, 13], "texture": "#0", "cullface": "north"},
				"south": {"uv": [0, 0, 2, 1], "texture": "#0", "cullface": "north"},
				"west": {"uv": [2, 13, 3, 14], "texture": "#0", "cullface": "north"},
				"up": {"uv": [3, 13, 1, 14], "texture": "#0", "cullface": "north"},
				"down": {"uv": [3, 13, 1, 14], "texture": "#0", "cullface": "north"}
			}
		},
		{
			"from": [4, 6, -0.25],
			"to": [6, 7, 2.25],
			"light_emission": 15,
			"rotation": {"angle": 0, "axis": "y", "origin": [8, 8, 8]},
			"faces": {
				"north": {"uv": [10, 9, 12, 10], "texture": "#0", "cullface": "north"},
				"east": {"uv": [10, 9, 11, 10], "texture": "#0", "cullface": "north"},
				"south": {"uv": [0, 0, 2, 1], "texture": "#0", "cullface": "north"},
				"west": {"uv": [11, 9, 12, 10], "texture": "#0", "cullface": "north"},
				"up": {"uv": [12, 9, 10, 10], "texture": "#0", "cullface": "north"},
				"down": {"uv": [12, 9, 10, 10], "texture": "#0", "cullface": "north"}
			}
		},
		{
			"from": [3, 7, -0.35],
			"to": [7, 8, 2.15],
			"light_emission": 15,
			"rotation": {"angle": 0, "axis": "y", "origin": [8, 8, 8]},
			"faces": {
				"north": {"uv": [9, 8, 13, 9], "texture": "#0", "cullface": "north"},
				"east": {"uv": [9, 8, 10, 9], "texture": "#0", "cullface": "north"},
				"south": {"uv": [0, 0, 2, 1], "texture": "#0", "cullface": "north"},
				"west": {"uv": [12, 8, 13, 9], "texture": "#0", "cullface": "north"},
				"up": {"uv": [13, 8, 9, 9], "texture": "#0", "cullface": "north"},
				"down": {"uv": [13, 8, 9, 9], "texture": "#0", "cullface": "north"}
			}
		},
		{
			"from": [3, 2, -0.25],
			"to": [7, 3, 2.25],
			"light_emission": 15,
			"rotation": {"angle": 0, "axis": "y", "origin": [8, 8, 8]},
			"faces": {
				"north": {"uv": [9, 13, 13, 14], "texture": "#0", "cullface": "north"},
				"east": {"uv": [9, 13, 13, 14], "texture": "#0", "cullface": "north"},
				"south": {"uv": [0, 0, 2, 1], "texture": "#0", "cullface": "north"},
				"west": {"uv": [13, 13, 9, 14], "texture": "#0", "cullface": "north"},
				"up": {"uv": [13, 8, 9, 9], "texture": "#0", "cullface": "north"},
				"down": {"uv": [13, 13, 9, 14], "texture": "#0", "cullface": "north"}
			}
		},
		{
			"from": [4, 11, -0.25],
			"to": [9, 12, 2.25],
			"light_emission": 15,
			"rotation": {"angle": 0, "axis": "y", "origin": [8, 8, 8]},
			"faces": {
				"north": {"uv": [7, 4, 12, 5], "texture": "#0", "cullface": "north"},
				"east": {"uv": [7, 4, 12, 5], "texture": "#0", "cullface": "north"},
				"south": {"uv": [0, 0, 2, 1], "texture": "#0", "cullface": "north"},
				"west": {"uv": [7, 4, 12, 5], "texture": "#0", "cullface": "north"},
				"up": {"uv": [12, 4, 7, 5], "texture": "#0", "cullface": "north"},
				"down": {"uv": [13, 8, 9, 9], "texture": "#0", "cullface": "north"}
			}
		},
		{
			"from": [5, 10, -0.35],
			"to": [12, 11, 2.15],
			"light_emission": 15,
			"rotation": {"angle": 0, "axis": "y", "origin": [8, 8, 8]},
			"faces": {
				"north": {"uv": [4, 5, 11, 6], "texture": "#0", "cullface": "north"},
				"east": {"uv": [11, 5, 4, 6], "texture": "#0", "cullface": "north"},
				"south": {"uv": [0, 0, 2, 1], "texture": "#0", "cullface": "north"},
				"west": {"uv": [11, 5, 4, 6], "texture": "#0", "cullface": "north"},
				"up": {"uv": [11, 5, 4, 6], "texture": "#0", "cullface": "north"},
				"down": {"uv": [11, 5, 4, 6], "texture": "#0", "cullface": "north"}
			}
		},
		{
			"from": [1, 3, -0.25],
			"to": [8, 4, 2.25],
			"light_emission": 15,
			"rotation": {"angle": 0, "axis": "y", "origin": [8, 8, 8]},
			"faces": {
				"north": {"uv": [8, 12, 15, 13], "texture": "#0", "cullface": "north"},
				"east": {"uv": [15, 12, 8, 13], "texture": "#0", "cullface": "north"},
				"south": {"uv": [0, 0, 2, 1], "texture": "#0", "cullface": "north"},
				"west": {"uv": [15, 12, 8, 13], "texture": "#0", "cullface": "north"},
				"up": {"uv": [15, 12, 8, 13], "texture": "#0", "cullface": "north"},
				"down": {"uv": [15, 12, 8, 13], "texture": "#0", "cullface": "north"}
			}
		},
		{
			"from": [9, 6, -0.35],
			"to": [14, 7, 2.15],
			"light_emission": 15,
			"rotation": {"angle": 0, "axis": "y", "origin": [8, 8, 8]},
			"faces": {
				"north": {"uv": [2, 9, 7, 10], "texture": "#0", "cullface": "north"},
				"east": {"uv": [7, 9, 2, 10], "texture": "#0", "cullface": "north"},
				"south": {"uv": [0, 0, 2, 1], "texture": "#0", "cullface": "north"},
				"west": {"uv": [7, 9, 2, 10], "texture": "#0", "cullface": "north"},
				"up": {"uv": [7, 9, 2, 10], "texture": "#0", "cullface": "north"},
				"down": {"uv": [7, 9, 2, 10], "texture": "#0", "cullface": "north"}
			}
		},
		{
			"from": [2, 14, -0.35],
			"to": [6, 15, 2.15],
			"light_emission": 15,
			"rotation": {"angle": 0, "axis": "y", "origin": [8, 8, 8]},
			"faces": {
				"north": {"uv": [10, 1, 14, 2], "texture": "#0", "cullface": "north"},
				"east": {"uv": [9, 8, 10, 9], "texture": "#0", "cullface": "north"},
				"south": {"uv": [0, 0, 2, 1], "texture": "#0", "cullface": "north"},
				"west": {"uv": [12, 8, 13, 9], "texture": "#0", "cullface": "north"},
				"up": {"uv": [10, 1, 14, 2], "texture": "#0", "cullface": "north"},
				"down": {"uv": [10, 1, 14, 2], "texture": "#0", "cullface": "north"}
			}
		},
		{
			"from": [11, 13, -0.35],
			"to": [14, 14, 2.15],
			"light_emission": 15,
			"rotation": {"angle": 0, "axis": "y", "origin": [8, 8, 8]},
			"faces": {
				"north": {"uv": [2, 2, 5, 3], "texture": "#0", "cullface": "north"},
				"east": {"uv": [2, 2, 5, 3], "texture": "#0", "cullface": "north"},
				"south": {"uv": [0, 0, 2, 1], "texture": "#0", "cullface": "north"},
				"west": {"uv": [2, 2, 5, 3], "texture": "#0", "cullface": "north"},
				"up": {"uv": [2, 2, 5, 3], "texture": "#0", "cullface": "north"},
				"down": {"uv": [2, 2, 5, 3], "texture": "#0", "cullface": "north"}
			}
		},
		{
			"from": [12, 12, -0.45],
			"to": [15, 13, 2.05],
			"light_emission": 15,
			"rotation": {"angle": 0, "axis": "y", "origin": [8, 8, 8]},
			"faces": {
				"north": {"uv": [1, 3, 4, 4], "texture": "#0", "cullface": "north"},
				"east": {"uv": [4, 3, 1, 4], "texture": "#0", "cullface": "north"},
				"south": {"uv": [0, 0, 2, 1], "texture": "#0", "cullface": "north"},
				"west": {"uv": [3, 3, 4, 4], "texture": "#0", "cullface": "north"},
				"up": {"uv": [4, 3, 1, 4], "texture": "#0", "cullface": "north"},
				"down": {"uv": [4, 3, 1, 4], "texture": "#0", "cullface": "north"}
			}
		},
		{
			"from": [7, 9, -0.35],
			"to": [10, 10, 2.15],
			"light_emission": 15,
			"rotation": {"angle": 0, "axis": "y", "origin": [8, 8, 8]},
			"faces": {
				"north": {"uv": [6, 6, 9, 7], "texture": "#0", "cullface": "north"},
				"east": {"uv": [9, 6, 6, 7], "texture": "#0", "cullface": "north"},
				"south": {"uv": [0, 0, 2, 1], "texture": "#0", "cullface": "north"},
				"west": {"uv": [9, 6, 6, 7], "texture": "#0", "cullface": "north"},
				"up": {"uv": [9, 6, 6, 7], "texture": "#0", "cullface": "north"},
				"down": {"uv": [9, 6, 6, 7], "texture": "#0", "cullface": "north"}
			}
		},
		{
			"from": [10, 5, -0.25],
			"to": [12, 6, 2.25],
			"light_emission": 15,
			"rotation": {"angle": 0, "axis": "y", "origin": [8, 8, 8]},
			"faces": {
				"north": {"uv": [4, 10, 6, 11], "texture": "#0", "cullface": "north"},
				"east": {"uv": [4, 10, 5, 11], "texture": "#0", "cullface": "north"},
				"south": {"uv": [0, 0, 2, 1], "texture": "#0", "cullface": "north"},
				"west": {"uv": [5, 10, 6, 11], "texture": "#0", "cullface": "north"},
				"up": {"uv": [6, 10, 4, 11], "texture": "#0", "cullface": "north"},
				"down": {"uv": [6, 10, 4, 11], "texture": "#0", "cullface": "north"}
			}
		},
		{
			"from": [11, 7, -0.25],
			"to": [13, 8, 2.25],
			"light_emission": 15,
			"rotation": {"angle": 0, "axis": "y", "origin": [8, 8, 8]},
			"faces": {
				"north": {"uv": [3, 8, 5, 9], "texture": "#0", "cullface": "north"},
				"east": {"uv": [3, 8, 4, 9], "texture": "#0", "cullface": "north"},
				"south": {"uv": [0, 0, 2, 1], "texture": "#0", "cullface": "north"},
				"west": {"uv": [4, 8, 5, 9], "texture": "#0", "cullface": "north"},
				"up": {"uv": [5, 8, 3, 9], "texture": "#0", "cullface": "north"},
				"down": {"uv": [5, 8, 3, 9], "texture": "#0", "cullface": "north"}
			}
		},
		{
			"from": [4, 3, 13.75],
			"to": [6, 4, 16.25],
			"light_emission": 15,
			"rotation": {"angle": 0, "axis": "y", "origin": [8, 8, 8]},
			"faces": {
				"north": {"uv": [0, 0, 2, 1], "texture": "#0", "cullface": "south"},
				"east": {"uv": [5, 12, 6, 13], "texture": "#0", "cullface": "south"},
				"south": {"uv": [4, 12, 6, 13], "texture": "#0", "cullface": "south"},
				"west": {"uv": [4, 12, 5, 13], "texture": "#0", "cullface": "south"},
				"up": {"uv": [4, 13, 6, 12], "texture": "#0", "cullface": "south"},
				"down": {"uv": [4, 13, 6, 12], "texture": "#0", "cullface": "south"}
			}
		},
		{
			"from": [13, 10, 13.65],
			"to": [15, 11, 16.15],
			"light_emission": 15,
			"rotation": {"angle": 0, "axis": "y", "origin": [8, 8, 8]},
			"faces": {
				"north": {"uv": [0, 0, 2, 1], "texture": "#0", "cullface": "south"},
				"east": {"uv": [5, 12, 6, 13], "texture": "#0", "cullface": "south"},
				"south": {"uv": [4, 12, 6, 13], "texture": "#0", "cullface": "south"},
				"west": {"uv": [4, 12, 5, 13], "texture": "#0", "cullface": "south"},
				"up": {"uv": [4, 13, 6, 12], "texture": "#0", "cullface": "south"},
				"down": {"uv": [4, 13, 6, 12], "texture": "#0", "cullface": "south"}
			}
		},
		{
			"from": [11, 4, 13.65],
			"to": [13, 5, 16.15],
			"light_emission": 15,
			"rotation": {"angle": 0, "axis": "y", "origin": [8, 8, 8]},
			"faces": {
				"north": {"uv": [0, 0, 2, 1], "texture": "#0", "cullface": "south"},
				"east": {"uv": [13, 11, 11, 12], "texture": "#0", "cullface": "south"},
				"south": {"uv": [11, 11, 13, 12], "texture": "#0", "cullface": "south"},
				"west": {"uv": [13, 11, 11, 12], "texture": "#0", "cullface": "south"},
				"up": {"uv": [13, 12, 11, 11], "texture": "#0", "cullface": "south"},
				"down": {"uv": [13, 12, 11, 11], "texture": "#0", "cullface": "south"}
			}
		},
		{
			"from": [11, 13, 13.85],
			"to": [13, 14, 16.35],
			"light_emission": 15,
			"rotation": {"angle": 0, "axis": "y", "origin": [8, 8, 8]},
			"faces": {
				"north": {"uv": [0, 0, 2, 1], "texture": "#0", "cullface": "south"},
				"east": {"uv": [12, 2, 13, 3], "texture": "#0", "cullface": "south"},
				"south": {"uv": [11, 2, 13, 3], "texture": "#0", "cullface": "south"},
				"west": {"uv": [11, 2, 12, 3], "texture": "#0", "cullface": "south"},
				"up": {"uv": [4, 13, 6, 12], "texture": "#0", "cullface": "south"},
				"down": {"uv": [11, 3, 13, 2], "texture": "#0", "cullface": "south"}
			}
		},
		{
			"from": [2, 1, 13.85],
			"to": [4, 2, 16.35],
			"light_emission": 15,
			"rotation": {"angle": 0, "axis": "y", "origin": [8, 8, 8]},
			"faces": {
				"north": {"uv": [0, 0, 2, 1], "texture": "#0", "cullface": "south"},
				"east": {"uv": [2, 14, 4, 15], "texture": "#0", "cullface": "south"},
				"south": {"uv": [4, 14, 2, 15], "texture": "#0", "cullface": "south"},
				"west": {"uv": [4, 12, 5, 13], "texture": "#0", "cullface": "south"},
				"up": {"uv": [4, 15, 2, 14], "texture": "#0", "cullface": "south"},
				"down": {"uv": [4, 15, 2, 14], "texture": "#0", "cullface": "south"}
			}
		},
		{
			"from": [1, 2, 13.75],
			"to": [3, 3, 16.25],
			"light_emission": 15,
			"rotation": {"angle": 0, "axis": "y", "origin": [8, 8, 8]},
			"faces": {
				"north": {"uv": [0, 0, 2, 1], "texture": "#0", "cullface": "south"},
				"east": {"uv": [2, 13, 3, 14], "texture": "#0", "cullface": "south"},
				"south": {"uv": [1, 13, 3, 14], "texture": "#0", "cullface": "south"},
				"west": {"uv": [4, 12, 5, 13], "texture": "#0", "cullface": "south"},
				"up": {"uv": [1, 14, 3, 13], "texture": "#0", "cullface": "south"},
				"down": {"uv": [1, 14, 3, 13], "texture": "#0", "cullface": "south"}
			}
		},
		{
			"from": [10, 6, 13.75],
			"to": [12, 7, 16.25],
			"light_emission": 15,
			"rotation": {"angle": 0, "axis": "y", "origin": [8, 8, 8]},
			"faces": {
				"north": {"uv": [0, 0, 2, 1], "texture": "#0", "cullface": "south"},
				"east": {"uv": [11, 9, 12, 10], "texture": "#0", "cullface": "south"},
				"south": {"uv": [10, 9, 12, 10], "texture": "#0", "cullface": "south"},
				"west": {"uv": [10, 9, 11, 10], "texture": "#0", "cullface": "south"},
				"up": {"uv": [10, 10, 12, 9], "texture": "#0", "cullface": "south"},
				"down": {"uv": [10, 10, 12, 9], "texture": "#0", "cullface": "south"}
			}
		},
		{
			"from": [9, 7, 13.85],
			"to": [13, 8, 16.35],
			"light_emission": 15,
			"rotation": {"angle": 0, "axis": "y", "origin": [8, 8, 8]},
			"faces": {
				"north": {"uv": [0, 0, 2, 1], "texture": "#0", "cullface": "south"},
				"east": {"uv": [12, 8, 13, 9], "texture": "#0", "cullface": "south"},
				"south": {"uv": [9, 8, 13, 9], "texture": "#0", "cullface": "south"},
				"west": {"uv": [9, 8, 10, 9], "texture": "#0", "cullface": "south"},
				"up": {"uv": [9, 9, 13, 8], "texture": "#0", "cullface": "south"},
				"down": {"uv": [9, 9, 13, 8], "texture": "#0", "cullface": "south"}
			}
		},
		{
			"from": [9, 2, 13.75],
			"to": [13, 3, 16.25],
			"light_emission": 15,
			"rotation": {"angle": 0, "axis": "y", "origin": [8, 8, 8]},
			"faces": {
				"north": {"uv": [0, 0, 2, 1], "texture": "#0", "cullface": "south"},
				"east": {"uv": [13, 13, 9, 14], "texture": "#0", "cullface": "south"},
				"south": {"uv": [9, 13, 13, 14], "texture": "#0", "cullface": "south"},
				"west": {"uv": [9, 13, 13, 14], "texture": "#0", "cullface": "south"},
				"up": {"uv": [9, 9, 13, 8], "texture": "#0", "cullface": "south"},
				"down": {"uv": [9, 14, 13, 13], "texture": "#0", "cullface": "south"}
			}
		},
		{
			"from": [7, 11, 13.75],
			"to": [12, 12, 16.25],
			"light_emission": 15,
			"rotation": {"angle": 0, "axis": "y", "origin": [8, 8, 8]},
			"faces": {
				"north": {"uv": [0, 0, 2, 1], "texture": "#0", "cullface": "south"},
				"east": {"uv": [7, 4, 12, 5], "texture": "#0", "cullface": "south"},
				"south": {"uv": [7, 4, 12, 5], "texture": "#0", "cullface": "south"},
				"west": {"uv": [7, 4, 12, 5], "texture": "#0", "cullface": "south"},
				"up": {"uv": [7, 5, 12, 4], "texture": "#0", "cullface": "south"},
				"down": {"uv": [9, 9, 13, 8], "texture": "#0", "cullface": "south"}
			}
		},
		{
			"from": [4, 10, 13.85],
			"to": [11, 11, 16.35],
			"light_emission": 15,
			"rotation": {"angle": 0, "axis": "y", "origin": [8, 8, 8]},
			"faces": {
				"north": {"uv": [0, 0, 2, 1], "texture": "#0", "cullface": "south"},
				"east": {"uv": [11, 5, 4, 6], "texture": "#0", "cullface": "south"},
				"south": {"uv": [4, 5, 11, 6], "texture": "#0", "cullface": "south"},
				"west": {"uv": [11, 5, 4, 6], "texture": "#0", "cullface": "south"},
				"up": {"uv": [4, 6, 11, 5], "texture": "#0", "cullface": "south"},
				"down": {"uv": [4, 6, 11, 5], "texture": "#0", "cullface": "south"}
			}
		},
		{
			"from": [8, 3, 13.75],
			"to": [15, 4, 16.25],
			"light_emission": 15,
			"rotation": {"angle": 0, "axis": "y", "origin": [8, 8, 8]},
			"faces": {
				"north": {"uv": [0, 0, 2, 1], "texture": "#0", "cullface": "south"},
				"east": {"uv": [15, 12, 8, 13], "texture": "#0", "cullface": "south"},
				"south": {"uv": [8, 12, 15, 13], "texture": "#0", "cullface": "south"},
				"west": {"uv": [15, 12, 8, 13], "texture": "#0", "cullface": "south"},
				"up": {"uv": [8, 13, 15, 12], "texture": "#0", "cullface": "south"},
				"down": {"uv": [8, 13, 15, 12], "texture": "#0", "cullface": "south"}
			}
		},
		{
			"from": [2, 6, 13.85],
			"to": [7, 7, 16.35],
			"light_emission": 15,
			"rotation": {"angle": 0, "axis": "y", "origin": [8, 8, 8]},
			"faces": {
				"north": {"uv": [0, 0, 2, 1], "texture": "#0", "cullface": "south"},
				"east": {"uv": [7, 9, 2, 10], "texture": "#0", "cullface": "south"},
				"south": {"uv": [2, 9, 7, 10], "texture": "#0", "cullface": "south"},
				"west": {"uv": [7, 9, 2, 10], "texture": "#0", "cullface": "south"},
				"up": {"uv": [2, 10, 7, 9], "texture": "#0", "cullface": "south"},
				"down": {"uv": [2, 10, 7, 9], "texture": "#0", "cullface": "south"}
			}
		},
		{
			"from": [10, 14, 13.85],
			"to": [14, 15, 16.35],
			"light_emission": 15,
			"rotation": {"angle": 0, "axis": "y", "origin": [8, 8, 8]},
			"faces": {
				"north": {"uv": [0, 0, 2, 1], "texture": "#0", "cullface": "south"},
				"east": {"uv": [12, 8, 13, 9], "texture": "#0", "cullface": "south"},
				"south": {"uv": [10, 1, 14, 2], "texture": "#0", "cullface": "south"},
				"west": {"uv": [9, 8, 10, 9], "texture": "#0", "cullface": "south"},
				"up": {"uv": [14, 2, 10, 1], "texture": "#0", "cullface": "south"},
				"down": {"uv": [14, 2, 10, 1], "texture": "#0", "cullface": "south"}
			}
		},
		{
			"from": [2, 13, 13.85],
			"to": [5, 14, 16.35],
			"light_emission": 15,
			"rotation": {"angle": 0, "axis": "y", "origin": [8, 8, 8]},
			"faces": {
				"north": {"uv": [0, 0, 2, 1], "texture": "#0", "cullface": "south"},
				"east": {"uv": [2, 2, 5, 3], "texture": "#0", "cullface": "south"},
				"south": {"uv": [2, 2, 5, 3], "texture": "#0", "cullface": "south"},
				"west": {"uv": [2, 2, 5, 3], "texture": "#0", "cullface": "south"},
				"up": {"uv": [5, 3, 2, 2], "texture": "#0", "cullface": "south"},
				"down": {"uv": [5, 3, 2, 2], "texture": "#0", "cullface": "south"}
			}
		},
		{
			"from": [1, 12, 13.95],
			"to": [4, 13, 16.45],
			"light_emission": 15,
			"rotation": {"angle": 0, "axis": "y", "origin": [8, 8, 8]},
			"faces": {
				"north": {"uv": [0, 0, 2, 1], "texture": "#0", "cullface": "south"},
				"east": {"uv": [3, 3, 4, 4], "texture": "#0", "cullface": "south"},
				"south": {"uv": [1, 3, 4, 4], "texture": "#0", "cullface": "south"},
				"west": {"uv": [4, 3, 1, 4], "texture": "#0", "cullface": "south"},
				"up": {"uv": [1, 4, 4, 3], "texture": "#0", "cullface": "south"},
				"down": {"uv": [1, 4, 4, 3], "texture": "#0", "cullface": "south"}
			}
		},
		{
			"from": [6, 9, 13.85],
			"to": [9, 10, 16.35],
			"light_emission": 15,
			"rotation": {"angle": 0, "axis": "y", "origin": [8, 8, 8]},
			"faces": {
				"north": {"uv": [0, 0, 2, 1], "texture": "#0", "cullface": "south"},
				"east": {"uv": [9, 6, 6, 7], "texture": "#0", "cullface": "south"},
				"south": {"uv": [6, 6, 9, 7], "texture": "#0", "cullface": "south"},
				"west": {"uv": [9, 6, 6, 7], "texture": "#0", "cullface": "south"},
				"up": {"uv": [6, 7, 9, 6], "texture": "#0", "cullface": "south"},
				"down": {"uv": [6, 7, 9, 6], "texture": "#0", "cullface": "south"}
			}
		},
		{
			"from": [4, 5, 13.75],
			"to": [6, 6, 16.25],
			"light_emission": 15,
			"rotation": {"angle": 0, "axis": "y", "origin": [8, 8, 8]},
			"faces": {
				"north": {"uv": [0, 0, 2, 1], "texture": "#0", "cullface": "south"},
				"east": {"uv": [5, 10, 6, 11], "texture": "#0", "cullface": "south"},
				"south": {"uv": [4, 10, 6, 11], "texture": "#0", "cullface": "south"},
				"west": {"uv": [4, 10, 5, 11], "texture": "#0", "cullface": "south"},
				"up": {"uv": [4, 11, 6, 10], "texture": "#0", "cullface": "south"},
				"down": {"uv": [4, 11, 6, 10], "texture": "#0", "cullface": "south"}
			}
		},
		{
			"from": [3, 7, 13.75],
			"to": [5, 8, 16.25],
			"light_emission": 15,
			"rotation": {"angle": 0, "axis": "y", "origin": [8, 8, 8]},
			"faces": {
				"north": {"uv": [0, 0, 2, 1], "texture": "#0", "cullface": "south"},
				"east": {"uv": [4, 8, 5, 9], "texture": "#0", "cullface": "south"},
				"south": {"uv": [3, 8, 5, 9], "texture": "#0", "cullface": "south"},
				"west": {"uv": [3, 8, 4, 9], "texture": "#0", "cullface": "south"},
				"up": {"uv": [3, 9, 5, 8], "texture": "#0", "cullface": "south"},
				"down": {"uv": [3, 9, 5, 8], "texture": "#0", "cullface": "south"}
			}
		},
		{
			"from": [13.75, 3, 10],
			"to": [16.25, 4, 12],
			"light_emission": 15,
			"rotation": {"angle": 0, "axis": "y", "origin": [8, 8, 8]},
			"faces": {
				"north": {"uv": [5, 12, 6, 13], "texture": "#0", "cullface": "east"},
				"east": {"uv": [4, 12, 6, 13], "texture": "#0", "cullface": "east"},
				"south": {"uv": [4, 12, 5, 13], "texture": "#0", "cullface": "east"},
				"west": {"uv": [0, 0, 2, 1], "texture": "#0", "cullface": "east"},
				"up": {"uv": [4, 13, 6, 12], "rotation": 270, "texture": "#0", "cullface": "east"},
				"down": {"uv": [4, 13, 6, 12], "rotation": 90, "texture": "#0", "cullface": "east"}
			}
		},
		{
			"from": [13.65, 10, 1],
			"to": [16.15, 11, 3],
			"light_emission": 15,
			"rotation": {"angle": 0, "axis": "y", "origin": [8, 8, 8]},
			"faces": {
				"north": {"uv": [5, 12, 6, 13], "texture": "#0", "cullface": "east"},
				"east": {"uv": [4, 12, 6, 13], "texture": "#0", "cullface": "east"},
				"south": {"uv": [4, 12, 5, 13], "texture": "#0", "cullface": "east"},
				"west": {"uv": [0, 0, 2, 1], "texture": "#0", "cullface": "east"},
				"up": {"uv": [4, 13, 6, 12], "rotation": 270, "texture": "#0", "cullface": "east"},
				"down": {"uv": [4, 13, 6, 12], "rotation": 90, "texture": "#0", "cullface": "east"}
			}
		},
		{
			"from": [13.65, 4, 3],
			"to": [16.15, 5, 5],
			"light_emission": 15,
			"rotation": {"angle": 0, "axis": "y", "origin": [8, 8, 8]},
			"faces": {
				"north": {"uv": [13, 11, 11, 12], "texture": "#0", "cullface": "east"},
				"east": {"uv": [11, 11, 13, 12], "texture": "#0", "cullface": "east"},
				"south": {"uv": [13, 11, 11, 12], "texture": "#0", "cullface": "east"},
				"west": {"uv": [0, 0, 2, 1], "texture": "#0", "cullface": "east"},
				"up": {"uv": [13, 12, 11, 11], "rotation": 270, "texture": "#0", "cullface": "east"},
				"down": {"uv": [13, 12, 11, 11], "rotation": 90, "texture": "#0", "cullface": "east"}
			}
		},
		{
			"from": [13.85, 13, 3],
			"to": [16.35, 14, 5],
			"light_emission": 15,
			"rotation": {"angle": 0, "axis": "y", "origin": [8, 8, 8]},
			"faces": {
				"north": {"uv": [12, 2, 13, 3], "texture": "#0", "cullface": "east"},
				"east": {"uv": [11, 2, 13, 3], "texture": "#0", "cullface": "east"},
				"south": {"uv": [11, 2, 12, 3], "texture": "#0", "cullface": "east"},
				"west": {"uv": [0, 0, 2, 1], "texture": "#0", "cullface": "east"},
				"up": {"uv": [4, 13, 6, 12], "rotation": 270, "texture": "#0", "cullface": "east"},
				"down": {"uv": [11, 3, 13, 2], "rotation": 90, "texture": "#0", "cullface": "east"}
			}
		},
		{
			"from": [13.85, 1, 12],
			"to": [16.35, 2, 14],
			"light_emission": 15,
			"rotation": {"angle": 0, "axis": "y", "origin": [8, 8, 8]},
			"faces": {
				"north": {"uv": [2, 14, 4, 15], "texture": "#0", "cullface": "east"},
				"east": {"uv": [4, 14, 2, 15], "texture": "#0", "cullface": "east"},
				"south": {"uv": [4, 12, 5, 13], "texture": "#0", "cullface": "east"},
				"west": {"uv": [0, 0, 2, 1], "texture": "#0", "cullface": "east"},
				"up": {"uv": [4, 15, 2, 14], "rotation": 270, "texture": "#0", "cullface": "east"},
				"down": {"uv": [4, 15, 2, 14], "rotation": 90, "texture": "#0", "cullface": "east"}
			}
		},
		{
			"from": [13.75, 2, 13],
			"to": [16.25, 3, 15],
			"light_emission": 15,
			"rotation": {"angle": 0, "axis": "y", "origin": [8, 8, 8]},
			"faces": {
				"north": {"uv": [2, 13, 3, 14], "texture": "#0", "cullface": "east"},
				"east": {"uv": [1, 13, 3, 14], "texture": "#0", "cullface": "east"},
				"south": {"uv": [4, 12, 5, 13], "texture": "#0", "cullface": "east"},
				"west": {"uv": [0, 0, 2, 1], "texture": "#0", "cullface": "east"},
				"up": {"uv": [1, 14, 3, 13], "rotation": 270, "texture": "#0", "cullface": "east"},
				"down": {"uv": [1, 14, 3, 13], "rotation": 90, "texture": "#0", "cullface": "east"}
			}
		},
		{
			"from": [13.75, 6, 4],
			"to": [16.25, 7, 6],
			"light_emission": 15,
			"rotation": {"angle": 0, "axis": "y", "origin": [8, 8, 8]},
			"faces": {
				"north": {"uv": [11, 9, 12, 10], "texture": "#0", "cullface": "east"},
				"east": {"uv": [10, 9, 12, 10], "texture": "#0", "cullface": "east"},
				"south": {"uv": [10, 9, 11, 10], "texture": "#0", "cullface": "east"},
				"west": {"uv": [0, 0, 2, 1], "texture": "#0", "cullface": "east"},
				"up": {"uv": [10, 10, 12, 9], "rotation": 270, "texture": "#0", "cullface": "east"},
				"down": {"uv": [10, 10, 12, 9], "rotation": 90, "texture": "#0", "cullface": "east"}
			}
		},
		{
			"from": [13.85, 7, 3],
			"to": [16.35, 8, 7],
			"light_emission": 15,
			"rotation": {"angle": 0, "axis": "y", "origin": [8, 8, 8]},
			"faces": {
				"north": {"uv": [12, 8, 13, 9], "texture": "#0", "cullface": "east"},
				"east": {"uv": [9, 8, 13, 9], "texture": "#0", "cullface": "east"},
				"south": {"uv": [9, 8, 10, 9], "texture": "#0", "cullface": "east"},
				"west": {"uv": [0, 0, 2, 1], "texture": "#0", "cullface": "east"},
				"up": {"uv": [9, 9, 13, 8], "rotation": 270, "texture": "#0", "cullface": "east"},
				"down": {"uv": [9, 9, 13, 8], "rotation": 90, "texture": "#0", "cullface": "east"}
			}
		},
		{
			"from": [13.75, 2, 3],
			"to": [16.25, 3, 7],
			"light_emission": 15,
			"rotation": {"angle": 0, "axis": "y", "origin": [8, 8, 8]},
			"faces": {
				"north": {"uv": [13, 13, 9, 14], "texture": "#0", "cullface": "east"},
				"east": {"uv": [9, 13, 13, 14], "texture": "#0", "cullface": "east"},
				"south": {"uv": [9, 13, 13, 14], "texture": "#0", "cullface": "east"},
				"west": {"uv": [0, 0, 2, 1], "texture": "#0", "cullface": "east"},
				"up": {"uv": [9, 9, 13, 8], "rotation": 270, "texture": "#0", "cullface": "east"},
				"down": {"uv": [9, 14, 13, 13], "rotation": 90, "texture": "#0", "cullface": "east"}
			}
		},
		{
			"from": [13.75, 11, 4],
			"to": [16.25, 12, 9],
			"light_emission": 15,
			"rotation": {"angle": 0, "axis": "y", "origin": [8, 8, 8]},
			"faces": {
				"north": {"uv": [7, 4, 12, 5], "texture": "#0", "cullface": "east"},
				"east": {"uv": [7, 4, 12, 5], "texture": "#0", "cullface": "east"},
				"south": {"uv": [7, 4, 12, 5], "texture": "#0", "cullface": "east"},
				"west": {"uv": [0, 0, 2, 1], "texture": "#0", "cullface": "east"},
				"up": {"uv": [7, 5, 12, 4], "rotation": 270, "texture": "#0", "cullface": "east"},
				"down": {"uv": [9, 9, 13, 8], "rotation": 90, "texture": "#0", "cullface": "east"}
			}
		},
		{
			"from": [13.85, 10, 5],
			"to": [16.35, 11, 12],
			"light_emission": 15,
			"rotation": {"angle": 0, "axis": "y", "origin": [8, 8, 8]},
			"faces": {
				"north": {"uv": [11, 5, 4, 6], "texture": "#0", "cullface": "east"},
				"east": {"uv": [4, 5, 11, 6], "texture": "#0", "cullface": "east"},
				"south": {"uv": [11, 5, 4, 6], "texture": "#0", "cullface": "east"},
				"west": {"uv": [0, 0, 2, 1], "texture": "#0", "cullface": "east"},
				"up": {"uv": [4, 6, 11, 5], "rotation": 270, "texture": "#0", "cullface": "east"},
				"down": {"uv": [4, 6, 11, 5], "rotation": 90, "texture": "#0", "cullface": "east"}
			}
		},
		{
			"from": [13.75, 3, 1],
			"to": [16.25, 4, 8],
			"light_emission": 15,
			"rotation": {"angle": 0, "axis": "y", "origin": [8, 8, 8]},
			"faces": {
				"north": {"uv": [15, 12, 8, 13], "texture": "#0", "cullface": "east"},
				"east": {"uv": [8, 12, 15, 13], "texture": "#0", "cullface": "east"},
				"south": {"uv": [15, 12, 8, 13], "texture": "#0", "cullface": "east"},
				"west": {"uv": [0, 0, 2, 1], "texture": "#0", "cullface": "east"},
				"up": {"uv": [8, 13, 15, 12], "rotation": 270, "texture": "#0", "cullface": "east"},
				"down": {"uv": [8, 13, 15, 12], "rotation": 90, "texture": "#0", "cullface": "east"}
			}
		},
		{
			"from": [13.85, 6, 9],
			"to": [16.35, 7, 14],
			"light_emission": 15,
			"rotation": {"angle": 0, "axis": "y", "origin": [8, 8, 8]},
			"faces": {
				"north": {"uv": [7, 9, 2, 10], "texture": "#0", "cullface": "east"},
				"east": {"uv": [2, 9, 7, 10], "texture": "#0", "cullface": "east"},
				"south": {"uv": [7, 9, 2, 10], "texture": "#0", "cullface": "east"},
				"west": {"uv": [0, 0, 2, 1], "texture": "#0", "cullface": "east"},
				"up": {"uv": [2, 10, 7, 9], "rotation": 270, "texture": "#0", "cullface": "east"},
				"down": {"uv": [2, 10, 7, 9], "rotation": 90, "texture": "#0", "cullface": "east"}
			}
		},
		{
			"from": [13.85, 14, 2],
			"to": [16.35, 15, 6],
			"light_emission": 15,
			"rotation": {"angle": 0, "axis": "y", "origin": [8, 8, 8]},
			"faces": {
				"north": {"uv": [12, 8, 13, 9], "texture": "#0", "cullface": "east"},
				"east": {"uv": [10, 1, 14, 2], "texture": "#0", "cullface": "east"},
				"south": {"uv": [9, 8, 10, 9], "texture": "#0", "cullface": "east"},
				"west": {"uv": [0, 0, 2, 1], "texture": "#0", "cullface": "east"},
				"up": {"uv": [14, 2, 10, 1], "rotation": 270, "texture": "#0", "cullface": "east"},
				"down": {"uv": [14, 2, 10, 1], "rotation": 90, "texture": "#0", "cullface": "east"}
			}
		},
		{
			"from": [13.85, 13, 11],
			"to": [16.35, 14, 14],
			"light_emission": 15,
			"rotation": {"angle": 0, "axis": "y", "origin": [8, 8, 8]},
			"faces": {
				"north": {"uv": [2, 2, 5, 3], "texture": "#0", "cullface": "east"},
				"east": {"uv": [2, 2, 5, 3], "texture": "#0", "cullface": "east"},
				"south": {"uv": [2, 2, 5, 3], "texture": "#0", "cullface": "east"},
				"west": {"uv": [0, 0, 2, 1], "texture": "#0", "cullface": "east"},
				"up": {"uv": [5, 3, 2, 2], "rotation": 270, "texture": "#0", "cullface": "east"},
				"down": {"uv": [5, 3, 2, 2], "rotation": 90, "texture": "#0", "cullface": "east"}
			}
		},
		{
			"from": [13.95, 12, 12],
			"to": [16.45, 13, 15],
			"light_emission": 15,
			"rotation": {"angle": 0, "axis": "y", "origin": [8, 8, 8]},
			"faces": {
				"north": {"uv": [3, 3, 4, 4], "texture": "#0", "cullface": "east"},
				"east": {"uv": [1, 3, 4, 4], "texture": "#0", "cullface": "east"},
				"south": {"uv": [4, 3, 1, 4], "texture": "#0", "cullface": "east"},
				"west": {"uv": [0, 0, 2, 1], "texture": "#0", "cullface": "east"},
				"up": {"uv": [1, 4, 4, 3], "rotation": 270, "texture": "#0", "cullface": "east"},
				"down": {"uv": [1, 4, 4, 3], "rotation": 90, "texture": "#0", "cullface": "east"}
			}
		},
		{
			"from": [13.85, 9, 7],
			"to": [16.35, 10, 10],
			"light_emission": 15,
			"rotation": {"angle": 0, "axis": "y", "origin": [8, 8, 8]},
			"faces": {
				"north": {"uv": [9, 6, 6, 7], "texture": "#0", "cullface": "east"},
				"east": {"uv": [6, 6, 9, 7], "texture": "#0", "cullface": "east"},
				"south": {"uv": [9, 6, 6, 7], "texture": "#0", "cullface": "east"},
				"west": {"uv": [0, 0, 2, 1], "texture": "#0", "cullface": "east"},
				"up": {"uv": [6, 7, 9, 6], "rotation": 270, "texture": "#0", "cullface": "east"},
				"down": {"uv": [6, 7, 9, 6], "rotation": 90, "texture": "#0", "cullface": "east"}
			}
		},
		{
			"from": [13.75, 5, 10],
			"to": [16.25, 6, 12],
			"light_emission": 15,
			"rotation": {"angle": 0, "axis": "y", "origin": [8, 8, 8]},
			"faces": {
				"north": {"uv": [5, 10, 6, 11], "texture": "#0", "cullface": "east"},
				"east": {"uv": [4, 10, 6, 11], "texture": "#0", "cullface": "east"},
				"south": {"uv": [4, 10, 5, 11], "texture": "#0", "cullface": "east"},
				"west": {"uv": [0, 0, 2, 1], "texture": "#0", "cullface": "east"},
				"up": {"uv": [4, 11, 6, 10], "rotation": 270, "texture": "#0", "cullface": "east"},
				"down": {"uv": [4, 11, 6, 10], "rotation": 90, "texture": "#0", "cullface": "east"}
			}
		},
		{
			"from": [13.75, 7, 11],
			"to": [16.25, 8, 13],
			"light_emission": 15,
			"rotation": {"angle": 0, "axis": "y", "origin": [8, 8, 8]},
			"faces": {
				"north": {"uv": [4, 8, 5, 9], "texture": "#0", "cullface": "east"},
				"east": {"uv": [3, 8, 5, 9], "texture": "#0", "cullface": "east"},
				"south": {"uv": [3, 8, 4, 9], "texture": "#0", "cullface": "east"},
				"west": {"uv": [0, 0, 2, 1], "texture": "#0", "cullface": "east"},
				"up": {"uv": [3, 9, 5, 8], "rotation": 270, "texture": "#0", "cullface": "east"},
				"down": {"uv": [3, 9, 5, 8], "rotation": 90, "texture": "#0", "cullface": "east"}
			}
		},
		{
			"from": [-0.25, 3, 4],
			"to": [2.25, 4, 6],
			"light_emission": 15,
			"rotation": {"angle": 0, "axis": "y", "origin": [8, 8, 8]},
			"faces": {
				"north": {"uv": [4, 12, 5, 13], "texture": "#0", "cullface": "west"},
				"east": {"uv": [0, 0, 2, 1], "texture": "#0", "cullface": "west"},
				"south": {"uv": [5, 12, 6, 13], "texture": "#0", "cullface": "west"},
				"west": {"uv": [4, 12, 6, 13], "texture": "#0", "cullface": "west"},
				"up": {"uv": [6, 12, 4, 13], "rotation": 270, "texture": "#0", "cullface": "west"},
				"down": {"uv": [6, 12, 4, 13], "rotation": 90, "texture": "#0", "cullface": "west"}
			}
		},
		{
			"from": [-0.15, 10, 13],
			"to": [2.35, 11, 15],
			"light_emission": 15,
			"rotation": {"angle": 0, "axis": "y", "origin": [8, 8, 8]},
			"faces": {
				"north": {"uv": [4, 12, 5, 13], "texture": "#0", "cullface": "west"},
				"east": {"uv": [0, 0, 2, 1], "texture": "#0", "cullface": "west"},
				"south": {"uv": [5, 12, 6, 13], "texture": "#0", "cullface": "west"},
				"west": {"uv": [4, 12, 6, 13], "texture": "#0", "cullface": "west"},
				"up": {"uv": [6, 12, 4, 13], "rotation": 270, "texture": "#0", "cullface": "west"},
				"down": {"uv": [6, 12, 4, 13], "rotation": 90, "texture": "#0", "cullface": "west"}
			}
		},
		{
			"from": [-0.15, 4, 11],
			"to": [2.35, 5, 13],
			"light_emission": 15,
			"rotation": {"angle": 0, "axis": "y", "origin": [8, 8, 8]},
			"faces": {
				"north": {"uv": [13, 11, 11, 12], "texture": "#0", "cullface": "west"},
				"east": {"uv": [0, 0, 2, 1], "texture": "#0", "cullface": "west"},
				"south": {"uv": [13, 11, 11, 12], "texture": "#0", "cullface": "west"},
				"west": {"uv": [11, 11, 13, 12], "texture": "#0", "cullface": "west"},
				"up": {"uv": [11, 11, 13, 12], "rotation": 270, "texture": "#0", "cullface": "west"},
				"down": {"uv": [11, 11, 13, 12], "rotation": 90, "texture": "#0", "cullface": "west"}
			}
		},
		{
			"from": [-0.35, 13, 11],
			"to": [2.15, 14, 13],
			"light_emission": 15,
			"rotation": {"angle": 0, "axis": "y", "origin": [8, 8, 8]},
			"faces": {
				"north": {"uv": [11, 2, 12, 3], "texture": "#0", "cullface": "west"},
				"east": {"uv": [0, 0, 2, 1], "texture": "#0", "cullface": "west"},
				"south": {"uv": [12, 2, 13, 3], "texture": "#0", "cullface": "west"},
				"west": {"uv": [11, 2, 13, 3], "texture": "#0", "cullface": "west"},
				"up": {"uv": [6, 12, 4, 13], "rotation": 270, "texture": "#0", "cullface": "west"},
				"down": {"uv": [13, 2, 11, 3], "rotation": 90, "texture": "#0", "cullface": "west"}
			}
		},
		{
			"from": [-0.35, 1, 2],
			"to": [2.15, 2, 4],
			"light_emission": 15,
			"rotation": {"angle": 0, "axis": "y", "origin": [8, 8, 8]},
			"faces": {
				"north": {"uv": [4, 12, 5, 13], "texture": "#0", "cullface": "west"},
				"east": {"uv": [0, 0, 2, 1], "texture": "#0", "cullface": "west"},
				"south": {"uv": [2, 14, 4, 15], "texture": "#0", "cullface": "west"},
				"west": {"uv": [4, 14, 2, 15], "texture": "#0", "cullface": "west"},
				"up": {"uv": [2, 14, 4, 15], "rotation": 270, "texture": "#0", "cullface": "west"},
				"down": {"uv": [2, 14, 4, 15], "rotation": 90, "texture": "#0", "cullface": "west"}
			}
		},
		{
			"from": [-0.25, 2, 1],
			"to": [2.25, 3, 3],
			"light_emission": 15,
			"rotation": {"angle": 0, "axis": "y", "origin": [8, 8, 8]},
			"faces": {
				"north": {"uv": [4, 12, 5, 13], "texture": "#0", "cullface": "west"},
				"east": {"uv": [0, 0, 2, 1], "texture": "#0", "cullface": "west"},
				"south": {"uv": [2, 13, 3, 14], "texture": "#0", "cullface": "west"},
				"west": {"uv": [1, 13, 3, 14], "texture": "#0", "cullface": "west"},
				"up": {"uv": [3, 13, 1, 14], "rotation": 270, "texture": "#0", "cullface": "west"},
				"down": {"uv": [3, 13, 1, 14], "rotation": 90, "texture": "#0", "cullface": "west"}
			}
		},
		{
			"from": [-0.25, 6, 10],
			"to": [2.25, 7, 12],
			"light_emission": 15,
			"rotation": {"angle": 0, "axis": "y", "origin": [8, 8, 8]},
			"faces": {
				"north": {"uv": [10, 9, 11, 10], "texture": "#0", "cullface": "west"},
				"east": {"uv": [0, 0, 2, 1], "texture": "#0", "cullface": "west"},
				"south": {"uv": [11, 9, 12, 10], "texture": "#0", "cullface": "west"},
				"west": {"uv": [10, 9, 12, 10], "texture": "#0", "cullface": "west"},
				"up": {"uv": [12, 9, 10, 10], "rotation": 270, "texture": "#0", "cullface": "west"},
				"down": {"uv": [12, 9, 10, 10], "rotation": 90, "texture": "#0", "cullface": "west"}
			}
		},
		{
			"from": [-0.35, 7, 9],
			"to": [2.15, 8, 13],
			"light_emission": 15,
			"rotation": {"angle": 0, "axis": "y", "origin": [8, 8, 8]},
			"faces": {
				"north": {"uv": [9, 8, 10, 9], "texture": "#0", "cullface": "west"},
				"east": {"uv": [0, 0, 2, 1], "texture": "#0", "cullface": "west"},
				"south": {"uv": [12, 8, 13, 9], "texture": "#0", "cullface": "west"},
				"west": {"uv": [9, 8, 13, 9], "texture": "#0", "cullface": "west"},
				"up": {"uv": [13, 8, 9, 9], "rotation": 270, "texture": "#0", "cullface": "west"},
				"down": {"uv": [13, 8, 9, 9], "rotation": 90, "texture": "#0", "cullface": "west"}
			}
		},
		{
			"from": [-0.25, 2, 9],
			"to": [2.25, 3, 13],
			"light_emission": 15,
			"rotation": {"angle": 0, "axis": "y", "origin": [8, 8, 8]},
			"faces": {
				"north": {"uv": [9, 13, 13, 14], "texture": "#0", "cullface": "west"},
				"east": {"uv": [0, 0, 2, 1], "texture": "#0", "cullface": "west"},
				"south": {"uv": [13, 13, 9, 14], "texture": "#0", "cullface": "west"},
				"west": {"uv": [9, 13, 13, 14], "texture": "#0", "cullface": "west"},
				"up": {"uv": [13, 8, 9, 9], "rotation": 270, "texture": "#0", "cullface": "west"},
				"down": {"uv": [13, 13, 9, 14], "rotation": 90, "texture": "#0", "cullface": "west"}
			}
		},
		{
			"from": [-0.25, 11, 7],
			"to": [2.25, 12, 12],
			"light_emission": 15,
			"rotation": {"angle": 0, "axis": "y", "origin": [8, 8, 8]},
			"faces": {
				"north": {"uv": [7, 4, 12, 5], "texture": "#0", "cullface": "west"},
				"east": {"uv": [0, 0, 2, 1], "texture": "#0", "cullface": "west"},
				"south": {"uv": [7, 4, 12, 5], "texture": "#0", "cullface": "west"},
				"west": {"uv": [7, 4, 12, 5], "texture": "#0", "cullface": "west"},
				"up": {"uv": [12, 4, 7, 5], "rotation": 270, "texture": "#0", "cullface": "west"},
				"down": {"uv": [13, 8, 9, 9], "rotation": 90, "texture": "#0", "cullface": "west"}
			}
		},
		{
			"from": [-0.35, 10, 4],
			"to": [2.15, 11, 11],
			"light_emission": 15,
			"rotation": {"angle": 0, "axis": "y", "origin": [8, 8, 8]},
			"faces": {
				"north": {"uv": [11, 5, 4, 6], "texture": "#0", "cullface": "west"},
				"east": {"uv": [0, 0, 2, 1], "texture": "#0", "cullface": "west"},
				"south": {"uv": [11, 5, 4, 6], "texture": "#0", "cullface": "west"},
				"west": {"uv": [4, 5, 11, 6], "texture": "#0", "cullface": "west"},
				"up": {"uv": [11, 5, 4, 6], "rotation": 270, "texture": "#0", "cullface": "west"},
				"down": {"uv": [11, 5, 4, 6], "rotation": 90, "texture": "#0", "cullface": "west"}
			}
		},
		{
			"from": [-0.25, 3, 8],
			"to": [2.25, 4, 15],
			"light_emission": 15,
			"rotation": {"angle": 0, "axis": "y", "origin": [8, 8, 8]},
			"faces": {
				"north": {"uv": [15, 12, 8, 13], "texture": "#0", "cullface": "west"},
				"east": {"uv": [0, 0, 2, 1], "texture": "#0", "cullface": "west"},
				"south": {"uv": [15, 12, 8, 13], "texture": "#0", "cullface": "west"},
				"west": {"uv": [8, 12, 15, 13], "texture": "#0", "cullface": "west"},
				"up": {"uv": [15, 12, 8, 13], "rotation": 270, "texture": "#0", "cullface": "west"},
				"down": {"uv": [15, 12, 8, 13], "rotation": 90, "texture": "#0", "cullface": "west"}
			}
		},
		{
			"from": [-0.35, 6, 2],
			"to": [2.15, 7, 7],
			"light_emission": 15,
			"rotation": {"angle": 0, "axis": "y", "origin": [8, 8, 8]},
			"faces": {
				"north": {"uv": [7, 9, 2, 10], "texture": "#0", "cullface": "west"},
				"east": {"uv": [0, 0, 2, 1], "texture": "#0", "cullface": "west"},
				"south": {"uv": [7, 9, 2, 10], "texture": "#0", "cullface": "west"},
				"west": {"uv": [2, 9, 7, 10], "texture": "#0", "cullface": "west"},
				"up": {"uv": [7, 9, 2, 10], "rotation": 270, "texture": "#0", "cullface": "west"},
				"down": {"uv": [7, 9, 2, 10], "rotation": 90, "texture": "#0", "cullface": "west"}
			}
		},
		{
			"from": [-0.35, 14, 10],
			"to": [2.15, 15, 14],
			"light_emission": 15,
			"rotation": {"angle": 0, "axis": "y", "origin": [8, 8, 8]},
			"faces": {
				"north": {"uv": [9, 8, 10, 9], "texture": "#0", "cullface": "west"},
				"east": {"uv": [0, 0, 2, 1], "texture": "#0", "cullface": "west"},
				"south": {"uv": [12, 8, 13, 9], "texture": "#0", "cullface": "west"},
				"west": {"uv": [10, 1, 14, 2], "texture": "#0", "cullface": "west"},
				"up": {"uv": [10, 1, 14, 2], "rotation": 270, "texture": "#0", "cullface": "west"},
				"down": {"uv": [10, 1, 14, 2], "rotation": 90, "texture": "#0", "cullface": "west"}
			}
		},
		{
			"from": [-0.35, 13, 2],
			"to": [2.15, 14, 5],
			"light_emission": 15,
			"rotation": {"angle": 0, "axis": "y", "origin": [8, 8, 8]},
			"faces": {
				"north": {"uv": [2, 2, 5, 3], "texture": "#0", "cullface": "west"},
				"east": {"uv": [0, 0, 2, 1], "texture": "#0", "cullface": "west"},
				"south": {"uv": [2, 2, 5, 3], "texture": "#0", "cullface": "west"},
				"west": {"uv": [2, 2, 5, 3], "texture": "#0", "cullface": "west"},
				"up": {"uv": [2, 2, 5, 3], "rotation": 270, "texture": "#0", "cullface": "west"},
				"down": {"uv": [2, 2, 5, 3], "rotation": 90, "texture": "#0", "cullface": "west"}
			}
		},
		{
			"from": [-0.45, 12, 1],
			"to": [2.05, 13, 4],
			"light_emission": 15,
			"rotation": {"angle": 0, "axis": "y", "origin": [8, 8, 8]},
			"faces": {
				"north": {"uv": [4, 3, 1, 4], "texture": "#0", "cullface": "west"},
				"east": {"uv": [0, 0, 2, 1], "texture": "#0", "cullface": "west"},
				"south": {"uv": [3, 3, 4, 4], "texture": "#0", "cullface": "west"},
				"west": {"uv": [1, 3, 4, 4], "texture": "#0", "cullface": "west"},
				"up": {"uv": [4, 3, 1, 4], "rotation": 270, "texture": "#0", "cullface": "west"},
				"down": {"uv": [4, 3, 1, 4], "rotation": 90, "texture": "#0", "cullface": "west"}
			}
		},
		{
			"from": [-0.35, 9, 6],
			"to": [2.15, 10, 9],
			"light_emission": 15,
			"rotation": {"angle": 0, "axis": "y", "origin": [8, 8, 8]},
			"faces": {
				"north": {"uv": [9, 6, 6, 7], "texture": "#0", "cullface": "west"},
				"east": {"uv": [0, 0, 2, 1], "texture": "#0", "cullface": "west"},
				"south": {"uv": [9, 6, 6, 7], "texture": "#0", "cullface": "west"},
				"west": {"uv": [6, 6, 9, 7], "texture": "#0", "cullface": "west"},
				"up": {"uv": [9, 6, 6, 7], "rotation": 270, "texture": "#0", "cullface": "west"},
				"down": {"uv": [9, 6, 6, 7], "rotation": 90, "texture": "#0", "cullface": "west"}
			}
		},
		{
			"from": [-0.25, 5, 4],
			"to": [2.25, 6, 6],
			"light_emission": 15,
			"rotation": {"angle": 0, "axis": "y", "origin": [8, 8, 8]},
			"faces": {
				"north": {"uv": [4, 10, 5, 11], "texture": "#0", "cullface": "west"},
				"east": {"uv": [0, 0, 2, 1], "texture": "#0", "cullface": "west"},
				"south": {"uv": [5, 10, 6, 11], "texture": "#0", "cullface": "west"},
				"west": {"uv": [4, 10, 6, 11], "texture": "#0", "cullface": "west"},
				"up": {"uv": [6, 10, 4, 11], "rotation": 270, "texture": "#0", "cullface": "west"},
				"down": {"uv": [6, 10, 4, 11], "rotation": 90, "texture": "#0", "cullface": "west"}
			}
		},
		{
			"from": [-0.25, 7, 3],
			"to": [2.25, 8, 5],
			"light_emission": 15,
			"rotation": {"angle": 0, "axis": "y", "origin": [8, 8, 8]},
			"faces": {
				"north": {"uv": [3, 8, 4, 9], "texture": "#0", "cullface": "west"},
				"east": {"uv": [0, 0, 2, 1], "texture": "#0", "cullface": "west"},
				"south": {"uv": [4, 8, 5, 9], "texture": "#0", "cullface": "west"},
				"west": {"uv": [3, 8, 5, 9], "texture": "#0", "cullface": "west"},
				"up": {"uv": [5, 8, 3, 9], "rotation": 270, "texture": "#0", "cullface": "west"},
				"down": {"uv": [5, 8, 3, 9], "rotation": 90, "texture": "#0", "cullface": "west"}
			}
		},
		{
			"from": [4, 13.75, 12],
			"to": [6, 16.25, 13],
			"light_emission": 15,
			"rotation": {"angle": 0, "axis": "y", "origin": [8, 8, 8]},
			"faces": {
				"north": {"uv": [4, 13, 6, 12], "rotation": 180, "texture": "#0", "cullface": "up"},
				"east": {"uv": [5, 12, 6, 13], "rotation": 90, "texture": "#0", "cullface": "up"},
				"south": {"uv": [4, 13, 6, 12], "texture": "#0", "cullface": "up"},
				"west": {"uv": [4, 12, 5, 13], "rotation": 270, "texture": "#0", "cullface": "up"},
				"up": {"uv": [4, 12, 6, 13], "texture": "#0", "cullface": "up"},
				"down": {"uv": [0, 0, 2, 1], "rotation": 180, "texture": "#0", "cullface": "up"}
			}
		},
		{
			"from": [13, 13.65, 5],
			"to": [15, 16.15, 6],
			"light_emission": 15,
			"rotation": {"angle": 0, "axis": "y", "origin": [8, 8, 8]},
			"faces": {
				"north": {"uv": [4, 13, 6, 12], "rotation": 180, "texture": "#0", "cullface": "up"},
				"east": {"uv": [5, 12, 6, 13], "rotation": 90, "texture": "#0", "cullface": "up"},
				"south": {"uv": [4, 13, 6, 12], "texture": "#0", "cullface": "up"},
				"west": {"uv": [4, 12, 5, 13], "rotation": 270, "texture": "#0", "cullface": "up"},
				"up": {"uv": [4, 12, 6, 13], "texture": "#0", "cullface": "up"},
				"down": {"uv": [0, 0, 2, 1], "rotation": 180, "texture": "#0", "cullface": "up"}
			}
		},
		{
			"from": [11, 13.65, 11],
			"to": [13, 16.15, 12],
			"light_emission": 15,
			"rotation": {"angle": 0, "axis": "y", "origin": [8, 8, 8]},
			"faces": {
				"north": {"uv": [13, 12, 11, 11], "rotation": 180, "texture": "#0", "cullface": "up"},
				"east": {"uv": [13, 11, 11, 12], "rotation": 90, "texture": "#0", "cullface": "up"},
				"south": {"uv": [13, 12, 11, 11], "texture": "#0", "cullface": "up"},
				"west": {"uv": [13, 11, 11, 12], "rotation": 270, "texture": "#0", "cullface": "up"},
				"up": {"uv": [11, 11, 13, 12], "texture": "#0", "cullface": "up"},
				"down": {"uv": [0, 0, 2, 1], "rotation": 180, "texture": "#0", "cullface": "up"}
			}
		},
		{
			"from": [11, 13.85, 2],
			"to": [13, 16.35, 3],
			"light_emission": 15,
			"rotation": {"angle": 0, "axis": "y", "origin": [8, 8, 8]},
			"faces": {
				"north": {"uv": [4, 13, 6, 12], "rotation": 180, "texture": "#0", "cullface": "up"},
				"east": {"uv": [12, 2, 13, 3], "rotation": 90, "texture": "#0", "cullface": "up"},
				"south": {"uv": [11, 3, 13, 2], "texture": "#0", "cullface": "up"},
				"west": {"uv": [11, 2, 12, 3], "rotation": 270, "texture": "#0", "cullface": "up"},
				"up": {"uv": [11, 2, 13, 3], "texture": "#0", "cullface": "up"},
				"down": {"uv": [0, 0, 2, 1], "rotation": 180, "texture": "#0", "cullface": "up"}
			}
		},
		{
			"from": [2, 13.85, 14],
			"to": [4, 16.35, 15],
			"light_emission": 15,
			"rotation": {"angle": 0, "axis": "y", "origin": [8, 8, 8]},
			"faces": {
				"north": {"uv": [4, 15, 2, 14], "rotation": 180, "texture": "#0", "cullface": "up"},
				"east": {"uv": [2, 14, 4, 15], "rotation": 90, "texture": "#0", "cullface": "up"},
				"south": {"uv": [4, 15, 2, 14], "texture": "#0", "cullface": "up"},
				"west": {"uv": [4, 12, 5, 13], "rotation": 270, "texture": "#0", "cullface": "up"},
				"up": {"uv": [4, 14, 2, 15], "texture": "#0", "cullface": "up"},
				"down": {"uv": [0, 0, 2, 1], "rotation": 180, "texture": "#0", "cullface": "up"}
			}
		},
		{
			"from": [1, 13.75, 13],
			"to": [3, 16.25, 14],
			"light_emission": 15,
			"rotation": {"angle": 0, "axis": "y", "origin": [8, 8, 8]},
			"faces": {
				"north": {"uv": [1, 14, 3, 13], "rotation": 180, "texture": "#0", "cullface": "up"},
				"east": {"uv": [2, 13, 3, 14], "rotation": 90, "texture": "#0", "cullface": "up"},
				"south": {"uv": [1, 14, 3, 13], "texture": "#0", "cullface": "up"},
				"west": {"uv": [4, 12, 5, 13], "rotation": 270, "texture": "#0", "cullface": "up"},
				"up": {"uv": [1, 13, 3, 14], "texture": "#0", "cullface": "up"},
				"down": {"uv": [0, 0, 2, 1], "rotation": 180, "texture": "#0", "cullface": "up"}
			}
		},
		{
			"from": [10, 13.75, 9],
			"to": [12, 16.25, 10],
			"light_emission": 15,
			"rotation": {"angle": 0, "axis": "y", "origin": [8, 8, 8]},
			"faces": {
				"north": {"uv": [10, 10, 12, 9], "rotation": 180, "texture": "#0", "cullface": "up"},
				"east": {"uv": [11, 9, 12, 10], "rotation": 90, "texture": "#0", "cullface": "up"},
				"south": {"uv": [10, 10, 12, 9], "texture": "#0", "cullface": "up"},
				"west": {"uv": [10, 9, 11, 10], "rotation": 270, "texture": "#0", "cullface": "up"},
				"up": {"uv": [10, 9, 12, 10], "texture": "#0", "cullface": "up"},
				"down": {"uv": [0, 0, 2, 1], "rotation": 180, "texture": "#0", "cullface": "up"}
			}
		},
		{
			"from": [9, 13.85, 8],
			"to": [13, 16.35, 9],
			"light_emission": 15,
			"rotation": {"angle": 0, "axis": "y", "origin": [8, 8, 8]},
			"faces": {
				"north": {"uv": [9, 9, 13, 8], "rotation": 180, "texture": "#0", "cullface": "up"},
				"east": {"uv": [12, 8, 13, 9], "rotation": 90, "texture": "#0", "cullface": "up"},
				"south": {"uv": [9, 9, 13, 8], "texture": "#0", "cullface": "up"},
				"west": {"uv": [9, 8, 10, 9], "rotation": 270, "texture": "#0", "cullface": "up"},
				"up": {"uv": [9, 8, 13, 9], "texture": "#0", "cullface": "up"},
				"down": {"uv": [0, 0, 2, 1], "rotation": 180, "texture": "#0", "cullface": "up"}
			}
		},
		{
			"from": [9, 13.75, 13],
			"to": [13, 16.25, 14],
			"light_emission": 15,
			"rotation": {"angle": 0, "axis": "y", "origin": [8, 8, 8]},
			"faces": {
				"north": {"uv": [9, 9, 13, 8], "rotation": 180, "texture": "#0", "cullface": "up"},
				"east": {"uv": [13, 13, 9, 14], "rotation": 90, "texture": "#0", "cullface": "up"},
				"south": {"uv": [9, 14, 13, 13], "texture": "#0", "cullface": "up"},
				"west": {"uv": [9, 13, 13, 14], "rotation": 270, "texture": "#0", "cullface": "up"},
				"up": {"uv": [9, 13, 13, 14], "texture": "#0", "cullface": "up"},
				"down": {"uv": [0, 0, 2, 1], "rotation": 180, "texture": "#0", "cullface": "up"}
			}
		},
		{
			"from": [7, 13.75, 4],
			"to": [12, 16.25, 5],
			"light_emission": 15,
			"rotation": {"angle": 0, "axis": "y", "origin": [8, 8, 8]},
			"faces": {
				"north": {"uv": [7, 5, 12, 4], "rotation": 180, "texture": "#0", "cullface": "up"},
				"east": {"uv": [7, 4, 12, 5], "rotation": 90, "texture": "#0", "cullface": "up"},
				"south": {"uv": [9, 9, 13, 8], "texture": "#0", "cullface": "up"},
				"west": {"uv": [7, 4, 12, 5], "rotation": 270, "texture": "#0", "cullface": "up"},
				"up": {"uv": [7, 4, 12, 5], "texture": "#0", "cullface": "up"},
				"down": {"uv": [0, 0, 2, 1], "rotation": 180, "texture": "#0", "cullface": "up"}
			}
		},
		{
			"from": [4, 13.85, 5],
			"to": [11, 16.35, 6],
			"light_emission": 15,
			"rotation": {"angle": 0, "axis": "y", "origin": [8, 8, 8]},
			"faces": {
				"north": {"uv": [4, 6, 11, 5], "rotation": 180, "texture": "#0", "cullface": "up"},
				"east": {"uv": [11, 5, 4, 6], "rotation": 90, "texture": "#0", "cullface": "up"},
				"south": {"uv": [4, 6, 11, 5], "texture": "#0", "cullface": "up"},
				"west": {"uv": [11, 5, 4, 6], "rotation": 270, "texture": "#0", "cullface": "up"},
				"up": {"uv": [4, 5, 11, 6], "texture": "#0", "cullface": "up"},
				"down": {"uv": [0, 0, 2, 1], "rotation": 180, "texture": "#0", "cullface": "up"}
			}
		},
		{
			"from": [8, 13.75, 12],
			"to": [15, 16.25, 13],
			"light_emission": 15,
			"rotation": {"angle": 0, "axis": "y", "origin": [8, 8, 8]},
			"faces": {
				"north": {"uv": [8, 13, 15, 12], "rotation": 180, "texture": "#0", "cullface": "up"},
				"east": {"uv": [15, 12, 8, 13], "rotation": 90, "texture": "#0", "cullface": "up"},
				"south": {"uv": [8, 13, 15, 12], "texture": "#0", "cullface": "up"},
				"west": {"uv": [15, 12, 8, 13], "rotation": 270, "texture": "#0", "cullface": "up"},
				"up": {"uv": [8, 12, 15, 13], "texture": "#0", "cullface": "up"},
				"down": {"uv": [0, 0, 2, 1], "rotation": 180, "texture": "#0", "cullface": "up"}
			}
		},
		{
			"from": [2, 13.85, 9],
			"to": [7, 16.35, 10],
			"light_emission": 15,
			"rotation": {"angle": 0, "axis": "y", "origin": [8, 8, 8]},
			"faces": {
				"north": {"uv": [2, 10, 7, 9], "rotation": 180, "texture": "#0", "cullface": "up"},
				"east": {"uv": [7, 9, 2, 10], "rotation": 90, "texture": "#0", "cullface": "up"},
				"south": {"uv": [2, 10, 7, 9], "texture": "#0", "cullface": "up"},
				"west": {"uv": [7, 9, 2, 10], "rotation": 270, "texture": "#0", "cullface": "up"},
				"up": {"uv": [2, 9, 7, 10], "texture": "#0", "cullface": "up"},
				"down": {"uv": [0, 0, 2, 1], "rotation": 180, "texture": "#0", "cullface": "up"}
			}
		},
		{
			"from": [10, 13.85, 1],
			"to": [14, 16.35, 2],
			"light_emission": 15,
			"rotation": {"angle": 0, "axis": "y", "origin": [8, 8, 8]},
			"faces": {
				"north": {"uv": [14, 2, 10, 1], "rotation": 180, "texture": "#0", "cullface": "up"},
				"east": {"uv": [12, 8, 13, 9], "rotation": 90, "texture": "#0", "cullface": "up"},
				"south": {"uv": [14, 2, 10, 1], "texture": "#0", "cullface": "up"},
				"west": {"uv": [9, 8, 10, 9], "rotation": 270, "texture": "#0", "cullface": "up"},
				"up": {"uv": [10, 1, 14, 2], "texture": "#0", "cullface": "up"},
				"down": {"uv": [0, 0, 2, 1], "rotation": 180, "texture": "#0", "cullface": "up"}
			}
		},
		{
			"from": [2, 13.85, 2],
			"to": [5, 16.35, 3],
			"light_emission": 15,
			"rotation": {"angle": 0, "axis": "y", "origin": [8, 8, 8]},
			"faces": {
				"north": {"uv": [5, 3, 2, 2], "rotation": 180, "texture": "#0", "cullface": "up"},
				"east": {"uv": [2, 2, 5, 3], "rotation": 90, "texture": "#0", "cullface": "up"},
				"south": {"uv": [5, 3, 2, 2], "texture": "#0", "cullface": "up"},
				"west": {"uv": [2, 2, 5, 3], "rotation": 270, "texture": "#0", "cullface": "up"},
				"up": {"uv": [2, 2, 5, 3], "texture": "#0", "cullface": "up"},
				"down": {"uv": [0, 0, 2, 1], "rotation": 180, "texture": "#0", "cullface": "up"}
			}
		},
		{
			"from": [1, 13.95, 3],
			"to": [4, 16.45, 4],
			"light_emission": 15,
			"rotation": {"angle": 0, "axis": "y", "origin": [8, 8, 8]},
			"faces": {
				"north": {"uv": [1, 4, 4, 3], "rotation": 180, "texture": "#0", "cullface": "up"},
				"east": {"uv": [3, 3, 4, 4], "rotation": 90, "texture": "#0", "cullface": "up"},
				"south": {"uv": [1, 4, 4, 3], "texture": "#0", "cullface": "up"},
				"west": {"uv": [4, 3, 1, 4], "rotation": 270, "texture": "#0", "cullface": "up"},
				"up": {"uv": [1, 3, 4, 4], "texture": "#0", "cullface": "up"},
				"down": {"uv": [0, 0, 2, 1], "rotation": 180, "texture": "#0", "cullface": "up"}
			}
		},
		{
			"from": [6, 13.85, 6],
			"to": [9, 16.35, 7],
			"light_emission": 15,
			"rotation": {"angle": 0, "axis": "y", "origin": [8, 8, 8]},
			"faces": {
				"north": {"uv": [6, 7, 9, 6], "rotation": 180, "texture": "#0", "cullface": "up"},
				"east": {"uv": [9, 6, 6, 7], "rotation": 90, "texture": "#0", "cullface": "up"},
				"south": {"uv": [6, 7, 9, 6], "texture": "#0", "cullface": "up"},
				"west": {"uv": [9, 6, 6, 7], "rotation": 270, "texture": "#0", "cullface": "up"},
				"up": {"uv": [6, 6, 9, 7], "texture": "#0", "cullface": "up"},
				"down": {"uv": [0, 0, 2, 1], "rotation": 180, "texture": "#0", "cullface": "up"}
			}
		},
		{
			"from": [4, 13.75, 10],
			"to": [6, 16.25, 11],
			"light_emission": 15,
			"rotation": {"angle": 0, "axis": "y", "origin": [8, 8, 8]},
			"faces": {
				"north": {"uv": [4, 11, 6, 10], "rotation": 180, "texture": "#0", "cullface": "up"},
				"east": {"uv": [5, 10, 6, 11], "rotation": 90, "texture": "#0", "cullface": "up"},
				"south": {"uv": [4, 11, 6, 10], "texture": "#0", "cullface": "up"},
				"west": {"uv": [4, 10, 5, 11], "rotation": 270, "texture": "#0", "cullface": "up"},
				"up": {"uv": [4, 10, 6, 11], "texture": "#0", "cullface": "up"},
				"down": {"uv": [0, 0, 2, 1], "rotation": 180, "texture": "#0", "cullface": "up"}
			}
		},
		{
			"from": [3, 13.75, 8],
			"to": [5, 16.25, 9],
			"light_emission": 15,
			"rotation": {"angle": 0, "axis": "y", "origin": [8, 8, 8]},
			"faces": {
				"north": {"uv": [3, 9, 5, 8], "rotation": 180, "texture": "#0", "cullface": "up"},
				"east": {"uv": [4, 8, 5, 9], "rotation": 90, "texture": "#0", "cullface": "up"},
				"south": {"uv": [3, 9, 5, 8], "texture": "#0", "cullface": "up"},
				"west": {"uv": [3, 8, 4, 9], "rotation": 270, "texture": "#0", "cullface": "up"},
				"up": {"uv": [3, 8, 5, 9], "texture": "#0", "cullface": "up"},
				"down": {"uv": [0, 0, 2, 1], "rotation": 180, "texture": "#0", "cullface": "up"}
			}
		},
		{
			"from": [4, -0.25, 3],
			"to": [6, 2.25, 4],
			"light_emission": 15,
			"rotation": {"angle": 0, "axis": "y", "origin": [8, 8, 8]},
			"faces": {
				"north": {"uv": [6, 12, 4, 13], "texture": "#0", "cullface": "down"},
				"east": {"uv": [6, 13, 5, 12], "rotation": 90, "texture": "#0", "cullface": "down"},
				"south": {"uv": [6, 12, 4, 13], "rotation": 180, "texture": "#0", "cullface": "down"},
				"west": {"uv": [5, 13, 4, 12], "rotation": 270, "texture": "#0", "cullface": "down"},
				"up": {"uv": [2, 1, 0, 0], "texture": "#0", "cullface": "down"},
				"down": {"uv": [6, 13, 4, 12], "rotation": 180, "texture": "#0", "cullface": "down"}
			}
		},
		{
			"from": [13, -0.15, 10],
			"to": [15, 2.35, 11],
			"light_emission": 15,
			"rotation": {"angle": 0, "axis": "y", "origin": [8, 8, 8]},
			"faces": {
				"north": {"uv": [6, 12, 4, 13], "texture": "#0", "cullface": "down"},
				"east": {"uv": [6, 13, 5, 12], "rotation": 90, "texture": "#0", "cullface": "down"},
				"south": {"uv": [6, 12, 4, 13], "rotation": 180, "texture": "#0", "cullface": "down"},
				"west": {"uv": [5, 13, 4, 12], "rotation": 270, "texture": "#0", "cullface": "down"},
				"up": {"uv": [2, 1, 0, 0], "texture": "#0", "cullface": "down"},
				"down": {"uv": [6, 13, 4, 12], "rotation": 180, "texture": "#0", "cullface": "down"}
			}
		},
		{
			"from": [11, -0.15, 4],
			"to": [13, 2.35, 5],
			"light_emission": 15,
			"rotation": {"angle": 0, "axis": "y", "origin": [8, 8, 8]},
			"faces": {
				"north": {"uv": [11, 11, 13, 12], "texture": "#0", "cullface": "down"},
				"east": {"uv": [11, 12, 13, 11], "rotation": 90, "texture": "#0", "cullface": "down"},
				"south": {"uv": [11, 11, 13, 12], "rotation": 180, "texture": "#0", "cullface": "down"},
				"west": {"uv": [11, 12, 13, 11], "rotation": 270, "texture": "#0", "cullface": "down"},
				"up": {"uv": [2, 1, 0, 0], "texture": "#0", "cullface": "down"},
				"down": {"uv": [13, 12, 11, 11], "rotation": 180, "texture": "#0", "cullface": "down"}
			}
		},
		{
			"from": [11, -0.35, 13],
			"to": [13, 2.15, 14],
			"light_emission": 15,
			"rotation": {"angle": 0, "axis": "y", "origin": [8, 8, 8]},
			"faces": {
				"north": {"uv": [13, 2, 11, 3], "texture": "#0", "cullface": "down"},
				"east": {"uv": [13, 3, 12, 2], "rotation": 90, "texture": "#0", "cullface": "down"},
				"south": {"uv": [6, 12, 4, 13], "rotation": 180, "texture": "#0", "cullface": "down"},
				"west": {"uv": [12, 3, 11, 2], "rotation": 270, "texture": "#0", "cullface": "down"},
				"up": {"uv": [2, 1, 0, 0], "texture": "#0", "cullface": "down"},
				"down": {"uv": [13, 3, 11, 2], "rotation": 180, "texture": "#0", "cullface": "down"}
			}
		},
		{
			"from": [2, -0.35, 1],
			"to": [4, 2.15, 2],
			"light_emission": 15,
			"rotation": {"angle": 0, "axis": "y", "origin": [8, 8, 8]},
			"faces": {
				"north": {"uv": [2, 14, 4, 15], "texture": "#0", "cullface": "down"},
				"east": {"uv": [4, 15, 2, 14], "rotation": 90, "texture": "#0", "cullface": "down"},
				"south": {"uv": [2, 14, 4, 15], "rotation": 180, "texture": "#0", "cullface": "down"},
				"west": {"uv": [5, 13, 4, 12], "rotation": 270, "texture": "#0", "cullface": "down"},
				"up": {"uv": [2, 1, 0, 0], "texture": "#0", "cullface": "down"},
				"down": {"uv": [2, 15, 4, 14], "rotation": 180, "texture": "#0", "cullface": "down"}
			}
		},
		{
			"from": [1, -0.25, 2],
			"to": [3, 2.25, 3],
			"light_emission": 15,
			"rotation": {"angle": 0, "axis": "y", "origin": [8, 8, 8]},
			"faces": {
				"north": {"uv": [3, 13, 1, 14], "texture": "#0", "cullface": "down"},
				"east": {"uv": [3, 14, 2, 13], "rotation": 90, "texture": "#0", "cullface": "down"},
				"south": {"uv": [3, 13, 1, 14], "rotation": 180, "texture": "#0", "cullface": "down"},
				"west": {"uv": [5, 13, 4, 12], "rotation": 270, "texture": "#0", "cullface": "down"},
				"up": {"uv": [2, 1, 0, 0], "texture": "#0", "cullface": "down"},
				"down": {"uv": [3, 14, 1, 13], "rotation": 180, "texture": "#0", "cullface": "down"}
			}
		},
		{
			"from": [10, -0.25, 6],
			"to": [12, 2.25, 7],
			"light_emission": 15,
			"rotation": {"angle": 0, "axis": "y", "origin": [8, 8, 8]},
			"faces": {
				"north": {"uv": [12, 9, 10, 10], "texture": "#0", "cullface": "down"},
				"east": {"uv": [12, 10, 11, 9], "rotation": 90, "texture": "#0", "cullface": "down"},
				"south": {"uv": [12, 9, 10, 10], "rotation": 180, "texture": "#0", "cullface": "down"},
				"west": {"uv": [11, 10, 10, 9], "rotation": 270, "texture": "#0", "cullface": "down"},
				"up": {"uv": [2, 1, 0, 0], "texture": "#0", "cullface": "down"},
				"down": {"uv": [12, 10, 10, 9], "rotation": 180, "texture": "#0", "cullface": "down"}
			}
		},
		{
			"from": [9, -0.35, 7],
			"to": [13, 2.15, 8],
			"light_emission": 15,
			"rotation": {"angle": 0, "axis": "y", "origin": [8, 8, 8]},
			"faces": {
				"north": {"uv": [13, 8, 9, 9], "texture": "#0", "cullface": "down"},
				"east": {"uv": [13, 9, 12, 8], "rotation": 90, "texture": "#0", "cullface": "down"},
				"south": {"uv": [13, 8, 9, 9], "rotation": 180, "texture": "#0", "cullface": "down"},
				"west": {"uv": [10, 9, 9, 8], "rotation": 270, "texture": "#0", "cullface": "down"},
				"up": {"uv": [2, 1, 0, 0], "texture": "#0", "cullface": "down"},
				"down": {"uv": [13, 9, 9, 8], "rotation": 180, "texture": "#0", "cullface": "down"}
			}
		},
		{
			"from": [9, -0.25, 2],
			"to": [13, 2.25, 3],
			"light_emission": 15,
			"rotation": {"angle": 0, "axis": "y", "origin": [8, 8, 8]},
			"faces": {
				"north": {"uv": [13, 13, 9, 14], "texture": "#0", "cullface": "down"},
				"east": {"uv": [9, 14, 13, 13], "rotation": 90, "texture": "#0", "cullface": "down"},
				"south": {"uv": [13, 8, 9, 9], "rotation": 180, "texture": "#0", "cullface": "down"},
				"west": {"uv": [13, 14, 9, 13], "rotation": 270, "texture": "#0", "cullface": "down"},
				"up": {"uv": [2, 1, 0, 0], "texture": "#0", "cullface": "down"},
				"down": {"uv": [13, 14, 9, 13], "rotation": 180, "texture": "#0", "cullface": "down"}
			}
		},
		{
			"from": [7, -0.25, 11],
			"to": [12, 2.25, 12],
			"light_emission": 15,
			"rotation": {"angle": 0, "axis": "y", "origin": [8, 8, 8]},
			"faces": {
				"north": {"uv": [13, 8, 9, 9], "texture": "#0", "cullface": "down"},
				"east": {"uv": [12, 5, 7, 4], "rotation": 90, "texture": "#0", "cullface": "down"},
				"south": {"uv": [12, 4, 7, 5], "rotation": 180, "texture": "#0", "cullface": "down"},
				"west": {"uv": [12, 5, 7, 4], "rotation": 270, "texture": "#0", "cullface": "down"},
				"up": {"uv": [2, 1, 0, 0], "texture": "#0", "cullface": "down"},
				"down": {"uv": [12, 5, 7, 4], "rotation": 180, "texture": "#0", "cullface": "down"}
			}
		},
		{
			"from": [4, -0.35, 10],
			"to": [11, 2.15, 11],
			"light_emission": 15,
			"rotation": {"angle": 0, "axis": "y", "origin": [8, 8, 8]},
			"faces": {
				"north": {"uv": [11, 5, 4, 6], "texture": "#0", "cullface": "down"},
				"east": {"uv": [4, 6, 11, 5], "rotation": 90, "texture": "#0", "cullface": "down"},
				"south": {"uv": [11, 5, 4, 6], "rotation": 180, "texture": "#0", "cullface": "down"},
				"west": {"uv": [4, 6, 11, 5], "rotation": 270, "texture": "#0", "cullface": "down"},
				"up": {"uv": [2, 1, 0, 0], "texture": "#0", "cullface": "down"},
				"down": {"uv": [11, 6, 4, 5], "rotation": 180, "texture": "#0", "cullface": "down"}
			}
		},
		{
			"from": [8, -0.25, 3],
			"to": [15, 2.25, 4],
			"light_emission": 15,
			"rotation": {"angle": 0, "axis": "y", "origin": [8, 8, 8]},
			"faces": {
				"north": {"uv": [15, 12, 8, 13], "texture": "#0", "cullface": "down"},
				"east": {"uv": [8, 13, 15, 12], "rotation": 90, "texture": "#0", "cullface": "down"},
				"south": {"uv": [15, 12, 8, 13], "rotation": 180, "texture": "#0", "cullface": "down"},
				"west": {"uv": [8, 13, 15, 12], "rotation": 270, "texture": "#0", "cullface": "down"},
				"up": {"uv": [2, 1, 0, 0], "texture": "#0", "cullface": "down"},
				"down": {"uv": [15, 13, 8, 12], "rotation": 180, "texture": "#0", "cullface": "down"}
			}
		},
		{
			"from": [2, -0.35, 6],
			"to": [7, 2.15, 7],
			"light_emission": 15,
			"rotation": {"angle": 0, "axis": "y", "origin": [8, 8, 8]},
			"faces": {
				"north": {"uv": [7, 9, 2, 10], "texture": "#0", "cullface": "down"},
				"east": {"uv": [2, 10, 7, 9], "rotation": 90, "texture": "#0", "cullface": "down"},
				"south": {"uv": [7, 9, 2, 10], "rotation": 180, "texture": "#0", "cullface": "down"},
				"west": {"uv": [2, 10, 7, 9], "rotation": 270, "texture": "#0", "cullface": "down"},
				"up": {"uv": [2, 1, 0, 0], "texture": "#0", "cullface": "down"},
				"down": {"uv": [7, 10, 2, 9], "rotation": 180, "texture": "#0", "cullface": "down"}
			}
		},
		{
			"from": [10, -0.35, 14],
			"to": [14, 2.15, 15],
			"light_emission": 15,
			"rotation": {"angle": 0, "axis": "y", "origin": [8, 8, 8]},
			"faces": {
				"north": {"uv": [10, 1, 14, 2], "texture": "#0", "cullface": "down"},
				"east": {"uv": [13, 9, 12, 8], "rotation": 90, "texture": "#0", "cullface": "down"},
				"south": {"uv": [10, 1, 14, 2], "rotation": 180, "texture": "#0", "cullface": "down"},
				"west": {"uv": [10, 9, 9, 8], "rotation": 270, "texture": "#0", "cullface": "down"},
				"up": {"uv": [2, 1, 0, 0], "texture": "#0", "cullface": "down"},
				"down": {"uv": [14, 2, 10, 1], "rotation": 180, "texture": "#0", "cullface": "down"}
			}
		},
		{
			"from": [2, -0.35, 13],
			"to": [5, 2.15, 14],
			"light_emission": 15,
			"rotation": {"angle": 0, "axis": "y", "origin": [8, 8, 8]},
			"faces": {
				"north": {"uv": [2, 2, 5, 3], "texture": "#0", "cullface": "down"},
				"east": {"uv": [5, 3, 2, 2], "rotation": 90, "texture": "#0", "cullface": "down"},
				"south": {"uv": [2, 2, 5, 3], "rotation": 180, "texture": "#0", "cullface": "down"},
				"west": {"uv": [5, 3, 2, 2], "rotation": 270, "texture": "#0", "cullface": "down"},
				"up": {"uv": [2, 1, 0, 0], "texture": "#0", "cullface": "down"},
				"down": {"uv": [5, 3, 2, 2], "rotation": 180, "texture": "#0", "cullface": "down"}
			}
		},
		{
			"from": [1, -0.45, 12],
			"to": [4, 2.05, 13],
			"light_emission": 15,
			"rotation": {"angle": 0, "axis": "y", "origin": [8, 8, 8]},
			"faces": {
				"north": {"uv": [4, 3, 1, 4], "texture": "#0", "cullface": "down"},
				"east": {"uv": [4, 4, 3, 3], "rotation": 90, "texture": "#0", "cullface": "down"},
				"south": {"uv": [4, 3, 1, 4], "rotation": 180, "texture": "#0", "cullface": "down"},
				"west": {"uv": [1, 4, 4, 3], "rotation": 270, "texture": "#0", "cullface": "down"},
				"up": {"uv": [2, 1, 0, 0], "texture": "#0", "cullface": "down"},
				"down": {"uv": [4, 4, 1, 3], "rotation": 180, "texture": "#0", "cullface": "down"}
			}
		},
		{
			"from": [6, -0.35, 9],
			"to": [9, 2.15, 10],
			"light_emission": 15,
			"rotation": {"angle": 0, "axis": "y", "origin": [8, 8, 8]},
			"faces": {
				"north": {"uv": [9, 6, 6, 7], "texture": "#0", "cullface": "down"},
				"east": {"uv": [6, 7, 9, 6], "rotation": 90, "texture": "#0", "cullface": "down"},
				"south": {"uv": [9, 6, 6, 7], "rotation": 180, "texture": "#0", "cullface": "down"},
				"west": {"uv": [6, 7, 9, 6], "rotation": 270, "texture": "#0", "cullface": "down"},
				"up": {"uv": [2, 1, 0, 0], "texture": "#0", "cullface": "down"},
				"down": {"uv": [9, 7, 6, 6], "rotation": 180, "texture": "#0", "cullface": "down"}
			}
		},
		{
			"from": [4, -0.25, 5],
			"to": [6, 2.25, 6],
			"light_emission": 15,
			"rotation": {"angle": 0, "axis": "y", "origin": [8, 8, 8]},
			"faces": {
				"north": {"uv": [6, 10, 4, 11], "texture": "#0", "cullface": "down"},
				"east": {"uv": [6, 11, 5, 10], "rotation": 90, "texture": "#0", "cullface": "down"},
				"south": {"uv": [6, 10, 4, 11], "rotation": 180, "texture": "#0", "cullface": "down"},
				"west": {"uv": [5, 11, 4, 10], "rotation": 270, "texture": "#0", "cullface": "down"},
				"up": {"uv": [2, 1, 0, 0], "texture": "#0", "cullface": "down"},
				"down": {"uv": [6, 11, 4, 10], "rotation": 180, "texture": "#0", "cullface": "down"}
			}
		},
		{
			"from": [3, -0.25, 7],
			"to": [5, 2.25, 8],
			"light_emission": 15,
			"rotation": {"angle": 0, "axis": "y", "origin": [8, 8, 8]},
			"faces": {
				"north": {"uv": [5, 8, 3, 9], "texture": "#0", "cullface": "down"},
				"east": {"uv": [5, 9, 4, 8], "rotation": 90, "texture": "#0", "cullface": "down"},
				"south": {"uv": [5, 8, 3, 9], "rotation": 180, "texture": "#0", "cullface": "down"},
				"west": {"uv": [4, 9, 3, 8], "rotation": 270, "texture": "#0", "cullface": "down"},
				"up": {"uv": [2, 1, 0, 0], "texture": "#0", "cullface": "down"},
				"down": {"uv": [5, 9, 3, 8], "rotation": 180, "texture": "#0", "cullface": "down"}
			}
		}
	],
	"groups": [
		0,
		{
			"name": "The ORES",
			"origin": [9, 8, 0.25],
			"color": 0,
			"children": [1, 2, 3, 4, 5, 6, 7, 8, 9, 10, 11, 12, 13, 14, 15, 16, 17, 18, 19]
		},
		{
			"name": "The ORES",
			"origin": [9, 8, 0.25],
			"color": 0,
			"children": [20, 21, 22, 23, 24, 25, 26, 27, 28, 29, 30, 31, 32, 33, 34, 35, 36, 37, 38]
		},
		{
			"name": "The ORES",
			"origin": [9, 8, 0.25],
			"color": 0,
			"children": [39, 40, 41, 42, 43, 44, 45, 46, 47, 48, 49, 50, 51, 52, 53, 54, 55, 56, 57]
		},
		{
			"name": "The ORES",
			"origin": [9, 8, 0.25],
			"color": 0,
			"children": [58, 59, 60, 61, 62, 63, 64, 65, 66, 67, 68, 69, 70, 71, 72, 73, 74, 75, 76]
		},
		{
			"name": "The ORES",
			"origin": [9, 8, 0.25],
			"color": 0,
			"children": [77, 78, 79, 80, 81, 82, 83, 84, 85, 86, 87, 88, 89, 90, 91, 92, 93, 94, 95]
		},
		{
			"name": "The ORES",
			"origin": [9, 8, 0.25],
			"color": 0,
			"children": [96, 97, 98, 99, 100, 101, 102, 103, 104, 105, 106, 107, 108, 109, 110, 111, 112, 113, 114]
		}
	]
}