{
	"format_version": "1.21.6",
	"credit": "Made with Blockbench",
	"parent": "minecraft:block/cube_all",
	"textures": {
		"0": "block/deepslate_diamond_ore",
		"particle": "block/deepslate_diamond_ore"
	},
	"elements": [
		{
			"from": [0, 0, 0],
			"to": [16, 16, 16],
			"faces": {
				"north": {"uv": [0, 0, 16, 16], "texture": "#0", "cullface": "north"},
				"east": {"uv": [0, 0, 16, 16], "texture": "#0", "cullface": "east"},
				"south": {"uv": [0, 0, 16, 16], "texture": "#0", "cullface": "south"},
				"west": {"uv": [0, 0, 16, 16], "texture": "#0", "cullface": "west"},
				"up": {"uv": [0, 0, 16, 16], "texture": "#0", "cullface": "up"},
				"down": {"uv": [0, 0, 16, 16], "texture": "#0", "cullface": "down"}
			}
		},
		{
			"from": [8, 9, -0.35],
			"to": [13, 10, 2],
			"light_emission": 15,
			"rotation": {"angle": 0, "axis": "y", "origin": [8, 8, 8]},
			"faces": {
				"north": {"uv": [3, 6, 8, 7], "texture": "#0", "cullface": "north"},
				"east": {"uv": [8, 6, 3, 7], "texture": "#0", "cullface": "north"},
				"south": {"uv": [0, 0, 5, 1], "texture": "#0", "cullface": "north"},
				"west": {"uv": [8, 6, 3, 7], "texture": "#0", "cullface": "north"},
				"up": {"uv": [8, 6, 3, 7], "texture": "#0", "cullface": "north"},
				"down": {"uv": [8, 6, 3, 7], "texture": "#0", "cullface": "north"}
			}
		},
		{
			"from": [2, 3, -0.35],
			"to": [8, 4, 2],
			"light_emission": 15,
			"rotation": {"angle": 0, "axis": "y", "origin": [2, 8, 8]},
			"faces": {
				"north": {"uv": [8, 12, 14, 13], "texture": "#0", "cullface": "north"},
				"east": {"uv": [14, 12, 8, 13], "texture": "#0", "cullface": "north"},
				"south": {"uv": [0, 0, 5, 1], "texture": "#0", "cullface": "north"},
				"west": {"uv": [14, 12, 8, 13], "texture": "#0", "cullface": "north"},
				"up": {"uv": [14, 12, 8, 13], "texture": "#0", "cullface": "north"},
				"down": {"uv": [14, 12, 8, 13], "texture": "#0", "cullface": "north"}
			}
		},
		{
			"from": [3, 4, -0.25],
			"to": [5, 5, 2],
			"light_emission": 15,
			"rotation": {"angle": 0, "axis": "y", "origin": [3, 8, 8]},
			"faces": {
				"north": {"uv": [11, 11, 13, 12], "texture": "#0", "cullface": "north"},
				"east": {"uv": [13, 11, 11, 12], "texture": "#0", "cullface": "north"},
				"south": {"uv": [0, 0, 5, 1], "texture": "#0", "cullface": "north"},
				"west": {"uv": [13, 11, 11, 12], "texture": "#0", "cullface": "north"},
				"up": {"uv": [13, 11, 11, 12], "texture": "#0", "cullface": "north"},
				"down": {"uv": [13, 11, 11, 12], "texture": "#0", "cullface": "north"}
			}
		},
		{
			"from": [5, 2, -0.15],
			"to": [7, 3, 2],
			"light_emission": 15,
			"rotation": {"angle": 0, "axis": "y", "origin": [5, 8, 8]},
			"faces": {
				"north": {"uv": [9, 13, 11, 14], "texture": "#0", "cullface": "north"},
				"east": {"uv": [11, 13, 9, 14], "texture": "#0", "cullface": "north"},
				"south": {"uv": [0, 0, 5, 1], "texture": "#0", "cullface": "north"},
				"west": {"uv": [11, 13, 9, 14], "texture": "#0", "cullface": "north"},
				"up": {"uv": [11, 13, 9, 14], "texture": "#0", "cullface": "north"},
				"down": {"uv": [11, 13, 9, 14], "texture": "#0", "cullface": "north"}
			}
		},
		{
			"from": [11, 2, -0.25],
			"to": [13, 3, 2],
			"light_emission": 15,
			"rotation": {"angle": 0, "axis": "y", "origin": [11, 8, 8]},
			"faces": {
				"north": {"uv": [3, 13, 5, 14], "texture": "#0", "cullface": "north"},
				"east": {"uv": [5, 13, 3, 14], "texture": "#0", "cullface": "north"},
				"south": {"uv": [0, 0, 5, 1], "texture": "#0", "cullface": "north"},
				"west": {"uv": [5, 13, 3, 14], "texture": "#0", "cullface": "north"},
				"up": {"uv": [5, 13, 3, 14], "texture": "#0", "cullface": "north"},
				"down": {"uv": [5, 13, 3, 14], "texture": "#0", "cullface": "north"}
			}
		},
		{
			"from": [13, 7, -0.35],
			"to": [15, 8, 2],
			"light_emission": 15,
			"rotation": {"angle": 0, "axis": "y", "origin": [13, 8, 8]},
			"faces": {
				"north": {"uv": [1, 8, 3, 9], "texture": "#0", "cullface": "north"},
				"east": {"uv": [3, 8, 1, 9], "texture": "#0", "cullface": "north"},
				"south": {"uv": [0, 0, 5, 1], "texture": "#0", "cullface": "north"},
				"west": {"uv": [3, 8, 1, 9], "texture": "#0", "cullface": "north"},
				"up": {"uv": [3, 8, 1, 9], "texture": "#0", "cullface": "north"},
				"down": {"uv": [3, 8, 1, 9], "texture": "#0", "cullface": "north"}
			}
		},
		{
			"from": [9, 10, -0.25],
			"to": [11, 11, 2],
			"light_emission": 15,
			"rotation": {"angle": 0, "axis": "y", "origin": [9, 8, 8]},
			"faces": {
				"north": {"uv": [5, 5, 7, 6], "texture": "#0", "cullface": "north"},
				"east": {"uv": [7, 5, 5, 6], "texture": "#0", "cullface": "north"},
				"south": {"uv": [0, 0, 5, 1], "texture": "#0", "cullface": "north"},
				"west": {"uv": [7, 5, 5, 6], "texture": "#0", "cullface": "north"},
				"up": {"uv": [7, 5, 5, 6], "texture": "#0", "cullface": "north"},
				"down": {"uv": [7, 5, 5, 6], "texture": "#0", "cullface": "north"}
			}
		},
		{
			"from": [7, 12, -0.25],
			"to": [9, 13, 2],
			"light_emission": 15,
			"rotation": {"angle": 0, "axis": "y", "origin": [7, 8, 8]},
			"faces": {
				"north": {"uv": [7, 3, 9, 4], "texture": "#0", "cullface": "north"},
				"east": {"uv": [9, 3, 7, 4], "texture": "#0", "cullface": "north"},
				"south": {"uv": [0, 0, 5, 1], "texture": "#0", "cullface": "north"},
				"west": {"uv": [9, 3, 7, 4], "texture": "#0", "cullface": "north"},
				"up": {"uv": [9, 3, 7, 4], "texture": "#0", "cullface": "north"},
				"down": {"uv": [9, 3, 7, 4], "texture": "#0", "cullface": "north"}
			}
		},
		{
			"from": [2, 13, -0.25],
			"to": [4, 14, 2],
			"light_emission": 15,
			"rotation": {"angle": 0, "axis": "y", "origin": [2, 8, 8]},
			"faces": {
				"north": {"uv": [7, 3, 9, 4], "texture": "#0", "cullface": "north"},
				"east": {"uv": [9, 3, 7, 4], "texture": "#0", "cullface": "north"},
				"south": {"uv": [0, 0, 5, 1], "texture": "#0", "cullface": "north"},
				"west": {"uv": [9, 3, 7, 4], "texture": "#0", "cullface": "north"},
				"up": {"uv": [9, 3, 7, 4], "texture": "#0", "cullface": "north"},
				"down": {"uv": [9, 3, 7, 4], "texture": "#0", "cullface": "north"}
			}
		},
		{
			"from": [6, 7, -0.25],
			"to": [8, 8, 2],
			"light_emission": 15,
			"rotation": {"angle": 0, "axis": "y", "origin": [6, 8, 8]},
			"faces": {
				"north": {"uv": [8, 8, 10, 9], "texture": "#0", "cullface": "north"},
				"east": {"uv": [10, 8, 8, 9], "texture": "#0", "cullface": "north"},
				"south": {"uv": [0, 0, 5, 1], "texture": "#0", "cullface": "north"},
				"west": {"uv": [10, 8, 8, 9], "texture": "#0", "cullface": "north"},
				"up": {"uv": [10, 8, 8, 9], "texture": "#0", "cullface": "north"},
				"down": {"uv": [10, 8, 8, 9], "texture": "#0", "cullface": "north"}
			}
		},
		{
			"from": [11, 13, -0.25],
			"to": [12, 14, 2],
			"light_emission": 15,
			"rotation": {"angle": 0, "axis": "y", "origin": [11, 8, 8]},
			"faces": {
				"north": {"uv": [4, 2, 5, 3], "texture": "#0", "cullface": "north"},
				"east": {"uv": [4, 2, 5, 3], "texture": "#0", "cullface": "north"},
				"south": {"uv": [0, 0, 5, 1], "texture": "#0", "cullface": "north"},
				"west": {"uv": [4, 2, 5, 3], "texture": "#0", "cullface": "north"},
				"up": {"uv": [4, 2, 5, 3], "texture": "#0", "cullface": "north"},
				"down": {"uv": [4, 2, 5, 3], "texture": "#0", "cullface": "north"}
			}
		},
		{
			"from": [4, 9, -0.25],
			"to": [6, 11, 2],
			"light_emission": 15,
			"rotation": {"angle": 0, "axis": "y", "origin": [4, 8, 8]},
			"faces": {
				"north": {"uv": [10, 5, 12, 7], "texture": "#0", "cullface": "north"},
				"east": {"uv": [12, 5, 10, 7], "texture": "#0", "cullface": "north"},
				"south": {"uv": [0, 0, 5, 1], "texture": "#0", "cullface": "north"},
				"west": {"uv": [12, 5, 10, 7], "texture": "#0", "cullface": "north"},
				"up": {"uv": [12, 5, 10, 7], "texture": "#0", "cullface": "north"},
				"down": {"uv": [12, 5, 10, 7], "texture": "#0", "cullface": "north"}
			}
		},
		{
			"from": [11, 5, -0.15],
			"to": [12, 6, 2],
			"light_emission": 15,
			"rotation": {"angle": 0, "axis": "y", "origin": [11, 8, 8]},
			"faces": {
				"north": {"uv": [4, 10, 5, 11], "texture": "#0", "cullface": "north"},
				"east": {"uv": [4, 2, 5, 3], "texture": "#0", "cullface": "north"},
				"south": {"uv": [0, 0, 5, 1], "texture": "#0", "cullface": "north"},
				"west": {"uv": [4, 2, 5, 3], "texture": "#0", "cullface": "north"},
				"up": {"uv": [4, 2, 5, 3], "texture": "#0", "cullface": "north"},
				"down": {"uv": [4, 2, 5, 3], "texture": "#0", "cullface": "north"}
			}
		},
		{
			"from": [5, 6, -0.35],
			"to": [9, 7, 2],
			"light_emission": 15,
			"rotation": {"angle": 0, "axis": "y", "origin": [5, 8, 8]},
			"faces": {
				"north": {"uv": [7, 9, 11, 10], "texture": "#0", "cullface": "north"},
				"east": {"uv": [11, 9, 7, 10], "texture": "#0", "cullface": "north"},
				"south": {"uv": [0, 0, 5, 1], "texture": "#0", "cullface": "north"},
				"west": {"uv": [11, 9, 7, 10], "texture": "#0", "cullface": "north"},
				"up": {"uv": [11, 9, 7, 10], "texture": "#0", "cullface": "north"},
				"down": {"uv": [11, 9, 7, 10], "texture": "#0", "cullface": "north"}
			}
		},
		{
			"from": [3, 9, 14],
			"to": [8, 10, 16.35],
			"light_emission": 15,
			"rotation": {"angle": 0, "axis": "y", "origin": [8, 8, 8]},
			"faces": {
				"north": {"uv": [0, 0, 5, 1], "texture": "#0", "cullface": "south"},
				"east": {"uv": [8, 6, 3, 7], "texture": "#0", "cullface": "south"},
				"south": {"uv": [3, 6, 8, 7], "texture": "#0", "cullface": "south"},
				"west": {"uv": [8, 6, 3, 7], "texture": "#0", "cullface": "south"},
				"up": {"uv": [3, 7, 8, 6], "texture": "#0", "cullface": "south"},
				"down": {"uv": [3, 7, 8, 6], "texture": "#0", "cullface": "south"}
			}
		},
		{
			"from": [8, 3, 14],
			"to": [14, 4, 16.35],
			"light_emission": 15,
			"rotation": {"angle": 0, "axis": "y", "origin": [14, 8, 8]},
			"faces": {
				"north": {"uv": [0, 0, 5, 1], "texture": "#0", "cullface": "south"},
				"east": {"uv": [14, 12, 8, 13], "texture": "#0", "cullface": "south"},
				"south": {"uv": [8, 12, 14, 13], "texture": "#0", "cullface": "south"},
				"west": {"uv": [14, 12, 8, 13], "texture": "#0", "cullface": "south"},
				"up": {"uv": [8, 13, 14, 12], "texture": "#0", "cullface": "south"},
				"down": {"uv": [8, 13, 14, 12], "texture": "#0", "cullface": "south"}
			}
		},
		{
			"from": [11, 4, 14],
			"to": [13, 5, 16.25],
			"light_emission": 15,
			"rotation": {"angle": 0, "axis": "y", "origin": [13, 8, 8]},
			"faces": {
				"north": {"uv": [0, 0, 5, 1], "texture": "#0", "cullface": "south"},
				"east": {"uv": [13, 11, 11, 12], "texture": "#0", "cullface": "south"},
				"south": {"uv": [11, 11, 13, 12], "texture": "#0", "cullface": "south"},
				"west": {"uv": [13, 11, 11, 12], "texture": "#0", "cullface": "south"},
				"up": {"uv": [11, 12, 13, 11], "texture": "#0", "cullface": "south"},
				"down": {"uv": [11, 12, 13, 11], "texture": "#0", "cullface": "south"}
			}
		},
		{
			"from": [9, 2, 14],
			"to": [11, 3, 16.15],
			"light_emission": 15,
			"rotation": {"angle": 0, "axis": "y", "origin": [11, 8, 8]},
			"faces": {
				"north": {"uv": [0, 0, 5, 1], "texture": "#0", "cullface": "south"},
				"east": {"uv": [11, 13, 9, 14], "texture": "#0", "cullface": "south"},
				"south": {"uv": [9, 13, 11, 14], "texture": "#0", "cullface": "south"},
				"west": {"uv": [11, 13, 9, 14], "texture": "#0", "cullface": "south"},
				"up": {"uv": [9, 14, 11, 13], "texture": "#0", "cullface": "south"},
				"down": {"uv": [9, 14, 11, 13], "texture": "#0", "cullface": "south"}
			}
		},
		{
			"from": [3, 2, 14],
			"to": [5, 3, 16.25],
			"light_emission": 15,
			"rotation": {"angle": 0, "axis": "y", "origin": [5, 8, 8]},
			"faces": {
				"north": {"uv": [0, 0, 5, 1], "texture": "#0", "cullface": "south"},
				"east": {"uv": [5, 13, 3, 14], "texture": "#0", "cullface": "south"},
				"south": {"uv": [3, 13, 5, 14], "texture": "#0", "cullface": "south"},
				"west": {"uv": [5, 13, 3, 14], "texture": "#0", "cullface": "south"},
				"up": {"uv": [3, 14, 5, 13], "texture": "#0", "cullface": "south"},
				"down": {"uv": [3, 14, 5, 13], "texture": "#0", "cullface": "south"}
			}
		},
		{
			"from": [1, 7, 14],
			"to": [3, 8, 16.35],
			"light_emission": 15,
			"rotation": {"angle": 0, "axis": "y", "origin": [3, 8, 8]},
			"faces": {
				"north": {"uv": [0, 0, 5, 1], "texture": "#0", "cullface": "south"},
				"east": {"uv": [3, 8, 1, 9], "texture": "#0", "cullface": "south"},
				"south": {"uv": [1, 8, 3, 9], "texture": "#0", "cullface": "south"},
				"west": {"uv": [3, 8, 1, 9], "texture": "#0", "cullface": "south"},
				"up": {"uv": [1, 9, 3, 8], "texture": "#0", "cullface": "south"},
				"down": {"uv": [1, 9, 3, 8], "texture": "#0", "cullface": "south"}
			}
		},
		{
			"from": [5, 10, 14],
			"to": [7, 11, 16.25],
			"light_emission": 15,
			"rotation": {"angle": 0, "axis": "y", "origin": [7, 8, 8]},
			"faces": {
				"north": {"uv": [0, 0, 5, 1], "texture": "#0", "cullface": "south"},
				"east": {"uv": [7, 5, 5, 6], "texture": "#0", "cullface": "south"},
				"south": {"uv": [5, 5, 7, 6], "texture": "#0", "cullface": "south"},
				"west": {"uv": [7, 5, 5, 6], "texture": "#0", "cullface": "south"},
				"up": {"uv": [5, 6, 7, 5], "texture": "#0", "cullface": "south"},
				"down": {"uv": [5, 6, 7, 5], "texture": "#0", "cullface": "south"}
			}
		},
		{
			"from": [7, 12, 14],
			"to": [9, 13, 16.25],
			"light_emission": 15,
			"rotation": {"angle": 0, "axis": "y", "origin": [9, 8, 8]},
			"faces": {
				"north": {"uv": [0, 0, 5, 1], "texture": "#0", "cullface": "south"},
				"east": {"uv": [9, 3, 7, 4], "texture": "#0", "cullface": "south"},
				"south": {"uv": [7, 3, 9, 4], "texture": "#0", "cullface": "south"},
				"west": {"uv": [9, 3, 7, 4], "texture": "#0", "cullface": "south"},
				"up": {"uv": [7, 4, 9, 3], "texture": "#0", "cullface": "south"},
				"down": {"uv": [7, 4, 9, 3], "texture": "#0", "cullface": "south"}
			}
		},
		{
			"from": [12, 13, 14],
			"to": [14, 14, 16.25],
			"light_emission": 15,
			"rotation": {"angle": 0, "axis": "y", "origin": [14, 8, 8]},
			"faces": {
				"north": {"uv": [0, 0, 5, 1], "texture": "#0", "cullface": "south"},
				"east": {"uv": [9, 3, 7, 4], "texture": "#0", "cullface": "south"},
				"south": {"uv": [7, 3, 9, 4], "texture": "#0", "cullface": "south"},
				"west": {"uv": [9, 3, 7, 4], "texture": "#0", "cullface": "south"},
				"up": {"uv": [7, 4, 9, 3], "texture": "#0", "cullface": "south"},
				"down": {"uv": [7, 4, 9, 3], "texture": "#0", "cullface": "south"}
			}
		},
		{
			"from": [8, 7, 14],
			"to": [10, 8, 16.25],
			"light_emission": 15,
			"rotation": {"angle": 0, "axis": "y", "origin": [10, 8, 8]},
			"faces": {
				"north": {"uv": [0, 0, 5, 1], "texture": "#0", "cullface": "south"},
				"east": {"uv": [10, 8, 8, 9], "texture": "#0", "cullface": "south"},
				"south": {"uv": [8, 8, 10, 9], "texture": "#0", "cullface": "south"},
				"west": {"uv": [10, 8, 8, 9], "texture": "#0", "cullface": "south"},
				"up": {"uv": [8, 9, 10, 8], "texture": "#0", "cullface": "south"},
				"down": {"uv": [8, 9, 10, 8], "texture": "#0", "cullface": "south"}
			}
		},
		{
			"from": [4, 13, 14],
			"to": [5, 14, 16.25],
			"light_emission": 15,
			"rotation": {"angle": 0, "axis": "y", "origin": [5, 8, 8]},
			"faces": {
				"north": {"uv": [0, 0, 5, 1], "texture": "#0", "cullface": "south"},
				"east": {"uv": [4, 2, 5, 3], "texture": "#0", "cullface": "south"},
				"south": {"uv": [4, 2, 5, 3], "texture": "#0", "cullface": "south"},
				"west": {"uv": [4, 2, 5, 3], "texture": "#0", "cullface": "south"},
				"up": {"uv": [5, 3, 4, 2], "texture": "#0", "cullface": "south"},
				"down": {"uv": [5, 3, 4, 2], "texture": "#0", "cullface": "south"}
			}
		},
		{
			"from": [10, 9, 14],
			"to": [12, 11, 16.25],
			"light_emission": 15,
			"rotation": {"angle": 0, "axis": "y", "origin": [12, 8, 8]},
			"faces": {
				"north": {"uv": [0, 0, 5, 1], "texture": "#0", "cullface": "south"},
				"east": {"uv": [12, 5, 10, 7], "texture": "#0", "cullface": "south"},
				"south": {"uv": [10, 5, 12, 7], "texture": "#0", "cullface": "south"},
				"west": {"uv": [12, 5, 10, 7], "texture": "#0", "cullface": "south"},
				"up": {"uv": [10, 7, 12, 5], "texture": "#0", "cullface": "south"},
				"down": {"uv": [10, 7, 12, 5], "texture": "#0", "cullface": "south"}
			}
		},
		{
			"from": [4, 5, 14],
			"to": [5, 6, 16.15],
			"light_emission": 15,
			"rotation": {"angle": 0, "axis": "y", "origin": [5, 8, 8]},
			"faces": {
				"north": {"uv": [0, 0, 5, 1], "texture": "#0", "cullface": "south"},
				"east": {"uv": [4, 2, 5, 3], "texture": "#0", "cullface": "south"},
				"south": {"uv": [4, 10, 5, 11], "texture": "#0", "cullface": "south"},
				"west": {"uv": [4, 2, 5, 3], "texture": "#0", "cullface": "south"},
				"up": {"uv": [5, 3, 4, 2], "texture": "#0", "cullface": "south"},
				"down": {"uv": [5, 3, 4, 2], "texture": "#0", "cullface": "south"}
			}
		},
		{
			"from": [7, 6, 14],
			"to": [11, 7, 16.35],
			"light_emission": 15,
			"rotation": {"angle": 0, "axis": "y", "origin": [11, 8, 8]},
			"faces": {
				"north": {"uv": [0, 0, 5, 1], "texture": "#0", "cullface": "south"},
				"east": {"uv": [11, 9, 7, 10], "texture": "#0", "cullface": "south"},
				"south": {"uv": [7, 9, 11, 10], "texture": "#0", "cullface": "south"},
				"west": {"uv": [11, 9, 7, 10], "texture": "#0", "cullface": "south"},
				"up": {"uv": [7, 10, 11, 9], "texture": "#0", "cullface": "south"},
				"down": {"uv": [7, 10, 11, 9], "texture": "#0", "cullface": "south"}
			}
		},
		{
			"from": [14, 9, 8],
			"to": [16.35, 10, 13],
			"light_emission": 15,
			"rotation": {"angle": 0, "axis": "y", "origin": [8, 8, 8]},
			"faces": {
				"north": {"uv": [8, 6, 3, 7], "texture": "#0", "cullface": "east"},
				"east": {"uv": [3, 6, 8, 7], "texture": "#0", "cullface": "east"},
				"south": {"uv": [8, 6, 3, 7], "texture": "#0", "cullface": "east"},
				"west": {"uv": [0, 0, 5, 1], "texture": "#0", "cullface": "east"},
				"up": {"uv": [3, 7, 8, 6], "rotation": 270, "texture": "#0", "cullface": "east"},
				"down": {"uv": [3, 7, 8, 6], "rotation": 90, "texture": "#0", "cullface": "east"}
			}
		},
		{
			"from": [14, 3, 2],
			"to": [16.35, 4, 8],
			"light_emission": 15,
			"rotation": {"angle": 0, "axis": "y", "origin": [8, 8, 2]},
			"faces": {
				"north": {"uv": [14, 12, 8, 13], "texture": "#0", "cullface": "east"},
				"east": {"uv": [8, 12, 14, 13], "texture": "#0", "cullface": "east"},
				"south": {"uv": [14, 12, 8, 13], "texture": "#0", "cullface": "east"},
				"west": {"uv": [0, 0, 5, 1], "texture": "#0", "cullface": "east"},
				"up": {"uv": [8, 13, 14, 12], "rotation": 270, "texture": "#0", "cullface": "east"},
				"down": {"uv": [8, 13, 14, 12], "rotation": 90, "texture": "#0", "cullface": "east"}
			}
		},
		{
			"from": [14, 4, 3],
			"to": [16.25, 5, 5],
			"light_emission": 15,
			"rotation": {"angle": 0, "axis": "y", "origin": [8, 8, 3]},
			"faces": {
				"north": {"uv": [13, 11, 11, 12], "texture": "#0", "cullface": "east"},
				"east": {"uv": [11, 11, 13, 12], "texture": "#0", "cullface": "east"},
				"south": {"uv": [13, 11, 11, 12], "texture": "#0", "cullface": "east"},
				"west": {"uv": [0, 0, 5, 1], "texture": "#0", "cullface": "east"},
				"up": {"uv": [11, 12, 13, 11], "rotation": 270, "texture": "#0", "cullface": "east"},
				"down": {"uv": [11, 12, 13, 11], "rotation": 90, "texture": "#0", "cullface": "east"}
			}
		},
		{
			"from": [14, 2, 5],
			"to": [16.15, 3, 7],
			"light_emission": 15,
			"rotation": {"angle": 0, "axis": "y", "origin": [8, 8, 5]},
			"faces": {
				"north": {"uv": [11, 13, 9, 14], "texture": "#0", "cullface": "east"},
				"east": {"uv": [9, 13, 11, 14], "texture": "#0", "cullface": "east"},
				"south": {"uv": [11, 13, 9, 14], "texture": "#0", "cullface": "east"},
				"west": {"uv": [0, 0, 5, 1], "texture": "#0", "cullface": "east"},
				"up": {"uv": [9, 14, 11, 13], "rotation": 270, "texture": "#0", "cullface": "east"},
				"down": {"uv": [9, 14, 11, 13], "rotation": 90, "texture": "#0", "cullface": "east"}
			}
		},
		{
			"from": [14, 2, 11],
			"to": [16.25, 3, 13],
			"light_emission": 15,
			"rotation": {"angle": 0, "axis": "y", "origin": [8, 8, 11]},
			"faces": {
				"north": {"uv": [5, 13, 3, 14], "texture": "#0", "cullface": "east"},
				"east": {"uv": [3, 13, 5, 14], "texture": "#0", "cullface": "east"},
				"south": {"uv": [5, 13, 3, 14], "texture": "#0", "cullface": "east"},
				"west": {"uv": [0, 0, 5, 1], "texture": "#0", "cullface": "east"},
				"up": {"uv": [3, 14, 5, 13], "rotation": 270, "texture": "#0", "cullface": "east"},
				"down": {"uv": [3, 14, 5, 13], "rotation": 90, "texture": "#0", "cullface": "east"}
			}
		},
		{
			"from": [14, 7, 13],
			"to": [16.35, 8, 15],
			"light_emission": 15,
			"rotation": {"angle": 0, "axis": "y", "origin": [8, 8, 13]},
			"faces": {
				"north": {"uv": [3, 8, 1, 9], "texture": "#0", "cullface": "east"},
				"east": {"uv": [1, 8, 3, 9], "texture": "#0", "cullface": "east"},
				"south": {"uv": [3, 8, 1, 9], "texture": "#0", "cullface": "east"},
				"west": {"uv": [0, 0, 5, 1], "texture": "#0", "cullface": "east"},
				"up": {"uv": [1, 9, 3, 8], "rotation": 270, "texture": "#0", "cullface": "east"},
				"down": {"uv": [1, 9, 3, 8], "rotation": 90, "texture": "#0", "cullface": "east"}
			}
		},
		{
			"from": [14, 10, 9],
			"to": [16.25, 11, 11],
			"light_emission": 15,
			"rotation": {"angle": 0, "axis": "y", "origin": [8, 8, 9]},
			"faces": {
				"north": {"uv": [7, 5, 5, 6], "texture": "#0", "cullface": "east"},
				"east": {"uv": [5, 5, 7, 6], "texture": "#0", "cullface": "east"},
				"south": {"uv": [7, 5, 5, 6], "texture": "#0", "cullface": "east"},
				"west": {"uv": [0, 0, 5, 1], "texture": "#0", "cullface": "east"},
				"up": {"uv": [5, 6, 7, 5], "rotation": 270, "texture": "#0", "cullface": "east"},
				"down": {"uv": [5, 6, 7, 5], "rotation": 90, "texture": "#0", "cullface": "east"}
			}
		},
		{
			"from": [14, 12, 7],
			"to": [16.25, 13, 9],
			"light_emission": 15,
			"rotation": {"angle": 0, "axis": "y", "origin": [8, 8, 7]},
			"faces": {
				"north": {"uv": [9, 3, 7, 4], "texture": "#0", "cullface": "east"},
				"east": {"uv": [7, 3, 9, 4], "texture": "#0", "cullface": "east"},
				"south": {"uv": [9, 3, 7, 4], "texture": "#0", "cullface": "east"},
				"west": {"uv": [0, 0, 5, 1], "texture": "#0", "cullface": "east"},
				"up": {"uv": [7, 4, 9, 3], "rotation": 270, "texture": "#0", "cullface": "east"},
				"down": {"uv": [7, 4, 9, 3], "rotation": 90, "texture": "#0", "cullface": "east"}
			}
		},
		{
			"from": [14, 13, 2],
			"to": [16.25, 14, 4],
			"light_emission": 15,
			"rotation": {"angle": 0, "axis": "y", "origin": [8, 8, 2]},
			"faces": {
				"north": {"uv": [9, 3, 7, 4], "texture": "#0", "cullface": "east"},
				"east": {"uv": [7, 3, 9, 4], "texture": "#0", "cullface": "east"},
				"south": {"uv": [9, 3, 7, 4], "texture": "#0", "cullface": "east"},
				"west": {"uv": [0, 0, 5, 1], "texture": "#0", "cullface": "east"},
				"up": {"uv": [7, 4, 9, 3], "rotation": 270, "texture": "#0", "cullface": "east"},
				"down": {"uv": [7, 4, 9, 3], "rotation": 90, "texture": "#0", "cullface": "east"}
			}
		},
		{
			"from": [14, 7, 6],
			"to": [16.25, 8, 8],
			"light_emission": 15,
			"rotation": {"angle": 0, "axis": "y", "origin": [8, 8, 6]},
			"faces": {
				"north": {"uv": [10, 8, 8, 9], "texture": "#0", "cullface": "east"},
				"east": {"uv": [8, 8, 10, 9], "texture": "#0", "cullface": "east"},
				"south": {"uv": [10, 8, 8, 9], "texture": "#0", "cullface": "east"},
				"west": {"uv": [0, 0, 5, 1], "texture": "#0", "cullface": "east"},
				"up": {"uv": [8, 9, 10, 8], "rotation": 270, "texture": "#0", "cullface": "east"},
				"down": {"uv": [8, 9, 10, 8], "rotation": 90, "texture": "#0", "cullface": "east"}
			}
		},
		{
			"from": [14, 13, 11],
			"to": [16.25, 14, 12],
			"light_emission": 15,
			"rotation": {"angle": 0, "axis": "y", "origin": [8, 8, 11]},
			"faces": {
				"north": {"uv": [4, 2, 5, 3], "texture": "#0", "cullface": "east"},
				"east": {"uv": [4, 2, 5, 3], "texture": "#0", "cullface": "east"},
				"south": {"uv": [4, 2, 5, 3], "texture": "#0", "cullface": "east"},
				"west": {"uv": [0, 0, 5, 1], "texture": "#0", "cullface": "east"},
				"up": {"uv": [5, 3, 4, 2], "rotation": 270, "texture": "#0", "cullface": "east"},
				"down": {"uv": [5, 3, 4, 2], "rotation": 90, "texture": "#0", "cullface": "east"}
			}
		},
		{
			"from": [14, 9, 4],
			"to": [16.25, 11, 6],
			"light_emission": 15,
			"rotation": {"angle": 0, "axis": "y", "origin": [8, 8, 4]},
			"faces": {
				"north": {"uv": [12, 5, 10, 7], "texture": "#0", "cullface": "east"},
				"east": {"uv": [10, 5, 12, 7], "texture": "#0", "cullface": "east"},
				"south": {"uv": [12, 5, 10, 7], "texture": "#0", "cullface": "east"},
				"west": {"uv": [0, 0, 5, 1], "texture": "#0", "cullface": "east"},
				"up": {"uv": [10, 7, 12, 5], "rotation": 270, "texture": "#0", "cullface": "east"},
				"down": {"uv": [10, 7, 12, 5], "rotation": 90, "texture": "#0", "cullface": "east"}
			}
		},
		{
			"from": [14, 5, 11],
			"to": [16.15, 6, 12],
			"light_emission": 15,
			"rotation": {"angle": 0, "axis": "y", "origin": [8, 8, 11]},
			"faces": {
				"north": {"uv": [4, 2, 5, 3], "texture": "#0", "cullface": "east"},
				"east": {"uv": [4, 10, 5, 11], "texture": "#0", "cullface": "east"},
				"south": {"uv": [4, 2, 5, 3], "texture": "#0", "cullface": "east"},
				"west": {"uv": [0, 0, 5, 1], "texture": "#0", "cullface": "east"},
				"up": {"uv": [5, 3, 4, 2], "rotation": 270, "texture": "#0", "cullface": "east"},
				"down": {"uv": [5, 3, 4, 2], "rotation": 90, "texture": "#0", "cullface": "east"}
			}
		},
		{
			"from": [14, 6, 5],
			"to": [16.35, 7, 9],
			"light_emission": 15,
			"rotation": {"angle": 0, "axis": "y", "origin": [8, 8, 5]},
			"faces": {
				"north": {"uv": [11, 9, 7, 10], "texture": "#0", "cullface": "east"},
				"east": {"uv": [7, 9, 11, 10], "texture": "#0", "cullface": "east"},
				"south": {"uv": [11, 9, 7, 10], "texture": "#0", "cullface": "east"},
				"west": {"uv": [0, 0, 5, 1], "texture": "#0", "cullface": "east"},
				"up": {"uv": [7, 10, 11, 9], "rotation": 270, "texture": "#0", "cullface": "east"},
				"down": {"uv": [7, 10, 11, 9], "rotation": 90, "texture": "#0", "cullface": "east"}
			}
		},
		{
			"from": [-0.35, 9, 3],
			"to": [2, 10, 8],
			"light_emission": 15,
			"rotation": {"angle": 0, "axis": "y", "origin": [8, 8, 8]},
			"faces": {
				"north": {"uv": [8, 6, 3, 7], "texture": "#0", "cullface": "west"},
				"east": {"uv": [0, 0, 5, 1], "texture": "#0", "cullface": "west"},
				"south": {"uv": [8, 6, 3, 7], "texture": "#0", "cullface": "west"},
				"west": {"uv": [3, 6, 8, 7], "texture": "#0", "cullface": "west"},
				"up": {"uv": [8, 6, 3, 7], "rotation": 270, "texture": "#0", "cullface": "west"},
				"down": {"uv": [8, 6, 3, 7], "rotation": 90, "texture": "#0", "cullface": "west"}
			}
		},
		{
			"from": [-0.35, 3, 8],
			"to": [2, 4, 14],
			"light_emission": 15,
			"rotation": {"angle": 0, "axis": "y", "origin": [8, 8, 14]},
			"faces": {
				"north": {"uv": [14, 12, 8, 13], "texture": "#0", "cullface": "west"},
				"east": {"uv": [0, 0, 5, 1], "texture": "#0", "cullface": "west"},
				"south": {"uv": [14, 12, 8, 13], "texture": "#0", "cullface": "west"},
				"west": {"uv": [8, 12, 14, 13], "texture": "#0", "cullface": "west"},
				"up": {"uv": [14, 12, 8, 13], "rotation": 270, "texture": "#0", "cullface": "west"},
				"down": {"uv": [14, 12, 8, 13], "rotation": 90, "texture": "#0", "cullface": "west"}
			}
		},
		{
			"from": [-0.25, 4, 11],
			"to": [2, 5, 13],
			"light_emission": 15,
			"rotation": {"angle": 0, "axis": "y", "origin": [8, 8, 13]},
			"faces": {
				"north": {"uv": [13, 11, 11, 12], "texture": "#0", "cullface": "west"},
				"east": {"uv": [0, 0, 5, 1], "texture": "#0", "cullface": "west"},
				"south": {"uv": [13, 11, 11, 12], "texture": "#0", "cullface": "west"},
				"west": {"uv": [11, 11, 13, 12], "texture": "#0", "cullface": "west"},
				"up": {"uv": [13, 11, 11, 12], "rotation": 270, "texture": "#0", "cullface": "west"},
				"down": {"uv": [13, 11, 11, 12], "rotation": 90, "texture": "#0", "cullface": "west"}
			}
		},
		{
			"from": [-0.15, 2, 9],
			"to": [2, 3, 11],
			"light_emission": 15,
			"rotation": {"angle": 0, "axis": "y", "origin": [8, 8, 11]},
			"faces": {
				"north": {"uv": [11, 13, 9, 14], "texture": "#0", "cullface": "west"},
				"east": {"uv": [0, 0, 5, 1], "texture": "#0", "cullface": "west"},
				"south": {"uv": [11, 13, 9, 14], "texture": "#0", "cullface": "west"},
				"west": {"uv": [9, 13, 11, 14], "texture": "#0", "cullface": "west"},
				"up": {"uv": [11, 13, 9, 14], "rotation": 270, "texture": "#0", "cullface": "west"},
				"down": {"uv": [11, 13, 9, 14], "rotation": 90, "texture": "#0", "cullface": "west"}
			}
		},
		{
			"from": [-0.25, 2, 3],
			"to": [2, 3, 5],
			"light_emission": 15,
			"rotation": {"angle": 0, "axis": "y", "origin": [8, 8, 5]},
			"faces": {
				"north": {"uv": [5, 13, 3, 14], "texture": "#0", "cullface": "west"},
				"east": {"uv": [0, 0, 5, 1], "texture": "#0", "cullface": "west"},
				"south": {"uv": [5, 13, 3, 14], "texture": "#0", "cullface": "west"},
				"west": {"uv": [3, 13, 5, 14], "texture": "#0", "cullface": "west"},
				"up": {"uv": [5, 13, 3, 14], "rotation": 270, "texture": "#0", "cullface": "west"},
				"down": {"uv": [5, 13, 3, 14], "rotation": 90, "texture": "#0", "cullface": "west"}
			}
		},
		{
			"from": [-0.35, 7, 1],
			"to": [2, 8, 3],
			"light_emission": 15,
			"rotation": {"angle": 0, "axis": "y", "origin": [8, 8, 3]},
			"faces": {
				"north": {"uv": [3, 8, 1, 9], "texture": "#0", "cullface": "west"},
				"east": {"uv": [0, 0, 5, 1], "texture": "#0", "cullface": "west"},
				"south": {"uv": [3, 8, 1, 9], "texture": "#0", "cullface": "west"},
				"west": {"uv": [1, 8, 3, 9], "texture": "#0", "cullface": "west"},
				"up": {"uv": [3, 8, 1, 9], "rotation": 270, "texture": "#0", "cullface": "west"},
				"down": {"uv": [3, 8, 1, 9], "rotation": 90, "texture": "#0", "cullface": "west"}
			}
		},
		{
			"from": [-0.25, 10, 5],
			"to": [2, 11, 7],
			"light_emission": 15,
			"rotation": {"angle": 0, "axis": "y", "origin": [8, 8, 7]},
			"faces": {
				"north": {"uv": [7, 5, 5, 6], "texture": "#0", "cullface": "west"},
				"east": {"uv": [0, 0, 5, 1], "texture": "#0", "cullface": "west"},
				"south": {"uv": [7, 5, 5, 6], "texture": "#0", "cullface": "west"},
				"west": {"uv": [5, 5, 7, 6], "texture": "#0", "cullface": "west"},
				"up": {"uv": [7, 5, 5, 6], "rotation": 270, "texture": "#0", "cullface": "west"},
				"down": {"uv": [7, 5, 5, 6], "rotation": 90, "texture": "#0", "cullface": "west"}
			}
		},
		{
			"from": [-0.25, 12, 7],
			"to": [2, 13, 9],
			"light_emission": 15,
			"rotation": {"angle": 0, "axis": "y", "origin": [8, 8, 9]},
			"faces": {
				"north": {"uv": [9, 3, 7, 4], "texture": "#0", "cullface": "west"},
				"east": {"uv": [0, 0, 5, 1], "texture": "#0", "cullface": "west"},
				"south": {"uv": [9, 3, 7, 4], "texture": "#0", "cullface": "west"},
				"west": {"uv": [7, 3, 9, 4], "texture": "#0", "cullface": "west"},
				"up": {"uv": [9, 3, 7, 4], "rotation": 270, "texture": "#0", "cullface": "west"},
				"down": {"uv": [9, 3, 7, 4], "rotation": 90, "texture": "#0", "cullface": "west"}
			}
		},
		{
			"from": [-0.25, 13, 12],
			"to": [2, 14, 14],
			"light_emission": 15,
			"rotation": {"angle": 0, "axis": "y", "origin": [8, 8, 14]},
			"faces": {
				"north": {"uv": [9, 3, 7, 4], "texture": "#0", "cullface": "west"},
				"east": {"uv": [0, 0, 5, 1], "texture": "#0", "cullface": "west"},
				"south": {"uv": [9, 3, 7, 4], "texture": "#0", "cullface": "west"},
				"west": {"uv": [7, 3, 9, 4], "texture": "#0", "cullface": "west"},
				"up": {"uv": [9, 3, 7, 4], "rotation": 270, "texture": "#0", "cullface": "west"},
				"down": {"uv": [9, 3, 7, 4], "rotation": 90, "texture": "#0", "cullface": "west"}
			}
		},
		{
			"from": [-0.25, 7, 8],
			"to": [2, 8, 10],
			"light_emission": 15,
			"rotation": {"angle": 0, "axis": "y", "origin": [8, 8, 10]},
			"faces": {
				"north": {"uv": [10, 8, 8, 9], "texture": "#0", "cullface": "west"},
				"east": {"uv": [0, 0, 5, 1], "texture": "#0", "cullface": "west"},
				"south": {"uv": [10, 8, 8, 9], "texture": "#0", "cullface": "west"},
				"west": {"uv": [8, 8, 10, 9], "texture": "#0", "cullface": "west"},
				"up": {"uv": [10, 8, 8, 9], "rotation": 270, "texture": "#0", "cullface": "west"},
				"down": {"uv": [10, 8, 8, 9], "rotation": 90, "texture": "#0", "cullface": "west"}
			}
		},
		{
			"from": [-0.25, 13, 4],
			"to": [2, 14, 5],
			"light_emission": 15,
			"rotation": {"angle": 0, "axis": "y", "origin": [8, 8, 5]},
			"faces": {
				"north": {"uv": [4, 2, 5, 3], "texture": "#0", "cullface": "west"},
				"east": {"uv": [0, 0, 5, 1], "texture": "#0", "cullface": "west"},
				"south": {"uv": [4, 2, 5, 3], "texture": "#0", "cullface": "west"},
				"west": {"uv": [4, 2, 5, 3], "texture": "#0", "cullface": "west"},
				"up": {"uv": [4, 2, 5, 3], "rotation": 270, "texture": "#0", "cullface": "west"},
				"down": {"uv": [4, 2, 5, 3], "rotation": 90, "texture": "#0", "cullface": "west"}
			}
		},
		{
			"from": [-0.25, 9, 10],
			"to": [2, 11, 12],
			"light_emission": 15,
			"rotation": {"angle": 0, "axis": "y", "origin": [8, 8, 12]},
			"faces": {
				"north": {"uv": [12, 5, 10, 7], "texture": "#0", "cullface": "west"},
				"east": {"uv": [0, 0, 5, 1], "texture": "#0", "cullface": "west"},
				"south": {"uv": [12, 5, 10, 7], "texture": "#0", "cullface": "west"},
				"west": {"uv": [10, 5, 12, 7], "texture": "#0", "cullface": "west"},
				"up": {"uv": [12, 5, 10, 7], "rotation": 270, "texture": "#0", "cullface": "west"},
				"down": {"uv": [12, 5, 10, 7], "rotation": 90, "texture": "#0", "cullface": "west"}
			}
		},
		{
			"from": [-0.15, 5, 4],
			"to": [2, 6, 5],
			"light_emission": 15,
			"rotation": {"angle": 0, "axis": "y", "origin": [8, 8, 5]},
			"faces": {
				"north": {"uv": [4, 2, 5, 3], "texture": "#0", "cullface": "west"},
				"east": {"uv": [0, 0, 5, 1], "texture": "#0", "cullface": "west"},
				"south": {"uv": [4, 2, 5, 3], "texture": "#0", "cullface": "west"},
				"west": {"uv": [4, 10, 5, 11], "texture": "#0", "cullface": "west"},
				"up": {"uv": [4, 2, 5, 3], "rotation": 270, "texture": "#0", "cullface": "west"},
				"down": {"uv": [4, 2, 5, 3], "rotation": 90, "texture": "#0", "cullface": "west"}
			}
		},
		{
			"from": [-0.35, 6, 7],
			"to": [2, 7, 11],
			"light_emission": 15,
			"rotation": {"angle": 0, "axis": "y", "origin": [8, 8, 11]},
			"faces": {
				"north": {"uv": [11, 9, 7, 10], "texture": "#0", "cullface": "west"},
				"east": {"uv": [0, 0, 5, 1], "texture": "#0", "cullface": "west"},
				"south": {"uv": [11, 9, 7, 10], "texture": "#0", "cullface": "west"},
				"west": {"uv": [7, 9, 11, 10], "texture": "#0", "cullface": "west"},
				"up": {"uv": [11, 9, 7, 10], "rotation": 270, "texture": "#0", "cullface": "west"},
				"down": {"uv": [11, 9, 7, 10], "rotation": 90, "texture": "#0", "cullface": "west"}
			}
		},
		{
			"from": [3, 14, 6],
			"to": [8, 16.35, 7],
			"light_emission": 15,
			"rotation": {"angle": 0, "axis": "y", "origin": [8, 8, 8]},
			"faces": {
				"north": {"uv": [3, 7, 8, 6], "rotation": 180, "texture": "#0", "cullface": "up"},
				"east": {"uv": [8, 6, 3, 7], "rotation": 90, "texture": "#0", "cullface": "up"},
				"south": {"uv": [3, 7, 8, 6], "texture": "#0", "cullface": "up"},
				"west": {"uv": [8, 6, 3, 7], "rotation": 270, "texture": "#0", "cullface": "up"},
				"up": {"uv": [3, 6, 8, 7], "texture": "#0", "cullface": "up"},
				"down": {"uv": [0, 0, 5, 1], "rotation": 180, "texture": "#0", "cullface": "up"}
			}
		},
		{
			"from": [8, 14, 12],
			"to": [14, 16.35, 13],
			"light_emission": 15,
			"rotation": {"angle": 0, "axis": "y", "origin": [14, 8, 8]},
			"faces": {
				"north": {"uv": [8, 13, 14, 12], "rotation": 180, "texture": "#0", "cullface": "up"},
				"east": {"uv": [14, 12, 8, 13], "rotation": 90, "texture": "#0", "cullface": "up"},
				"south": {"uv": [8, 13, 14, 12], "texture": "#0", "cullface": "up"},
				"west": {"uv": [14, 12, 8, 13], "rotation": 270, "texture": "#0", "cullface": "up"},
				"up": {"uv": [8, 12, 14, 13], "texture": "#0", "cullface": "up"},
				"down": {"uv": [0, 0, 5, 1], "rotation": 180, "texture": "#0", "cullface": "up"}
			}
		},
		{
			"from": [11, 14, 11],
			"to": [13, 16.25, 12],
			"light_emission": 15,
			"rotation": {"angle": 0, "axis": "y", "origin": [13, 8, 8]},
			"faces": {
				"north": {"uv": [11, 12, 13, 11], "rotation": 180, "texture": "#0", "cullface": "up"},
				"east": {"uv": [13, 11, 11, 12], "rotation": 90, "texture": "#0", "cullface": "up"},
				"south": {"uv": [11, 12, 13, 11], "texture": "#0", "cullface": "up"},
				"west": {"uv": [13, 11, 11, 12], "rotation": 270, "texture": "#0", "cullface": "up"},
				"up": {"uv": [11, 11, 13, 12], "texture": "#0", "cullface": "up"},
				"down": {"uv": [0, 0, 5, 1], "rotation": 180, "texture": "#0", "cullface": "up"}
			}
		},
		{
			"from": [9, 14, 13],
			"to": [11, 16.15, 14],
			"light_emission": 15,
			"rotation": {"angle": 0, "axis": "y", "origin": [11, 8, 8]},
			"faces": {
				"north": {"uv": [9, 14, 11, 13], "rotation": 180, "texture": "#0", "cullface": "up"},
				"east": {"uv": [11, 13, 9, 14], "rotation": 90, "texture": "#0", "cullface": "up"},
				"south": {"uv": [9, 14, 11, 13], "texture": "#0", "cullface": "up"},
				"west": {"uv": [11, 13, 9, 14], "rotation": 270, "texture": "#0", "cullface": "up"},
				"up": {"uv": [9, 13, 11, 14], "texture": "#0", "cullface": "up"},
				"down": {"uv": [0, 0, 5, 1], "rotation": 180, "texture": "#0", "cullface": "up"}
			}
		},
		{
			"from": [3, 14, 13],
			"to": [5, 16.25, 14],
			"light_emission": 15,
			"rotation": {"angle": 0, "axis": "y", "origin": [5, 8, 8]},
			"faces": {
				"north": {"uv": [3, 14, 5, 13], "rotation": 180, "texture": "#0", "cullface": "up"},
				"east": {"uv": [5, 13, 3, 14], "rotation": 90, "texture": "#0", "cullface": "up"},
				"south": {"uv": [3, 14, 5, 13], "texture": "#0", "cullface": "up"},
				"west": {"uv": [5, 13, 3, 14], "rotation": 270, "texture": "#0", "cullface": "up"},
				"up": {"uv": [3, 13, 5, 14], "texture": "#0", "cullface": "up"},
				"down": {"uv": [0, 0, 5, 1], "rotation": 180, "texture": "#0", "cullface": "up"}
			}
		},
		{
			"from": [1, 14, 8],
			"to": [3, 16.35, 9],
			"light_emission": 15,
			"rotation": {"angle": 0, "axis": "y", "origin": [3, 8, 8]},
			"faces": {
				"north": {"uv": [1, 9, 3, 8], "rotation": 180, "texture": "#0", "cullface": "up"},
				"east": {"uv": [3, 8, 1, 9], "rotation": 90, "texture": "#0", "cullface": "up"},
				"south": {"uv": [1, 9, 3, 8], "texture": "#0", "cullface": "up"},
				"west": {"uv": [3, 8, 1, 9], "rotation": 270, "texture": "#0", "cullface": "up"},
				"up": {"uv": [1, 8, 3, 9], "texture": "#0", "cullface": "up"},
				"down": {"uv": [0, 0, 5, 1], "rotation": 180, "texture": "#0", "cullface": "up"}
			}
		},
		{
			"from": [5, 14, 5],
			"to": [7, 16.25, 6],
			"light_emission": 15,
			"rotation": {"angle": 0, "axis": "y", "origin": [7, 8, 8]},
			"faces": {
				"north": {"uv": [5, 6, 7, 5], "rotation": 180, "texture": "#0", "cullface": "up"},
				"east": {"uv": [7, 5, 5, 6], "rotation": 90, "texture": "#0", "cullface": "up"},
				"south": {"uv": [5, 6, 7, 5], "texture": "#0", "cullface": "up"},
				"west": {"uv": [7, 5, 5, 6], "rotation": 270, "texture": "#0", "cullface": "up"},
				"up": {"uv": [5, 5, 7, 6], "texture": "#0", "cullface": "up"},
				"down": {"uv": [0, 0, 5, 1], "rotation": 180, "texture": "#0", "cullface": "up"}
			}
		},
		{
			"from": [7, 14, 3],
			"to": [9, 16.25, 4],
			"light_emission": 15,
			"rotation": {"angle": 0, "axis": "y", "origin": [9, 8, 8]},
			"faces": {
				"north": {"uv": [7, 4, 9, 3], "rotation": 180, "texture": "#0", "cullface": "up"},
				"east": {"uv": [9, 3, 7, 4], "rotation": 90, "texture": "#0", "cullface": "up"},
				"south": {"uv": [7, 4, 9, 3], "texture": "#0", "cullface": "up"},
				"west": {"uv": [9, 3, 7, 4], "rotation": 270, "texture": "#0", "cullface": "up"},
				"up": {"uv": [7, 3, 9, 4], "texture": "#0", "cullface": "up"},
				"down": {"uv": [0, 0, 5, 1], "rotation": 180, "texture": "#0", "cullface": "up"}
			}
		},
		{
			"from": [12, 14, 2],
			"to": [14, 16.25, 3],
			"light_emission": 15,
			"rotation": {"angle": 0, "axis": "y", "origin": [14, 8, 8]},
			"faces": {
				"north": {"uv": [7, 4, 9, 3], "rotation": 180, "texture": "#0", "cullface": "up"},
				"east": {"uv": [9, 3, 7, 4], "rotation": 90, "texture": "#0", "cullface": "up"},
				"south": {"uv": [7, 4, 9, 3], "texture": "#0", "cullface": "up"},
				"west": {"uv": [9, 3, 7, 4], "rotation": 270, "texture": "#0", "cullface": "up"},
				"up": {"uv": [7, 3, 9, 4], "texture": "#0", "cullface": "up"},
				"down": {"uv": [0, 0, 5, 1], "rotation": 180, "texture": "#0", "cullface": "up"}
			}
		},
		{
			"from": [8, 14, 8],
			"to": [10, 16.25, 9],
			"light_emission": 15,
			"rotation": {"angle": 0, "axis": "y", "origin": [10, 8, 8]},
			"faces": {
				"north": {"uv": [8, 9, 10, 8], "rotation": 180, "texture": "#0", "cullface": "up"},
				"east": {"uv": [10, 8, 8, 9], "rotation": 90, "texture": "#0", "cullface": "up"},
				"south": {"uv": [8, 9, 10, 8], "texture": "#0", "cullface": "up"},
				"west": {"uv": [10, 8, 8, 9], "rotation": 270, "texture": "#0", "cullface": "up"},
				"up": {"uv": [8, 8, 10, 9], "texture": "#0", "cullface": "up"},
				"down": {"uv": [0, 0, 5, 1], "rotation": 180, "texture": "#0", "cullface": "up"}
			}
		},
		{
			"from": [4, 14, 2],
			"to": [5, 16.25, 3],
			"light_emission": 15,
			"rotation": {"angle": 0, "axis": "y", "origin": [5, 8, 8]},
			"faces": {
				"north": {"uv": [5, 3, 4, 2], "rotation": 180, "texture": "#0", "cullface": "up"},
				"east": {"uv": [4, 2, 5, 3], "rotation": 90, "texture": "#0", "cullface": "up"},
				"south": {"uv": [5, 3, 4, 2], "texture": "#0", "cullface": "up"},
				"west": {"uv": [4, 2, 5, 3], "rotation": 270, "texture": "#0", "cullface": "up"},
				"up": {"uv": [4, 2, 5, 3], "texture": "#0", "cullface": "up"},
				"down": {"uv": [0, 0, 5, 1], "rotation": 180, "texture": "#0", "cullface": "up"}
			}
		},
		{
			"from": [10, 14, 5],
			"to": [12, 16.25, 7],
			"light_emission": 15,
			"rotation": {"angle": 0, "axis": "y", "origin": [12, 8, 8]},
			"faces": {
				"north": {"uv": [10, 7, 12, 5], "rotation": 180, "texture": "#0", "cullface": "up"},
				"east": {"uv": [12, 5, 10, 7], "rotation": 90, "texture": "#0", "cullface": "up"},
				"south": {"uv": [10, 7, 12, 5], "texture": "#0", "cullface": "up"},
				"west": {"uv": [12, 5, 10, 7], "rotation": 270, "texture": "#0", "cullface": "up"},
				"up": {"uv": [10, 5, 12, 7], "texture": "#0", "cullface": "up"},
				"down": {"uv": [0, 0, 5, 1], "rotation": 180, "texture": "#0", "cullface": "up"}
			}
		},
		{
			"from": [4, 14, 10],
			"to": [5, 16.15, 11],
			"light_emission": 15,
			"rotation": {"angle": 0, "axis": "y", "origin": [5, 8, 8]},
			"faces": {
				"north": {"uv": [5, 3, 4, 2], "rotation": 180, "texture": "#0", "cullface": "up"},
				"east": {"uv": [4, 2, 5, 3], "rotation": 90, "texture": "#0", "cullface": "up"},
				"south": {"uv": [5, 3, 4, 2], "texture": "#0", "cullface": "up"},
				"west": {"uv": [4, 2, 5, 3], "rotation": 270, "texture": "#0", "cullface": "up"},
				"up": {"uv": [4, 10, 5, 11], "texture": "#0", "cullface": "up"},
				"down": {"uv": [0, 0, 5, 1], "rotation": 180, "texture": "#0", "cullface": "up"}
			}
		},
		{
			"from": [7, 14, 9],
			"to": [11, 16.35, 10],
			"light_emission": 15,
			"rotation": {"angle": 0, "axis": "y", "origin": [11, 8, 8]},
			"faces": {
				"north": {"uv": [7, 10, 11, 9], "rotation": 180, "texture": "#0", "cullface": "up"},
				"east": {"uv": [11, 9, 7, 10], "rotation": 90, "texture": "#0", "cullface": "up"},
				"south": {"uv": [7, 10, 11, 9], "texture": "#0", "cullface": "up"},
				"west": {"uv": [11, 9, 7, 10], "rotation": 270, "texture": "#0", "cullface": "up"},
				"up": {"uv": [7, 9, 11, 10], "texture": "#0", "cullface": "up"},
				"down": {"uv": [0, 0, 5, 1], "rotation": 180, "texture": "#0", "cullface": "up"}
			}
		},
		{
			"from": [3, -0.35, 9],
			"to": [8, 2, 10],
			"light_emission": 15,
			"rotation": {"angle": 0, "axis": "y", "origin": [8, 8, 8]},
			"faces": {
				"north": {"uv": [8, 6, 3, 7], "texture": "#0", "cullface": "down"},
				"east": {"uv": [3, 7, 8, 6], "rotation": 90, "texture": "#0", "cullface": "down"},
				"south": {"uv": [8, 6, 3, 7], "rotation": 180, "texture": "#0", "cullface": "down"},
				"west": {"uv": [3, 7, 8, 6], "rotation": 270, "texture": "#0", "cullface": "down"},
				"up": {"uv": [0, 0, 5, 1], "rotation": 180, "texture": "#0", "cullface": "down"},
				"down": {"uv": [3, 6, 8, 7], "texture": "#0", "cullface": "down"}
			}
		},
		{
			"from": [8, -0.35, 3],
			"to": [14, 2, 4],
			"light_emission": 15,
			"rotation": {"angle": 0, "axis": "y", "origin": [14, 8, 8]},
			"faces": {
				"north": {"uv": [14, 12, 8, 13], "texture": "#0", "cullface": "down"},
				"east": {"uv": [8, 13, 14, 12], "rotation": 90, "texture": "#0", "cullface": "down"},
				"south": {"uv": [14, 12, 8, 13], "rotation": 180, "texture": "#0", "cullface": "down"},
				"west": {"uv": [8, 13, 14, 12], "rotation": 270, "texture": "#0", "cullface": "down"},
				"up": {"uv": [0, 0, 5, 1], "rotation": 180, "texture": "#0", "cullface": "down"},
				"down": {"uv": [8, 12, 14, 13], "texture": "#0", "cullface": "down"}
			}
		},
		{
			"from": [11, -0.25, 4],
			"to": [13, 2, 5],
			"light_emission": 15,
			"rotation": {"angle": 0, "axis": "y", "origin": [13, 8, 8]},
			"faces": {
				"north": {"uv": [13, 11, 11, 12], "texture": "#0", "cullface": "down"},
				"east": {"uv": [11, 12, 13, 11], "rotation": 90, "texture": "#0", "cullface": "down"},
				"south": {"uv": [13, 11, 11, 12], "rotation": 180, "texture": "#0", "cullface": "down"},
				"west": {"uv": [11, 12, 13, 11], "rotation": 270, "texture": "#0", "cullface": "down"},
				"up": {"uv": [0, 0, 5, 1], "rotation": 180, "texture": "#0", "cullface": "down"},
				"down": {"uv": [11, 11, 13, 12], "texture": "#0", "cullface": "down"}
			}
		},
		{
			"from": [9, -0.15, 2],
			"to": [11, 2, 3],
			"light_emission": 15,
			"rotation": {"angle": 0, "axis": "y", "origin": [11, 8, 8]},
			"faces": {
				"north": {"uv": [11, 13, 9, 14], "texture": "#0", "cullface": "down"},
				"east": {"uv": [9, 14, 11, 13], "rotation": 90, "texture": "#0", "cullface": "down"},
				"south": {"uv": [11, 13, 9, 14], "rotation": 180, "texture": "#0", "cullface": "down"},
				"west": {"uv": [9, 14, 11, 13], "rotation": 270, "texture": "#0", "cullface": "down"},
				"up": {"uv": [0, 0, 5, 1], "rotation": 180, "texture": "#0", "cullface": "down"},
				"down": {"uv": [9, 13, 11, 14], "texture": "#0", "cullface": "down"}
			}
		},
		{
			"from": [3, -0.25, 2],
			"to": [5, 2, 3],
			"light_emission": 15,
			"rotation": {"angle": 0, "axis": "y", "origin": [5, 8, 8]},
			"faces": {
				"north": {"uv": [5, 13, 3, 14], "texture": "#0", "cullface": "down"},
				"east": {"uv": [3, 14, 5, 13], "rotation": 90, "texture": "#0", "cullface": "down"},
				"south": {"uv": [5, 13, 3, 14], "rotation": 180, "texture": "#0", "cullface": "down"},
				"west": {"uv": [3, 14, 5, 13], "rotation": 270, "texture": "#0", "cullface": "down"},
				"up": {"uv": [0, 0, 5, 1], "rotation": 180, "texture": "#0", "cullface": "down"},
				"down": {"uv": [3, 13, 5, 14], "texture": "#0", "cullface": "down"}
			}
		},
		{
			"from": [1, -0.35, 7],
			"to": [3, 2, 8],
			"light_emission": 15,
			"rotation": {"angle": 0, "axis": "y", "origin": [3, 8, 8]},
			"faces": {
				"north": {"uv": [3, 8, 1, 9], "texture": "#0", "cullface": "down"},
				"east": {"uv": [1, 9, 3, 8], "rotation": 90, "texture": "#0", "cullface": "down"},
				"south": {"uv": [3, 8, 1, 9], "rotation": 180, "texture": "#0", "cullface": "down"},
				"west": {"uv": [1, 9, 3, 8], "rotation": 270, "texture": "#0", "cullface": "down"},
				"up": {"uv": [0, 0, 5, 1], "rotation": 180, "texture": "#0", "cullface": "down"},
				"down": {"uv": [1, 8, 3, 9], "texture": "#0", "cullface": "down"}
			}
		},
		{
			"from": [5, -0.25, 10],
			"to": [7, 2, 11],
			"light_emission": 15,
			"rotation": {"angle": 0, "axis": "y", "origin": [7, 8, 8]},
			"faces": {
				"north": {"uv": [7, 5, 5, 6], "texture": "#0", "cullface": "down"},
				"east": {"uv": [5, 6, 7, 5], "rotation": 90, "texture": "#0", "cullface": "down"},
				"south": {"uv": [7, 5, 5, 6], "rotation": 180, "texture": "#0", "cullface": "down"},
				"west": {"uv": [5, 6, 7, 5], "rotation": 270, "texture": "#0", "cullface": "down"},
				"up": {"uv": [0, 0, 5, 1], "rotation": 180, "texture": "#0", "cullface": "down"},
				"down": {"uv": [5, 5, 7, 6], "texture": "#0", "cullface": "down"}
			}
		},
		{
			"from": [7, -0.25, 12],
			"to": [9, 2, 13],
			"light_emission": 15,
			"rotation": {"angle": 0, "axis": "y", "origin": [9, 8, 8]},
			"faces": {
				"north": {"uv": [9, 3, 7, 4], "texture": "#0", "cullface": "down"},
				"east": {"uv": [7, 4, 9, 3], "rotation": 90, "texture": "#0", "cullface": "down"},
				"south": {"uv": [9, 3, 7, 4], "rotation": 180, "texture": "#0", "cullface": "down"},
				"west": {"uv": [7, 4, 9, 3], "rotation": 270, "texture": "#0", "cullface": "down"},
				"up": {"uv": [0, 0, 5, 1], "rotation": 180, "texture": "#0", "cullface": "down"},
				"down": {"uv": [7, 3, 9, 4], "texture": "#0", "cullface": "down"}
			}
		},
		{
			"from": [12, -0.25, 13],
			"to": [14, 2, 14],
			"light_emission": 15,
			"rotation": {"angle": 0, "axis": "y", "origin": [14, 8, 8]},
			"faces": {
				"north": {"uv": [9, 3, 7, 4], "texture": "#0", "cullface": "down"},
				"east": {"uv": [7, 4, 9, 3], "rotation": 90, "texture": "#0", "cullface": "down"},
				"south": {"uv": [9, 3, 7, 4], "rotation": 180, "texture": "#0", "cullface": "down"},
				"west": {"uv": [7, 4, 9, 3], "rotation": 270, "texture": "#0", "cullface": "down"},
				"up": {"uv": [0, 0, 5, 1], "rotation": 180, "texture": "#0", "cullface": "down"},
				"down": {"uv": [7, 3, 9, 4], "texture": "#0", "cullface": "down"}
			}
		},
		{
			"from": [8, -0.25, 7],
			"to": [10, 2, 8],
			"light_emission": 15,
			"rotation": {"angle": 0, "axis": "y", "origin": [10, 8, 8]},
			"faces": {
				"north": {"uv": [10, 8, 8, 9], "texture": "#0", "cullface": "down"},
				"east": {"uv": [8, 9, 10, 8], "rotation": 90, "texture": "#0", "cullface": "down"},
				"south": {"uv": [10, 8, 8, 9], "rotation": 180, "texture": "#0", "cullface": "down"},
				"west": {"uv": [8, 9, 10, 8], "rotation": 270, "texture": "#0", "cullface": "down"},
				"up": {"uv": [0, 0, 5, 1], "rotation": 180, "texture": "#0", "cullface": "down"},
				"down": {"uv": [8, 8, 10, 9], "texture": "#0", "cullface": "down"}
			}
		},
		{
			"from": [4, -0.25, 13],
			"to": [5, 2, 14],
			"light_emission": 15,
			"rotation": {"angle": 0, "axis": "y", "origin": [5, 8, 8]},
			"faces": {
				"north": {"uv": [4, 2, 5, 3], "texture": "#0", "cullface": "down"},
				"east": {"uv": [5, 3, 4, 2], "rotation": 90, "texture": "#0", "cullface": "down"},
				"south": {"uv": [4, 2, 5, 3], "rotation": 180, "texture": "#0", "cullface": "down"},
				"west": {"uv": [5, 3, 4, 2], "rotation": 270, "texture": "#0", "cullface": "down"},
				"up": {"uv": [0, 0, 5, 1], "rotation": 180, "texture": "#0", "cullface": "down"},
				"down": {"uv": [4, 2, 5, 3], "texture": "#0", "cullface": "down"}
			}
		},
		{
			"from": [10, -0.25, 9],
			"to": [12, 2, 11],
			"light_emission": 15,
			"rotation": {"angle": 0, "axis": "y", "origin": [12, 8, 8]},
			"faces": {
				"north": {"uv": [12, 5, 10, 7], "texture": "#0", "cullface": "down"},
				"east": {"uv": [10, 7, 12, 5], "rotation": 90, "texture": "#0", "cullface": "down"},
				"south": {"uv": [12, 5, 10, 7], "rotation": 180, "texture": "#0", "cullface": "down"},
				"west": {"uv": [10, 7, 12, 5], "rotation": 270, "texture": "#0", "cullface": "down"},
				"up": {"uv": [0, 0, 5, 1], "rotation": 180, "texture": "#0", "cullface": "down"},
				"down": {"uv": [10, 5, 12, 7], "texture": "#0", "cullface": "down"}
			}
		},
		{
			"from": [4, -0.15, 5],
			"to": [5, 2, 6],
			"light_emission": 15,
			"rotation": {"angle": 0, "axis": "y", "origin": [5, 8, 8]},
			"faces": {
				"north": {"uv": [4, 2, 5, 3], "texture": "#0", "cullface": "down"},
				"east": {"uv": [5, 3, 4, 2], "rotation": 90, "texture": "#0", "cullface": "down"},
				"south": {"uv": [4, 2, 5, 3], "rotation": 180, "texture": "#0", "cullface": "down"},
				"west": {"uv": [5, 3, 4, 2], "rotation": 270, "texture": "#0", "cullface": "down"},
				"up": {"uv": [0, 0, 5, 1], "rotation": 180, "texture": "#0", "cullface": "down"},
				"down": {"uv": [4, 10, 5, 11], "texture": "#0", "cullface": "down"}
			}
		},
		{
			"from": [7, -0.35, 6],
			"to": [11, 2, 7],
			"light_emission": 15,
			"rotation": {"angle": 0, "axis": "y", "origin": [11, 8, 8]},
			"faces": {
				"north": {"uv": [11, 9, 7, 10], "texture": "#0", "cullface": "down"},
				"east": {"uv": [7, 10, 11, 9], "rotation": 90, "texture": "#0", "cullface": "down"},
				"south": {"uv": [11, 9, 7, 10], "rotation": 180, "texture": "#0", "cullface": "down"},
				"west": {"uv": [7, 10, 11, 9], "rotation": 270, "texture": "#0", "cullface": "down"},
				"up": {"uv": [0, 0, 5, 1], "rotation": 180, "texture": "#0", "cullface": "down"},
				"down": {"uv": [7, 9, 11, 10], "texture": "#0", "cullface": "down"}
			}
		}
	],
	"groups": [
		0,
		{
			"name": "The ORES",
			"origin": [5, 6, 0],
			"color": 0,
			"children": [1, 2, 3, 4, 5, 6, 7, 8, 9, 10, 11, 12, 13, 14]
		},
		{
			"name": "The ORES",
			"origin": [5, 6, 0],
			"color": 0,
			"children": [15, 16, 17, 18, 19, 20, 21, 22, 23, 24, 25, 26, 27, 28]
		},
		{
			"name": "The ORES",
			"origin": [5, 6, 0],
			"color": 0,
			"children": [29, 30, 31, 32, 33, 34, 35, 36, 37, 38, 39, 40, 41, 42]
		},
		{
			"name": "The ORES",
			"origin": [5, 6, 0],
			"color": 0,
			"children": [43, 44, 45, 46, 47, 48, 49, 50, 51, 52, 53, 54, 55, 56]
		},
		{
			"name": "The ORES",
			"origin": [5, 6, 0],
			"color": 0,
			"children": [57, 58, 59, 60, 61, 62, 63, 64, 65, 66, 67, 68, 69, 70]
		},
		{
			"name": "The ORES",
			"origin": [5, 6, 0],
			"color": 0,
			"children": [71, 72, 73, 74, 75, 76, 77, 78, 79, 80, 81, 82, 83, 84]
		}
	]
}