{
	"format_version": "1.21.6",
	"credit": "Made with Blockbench",
	"parent": "minecraft:block/cube_all",
	"textures": {
		"2": "block/deepslate_redstone_ore",
		"particle": "block/deepslate_redstone_ore"
	},
	"elements": [
		{
			"from": [6, 11, -0.45],
			"to": [13, 12, 0.75],
			"light_emission": 15,
			"rotation": {"angle": 0, "axis": "y", "origin": [8, 8, 8]},
			"faces": {
				"north": {"uv": [3, 4, 10, 5], "texture": "#2", "cullface": "north"},
				"east": {"uv": [4, 4, 3, 5], "texture": "#2", "cullface": "north"},
				"south": {"uv": [0, 0, 5, 1], "texture": "#2", "cullface": "north"},
				"west": {"uv": [10, 4, 9, 5], "texture": "#2", "cullface": "north"},
				"up": {"uv": [10, 4, 3, 5], "texture": "#2", "cullface": "north"},
				"down": {"uv": [10, 4, 3, 5], "texture": "#2", "cullface": "north"}
			}
		},
		{
			"from": [1, 7, -0.25],
			"to": [7, 8, 0.75],
			"light_emission": 15,
			"rotation": {"angle": 0, "axis": "y", "origin": [8, 8, 8]},
			"faces": {
				"north": {"uv": [9, 8, 15, 9], "texture": "#2", "cullface": "north"},
				"east": {"uv": [15, 8, 9, 9], "texture": "#2", "cullface": "north"},
				"south": {"uv": [0, 0, 5, 1], "texture": "#2", "cullface": "north"},
				"west": {"uv": [15, 8, 9, 9], "texture": "#2", "cullface": "north"},
				"up": {"uv": [15, 8, 9, 9], "texture": "#2", "cullface": "north"},
				"down": {"uv": [15, 8, 9, 9], "texture": "#2", "cullface": "north"}
			}
		},
		{
			"from": [8, 10, -0.15],
			"to": [12, 11, 0.75],
			"light_emission": 15,
			"rotation": {"angle": 0, "axis": "y", "origin": [8, 8, 8]},
			"faces": {
				"north": {"uv": [4, 5, 8, 6], "texture": "#2", "cullface": "north"},
				"east": {"uv": [8, 5, 4, 6], "texture": "#2", "cullface": "north"},
				"south": {"uv": [0, 0, 5, 1], "texture": "#2", "cullface": "north"},
				"west": {"uv": [8, 5, 4, 6], "texture": "#2", "cullface": "north"},
				"up": {"uv": [8, 5, 4, 6], "texture": "#2", "cullface": "north"},
				"down": {"uv": [8, 5, 4, 6], "texture": "#2", "cullface": "north"}
			}
		},
		{
			"from": [8, 12, -0.25],
			"to": [11, 13, 0.75],
			"light_emission": 15,
			"rotation": {"angle": 0, "axis": "y", "origin": [8, 8, 8]},
			"faces": {
				"north": {"uv": [5, 3, 8, 4], "texture": "#2", "cullface": "north"},
				"east": {"uv": [5, 3, 8, 4], "texture": "#2", "cullface": "north"},
				"south": {"uv": [0, 0, 5, 1], "texture": "#2", "cullface": "north"},
				"west": {"uv": [5, 3, 8, 4], "texture": "#2", "cullface": "north"},
				"up": {"uv": [5, 3, 8, 4], "texture": "#2", "cullface": "north"},
				"down": {"uv": [5, 3, 8, 4], "texture": "#2", "cullface": "north"}
			}
		},
		{
			"from": [2, 6, -0.15],
			"to": [5, 7, 0.75],
			"light_emission": 15,
			"rotation": {"angle": 0, "axis": "y", "origin": [8, 8, 8]},
			"faces": {
				"north": {"uv": [11, 9, 14, 10], "texture": "#2", "cullface": "north"},
				"east": {"uv": [14, 9, 11, 10], "texture": "#2", "cullface": "north"},
				"south": {"uv": [0, 0, 5, 1], "texture": "#2", "cullface": "north"},
				"west": {"uv": [14, 9, 11, 10], "texture": "#2", "cullface": "north"},
				"up": {"uv": [14, 9, 11, 10], "texture": "#2", "cullface": "north"},
				"down": {"uv": [14, 9, 11, 10], "texture": "#2", "cullface": "north"}
			}
		},
		{
			"from": [12, 7, -0.35],
			"to": [15, 8, 0.75],
			"light_emission": 15,
			"rotation": {"angle": 0, "axis": "y", "origin": [8, 8, 8]},
			"faces": {
				"north": {"uv": [1, 8, 4, 9], "texture": "#2", "cullface": "north"},
				"east": {"uv": [4, 8, 1, 9], "texture": "#2", "cullface": "north"},
				"south": {"uv": [0, 0, 5, 1], "texture": "#2", "cullface": "north"},
				"west": {"uv": [4, 8, 1, 9], "texture": "#2", "cullface": "north"},
				"up": {"uv": [4, 8, 1, 9], "texture": "#2", "cullface": "north"},
				"down": {"uv": [4, 8, 1, 9], "texture": "#2", "cullface": "north"}
			}
		},
		{
			"from": [13, 6, -0.25],
			"to": [15, 7, 0.75],
			"light_emission": 15,
			"rotation": {"angle": 0, "axis": "y", "origin": [8, 8, 8]},
			"faces": {
				"north": {"uv": [1, 9, 3, 10], "texture": "#2", "cullface": "north"},
				"east": {"uv": [3, 9, 1, 10], "texture": "#2", "cullface": "north"},
				"south": {"uv": [0, 0, 5, 1], "texture": "#2", "cullface": "north"},
				"west": {"uv": [3, 9, 1, 10], "texture": "#2", "cullface": "north"},
				"up": {"uv": [3, 9, 1, 10], "texture": "#2", "cullface": "north"},
				"down": {"uv": [3, 9, 1, 10], "texture": "#2", "cullface": "north"}
			}
		},
		{
			"from": [2, 10, -0.15],
			"to": [4, 11, 0.75],
			"light_emission": 15,
			"rotation": {"angle": 0, "axis": "y", "origin": [8, 8, 8]},
			"faces": {
				"north": {"uv": [11, 12, 13, 13], "texture": "#2", "cullface": "north"},
				"east": {"uv": [13, 12, 11, 13], "texture": "#2", "cullface": "north"},
				"south": {"uv": [0, 0, 5, 1], "texture": "#2", "cullface": "north"},
				"west": {"uv": [13, 12, 11, 13], "texture": "#2", "cullface": "north"},
				"up": {"uv": [13, 12, 11, 13], "texture": "#2", "cullface": "north"},
				"down": {"uv": [13, 12, 11, 13], "texture": "#2", "cullface": "north"}
			}
		},
		{
			"from": [3, 3, -0.25],
			"to": [5, 4, 0.75],
			"light_emission": 15,
			"rotation": {"angle": 0, "axis": "y", "origin": [8, 8, 8]},
			"faces": {
				"north": {"uv": [11, 12, 13, 13], "texture": "#2", "cullface": "north"},
				"east": {"uv": [13, 12, 11, 13], "texture": "#2", "cullface": "north"},
				"south": {"uv": [0, 0, 5, 1], "texture": "#2", "cullface": "north"},
				"west": {"uv": [13, 12, 11, 13], "texture": "#2", "cullface": "north"},
				"up": {"uv": [13, 12, 11, 13], "texture": "#2", "cullface": "north"},
				"down": {"uv": [13, 12, 11, 13], "texture": "#2", "cullface": "north"}
			}
		},
		{
			"from": [10, 2, -0.15],
			"to": [12, 3, 0.75],
			"light_emission": 15,
			"rotation": {"angle": 0, "axis": "y", "origin": [8, 8, 8]},
			"faces": {
				"north": {"uv": [4, 13, 6, 14], "texture": "#2", "cullface": "north"},
				"east": {"uv": [6, 13, 4, 14], "texture": "#2", "cullface": "north"},
				"south": {"uv": [0, 0, 5, 1], "texture": "#2", "cullface": "north"},
				"west": {"uv": [6, 13, 4, 14], "texture": "#2", "cullface": "north"},
				"up": {"uv": [6, 13, 4, 14], "texture": "#2", "cullface": "north"},
				"down": {"uv": [6, 13, 4, 14], "texture": "#2", "cullface": "north"}
			}
		},
		{
			"from": [8, 3, -0.25],
			"to": [13, 4, 0.75],
			"light_emission": 15,
			"rotation": {"angle": 0, "axis": "y", "origin": [8, 8, 8]},
			"faces": {
				"north": {"uv": [3, 12, 8, 13], "texture": "#2", "cullface": "north"},
				"east": {"uv": [3, 12, 8, 13], "texture": "#2", "cullface": "north"},
				"south": {"uv": [0, 0, 5, 1], "texture": "#2", "cullface": "north"},
				"west": {"uv": [3, 12, 8, 13], "texture": "#2", "cullface": "north"},
				"up": {"uv": [3, 12, 8, 13], "texture": "#2", "cullface": "north"},
				"down": {"uv": [3, 12, 8, 13], "texture": "#2", "cullface": "north"}
			}
		},
		{
			"from": [1, 6, 14.25],
			"to": [3, 7, 16.25],
			"light_emission": 15,
			"rotation": {"angle": 0, "axis": "y", "origin": [8, 8, 8]},
			"faces": {
				"north": {"uv": [0, 0, 5, 1], "texture": "#2", "cullface": "south"},
				"east": {"uv": [3, 9, 1, 10], "texture": "#2", "cullface": "south"},
				"south": {"uv": [1, 9, 3, 10], "texture": "#2", "cullface": "south"},
				"west": {"uv": [3, 9, 1, 10], "texture": "#2", "cullface": "south"},
				"up": {"uv": [1, 10, 3, 9], "texture": "#2", "cullface": "south"},
				"down": {"uv": [1, 10, 3, 9], "texture": "#2", "cullface": "south"}
			}
		},
		{
			"from": [1, 7, 14.25],
			"to": [4, 8, 16.35],
			"light_emission": 15,
			"rotation": {"angle": 0, "axis": "y", "origin": [8, 8, 8]},
			"faces": {
				"north": {"uv": [0, 0, 5, 1], "texture": "#2", "cullface": "south"},
				"east": {"uv": [4, 8, 1, 9], "texture": "#2", "cullface": "south"},
				"south": {"uv": [1, 8, 4, 9], "texture": "#2", "cullface": "south"},
				"west": {"uv": [4, 8, 1, 9], "texture": "#2", "cullface": "south"},
				"up": {"uv": [1, 9, 4, 8], "texture": "#2", "cullface": "south"},
				"down": {"uv": [1, 9, 4, 8], "texture": "#2", "cullface": "south"}
			}
		},
		{
			"from": [4, 10, 14.25],
			"to": [8, 11, 16.15],
			"light_emission": 15,
			"rotation": {"angle": 0, "axis": "y", "origin": [8, 8, 8]},
			"faces": {
				"north": {"uv": [0, 0, 5, 1], "texture": "#2", "cullface": "south"},
				"east": {"uv": [8, 5, 4, 6], "texture": "#2", "cullface": "south"},
				"south": {"uv": [4, 5, 8, 6], "texture": "#2", "cullface": "south"},
				"west": {"uv": [8, 5, 4, 6], "texture": "#2", "cullface": "south"},
				"up": {"uv": [4, 6, 8, 5], "texture": "#2", "cullface": "south"},
				"down": {"uv": [4, 6, 8, 5], "texture": "#2", "cullface": "south"}
			}
		},
		{
			"from": [3, 11, 14.25],
			"to": [10, 12, 16.45],
			"light_emission": 15,
			"rotation": {"angle": 0, "axis": "y", "origin": [8, 8, 8]},
			"faces": {
				"north": {"uv": [0, 0, 5, 1], "texture": "#2", "cullface": "south"},
				"east": {"uv": [10, 4, 9, 5], "texture": "#2", "cullface": "south"},
				"south": {"uv": [3, 4, 10, 5], "texture": "#2", "cullface": "south"},
				"west": {"uv": [4, 4, 3, 5], "texture": "#2", "cullface": "south"},
				"up": {"uv": [3, 5, 10, 4], "texture": "#2", "cullface": "south"},
				"down": {"uv": [3, 5, 10, 4], "texture": "#2", "cullface": "south"}
			}
		},
		{
			"from": [5, 12, 14.25],
			"to": [8, 13, 16.25],
			"light_emission": 15,
			"rotation": {"angle": 0, "axis": "y", "origin": [8, 8, 8]},
			"faces": {
				"north": {"uv": [0, 0, 5, 1], "texture": "#2", "cullface": "south"},
				"east": {"uv": [5, 3, 8, 4], "texture": "#2", "cullface": "south"},
				"south": {"uv": [5, 3, 8, 4], "texture": "#2", "cullface": "south"},
				"west": {"uv": [5, 3, 8, 4], "texture": "#2", "cullface": "south"},
				"up": {"uv": [8, 4, 5, 3], "texture": "#2", "cullface": "south"},
				"down": {"uv": [8, 4, 5, 3], "texture": "#2", "cullface": "south"}
			}
		},
		{
			"from": [12, 10, 14.25],
			"to": [14, 11, 16.15],
			"light_emission": 15,
			"rotation": {"angle": 0, "axis": "y", "origin": [8, 8, 8]},
			"faces": {
				"north": {"uv": [0, 0, 5, 1], "texture": "#2", "cullface": "south"},
				"east": {"uv": [13, 12, 11, 13], "texture": "#2", "cullface": "south"},
				"south": {"uv": [11, 12, 13, 13], "texture": "#2", "cullface": "south"},
				"west": {"uv": [13, 12, 11, 13], "texture": "#2", "cullface": "south"},
				"up": {"uv": [11, 13, 13, 12], "texture": "#2", "cullface": "south"},
				"down": {"uv": [11, 13, 13, 12], "texture": "#2", "cullface": "south"}
			}
		},
		{
			"from": [9, 7, 14.25],
			"to": [15, 8, 16.25],
			"light_emission": 15,
			"rotation": {"angle": 0, "axis": "y", "origin": [8, 8, 8]},
			"faces": {
				"north": {"uv": [0, 0, 5, 1], "texture": "#2", "cullface": "south"},
				"east": {"uv": [15, 8, 9, 9], "texture": "#2", "cullface": "south"},
				"south": {"uv": [9, 8, 15, 9], "texture": "#2", "cullface": "south"},
				"west": {"uv": [15, 8, 9, 9], "texture": "#2", "cullface": "south"},
				"up": {"uv": [9, 9, 15, 8], "texture": "#2", "cullface": "south"},
				"down": {"uv": [9, 9, 15, 8], "texture": "#2", "cullface": "south"}
			}
		},
		{
			"from": [11, 6, 14.25],
			"to": [14, 7, 16.15],
			"light_emission": 15,
			"rotation": {"angle": 0, "axis": "y", "origin": [8, 8, 8]},
			"faces": {
				"north": {"uv": [0, 0, 5, 1], "texture": "#2", "cullface": "south"},
				"east": {"uv": [14, 9, 11, 10], "texture": "#2", "cullface": "south"},
				"south": {"uv": [11, 9, 14, 10], "texture": "#2", "cullface": "south"},
				"west": {"uv": [14, 9, 11, 10], "texture": "#2", "cullface": "south"},
				"up": {"uv": [11, 10, 14, 9], "texture": "#2", "cullface": "south"},
				"down": {"uv": [11, 10, 14, 9], "texture": "#2", "cullface": "south"}
			}
		},
		{
			"from": [3, 3, 14.25],
			"to": [8, 4, 16.25],
			"light_emission": 15,
			"rotation": {"angle": 0, "axis": "y", "origin": [8, 8, 8]},
			"faces": {
				"north": {"uv": [0, 0, 5, 1], "texture": "#2", "cullface": "south"},
				"east": {"uv": [3, 12, 8, 13], "texture": "#2", "cullface": "south"},
				"south": {"uv": [3, 12, 8, 13], "texture": "#2", "cullface": "south"},
				"west": {"uv": [3, 12, 8, 13], "texture": "#2", "cullface": "south"},
				"up": {"uv": [8, 13, 3, 12], "texture": "#2", "cullface": "south"},
				"down": {"uv": [8, 13, 3, 12], "texture": "#2", "cullface": "south"}
			}
		},
		{
			"from": [4, 2, 14.25],
			"to": [6, 3, 16.15],
			"light_emission": 15,
			"rotation": {"angle": 0, "axis": "y", "origin": [8, 8, 8]},
			"faces": {
				"north": {"uv": [0, 0, 5, 1], "texture": "#2", "cullface": "south"},
				"east": {"uv": [6, 13, 4, 14], "texture": "#2", "cullface": "south"},
				"south": {"uv": [4, 13, 6, 14], "texture": "#2", "cullface": "south"},
				"west": {"uv": [6, 13, 4, 14], "texture": "#2", "cullface": "south"},
				"up": {"uv": [4, 14, 6, 13], "texture": "#2", "cullface": "south"},
				"down": {"uv": [4, 14, 6, 13], "texture": "#2", "cullface": "south"}
			}
		},
		{
			"from": [11, 3, 14.25],
			"to": [13, 4, 16.25],
			"light_emission": 15,
			"rotation": {"angle": 0, "axis": "y", "origin": [8, 8, 8]},
			"faces": {
				"north": {"uv": [0, 0, 5, 1], "texture": "#2", "cullface": "south"},
				"east": {"uv": [13, 12, 11, 13], "texture": "#2", "cullface": "south"},
				"south": {"uv": [11, 12, 13, 13], "texture": "#2", "cullface": "south"},
				"west": {"uv": [13, 12, 11, 13], "texture": "#2", "cullface": "south"},
				"up": {"uv": [11, 13, 13, 12], "texture": "#2", "cullface": "south"},
				"down": {"uv": [11, 13, 13, 12], "texture": "#2", "cullface": "south"}
			}
		},
		{
			"from": [14.25, 11, 6],
			"to": [16.45, 12, 13],
			"light_emission": 15,
			"rotation": {"angle": 0, "axis": "y", "origin": [8, 8, 8]},
			"faces": {
				"north": {"uv": [10, 4, 9, 5], "texture": "#2", "cullface": "east"},
				"east": {"uv": [3, 4, 10, 5], "texture": "#2", "cullface": "east"},
				"south": {"uv": [4, 4, 3, 5], "texture": "#2", "cullface": "east"},
				"west": {"uv": [0, 0, 5, 1], "texture": "#2", "cullface": "east"},
				"up": {"uv": [3, 5, 10, 4], "rotation": 270, "texture": "#2", "cullface": "east"},
				"down": {"uv": [3, 5, 10, 4], "rotation": 90, "texture": "#2", "cullface": "east"}
			}
		},
		{
			"from": [14.25, 7, 1],
			"to": [16.25, 8, 7],
			"light_emission": 15,
			"rotation": {"angle": 0, "axis": "y", "origin": [8, 8, 8]},
			"faces": {
				"north": {"uv": [15, 8, 9, 9], "texture": "#2", "cullface": "east"},
				"east": {"uv": [9, 8, 15, 9], "texture": "#2", "cullface": "east"},
				"south": {"uv": [15, 8, 9, 9], "texture": "#2", "cullface": "east"},
				"west": {"uv": [0, 0, 5, 1], "texture": "#2", "cullface": "east"},
				"up": {"uv": [9, 9, 15, 8], "rotation": 270, "texture": "#2", "cullface": "east"},
				"down": {"uv": [9, 9, 15, 8], "rotation": 90, "texture": "#2", "cullface": "east"}
			}
		},
		{
			"from": [14.25, 10, 8],
			"to": [16.15, 11, 12],
			"light_emission": 15,
			"rotation": {"angle": 0, "axis": "y", "origin": [8, 8, 8]},
			"faces": {
				"north": {"uv": [8, 5, 4, 6], "texture": "#2", "cullface": "east"},
				"east": {"uv": [4, 5, 8, 6], "texture": "#2", "cullface": "east"},
				"south": {"uv": [8, 5, 4, 6], "texture": "#2", "cullface": "east"},
				"west": {"uv": [0, 0, 5, 1], "texture": "#2", "cullface": "east"},
				"up": {"uv": [4, 6, 8, 5], "rotation": 270, "texture": "#2", "cullface": "east"},
				"down": {"uv": [4, 6, 8, 5], "rotation": 90, "texture": "#2", "cullface": "east"}
			}
		},
		{
			"from": [14.25, 12, 8],
			"to": [16.25, 13, 11],
			"light_emission": 15,
			"rotation": {"angle": 0, "axis": "y", "origin": [8, 8, 8]},
			"faces": {
				"north": {"uv": [5, 3, 8, 4], "texture": "#2", "cullface": "east"},
				"east": {"uv": [5, 3, 8, 4], "texture": "#2", "cullface": "east"},
				"south": {"uv": [5, 3, 8, 4], "texture": "#2", "cullface": "east"},
				"west": {"uv": [0, 0, 5, 1], "texture": "#2", "cullface": "east"},
				"up": {"uv": [8, 4, 5, 3], "rotation": 270, "texture": "#2", "cullface": "east"},
				"down": {"uv": [8, 4, 5, 3], "rotation": 90, "texture": "#2", "cullface": "east"}
			}
		},
		{
			"from": [14.25, 6, 2],
			"to": [16.15, 7, 5],
			"light_emission": 15,
			"rotation": {"angle": 0, "axis": "y", "origin": [8, 8, 8]},
			"faces": {
				"north": {"uv": [14, 9, 11, 10], "texture": "#2", "cullface": "east"},
				"east": {"uv": [11, 9, 14, 10], "texture": "#2", "cullface": "east"},
				"south": {"uv": [14, 9, 11, 10], "texture": "#2", "cullface": "east"},
				"west": {"uv": [0, 0, 5, 1], "texture": "#2", "cullface": "east"},
				"up": {"uv": [11, 10, 14, 9], "rotation": 270, "texture": "#2", "cullface": "east"},
				"down": {"uv": [11, 10, 14, 9], "rotation": 90, "texture": "#2", "cullface": "east"}
			}
		},
		{
			"from": [14.25, 7, 12],
			"to": [16.35, 8, 15],
			"light_emission": 15,
			"rotation": {"angle": 0, "axis": "y", "origin": [8, 8, 8]},
			"faces": {
				"north": {"uv": [4, 8, 1, 9], "texture": "#2", "cullface": "east"},
				"east": {"uv": [1, 8, 4, 9], "texture": "#2", "cullface": "east"},
				"south": {"uv": [4, 8, 1, 9], "texture": "#2", "cullface": "east"},
				"west": {"uv": [0, 0, 5, 1], "texture": "#2", "cullface": "east"},
				"up": {"uv": [1, 9, 4, 8], "rotation": 270, "texture": "#2", "cullface": "east"},
				"down": {"uv": [1, 9, 4, 8], "rotation": 90, "texture": "#2", "cullface": "east"}
			}
		},
		{
			"from": [14.25, 6, 13],
			"to": [16.25, 7, 15],
			"light_emission": 15,
			"rotation": {"angle": 0, "axis": "y", "origin": [8, 8, 8]},
			"faces": {
				"north": {"uv": [3, 9, 1, 10], "texture": "#2", "cullface": "east"},
				"east": {"uv": [1, 9, 3, 10], "texture": "#2", "cullface": "east"},
				"south": {"uv": [3, 9, 1, 10], "texture": "#2", "cullface": "east"},
				"west": {"uv": [0, 0, 5, 1], "texture": "#2", "cullface": "east"},
				"up": {"uv": [1, 10, 3, 9], "rotation": 270, "texture": "#2", "cullface": "east"},
				"down": {"uv": [1, 10, 3, 9], "rotation": 90, "texture": "#2", "cullface": "east"}
			}
		},
		{
			"from": [14.25, 10, 2],
			"to": [16.15, 11, 4],
			"light_emission": 15,
			"rotation": {"angle": 0, "axis": "y", "origin": [8, 8, 8]},
			"faces": {
				"north": {"uv": [13, 12, 11, 13], "texture": "#2", "cullface": "east"},
				"east": {"uv": [11, 12, 13, 13], "texture": "#2", "cullface": "east"},
				"south": {"uv": [13, 12, 11, 13], "texture": "#2", "cullface": "east"},
				"west": {"uv": [0, 0, 5, 1], "texture": "#2", "cullface": "east"},
				"up": {"uv": [11, 13, 13, 12], "rotation": 270, "texture": "#2", "cullface": "east"},
				"down": {"uv": [11, 13, 13, 12], "rotation": 90, "texture": "#2", "cullface": "east"}
			}
		},
		{
			"from": [14.25, 3, 3],
			"to": [16.25, 4, 5],
			"light_emission": 15,
			"rotation": {"angle": 0, "axis": "y", "origin": [8, 8, 8]},
			"faces": {
				"north": {"uv": [13, 12, 11, 13], "texture": "#2", "cullface": "east"},
				"east": {"uv": [11, 12, 13, 13], "texture": "#2", "cullface": "east"},
				"south": {"uv": [13, 12, 11, 13], "texture": "#2", "cullface": "east"},
				"west": {"uv": [0, 0, 5, 1], "texture": "#2", "cullface": "east"},
				"up": {"uv": [11, 13, 13, 12], "rotation": 270, "texture": "#2", "cullface": "east"},
				"down": {"uv": [11, 13, 13, 12], "rotation": 90, "texture": "#2", "cullface": "east"}
			}
		},
		{
			"from": [14.25, 2, 10],
			"to": [16.15, 3, 12],
			"light_emission": 15,
			"rotation": {"angle": 0, "axis": "y", "origin": [8, 8, 8]},
			"faces": {
				"north": {"uv": [6, 13, 4, 14], "texture": "#2", "cullface": "east"},
				"east": {"uv": [4, 13, 6, 14], "texture": "#2", "cullface": "east"},
				"south": {"uv": [6, 13, 4, 14], "texture": "#2", "cullface": "east"},
				"west": {"uv": [0, 0, 5, 1], "texture": "#2", "cullface": "east"},
				"up": {"uv": [4, 14, 6, 13], "rotation": 270, "texture": "#2", "cullface": "east"},
				"down": {"uv": [4, 14, 6, 13], "rotation": 90, "texture": "#2", "cullface": "east"}
			}
		},
		{
			"from": [14.25, 3, 8],
			"to": [16.25, 4, 13],
			"light_emission": 15,
			"rotation": {"angle": 0, "axis": "y", "origin": [8, 8, 8]},
			"faces": {
				"north": {"uv": [3, 12, 8, 13], "texture": "#2", "cullface": "east"},
				"east": {"uv": [3, 12, 8, 13], "texture": "#2", "cullface": "east"},
				"south": {"uv": [3, 12, 8, 13], "texture": "#2", "cullface": "east"},
				"west": {"uv": [0, 0, 5, 1], "texture": "#2", "cullface": "east"},
				"up": {"uv": [8, 13, 3, 12], "rotation": 270, "texture": "#2", "cullface": "east"},
				"down": {"uv": [8, 13, 3, 12], "rotation": 90, "texture": "#2", "cullface": "east"}
			}
		},
		{
			"from": [-0.45, 11, 3],
			"to": [1.75, 12, 10],
			"light_emission": 15,
			"rotation": {"angle": 0, "axis": "y", "origin": [8, 8, 8]},
			"faces": {
				"north": {"uv": [4, 4, 3, 5], "texture": "#2", "cullface": "west"},
				"east": {"uv": [0, 0, 5, 1], "texture": "#2", "cullface": "west"},
				"south": {"uv": [10, 4, 9, 5], "texture": "#2", "cullface": "west"},
				"west": {"uv": [3, 4, 10, 5], "texture": "#2", "cullface": "west"},
				"up": {"uv": [10, 4, 3, 5], "rotation": 270, "texture": "#2", "cullface": "west"},
				"down": {"uv": [10, 4, 3, 5], "rotation": 90, "texture": "#2", "cullface": "west"}
			}
		},
		{
			"from": [-0.25, 7, 9],
			"to": [1.75, 8, 15],
			"light_emission": 15,
			"rotation": {"angle": 0, "axis": "y", "origin": [8, 8, 8]},
			"faces": {
				"north": {"uv": [15, 8, 9, 9], "texture": "#2", "cullface": "west"},
				"east": {"uv": [0, 0, 5, 1], "texture": "#2", "cullface": "west"},
				"south": {"uv": [15, 8, 9, 9], "texture": "#2", "cullface": "west"},
				"west": {"uv": [9, 8, 15, 9], "texture": "#2", "cullface": "west"},
				"up": {"uv": [15, 8, 9, 9], "rotation": 270, "texture": "#2", "cullface": "west"},
				"down": {"uv": [15, 8, 9, 9], "rotation": 90, "texture": "#2", "cullface": "west"}
			}
		},
		{
			"from": [-0.15, 10, 4],
			"to": [1.75, 11, 8],
			"light_emission": 15,
			"rotation": {"angle": 0, "axis": "y", "origin": [8, 8, 8]},
			"faces": {
				"north": {"uv": [8, 5, 4, 6], "texture": "#2", "cullface": "west"},
				"east": {"uv": [0, 0, 5, 1], "texture": "#2", "cullface": "west"},
				"south": {"uv": [8, 5, 4, 6], "texture": "#2", "cullface": "west"},
				"west": {"uv": [4, 5, 8, 6], "texture": "#2", "cullface": "west"},
				"up": {"uv": [8, 5, 4, 6], "rotation": 270, "texture": "#2", "cullface": "west"},
				"down": {"uv": [8, 5, 4, 6], "rotation": 90, "texture": "#2", "cullface": "west"}
			}
		},
		{
			"from": [-0.25, 12, 5],
			"to": [1.75, 13, 8],
			"light_emission": 15,
			"rotation": {"angle": 0, "axis": "y", "origin": [8, 8, 8]},
			"faces": {
				"north": {"uv": [5, 3, 8, 4], "texture": "#2", "cullface": "west"},
				"east": {"uv": [0, 0, 5, 1], "texture": "#2", "cullface": "west"},
				"south": {"uv": [5, 3, 8, 4], "texture": "#2", "cullface": "west"},
				"west": {"uv": [5, 3, 8, 4], "texture": "#2", "cullface": "west"},
				"up": {"uv": [5, 3, 8, 4], "rotation": 270, "texture": "#2", "cullface": "west"},
				"down": {"uv": [5, 3, 8, 4], "rotation": 90, "texture": "#2", "cullface": "west"}
			}
		},
		{
			"from": [-0.15, 6, 11],
			"to": [1.75, 7, 14],
			"light_emission": 15,
			"rotation": {"angle": 0, "axis": "y", "origin": [8, 8, 8]},
			"faces": {
				"north": {"uv": [14, 9, 11, 10], "texture": "#2", "cullface": "west"},
				"east": {"uv": [0, 0, 5, 1], "texture": "#2", "cullface": "west"},
				"south": {"uv": [14, 9, 11, 10], "texture": "#2", "cullface": "west"},
				"west": {"uv": [11, 9, 14, 10], "texture": "#2", "cullface": "west"},
				"up": {"uv": [14, 9, 11, 10], "rotation": 270, "texture": "#2", "cullface": "west"},
				"down": {"uv": [14, 9, 11, 10], "rotation": 90, "texture": "#2", "cullface": "west"}
			}
		},
		{
			"from": [-0.35, 7, 1],
			"to": [1.75, 8, 4],
			"light_emission": 15,
			"rotation": {"angle": 0, "axis": "y", "origin": [8, 8, 8]},
			"faces": {
				"north": {"uv": [4, 8, 1, 9], "texture": "#2", "cullface": "west"},
				"east": {"uv": [0, 0, 5, 1], "texture": "#2", "cullface": "west"},
				"south": {"uv": [4, 8, 1, 9], "texture": "#2", "cullface": "west"},
				"west": {"uv": [1, 8, 4, 9], "texture": "#2", "cullface": "west"},
				"up": {"uv": [4, 8, 1, 9], "rotation": 270, "texture": "#2", "cullface": "west"},
				"down": {"uv": [4, 8, 1, 9], "rotation": 90, "texture": "#2", "cullface": "west"}
			}
		},
		{
			"from": [-0.25, 6, 1],
			"to": [1.75, 7, 3],
			"light_emission": 15,
			"rotation": {"angle": 0, "axis": "y", "origin": [8, 8, 8]},
			"faces": {
				"north": {"uv": [3, 9, 1, 10], "texture": "#2", "cullface": "west"},
				"east": {"uv": [0, 0, 5, 1], "texture": "#2", "cullface": "west"},
				"south": {"uv": [3, 9, 1, 10], "texture": "#2", "cullface": "west"},
				"west": {"uv": [1, 9, 3, 10], "texture": "#2", "cullface": "west"},
				"up": {"uv": [3, 9, 1, 10], "rotation": 270, "texture": "#2", "cullface": "west"},
				"down": {"uv": [3, 9, 1, 10], "rotation": 90, "texture": "#2", "cullface": "west"}
			}
		},
		{
			"from": [-0.15, 10, 12],
			"to": [1.75, 11, 14],
			"light_emission": 15,
			"rotation": {"angle": 0, "axis": "y", "origin": [8, 8, 8]},
			"faces": {
				"north": {"uv": [13, 12, 11, 13], "texture": "#2", "cullface": "west"},
				"east": {"uv": [0, 0, 5, 1], "texture": "#2", "cullface": "west"},
				"south": {"uv": [13, 12, 11, 13], "texture": "#2", "cullface": "west"},
				"west": {"uv": [11, 12, 13, 13], "texture": "#2", "cullface": "west"},
				"up": {"uv": [13, 12, 11, 13], "rotation": 270, "texture": "#2", "cullface": "west"},
				"down": {"uv": [13, 12, 11, 13], "rotation": 90, "texture": "#2", "cullface": "west"}
			}
		},
		{
			"from": [-0.25, 3, 11],
			"to": [1.75, 4, 13],
			"light_emission": 15,
			"rotation": {"angle": 0, "axis": "y", "origin": [8, 8, 8]},
			"faces": {
				"north": {"uv": [13, 12, 11, 13], "texture": "#2", "cullface": "west"},
				"east": {"uv": [0, 0, 5, 1], "texture": "#2", "cullface": "west"},
				"south": {"uv": [13, 12, 11, 13], "texture": "#2", "cullface": "west"},
				"west": {"uv": [11, 12, 13, 13], "texture": "#2", "cullface": "west"},
				"up": {"uv": [13, 12, 11, 13], "rotation": 270, "texture": "#2", "cullface": "west"},
				"down": {"uv": [13, 12, 11, 13], "rotation": 90, "texture": "#2", "cullface": "west"}
			}
		},
		{
			"from": [-0.15, 2, 4],
			"to": [1.75, 3, 6],
			"light_emission": 15,
			"rotation": {"angle": 0, "axis": "y", "origin": [8, 8, 8]},
			"faces": {
				"north": {"uv": [6, 13, 4, 14], "texture": "#2", "cullface": "west"},
				"east": {"uv": [0, 0, 5, 1], "texture": "#2", "cullface": "west"},
				"south": {"uv": [6, 13, 4, 14], "texture": "#2", "cullface": "west"},
				"west": {"uv": [4, 13, 6, 14], "texture": "#2", "cullface": "west"},
				"up": {"uv": [6, 13, 4, 14], "rotation": 270, "texture": "#2", "cullface": "west"},
				"down": {"uv": [6, 13, 4, 14], "rotation": 90, "texture": "#2", "cullface": "west"}
			}
		},
		{
			"from": [-0.25, 3, 3],
			"to": [1.75, 4, 8],
			"light_emission": 15,
			"rotation": {"angle": 0, "axis": "y", "origin": [8, 8, 8]},
			"faces": {
				"north": {"uv": [3, 12, 8, 13], "texture": "#2", "cullface": "west"},
				"east": {"uv": [0, 0, 5, 1], "texture": "#2", "cullface": "west"},
				"south": {"uv": [3, 12, 8, 13], "texture": "#2", "cullface": "west"},
				"west": {"uv": [3, 12, 8, 13], "texture": "#2", "cullface": "west"},
				"up": {"uv": [3, 12, 8, 13], "rotation": 270, "texture": "#2", "cullface": "west"},
				"down": {"uv": [3, 12, 8, 13], "rotation": 90, "texture": "#2", "cullface": "west"}
			}
		},
		{
			"from": [3, 14.25, 4],
			"to": [10, 16.45, 5],
			"light_emission": 15,
			"rotation": {"angle": 0, "axis": "y", "origin": [8, 8, 8]},
			"faces": {
				"north": {"uv": [3, 5, 10, 4], "rotation": 180, "texture": "#2", "cullface": "up"},
				"east": {"uv": [10, 4, 9, 5], "rotation": 90, "texture": "#2", "cullface": "up"},
				"south": {"uv": [3, 5, 10, 4], "texture": "#2", "cullface": "up"},
				"west": {"uv": [4, 4, 3, 5], "rotation": 270, "texture": "#2", "cullface": "up"},
				"up": {"uv": [3, 4, 10, 5], "texture": "#2", "cullface": "up"},
				"down": {"uv": [0, 0, 5, 1], "rotation": 180, "texture": "#2", "cullface": "up"}
			}
		},
		{
			"from": [9, 14.25, 8],
			"to": [15, 16.25, 9],
			"light_emission": 15,
			"rotation": {"angle": 0, "axis": "y", "origin": [8, 8, 8]},
			"faces": {
				"north": {"uv": [9, 9, 15, 8], "rotation": 180, "texture": "#2", "cullface": "up"},
				"east": {"uv": [15, 8, 9, 9], "rotation": 90, "texture": "#2", "cullface": "up"},
				"south": {"uv": [9, 9, 15, 8], "texture": "#2", "cullface": "up"},
				"west": {"uv": [15, 8, 9, 9], "rotation": 270, "texture": "#2", "cullface": "up"},
				"up": {"uv": [9, 8, 15, 9], "texture": "#2", "cullface": "up"},
				"down": {"uv": [0, 0, 5, 1], "rotation": 180, "texture": "#2", "cullface": "up"}
			}
		},
		{
			"from": [4, 14.25, 5],
			"to": [8, 16.15, 6],
			"light_emission": 15,
			"rotation": {"angle": 0, "axis": "y", "origin": [8, 8, 8]},
			"faces": {
				"north": {"uv": [4, 6, 8, 5], "rotation": 180, "texture": "#2", "cullface": "up"},
				"east": {"uv": [8, 5, 4, 6], "rotation": 90, "texture": "#2", "cullface": "up"},
				"south": {"uv": [4, 6, 8, 5], "texture": "#2", "cullface": "up"},
				"west": {"uv": [8, 5, 4, 6], "rotation": 270, "texture": "#2", "cullface": "up"},
				"up": {"uv": [4, 5, 8, 6], "texture": "#2", "cullface": "up"},
				"down": {"uv": [0, 0, 5, 1], "rotation": 180, "texture": "#2", "cullface": "up"}
			}
		},
		{
			"from": [5, 14.25, 3],
			"to": [8, 16.25, 4],
			"light_emission": 15,
			"rotation": {"angle": 0, "axis": "y", "origin": [8, 8, 8]},
			"faces": {
				"north": {"uv": [8, 4, 5, 3], "rotation": 180, "texture": "#2", "cullface": "up"},
				"east": {"uv": [5, 3, 8, 4], "rotation": 90, "texture": "#2", "cullface": "up"},
				"south": {"uv": [8, 4, 5, 3], "texture": "#2", "cullface": "up"},
				"west": {"uv": [5, 3, 8, 4], "rotation": 270, "texture": "#2", "cullface": "up"},
				"up": {"uv": [5, 3, 8, 4], "texture": "#2", "cullface": "up"},
				"down": {"uv": [0, 0, 5, 1], "rotation": 180, "texture": "#2", "cullface": "up"}
			}
		},
		{
			"from": [11, 14.25, 9],
			"to": [14, 16.15, 10],
			"light_emission": 15,
			"rotation": {"angle": 0, "axis": "y", "origin": [8, 8, 8]},
			"faces": {
				"north": {"uv": [11, 10, 14, 9], "rotation": 180, "texture": "#2", "cullface": "up"},
				"east": {"uv": [14, 9, 11, 10], "rotation": 90, "texture": "#2", "cullface": "up"},
				"south": {"uv": [11, 10, 14, 9], "texture": "#2", "cullface": "up"},
				"west": {"uv": [14, 9, 11, 10], "rotation": 270, "texture": "#2", "cullface": "up"},
				"up": {"uv": [11, 9, 14, 10], "texture": "#2", "cullface": "up"},
				"down": {"uv": [0, 0, 5, 1], "rotation": 180, "texture": "#2", "cullface": "up"}
			}
		},
		{
			"from": [1, 14.25, 8],
			"to": [4, 16.35, 9],
			"light_emission": 15,
			"rotation": {"angle": 0, "axis": "y", "origin": [8, 8, 8]},
			"faces": {
				"north": {"uv": [1, 9, 4, 8], "rotation": 180, "texture": "#2", "cullface": "up"},
				"east": {"uv": [4, 8, 1, 9], "rotation": 90, "texture": "#2", "cullface": "up"},
				"south": {"uv": [1, 9, 4, 8], "texture": "#2", "cullface": "up"},
				"west": {"uv": [4, 8, 1, 9], "rotation": 270, "texture": "#2", "cullface": "up"},
				"up": {"uv": [1, 8, 4, 9], "texture": "#2", "cullface": "up"},
				"down": {"uv": [0, 0, 5, 1], "rotation": 180, "texture": "#2", "cullface": "up"}
			}
		},
		{
			"from": [1, 14.25, 9],
			"to": [3, 16.25, 10],
			"light_emission": 15,
			"rotation": {"angle": 0, "axis": "y", "origin": [8, 8, 8]},
			"faces": {
				"north": {"uv": [1, 10, 3, 9], "rotation": 180, "texture": "#2", "cullface": "up"},
				"east": {"uv": [3, 9, 1, 10], "rotation": 90, "texture": "#2", "cullface": "up"},
				"south": {"uv": [1, 10, 3, 9], "texture": "#2", "cullface": "up"},
				"west": {"uv": [3, 9, 1, 10], "rotation": 270, "texture": "#2", "cullface": "up"},
				"up": {"uv": [1, 9, 3, 10], "texture": "#2", "cullface": "up"},
				"down": {"uv": [0, 0, 5, 1], "rotation": 180, "texture": "#2", "cullface": "up"}
			}
		},
		{
			"from": [12, 14.25, 5],
			"to": [14, 16.15, 6],
			"light_emission": 15,
			"rotation": {"angle": 0, "axis": "y", "origin": [8, 8, 8]},
			"faces": {
				"north": {"uv": [11, 13, 13, 12], "rotation": 180, "texture": "#2", "cullface": "up"},
				"east": {"uv": [13, 12, 11, 13], "rotation": 90, "texture": "#2", "cullface": "up"},
				"south": {"uv": [11, 13, 13, 12], "texture": "#2", "cullface": "up"},
				"west": {"uv": [13, 12, 11, 13], "rotation": 270, "texture": "#2", "cullface": "up"},
				"up": {"uv": [11, 12, 13, 13], "texture": "#2", "cullface": "up"},
				"down": {"uv": [0, 0, 5, 1], "rotation": 180, "texture": "#2", "cullface": "up"}
			}
		},
		{
			"from": [11, 14.25, 12],
			"to": [13, 16.25, 13],
			"light_emission": 15,
			"rotation": {"angle": 0, "axis": "y", "origin": [8, 8, 8]},
			"faces": {
				"north": {"uv": [11, 13, 13, 12], "rotation": 180, "texture": "#2", "cullface": "up"},
				"east": {"uv": [13, 12, 11, 13], "rotation": 90, "texture": "#2", "cullface": "up"},
				"south": {"uv": [11, 13, 13, 12], "texture": "#2", "cullface": "up"},
				"west": {"uv": [13, 12, 11, 13], "rotation": 270, "texture": "#2", "cullface": "up"},
				"up": {"uv": [11, 12, 13, 13], "texture": "#2", "cullface": "up"},
				"down": {"uv": [0, 0, 5, 1], "rotation": 180, "texture": "#2", "cullface": "up"}
			}
		},
		{
			"from": [4, 14.25, 13],
			"to": [6, 16.15, 14],
			"light_emission": 15,
			"rotation": {"angle": 0, "axis": "y", "origin": [8, 8, 8]},
			"faces": {
				"north": {"uv": [4, 14, 6, 13], "rotation": 180, "texture": "#2", "cullface": "up"},
				"east": {"uv": [6, 13, 4, 14], "rotation": 90, "texture": "#2", "cullface": "up"},
				"south": {"uv": [4, 14, 6, 13], "texture": "#2", "cullface": "up"},
				"west": {"uv": [6, 13, 4, 14], "rotation": 270, "texture": "#2", "cullface": "up"},
				"up": {"uv": [4, 13, 6, 14], "texture": "#2", "cullface": "up"},
				"down": {"uv": [0, 0, 5, 1], "rotation": 180, "texture": "#2", "cullface": "up"}
			}
		},
		{
			"from": [3, 14.25, 12],
			"to": [8, 16.25, 13],
			"light_emission": 15,
			"rotation": {"angle": 0, "axis": "y", "origin": [8, 8, 8]},
			"faces": {
				"north": {"uv": [8, 13, 3, 12], "rotation": 180, "texture": "#2", "cullface": "up"},
				"east": {"uv": [3, 12, 8, 13], "rotation": 90, "texture": "#2", "cullface": "up"},
				"south": {"uv": [8, 13, 3, 12], "texture": "#2", "cullface": "up"},
				"west": {"uv": [3, 12, 8, 13], "rotation": 270, "texture": "#2", "cullface": "up"},
				"up": {"uv": [3, 12, 8, 13], "texture": "#2", "cullface": "up"},
				"down": {"uv": [0, 0, 5, 1], "rotation": 180, "texture": "#2", "cullface": "up"}
			}
		},
		{
			"from": [3, -0.45, 11],
			"to": [10, 1.75, 12],
			"light_emission": 15,
			"rotation": {"angle": 0, "axis": "y", "origin": [8, 8, 8]},
			"faces": {
				"north": {"uv": [10, 4, 3, 5], "texture": "#2", "cullface": "down"},
				"east": {"uv": [9, 5, 10, 4], "rotation": 90, "texture": "#2", "cullface": "down"},
				"south": {"uv": [10, 4, 3, 5], "rotation": 180, "texture": "#2", "cullface": "down"},
				"west": {"uv": [3, 5, 4, 4], "rotation": 270, "texture": "#2", "cullface": "down"},
				"up": {"uv": [0, 0, 5, 1], "rotation": 180, "texture": "#2", "cullface": "down"},
				"down": {"uv": [3, 4, 10, 5], "texture": "#2", "cullface": "down"}
			}
		},
		{
			"from": [9, -0.25, 7],
			"to": [15, 1.75, 8],
			"light_emission": 15,
			"rotation": {"angle": 0, "axis": "y", "origin": [8, 8, 8]},
			"faces": {
				"north": {"uv": [15, 8, 9, 9], "texture": "#2", "cullface": "down"},
				"east": {"uv": [9, 9, 15, 8], "rotation": 90, "texture": "#2", "cullface": "down"},
				"south": {"uv": [15, 8, 9, 9], "rotation": 180, "texture": "#2", "cullface": "down"},
				"west": {"uv": [9, 9, 15, 8], "rotation": 270, "texture": "#2", "cullface": "down"},
				"up": {"uv": [0, 0, 5, 1], "rotation": 180, "texture": "#2", "cullface": "down"},
				"down": {"uv": [9, 8, 15, 9], "texture": "#2", "cullface": "down"}
			}
		},
		{
			"from": [4, -0.15, 10],
			"to": [8, 1.75, 11],
			"light_emission": 15,
			"rotation": {"angle": 0, "axis": "y", "origin": [8, 8, 8]},
			"faces": {
				"north": {"uv": [8, 5, 4, 6], "texture": "#2", "cullface": "down"},
				"east": {"uv": [4, 6, 8, 5], "rotation": 90, "texture": "#2", "cullface": "down"},
				"south": {"uv": [8, 5, 4, 6], "rotation": 180, "texture": "#2", "cullface": "down"},
				"west": {"uv": [4, 6, 8, 5], "rotation": 270, "texture": "#2", "cullface": "down"},
				"up": {"uv": [0, 0, 5, 1], "rotation": 180, "texture": "#2", "cullface": "down"},
				"down": {"uv": [4, 5, 8, 6], "texture": "#2", "cullface": "down"}
			}
		},
		{
			"from": [5, -0.25, 12],
			"to": [8, 1.75, 13],
			"light_emission": 15,
			"rotation": {"angle": 0, "axis": "y", "origin": [8, 8, 8]},
			"faces": {
				"north": {"uv": [5, 3, 8, 4], "texture": "#2", "cullface": "down"},
				"east": {"uv": [8, 4, 5, 3], "rotation": 90, "texture": "#2", "cullface": "down"},
				"south": {"uv": [5, 3, 8, 4], "rotation": 180, "texture": "#2", "cullface": "down"},
				"west": {"uv": [8, 4, 5, 3], "rotation": 270, "texture": "#2", "cullface": "down"},
				"up": {"uv": [0, 0, 5, 1], "rotation": 180, "texture": "#2", "cullface": "down"},
				"down": {"uv": [5, 3, 8, 4], "texture": "#2", "cullface": "down"}
			}
		},
		{
			"from": [11, -0.15, 6],
			"to": [14, 1.75, 7],
			"light_emission": 15,
			"rotation": {"angle": 0, "axis": "y", "origin": [8, 8, 8]},
			"faces": {
				"north": {"uv": [14, 9, 11, 10], "texture": "#2", "cullface": "down"},
				"east": {"uv": [11, 10, 14, 9], "rotation": 90, "texture": "#2", "cullface": "down"},
				"south": {"uv": [14, 9, 11, 10], "rotation": 180, "texture": "#2", "cullface": "down"},
				"west": {"uv": [11, 10, 14, 9], "rotation": 270, "texture": "#2", "cullface": "down"},
				"up": {"uv": [0, 0, 5, 1], "rotation": 180, "texture": "#2", "cullface": "down"},
				"down": {"uv": [11, 9, 14, 10], "texture": "#2", "cullface": "down"}
			}
		},
		{
			"from": [1, -0.35, 7],
			"to": [4, 1.75, 8],
			"light_emission": 15,
			"rotation": {"angle": 0, "axis": "y", "origin": [8, 8, 8]},
			"faces": {
				"north": {"uv": [4, 8, 1, 9], "texture": "#2", "cullface": "down"},
				"east": {"uv": [1, 9, 4, 8], "rotation": 90, "texture": "#2", "cullface": "down"},
				"south": {"uv": [4, 8, 1, 9], "rotation": 180, "texture": "#2", "cullface": "down"},
				"west": {"uv": [1, 9, 4, 8], "rotation": 270, "texture": "#2", "cullface": "down"},
				"up": {"uv": [0, 0, 5, 1], "rotation": 180, "texture": "#2", "cullface": "down"},
				"down": {"uv": [1, 8, 4, 9], "texture": "#2", "cullface": "down"}
			}
		},
		{
			"from": [1, -0.25, 6],
			"to": [3, 1.75, 7],
			"light_emission": 15,
			"rotation": {"angle": 0, "axis": "y", "origin": [8, 8, 8]},
			"faces": {
				"north": {"uv": [3, 9, 1, 10], "texture": "#2", "cullface": "down"},
				"east": {"uv": [1, 10, 3, 9], "rotation": 90, "texture": "#2", "cullface": "down"},
				"south": {"uv": [3, 9, 1, 10], "rotation": 180, "texture": "#2", "cullface": "down"},
				"west": {"uv": [1, 10, 3, 9], "rotation": 270, "texture": "#2", "cullface": "down"},
				"up": {"uv": [0, 0, 5, 1], "rotation": 180, "texture": "#2", "cullface": "down"},
				"down": {"uv": [1, 9, 3, 10], "texture": "#2", "cullface": "down"}
			}
		},
		{
			"from": [12, -0.15, 10],
			"to": [14, 1.75, 11],
			"light_emission": 15,
			"rotation": {"angle": 0, "axis": "y", "origin": [8, 8, 8]},
			"faces": {
				"north": {"uv": [13, 12, 11, 13], "texture": "#2", "cullface": "down"},
				"east": {"uv": [11, 13, 13, 12], "rotation": 90, "texture": "#2", "cullface": "down"},
				"south": {"uv": [13, 12, 11, 13], "rotation": 180, "texture": "#2", "cullface": "down"},
				"west": {"uv": [11, 13, 13, 12], "rotation": 270, "texture": "#2", "cullface": "down"},
				"up": {"uv": [0, 0, 5, 1], "rotation": 180, "texture": "#2", "cullface": "down"},
				"down": {"uv": [11, 12, 13, 13], "texture": "#2", "cullface": "down"}
			}
		},
		{
			"from": [11, -0.25, 3],
			"to": [13, 1.75, 4],
			"light_emission": 15,
			"rotation": {"angle": 0, "axis": "y", "origin": [8, 8, 8]},
			"faces": {
				"north": {"uv": [13, 12, 11, 13], "texture": "#2", "cullface": "down"},
				"east": {"uv": [11, 13, 13, 12], "rotation": 90, "texture": "#2", "cullface": "down"},
				"south": {"uv": [13, 12, 11, 13], "rotation": 180, "texture": "#2", "cullface": "down"},
				"west": {"uv": [11, 13, 13, 12], "rotation": 270, "texture": "#2", "cullface": "down"},
				"up": {"uv": [0, 0, 5, 1], "rotation": 180, "texture": "#2", "cullface": "down"},
				"down": {"uv": [11, 12, 13, 13], "texture": "#2", "cullface": "down"}
			}
		},
		{
			"from": [4, -0.15, 2],
			"to": [6, 1.75, 3],
			"light_emission": 15,
			"rotation": {"angle": 0, "axis": "y", "origin": [8, 8, 8]},
			"faces": {
				"north": {"uv": [6, 13, 4, 14], "texture": "#2", "cullface": "down"},
				"east": {"uv": [4, 14, 6, 13], "rotation": 90, "texture": "#2", "cullface": "down"},
				"south": {"uv": [6, 13, 4, 14], "rotation": 180, "texture": "#2", "cullface": "down"},
				"west": {"uv": [4, 14, 6, 13], "rotation": 270, "texture": "#2", "cullface": "down"},
				"up": {"uv": [0, 0, 5, 1], "rotation": 180, "texture": "#2", "cullface": "down"},
				"down": {"uv": [4, 13, 6, 14], "texture": "#2", "cullface": "down"}
			}
		},
		{
			"from": [3, -0.25, 3],
			"to": [8, 1.75, 4],
			"light_emission": 15,
			"rotation": {"angle": 0, "axis": "y", "origin": [8, 8, 8]},
			"faces": {
				"north": {"uv": [3, 12, 8, 13], "texture": "#2", "cullface": "down"},
				"east": {"uv": [8, 13, 3, 12], "rotation": 90, "texture": "#2", "cullface": "down"},
				"south": {"uv": [3, 12, 8, 13], "rotation": 180, "texture": "#2", "cullface": "down"},
				"west": {"uv": [8, 13, 3, 12], "rotation": 270, "texture": "#2", "cullface": "down"},
				"up": {"uv": [0, 0, 5, 1], "rotation": 180, "texture": "#2", "cullface": "down"},
				"down": {"uv": [3, 12, 8, 13], "texture": "#2", "cullface": "down"}
			}
		},
		{
			"from": [0, 0, 0],
			"to": [16, 16, 16],
			"faces": {
				"north": {"uv": [0, 0, 16, 16], "texture": "#2", "cullface": "north"},
				"east": {"uv": [0, 0, 16, 16], "texture": "#2", "cullface": "east"},
				"south": {"uv": [0, 0, 16, 16], "texture": "#2", "cullface": "south"},
				"west": {"uv": [0, 0, 16, 16], "texture": "#2", "cullface": "west"},
				"up": {"uv": [0, 0, 16, 16], "texture": "#2", "cullface": "up"},
				"down": {"uv": [0, 0, 16, 16], "texture": "#2", "cullface": "down"}
			}
		}
	],
	"groups": [
		{
			"name": "The ORES",
			"origin": [8, 8, 8],
			"color": 0,
			"children": [0, 1, 2, 3, 4, 5, 6, 7, 8, 9, 10]
		},
		{
			"name": "The ORES",
			"origin": [8, 8, 8],
			"color": 0,
			"children": [11, 12, 13, 14, 15, 16, 17, 18, 19, 20, 21]
		},
		{
			"name": "The ORES",
			"origin": [8, 8, 8],
			"color": 0,
			"children": [22, 23, 24, 25, 26, 27, 28, 29, 30, 31, 32]
		},
		{
			"name": "The ORES",
			"origin": [8, 8, 8],
			"color": 0,
			"children": [33, 34, 35, 36, 37, 38, 39, 40, 41, 42, 43]
		},
		{
			"name": "The ORES",
			"origin": [8, 8, 8],
			"color": 0,
			"children": [44, 45, 46, 47, 48, 49, 50, 51, 52, 53, 54]
		},
		{
			"name": "The ORES",
			"origin": [8, 8, 8],
			"color": 0,
			"children": [55, 56, 57, 58, 59, 60, 61, 62, 63, 64, 65]
		},
		66
	]
}