{
	"format_version": "1.21.6",
	"credit": "Made with Blockbench",
	"parent": "minecraft:block/cube_all",
	"textures": {
		"1": "block/deepslate_coal_ore",
		"particle": "block/deepslate_coal_ore"
	},
	"elements": [
		{
			"from": [0, 0, 0],
			"to": [16, 16, 16],
			"faces": {
				"north": {"uv": [0, 0, 16, 16], "texture": "#1", "cullface": "north"},
				"east": {"uv": [0, 0, 16, 16], "texture": "#1", "cullface": "east"},
				"south": {"uv": [0, 0, 16, 16], "texture": "#1", "cullface": "south"},
				"west": {"uv": [0, 0, 16, 16], "texture": "#1", "cullface": "west"},
				"up": {"uv": [0, 0, 16, 16], "texture": "#1", "cullface": "up"},
				"down": {"uv": [0, 0, 16, 16], "texture": "#1", "cullface": "down"}
			}
		},
		{
			"from": [8, 1, -0.15],
			"to": [10, 2, 2.35],
			"rotation": {"angle": 0, "axis": "y", "origin": [8, 1, 0.35]},
			"faces": {
				"north": {"uv": [6, 14, 8, 15], "texture": "#1", "cullface": "north"},
				"east": {"uv": [6, 14, 8, 15], "texture": "#1", "cullface": "north"},
				"south": {"uv": [0, 0, 2, 1], "texture": "#1", "cullface": "north"},
				"west": {"uv": [6, 14, 8, 15], "texture": "#1", "cullface": "north"},
				"up": {"uv": [6, 14, 8, 15], "texture": "#1", "cullface": "north"},
				"down": {"uv": [6, 14, 8, 15], "texture": "#1", "cullface": "north"}
			}
		},
		{
			"from": [11, 2, -0.25],
			"to": [13, 3, 2.25],
			"rotation": {"angle": 0, "axis": "y", "origin": [11, 2, 0.25]},
			"faces": {
				"north": {"uv": [6, 14, 8, 15], "texture": "#1", "cullface": "north"},
				"east": {"uv": [6, 14, 8, 15], "texture": "#1", "cullface": "north"},
				"south": {"uv": [0, 0, 2, 1], "texture": "#1", "cullface": "north"},
				"west": {"uv": [6, 14, 8, 15], "texture": "#1", "cullface": "north"},
				"up": {"uv": [6, 14, 8, 15], "texture": "#1", "cullface": "north"},
				"down": {"uv": [6, 14, 8, 15], "texture": "#1", "cullface": "north"}
			}
		},
		{
			"from": [10, 6, -0.25],
			"to": [12, 7, 2.25],
			"rotation": {"angle": 0, "axis": "y", "origin": [10, 6, 0.25]},
			"faces": {
				"north": {"uv": [4, 9, 6, 10], "texture": "#1", "cullface": "north"},
				"east": {"uv": [6, 14, 8, 15], "texture": "#1", "cullface": "north"},
				"south": {"uv": [0, 0, 2, 1], "texture": "#1", "cullface": "north"},
				"west": {"uv": [6, 14, 8, 15], "texture": "#1", "cullface": "north"},
				"up": {"uv": [6, 14, 8, 15], "texture": "#1", "cullface": "north"},
				"down": {"uv": [6, 14, 8, 15], "texture": "#1", "cullface": "north"}
			}
		},
		{
			"from": [1, 5, -0.35],
			"to": [3, 6, 2.15],
			"rotation": {"angle": 0, "axis": "y", "origin": [1, 5, 0.15]},
			"faces": {
				"north": {"uv": [13, 10, 15, 11], "texture": "#1", "cullface": "north"},
				"east": {"uv": [6, 14, 8, 15], "texture": "#1", "cullface": "north"},
				"south": {"uv": [0, 0, 2, 1], "texture": "#1", "cullface": "north"},
				"west": {"uv": [6, 14, 8, 15], "texture": "#1", "cullface": "north"},
				"up": {"uv": [6, 14, 8, 15], "texture": "#1", "cullface": "north"},
				"down": {"uv": [6, 14, 8, 15], "texture": "#1", "cullface": "north"}
			}
		},
		{
			"from": [13, 11, -0.35],
			"to": [15, 12, 2.15],
			"rotation": {"angle": 0, "axis": "y", "origin": [13, 11, 0.15]},
			"faces": {
				"north": {"uv": [1, 4, 3, 5], "texture": "#1", "cullface": "north"},
				"east": {"uv": [6, 14, 8, 15], "texture": "#1", "cullface": "north"},
				"south": {"uv": [0, 0, 2, 1], "texture": "#1", "cullface": "north"},
				"west": {"uv": [6, 14, 8, 15], "texture": "#1", "cullface": "north"},
				"up": {"uv": [6, 14, 8, 15], "texture": "#1", "cullface": "north"},
				"down": {"uv": [6, 14, 8, 15], "texture": "#1", "cullface": "north"}
			}
		},
		{
			"from": [2, 13, -0.25],
			"to": [4, 14, 2.25],
			"rotation": {"angle": 0, "axis": "y", "origin": [2, 13, 0.25]},
			"faces": {
				"north": {"uv": [12, 2, 14, 3], "texture": "#1", "cullface": "north"},
				"east": {"uv": [6, 14, 8, 15], "texture": "#1", "cullface": "north"},
				"south": {"uv": [0, 0, 2, 1], "texture": "#1", "cullface": "north"},
				"west": {"uv": [6, 14, 8, 15], "texture": "#1", "cullface": "north"},
				"up": {"uv": [6, 14, 8, 15], "texture": "#1", "cullface": "north"},
				"down": {"uv": [6, 14, 8, 15], "texture": "#1", "cullface": "north"}
			}
		},
		{
			"from": [3, 8, -0.25],
			"to": [5, 9, 2.25],
			"rotation": {"angle": 0, "axis": "y", "origin": [3, 8, 0.25]},
			"faces": {
				"north": {"uv": [11, 7, 13, 8], "texture": "#1", "cullface": "north"},
				"east": {"uv": [6, 14, 8, 15], "texture": "#1", "cullface": "north"},
				"south": {"uv": [0, 0, 2, 1], "texture": "#1", "cullface": "north"},
				"west": {"uv": [6, 14, 8, 15], "texture": "#1", "cullface": "north"},
				"up": {"uv": [6, 14, 8, 15], "texture": "#1", "cullface": "north"},
				"down": {"uv": [6, 14, 8, 15], "texture": "#1", "cullface": "north"}
			}
		},
		{
			"from": [3, 3, -0.25],
			"to": [6, 4, 2.25],
			"rotation": {"angle": 0, "axis": "y", "origin": [6, 3, 0.25]},
			"faces": {
				"north": {"uv": [13, 12, 10, 13], "texture": "#1", "cullface": "north"},
				"east": {"uv": [11, 3, 10, 4], "texture": "#1", "cullface": "north"},
				"south": {"uv": [2, 0, 0, 1], "texture": "#1", "cullface": "north"},
				"west": {"uv": [6, 3, 5, 4], "texture": "#1", "cullface": "north"},
				"up": {"uv": [13, 6, 10, 7], "texture": "#1", "cullface": "north"},
				"down": {"uv": [13, 6, 10, 7], "texture": "#1", "cullface": "north"}
			}
		},
		{
			"from": [4, 2, -0.25],
			"to": [6, 3, 2.25],
			"rotation": {"angle": 0, "axis": "y", "origin": [6, 2, 0.25]},
			"faces": {
				"north": {"uv": [12, 13, 10, 14], "texture": "#1", "cullface": "north"},
				"east": {"uv": [8, 14, 6, 15], "texture": "#1", "cullface": "north"},
				"south": {"uv": [2, 0, 0, 1], "texture": "#1", "cullface": "north"},
				"west": {"uv": [8, 14, 6, 15], "texture": "#1", "cullface": "north"},
				"up": {"uv": [8, 14, 6, 15], "texture": "#1", "cullface": "north"},
				"down": {"uv": [8, 14, 6, 15], "texture": "#1", "cullface": "north"}
			}
		},
		{
			"from": [5, 12, -0.5],
			"to": [11, 13, 2],
			"rotation": {"angle": 0, "axis": "y", "origin": [5, 12, 0]},
			"faces": {
				"north": {"uv": [5, 3, 11, 4], "texture": "#1", "cullface": "north"},
				"east": {"uv": [5, 3, 6, 4], "texture": "#1", "cullface": "north"},
				"south": {"uv": [0, 0, 2, 1], "texture": "#1", "cullface": "north"},
				"west": {"uv": [10, 3, 11, 4], "texture": "#1", "cullface": "north"},
				"up": {"uv": [11, 3, 5, 4], "texture": "#1", "cullface": "north"},
				"down": {"uv": [11, 3, 5, 4], "texture": "#1", "cullface": "north"}
			}
		},
		{
			"from": [8, 7, -0.35],
			"to": [13, 8, 2.15],
			"rotation": {"angle": 0, "axis": "y", "origin": [8, 7, 0.15]},
			"faces": {
				"north": {"uv": [3, 8, 8, 9], "texture": "#1", "cullface": "north"},
				"east": {"uv": [5, 3, 6, 4], "texture": "#1", "cullface": "north"},
				"south": {"uv": [0, 0, 2, 1], "texture": "#1", "cullface": "north"},
				"west": {"uv": [10, 3, 11, 4], "texture": "#1", "cullface": "north"},
				"up": {"uv": [3, 8, 8, 9], "texture": "#1", "cullface": "north"},
				"down": {"uv": [3, 8, 8, 9], "texture": "#1", "cullface": "north"}
			}
		},
		{
			"from": [9, 3, -0.35],
			"to": [14, 4, 2.15],
			"rotation": {"angle": 0, "axis": "y", "origin": [9, 3, 0.15]},
			"faces": {
				"north": {"uv": [2, 12, 7, 13], "texture": "#1", "cullface": "north"},
				"east": {"uv": [5, 3, 6, 4], "texture": "#1", "cullface": "north"},
				"south": {"uv": [0, 0, 2, 1], "texture": "#1", "cullface": "north"},
				"west": {"uv": [10, 3, 11, 4], "texture": "#1", "cullface": "north"},
				"up": {"uv": [7, 12, 2, 13], "texture": "#1", "cullface": "north"},
				"down": {"uv": [7, 12, 2, 13], "texture": "#1", "cullface": "north"}
			}
		},
		{
			"from": [7, 13, -0.25],
			"to": [10, 14, 2.25],
			"rotation": {"angle": 0, "axis": "y", "origin": [7, 13, 0.25]},
			"faces": {
				"north": {"uv": [6, 2, 9, 3], "texture": "#1", "cullface": "north"},
				"east": {"uv": [5, 3, 6, 4], "texture": "#1", "cullface": "north"},
				"south": {"uv": [0, 0, 2, 1], "texture": "#1", "cullface": "north"},
				"west": {"uv": [10, 3, 11, 4], "texture": "#1", "cullface": "north"},
				"up": {"uv": [6, 2, 9, 3], "texture": "#1", "cullface": "north"},
				"down": {"uv": [5, 3, 11, 4], "texture": "#1", "cullface": "north"}
			}
		},
		{
			"from": [6, 11, -0.25],
			"to": [9, 12, 2.25],
			"rotation": {"angle": 0, "axis": "y", "origin": [6, 11, 0.25]},
			"faces": {
				"north": {"uv": [7, 4, 10, 5], "texture": "#1", "cullface": "north"},
				"east": {"uv": [5, 3, 6, 4], "texture": "#1", "cullface": "north"},
				"south": {"uv": [0, 0, 2, 1], "texture": "#1", "cullface": "north"},
				"west": {"uv": [10, 3, 11, 4], "texture": "#1", "cullface": "north"},
				"up": {"uv": [6, 2, 9, 3], "texture": "#1", "cullface": "north"},
				"down": {"uv": [7, 4, 10, 5], "texture": "#1", "cullface": "north"}
			}
		},
		{
			"from": [3, 9, -0.25],
			"to": [6, 10, 2.25],
			"rotation": {"angle": 0, "axis": "y", "origin": [3, 9, 0.25]},
			"faces": {
				"north": {"uv": [10, 6, 13, 7], "texture": "#1", "cullface": "north"},
				"east": {"uv": [5, 3, 6, 4], "texture": "#1", "cullface": "north"},
				"south": {"uv": [0, 0, 2, 1], "texture": "#1", "cullface": "north"},
				"west": {"uv": [10, 3, 11, 4], "texture": "#1", "cullface": "north"},
				"up": {"uv": [10, 6, 13, 7], "texture": "#1", "cullface": "north"},
				"down": {"uv": [10, 6, 13, 7], "texture": "#1", "cullface": "north"}
			}
		},
		{
			"from": [9, 8, -0.25],
			"to": [12, 9, 2.25],
			"rotation": {"angle": 0, "axis": "y", "origin": [9, 8, 0.25]},
			"faces": {
				"north": {"uv": [4, 7, 7, 8], "texture": "#1", "cullface": "north"},
				"east": {"uv": [5, 3, 6, 4], "texture": "#1", "cullface": "north"},
				"south": {"uv": [0, 0, 2, 1], "texture": "#1", "cullface": "north"},
				"west": {"uv": [10, 3, 11, 4], "texture": "#1", "cullface": "north"},
				"up": {"uv": [6, 2, 9, 3], "texture": "#1", "cullface": "north"},
				"down": {"uv": [7, 4, 10, 5], "texture": "#1", "cullface": "north"}
			}
		},
		{
			"from": [6, 1, 13.65],
			"to": [8, 2, 16.15],
			"rotation": {"angle": 0, "axis": "y", "origin": [8, 1, 15.65]},
			"faces": {
				"north": {"uv": [0, 0, 2, 1], "texture": "#1", "cullface": "south"},
				"east": {"uv": [6, 14, 8, 15], "texture": "#1", "cullface": "south"},
				"south": {"uv": [6, 14, 8, 15], "texture": "#1", "cullface": "south"},
				"west": {"uv": [6, 14, 8, 15], "texture": "#1", "cullface": "south"},
				"up": {"uv": [8, 15, 6, 14], "texture": "#1", "cullface": "south"},
				"down": {"uv": [8, 15, 6, 14], "texture": "#1", "cullface": "south"}
			}
		},
		{
			"from": [3, 2, 13.75],
			"to": [5, 3, 16.25],
			"rotation": {"angle": 0, "axis": "y", "origin": [5, 2, 15.75]},
			"faces": {
				"north": {"uv": [0, 0, 2, 1], "texture": "#1", "cullface": "south"},
				"east": {"uv": [6, 14, 8, 15], "texture": "#1", "cullface": "south"},
				"south": {"uv": [6, 14, 8, 15], "texture": "#1", "cullface": "south"},
				"west": {"uv": [6, 14, 8, 15], "texture": "#1", "cullface": "south"},
				"up": {"uv": [8, 15, 6, 14], "texture": "#1", "cullface": "south"},
				"down": {"uv": [8, 15, 6, 14], "texture": "#1", "cullface": "south"}
			}
		},
		{
			"from": [4, 6, 13.75],
			"to": [6, 7, 16.25],
			"rotation": {"angle": 0, "axis": "y", "origin": [6, 6, 15.75]},
			"faces": {
				"north": {"uv": [0, 0, 2, 1], "texture": "#1", "cullface": "south"},
				"east": {"uv": [6, 14, 8, 15], "texture": "#1", "cullface": "south"},
				"south": {"uv": [4, 9, 6, 10], "texture": "#1", "cullface": "south"},
				"west": {"uv": [6, 14, 8, 15], "texture": "#1", "cullface": "south"},
				"up": {"uv": [8, 15, 6, 14], "texture": "#1", "cullface": "south"},
				"down": {"uv": [8, 15, 6, 14], "texture": "#1", "cullface": "south"}
			}
		},
		{
			"from": [13, 5, 13.85],
			"to": [15, 6, 16.35],
			"rotation": {"angle": 0, "axis": "y", "origin": [15, 5, 15.85]},
			"faces": {
				"north": {"uv": [0, 0, 2, 1], "texture": "#1", "cullface": "south"},
				"east": {"uv": [6, 14, 8, 15], "texture": "#1", "cullface": "south"},
				"south": {"uv": [13, 10, 15, 11], "texture": "#1", "cullface": "south"},
				"west": {"uv": [6, 14, 8, 15], "texture": "#1", "cullface": "south"},
				"up": {"uv": [8, 15, 6, 14], "texture": "#1", "cullface": "south"},
				"down": {"uv": [8, 15, 6, 14], "texture": "#1", "cullface": "south"}
			}
		},
		{
			"from": [1, 11, 13.85],
			"to": [3, 12, 16.35],
			"rotation": {"angle": 0, "axis": "y", "origin": [3, 11, 15.85]},
			"faces": {
				"north": {"uv": [0, 0, 2, 1], "texture": "#1", "cullface": "south"},
				"east": {"uv": [6, 14, 8, 15], "texture": "#1", "cullface": "south"},
				"south": {"uv": [1, 4, 3, 5], "texture": "#1", "cullface": "south"},
				"west": {"uv": [6, 14, 8, 15], "texture": "#1", "cullface": "south"},
				"up": {"uv": [8, 15, 6, 14], "texture": "#1", "cullface": "south"},
				"down": {"uv": [8, 15, 6, 14], "texture": "#1", "cullface": "south"}
			}
		},
		{
			"from": [12, 13, 13.75],
			"to": [14, 14, 16.25],
			"rotation": {"angle": 0, "axis": "y", "origin": [14, 13, 15.75]},
			"faces": {
				"north": {"uv": [0, 0, 2, 1], "texture": "#1", "cullface": "south"},
				"east": {"uv": [6, 14, 8, 15], "texture": "#1", "cullface": "south"},
				"south": {"uv": [12, 2, 14, 3], "texture": "#1", "cullface": "south"},
				"west": {"uv": [6, 14, 8, 15], "texture": "#1", "cullface": "south"},
				"up": {"uv": [8, 15, 6, 14], "texture": "#1", "cullface": "south"},
				"down": {"uv": [8, 15, 6, 14], "texture": "#1", "cullface": "south"}
			}
		},
		{
			"from": [11, 8, 13.75],
			"to": [13, 9, 16.25],
			"rotation": {"angle": 0, "axis": "y", "origin": [13, 8, 15.75]},
			"faces": {
				"north": {"uv": [0, 0, 2, 1], "texture": "#1", "cullface": "south"},
				"east": {"uv": [6, 14, 8, 15], "texture": "#1", "cullface": "south"},
				"south": {"uv": [11, 7, 13, 8], "texture": "#1", "cullface": "south"},
				"west": {"uv": [6, 14, 8, 15], "texture": "#1", "cullface": "south"},
				"up": {"uv": [8, 15, 6, 14], "texture": "#1", "cullface": "south"},
				"down": {"uv": [8, 15, 6, 14], "texture": "#1", "cullface": "south"}
			}
		},
		{
			"from": [10, 3, 13.75],
			"to": [13, 4, 16.25],
			"rotation": {"angle": 0, "axis": "y", "origin": [10, 3, 15.75]},
			"faces": {
				"north": {"uv": [2, 0, 0, 1], "texture": "#1", "cullface": "south"},
				"east": {"uv": [6, 3, 5, 4], "texture": "#1", "cullface": "south"},
				"south": {"uv": [13, 12, 10, 13], "texture": "#1", "cullface": "south"},
				"west": {"uv": [11, 3, 10, 4], "texture": "#1", "cullface": "south"},
				"up": {"uv": [10, 7, 13, 6], "texture": "#1", "cullface": "south"},
				"down": {"uv": [10, 7, 13, 6], "texture": "#1", "cullface": "south"}
			}
		},
		{
			"from": [10, 2, 13.75],
			"to": [12, 3, 16.25],
			"rotation": {"angle": 0, "axis": "y", "origin": [10, 2, 15.75]},
			"faces": {
				"north": {"uv": [2, 0, 0, 1], "texture": "#1", "cullface": "south"},
				"east": {"uv": [8, 14, 6, 15], "texture": "#1", "cullface": "south"},
				"south": {"uv": [12, 13, 10, 14], "texture": "#1", "cullface": "south"},
				"west": {"uv": [8, 14, 6, 15], "texture": "#1", "cullface": "south"},
				"up": {"uv": [6, 15, 8, 14], "texture": "#1", "cullface": "south"},
				"down": {"uv": [6, 15, 8, 14], "texture": "#1", "cullface": "south"}
			}
		},
		{
			"from": [5, 12, 14],
			"to": [11, 13, 16.5],
			"rotation": {"angle": 0, "axis": "y", "origin": [11, 12, 16]},
			"faces": {
				"north": {"uv": [0, 0, 2, 1], "texture": "#1", "cullface": "south"},
				"east": {"uv": [10, 3, 11, 4], "texture": "#1", "cullface": "south"},
				"south": {"uv": [5, 3, 11, 4], "texture": "#1", "cullface": "south"},
				"west": {"uv": [5, 3, 6, 4], "texture": "#1", "cullface": "south"},
				"up": {"uv": [5, 4, 11, 3], "texture": "#1", "cullface": "south"},
				"down": {"uv": [5, 4, 11, 3], "texture": "#1", "cullface": "south"}
			}
		},
		{
			"from": [3, 7, 13.85],
			"to": [8, 8, 16.35],
			"rotation": {"angle": 0, "axis": "y", "origin": [8, 7, 15.85]},
			"faces": {
				"north": {"uv": [0, 0, 2, 1], "texture": "#1", "cullface": "south"},
				"east": {"uv": [10, 3, 11, 4], "texture": "#1", "cullface": "south"},
				"south": {"uv": [3, 8, 8, 9], "texture": "#1", "cullface": "south"},
				"west": {"uv": [5, 3, 6, 4], "texture": "#1", "cullface": "south"},
				"up": {"uv": [8, 9, 3, 8], "texture": "#1", "cullface": "south"},
				"down": {"uv": [8, 9, 3, 8], "texture": "#1", "cullface": "south"}
			}
		},
		{
			"from": [2, 3, 13.85],
			"to": [7, 4, 16.35],
			"rotation": {"angle": 0, "axis": "y", "origin": [7, 3, 15.85]},
			"faces": {
				"north": {"uv": [0, 0, 2, 1], "texture": "#1", "cullface": "south"},
				"east": {"uv": [10, 3, 11, 4], "texture": "#1", "cullface": "south"},
				"south": {"uv": [2, 12, 7, 13], "texture": "#1", "cullface": "south"},
				"west": {"uv": [5, 3, 6, 4], "texture": "#1", "cullface": "south"},
				"up": {"uv": [2, 13, 7, 12], "texture": "#1", "cullface": "south"},
				"down": {"uv": [2, 13, 7, 12], "texture": "#1", "cullface": "south"}
			}
		},
		{
			"from": [6, 13, 13.75],
			"to": [9, 14, 16.25],
			"rotation": {"angle": 0, "axis": "y", "origin": [9, 13, 15.75]},
			"faces": {
				"north": {"uv": [0, 0, 2, 1], "texture": "#1", "cullface": "south"},
				"east": {"uv": [10, 3, 11, 4], "texture": "#1", "cullface": "south"},
				"south": {"uv": [6, 2, 9, 3], "texture": "#1", "cullface": "south"},
				"west": {"uv": [5, 3, 6, 4], "texture": "#1", "cullface": "south"},
				"up": {"uv": [9, 3, 6, 2], "texture": "#1", "cullface": "south"},
				"down": {"uv": [11, 4, 5, 3], "texture": "#1", "cullface": "south"}
			}
		},
		{
			"from": [7, 11, 13.75],
			"to": [10, 12, 16.25],
			"rotation": {"angle": 0, "axis": "y", "origin": [10, 11, 15.75]},
			"faces": {
				"north": {"uv": [0, 0, 2, 1], "texture": "#1", "cullface": "south"},
				"east": {"uv": [10, 3, 11, 4], "texture": "#1", "cullface": "south"},
				"south": {"uv": [7, 4, 10, 5], "texture": "#1", "cullface": "south"},
				"west": {"uv": [5, 3, 6, 4], "texture": "#1", "cullface": "south"},
				"up": {"uv": [9, 3, 6, 2], "texture": "#1", "cullface": "south"},
				"down": {"uv": [10, 5, 7, 4], "texture": "#1", "cullface": "south"}
			}
		},
		{
			"from": [10, 9, 13.75],
			"to": [13, 10, 16.25],
			"rotation": {"angle": 0, "axis": "y", "origin": [13, 9, 15.75]},
			"faces": {
				"north": {"uv": [0, 0, 2, 1], "texture": "#1", "cullface": "south"},
				"east": {"uv": [10, 3, 11, 4], "texture": "#1", "cullface": "south"},
				"south": {"uv": [10, 6, 13, 7], "texture": "#1", "cullface": "south"},
				"west": {"uv": [5, 3, 6, 4], "texture": "#1", "cullface": "south"},
				"up": {"uv": [13, 7, 10, 6], "texture": "#1", "cullface": "south"},
				"down": {"uv": [13, 7, 10, 6], "texture": "#1", "cullface": "south"}
			}
		},
		{
			"from": [4, 8, 13.75],
			"to": [7, 9, 16.25],
			"rotation": {"angle": 0, "axis": "y", "origin": [7, 8, 15.75]},
			"faces": {
				"north": {"uv": [0, 0, 2, 1], "texture": "#1", "cullface": "south"},
				"east": {"uv": [10, 3, 11, 4], "texture": "#1", "cullface": "south"},
				"south": {"uv": [4, 7, 7, 8], "texture": "#1", "cullface": "south"},
				"west": {"uv": [5, 3, 6, 4], "texture": "#1", "cullface": "south"},
				"up": {"uv": [9, 3, 6, 2], "texture": "#1", "cullface": "south"},
				"down": {"uv": [10, 5, 7, 4], "texture": "#1", "cullface": "south"}
			}
		},
		{
			"from": [13.65, 1, 8],
			"to": [16.15, 2, 10],
			"rotation": {"angle": 0, "axis": "y", "origin": [8, 7.5, 8]},
			"faces": {
				"north": {"uv": [6, 14, 8, 15], "texture": "#1", "cullface": "east"},
				"east": {"uv": [6, 14, 8, 15], "texture": "#1", "cullface": "east"},
				"south": {"uv": [6, 14, 8, 15], "texture": "#1", "cullface": "east"},
				"west": {"uv": [0, 0, 2, 1], "texture": "#1", "cullface": "east"},
				"up": {"uv": [8, 15, 6, 14], "rotation": 270, "texture": "#1", "cullface": "east"},
				"down": {"uv": [8, 15, 6, 14], "rotation": 90, "texture": "#1", "cullface": "east"}
			}
		},
		{
			"from": [13.75, 2, 11],
			"to": [16.25, 3, 13],
			"rotation": {"angle": 0, "axis": "y", "origin": [8, 7.5, 8]},
			"faces": {
				"north": {"uv": [6, 14, 8, 15], "texture": "#1", "cullface": "east"},
				"east": {"uv": [6, 14, 8, 15], "texture": "#1", "cullface": "east"},
				"south": {"uv": [6, 14, 8, 15], "texture": "#1", "cullface": "east"},
				"west": {"uv": [0, 0, 2, 1], "texture": "#1", "cullface": "east"},
				"up": {"uv": [8, 15, 6, 14], "rotation": 270, "texture": "#1", "cullface": "east"},
				"down": {"uv": [8, 15, 6, 14], "rotation": 90, "texture": "#1", "cullface": "east"}
			}
		},
		{
			"from": [13.75, 6, 10],
			"to": [16.25, 7, 12],
			"rotation": {"angle": 0, "axis": "y", "origin": [8, 7.5, 8]},
			"faces": {
				"north": {"uv": [6, 14, 8, 15], "texture": "#1", "cullface": "east"},
				"east": {"uv": [4, 9, 6, 10], "texture": "#1", "cullface": "east"},
				"south": {"uv": [6, 14, 8, 15], "texture": "#1", "cullface": "east"},
				"west": {"uv": [0, 0, 2, 1], "texture": "#1", "cullface": "east"},
				"up": {"uv": [8, 15, 6, 14], "rotation": 270, "texture": "#1", "cullface": "east"},
				"down": {"uv": [8, 15, 6, 14], "rotation": 90, "texture": "#1", "cullface": "east"}
			}
		},
		{
			"from": [13.85, 5, 1],
			"to": [16.35, 6, 3],
			"rotation": {"angle": 0, "axis": "y", "origin": [8, 7.5, 8]},
			"faces": {
				"north": {"uv": [6, 14, 8, 15], "texture": "#1", "cullface": "east"},
				"east": {"uv": [13, 10, 15, 11], "texture": "#1", "cullface": "east"},
				"south": {"uv": [6, 14, 8, 15], "texture": "#1", "cullface": "east"},
				"west": {"uv": [0, 0, 2, 1], "texture": "#1", "cullface": "east"},
				"up": {"uv": [8, 15, 6, 14], "rotation": 270, "texture": "#1", "cullface": "east"},
				"down": {"uv": [8, 15, 6, 14], "rotation": 90, "texture": "#1", "cullface": "east"}
			}
		},
		{
			"from": [13.85, 11, 13],
			"to": [16.35, 12, 15],
			"rotation": {"angle": 0, "axis": "y", "origin": [8, 7.5, 8]},
			"faces": {
				"north": {"uv": [6, 14, 8, 15], "texture": "#1", "cullface": "east"},
				"east": {"uv": [1, 4, 3, 5], "texture": "#1", "cullface": "east"},
				"south": {"uv": [6, 14, 8, 15], "texture": "#1", "cullface": "east"},
				"west": {"uv": [0, 0, 2, 1], "texture": "#1", "cullface": "east"},
				"up": {"uv": [8, 15, 6, 14], "rotation": 270, "texture": "#1", "cullface": "east"},
				"down": {"uv": [8, 15, 6, 14], "rotation": 90, "texture": "#1", "cullface": "east"}
			}
		},
		{
			"from": [13.75, 13, 2],
			"to": [16.25, 14, 4],
			"rotation": {"angle": 0, "axis": "y", "origin": [8, 7.5, 8]},
			"faces": {
				"north": {"uv": [6, 14, 8, 15], "texture": "#1", "cullface": "east"},
				"east": {"uv": [12, 2, 14, 3], "texture": "#1", "cullface": "east"},
				"south": {"uv": [6, 14, 8, 15], "texture": "#1", "cullface": "east"},
				"west": {"uv": [0, 0, 2, 1], "texture": "#1", "cullface": "east"},
				"up": {"uv": [8, 15, 6, 14], "rotation": 270, "texture": "#1", "cullface": "east"},
				"down": {"uv": [8, 15, 6, 14], "rotation": 90, "texture": "#1", "cullface": "east"}
			}
		},
		{
			"from": [13.75, 8, 3],
			"to": [16.25, 9, 5],
			"rotation": {"angle": 0, "axis": "y", "origin": [8, 7.5, 8]},
			"faces": {
				"north": {"uv": [6, 14, 8, 15], "texture": "#1", "cullface": "east"},
				"east": {"uv": [11, 7, 13, 8], "texture": "#1", "cullface": "east"},
				"south": {"uv": [6, 14, 8, 15], "texture": "#1", "cullface": "east"},
				"west": {"uv": [0, 0, 2, 1], "texture": "#1", "cullface": "east"},
				"up": {"uv": [8, 15, 6, 14], "rotation": 270, "texture": "#1", "cullface": "east"},
				"down": {"uv": [8, 15, 6, 14], "rotation": 90, "texture": "#1", "cullface": "east"}
			}
		},
		{
			"from": [13.75, 3, 3],
			"to": [16.25, 4, 6],
			"rotation": {"angle": 0, "axis": "y", "origin": [8, 7.5, 8]},
			"faces": {
				"north": {"uv": [6, 3, 5, 4], "texture": "#1", "cullface": "east"},
				"east": {"uv": [13, 12, 10, 13], "texture": "#1", "cullface": "east"},
				"south": {"uv": [11, 3, 10, 4], "texture": "#1", "cullface": "east"},
				"west": {"uv": [2, 0, 0, 1], "texture": "#1", "cullface": "east"},
				"up": {"uv": [10, 7, 13, 6], "rotation": 270, "texture": "#1", "cullface": "east"},
				"down": {"uv": [10, 7, 13, 6], "rotation": 90, "texture": "#1", "cullface": "east"}
			}
		},
		{
			"from": [13.75, 2, 4],
			"to": [16.25, 3, 6],
			"rotation": {"angle": 0, "axis": "y", "origin": [8, 7.5, 8]},
			"faces": {
				"north": {"uv": [8, 14, 6, 15], "texture": "#1", "cullface": "east"},
				"east": {"uv": [12, 13, 10, 14], "texture": "#1", "cullface": "east"},
				"south": {"uv": [8, 14, 6, 15], "texture": "#1", "cullface": "east"},
				"west": {"uv": [2, 0, 0, 1], "texture": "#1", "cullface": "east"},
				"up": {"uv": [6, 15, 8, 14], "rotation": 270, "texture": "#1", "cullface": "east"},
				"down": {"uv": [6, 15, 8, 14], "rotation": 90, "texture": "#1", "cullface": "east"}
			}
		},
		{
			"from": [14, 12, 5],
			"to": [16.5, 13, 11],
			"rotation": {"angle": 0, "axis": "y", "origin": [8, 7.5, 8]},
			"faces": {
				"north": {"uv": [10, 3, 11, 4], "texture": "#1", "cullface": "east"},
				"east": {"uv": [5, 3, 11, 4], "texture": "#1", "cullface": "east"},
				"south": {"uv": [5, 3, 6, 4], "texture": "#1", "cullface": "east"},
				"west": {"uv": [0, 0, 2, 1], "texture": "#1", "cullface": "east"},
				"up": {"uv": [5, 4, 11, 3], "rotation": 270, "texture": "#1", "cullface": "east"},
				"down": {"uv": [5, 4, 11, 3], "rotation": 90, "texture": "#1", "cullface": "east"}
			}
		},
		{
			"from": [13.85, 7, 8],
			"to": [16.35, 8, 13],
			"rotation": {"angle": 0, "axis": "y", "origin": [8, 7.5, 8]},
			"faces": {
				"north": {"uv": [10, 3, 11, 4], "texture": "#1", "cullface": "east"},
				"east": {"uv": [3, 8, 8, 9], "texture": "#1", "cullface": "east"},
				"south": {"uv": [5, 3, 6, 4], "texture": "#1", "cullface": "east"},
				"west": {"uv": [0, 0, 2, 1], "texture": "#1", "cullface": "east"},
				"up": {"uv": [8, 9, 3, 8], "rotation": 270, "texture": "#1", "cullface": "east"},
				"down": {"uv": [8, 9, 3, 8], "rotation": 90, "texture": "#1", "cullface": "east"}
			}
		},
		{
			"from": [13.85, 3, 9],
			"to": [16.35, 4, 14],
			"rotation": {"angle": 0, "axis": "y", "origin": [8, 7.5, 8]},
			"faces": {
				"north": {"uv": [10, 3, 11, 4], "texture": "#1", "cullface": "east"},
				"east": {"uv": [2, 12, 7, 13], "texture": "#1", "cullface": "east"},
				"south": {"uv": [5, 3, 6, 4], "texture": "#1", "cullface": "east"},
				"west": {"uv": [0, 0, 2, 1], "texture": "#1", "cullface": "east"},
				"up": {"uv": [2, 13, 7, 12], "rotation": 270, "texture": "#1", "cullface": "east"},
				"down": {"uv": [2, 13, 7, 12], "rotation": 90, "texture": "#1", "cullface": "east"}
			}
		},
		{
			"from": [13.75, 13, 7],
			"to": [16.25, 14, 10],
			"rotation": {"angle": 0, "axis": "y", "origin": [8, 7.5, 8]},
			"faces": {
				"north": {"uv": [10, 3, 11, 4], "texture": "#1", "cullface": "east"},
				"east": {"uv": [6, 2, 9, 3], "texture": "#1", "cullface": "east"},
				"south": {"uv": [5, 3, 6, 4], "texture": "#1", "cullface": "east"},
				"west": {"uv": [0, 0, 2, 1], "texture": "#1", "cullface": "east"},
				"up": {"uv": [9, 3, 6, 2], "rotation": 270, "texture": "#1", "cullface": "east"},
				"down": {"uv": [11, 4, 5, 3], "rotation": 90, "texture": "#1", "cullface": "east"}
			}
		},
		{
			"from": [13.75, 11, 6],
			"to": [16.25, 12, 9],
			"rotation": {"angle": 0, "axis": "y", "origin": [8, 7.5, 8]},
			"faces": {
				"north": {"uv": [10, 3, 11, 4], "texture": "#1", "cullface": "east"},
				"east": {"uv": [7, 4, 10, 5], "texture": "#1", "cullface": "east"},
				"south": {"uv": [5, 3, 6, 4], "texture": "#1", "cullface": "east"},
				"west": {"uv": [0, 0, 2, 1], "texture": "#1", "cullface": "east"},
				"up": {"uv": [9, 3, 6, 2], "rotation": 270, "texture": "#1", "cullface": "east"},
				"down": {"uv": [10, 5, 7, 4], "rotation": 90, "texture": "#1", "cullface": "east"}
			}
		},
		{
			"from": [13.75, 9, 3],
			"to": [16.25, 10, 6],
			"rotation": {"angle": 0, "axis": "y", "origin": [8, 7.5, 8]},
			"faces": {
				"north": {"uv": [10, 3, 11, 4], "texture": "#1", "cullface": "east"},
				"east": {"uv": [10, 6, 13, 7], "texture": "#1", "cullface": "east"},
				"south": {"uv": [5, 3, 6, 4], "texture": "#1", "cullface": "east"},
				"west": {"uv": [0, 0, 2, 1], "texture": "#1", "cullface": "east"},
				"up": {"uv": [13, 7, 10, 6], "rotation": 270, "texture": "#1", "cullface": "east"},
				"down": {"uv": [13, 7, 10, 6], "rotation": 90, "texture": "#1", "cullface": "east"}
			}
		},
		{
			"from": [13.75, 8, 9],
			"to": [16.25, 9, 12],
			"rotation": {"angle": 0, "axis": "y", "origin": [8, 7.5, 8]},
			"faces": {
				"north": {"uv": [10, 3, 11, 4], "texture": "#1", "cullface": "east"},
				"east": {"uv": [4, 7, 7, 8], "texture": "#1", "cullface": "east"},
				"south": {"uv": [5, 3, 6, 4], "texture": "#1", "cullface": "east"},
				"west": {"uv": [0, 0, 2, 1], "texture": "#1", "cullface": "east"},
				"up": {"uv": [9, 3, 6, 2], "rotation": 270, "texture": "#1", "cullface": "east"},
				"down": {"uv": [10, 5, 7, 4], "rotation": 90, "texture": "#1", "cullface": "east"}
			}
		},
		{
			"from": [-0.15, 1, 6],
			"to": [2.35, 2, 8],
			"rotation": {"angle": 0, "axis": "y", "origin": [8, 7.5, 8]},
			"faces": {
				"north": {"uv": [6, 14, 8, 15], "texture": "#1", "cullface": "west"},
				"east": {"uv": [0, 0, 2, 1], "texture": "#1", "cullface": "west"},
				"south": {"uv": [6, 14, 8, 15], "texture": "#1", "cullface": "west"},
				"west": {"uv": [6, 14, 8, 15], "texture": "#1", "cullface": "west"},
				"up": {"uv": [6, 14, 8, 15], "rotation": 270, "texture": "#1", "cullface": "west"},
				"down": {"uv": [6, 14, 8, 15], "rotation": 90, "texture": "#1", "cullface": "west"}
			}
		},
		{
			"from": [-0.25, 2, 3],
			"to": [2.25, 3, 5],
			"rotation": {"angle": 0, "axis": "y", "origin": [8, 7.5, 8]},
			"faces": {
				"north": {"uv": [6, 14, 8, 15], "texture": "#1", "cullface": "west"},
				"east": {"uv": [0, 0, 2, 1], "texture": "#1", "cullface": "west"},
				"south": {"uv": [6, 14, 8, 15], "texture": "#1", "cullface": "west"},
				"west": {"uv": [6, 14, 8, 15], "texture": "#1", "cullface": "west"},
				"up": {"uv": [6, 14, 8, 15], "rotation": 270, "texture": "#1", "cullface": "west"},
				"down": {"uv": [6, 14, 8, 15], "rotation": 90, "texture": "#1", "cullface": "west"}
			}
		},
		{
			"from": [-0.25, 6, 4],
			"to": [2.25, 7, 6],
			"rotation": {"angle": 0, "axis": "y", "origin": [8, 7.5, 8]},
			"faces": {
				"north": {"uv": [6, 14, 8, 15], "texture": "#1", "cullface": "west"},
				"east": {"uv": [0, 0, 2, 1], "texture": "#1", "cullface": "west"},
				"south": {"uv": [6, 14, 8, 15], "texture": "#1", "cullface": "west"},
				"west": {"uv": [4, 9, 6, 10], "texture": "#1", "cullface": "west"},
				"up": {"uv": [6, 14, 8, 15], "rotation": 270, "texture": "#1", "cullface": "west"},
				"down": {"uv": [6, 14, 8, 15], "rotation": 90, "texture": "#1", "cullface": "west"}
			}
		},
		{
			"from": [-0.35, 5, 13],
			"to": [2.15, 6, 15],
			"rotation": {"angle": 0, "axis": "y", "origin": [8, 7.5, 8]},
			"faces": {
				"north": {"uv": [6, 14, 8, 15], "texture": "#1", "cullface": "west"},
				"east": {"uv": [0, 0, 2, 1], "texture": "#1", "cullface": "west"},
				"south": {"uv": [6, 14, 8, 15], "texture": "#1", "cullface": "west"},
				"west": {"uv": [13, 10, 15, 11], "texture": "#1", "cullface": "west"},
				"up": {"uv": [6, 14, 8, 15], "rotation": 270, "texture": "#1", "cullface": "west"},
				"down": {"uv": [6, 14, 8, 15], "rotation": 90, "texture": "#1", "cullface": "west"}
			}
		},
		{
			"from": [-0.35, 11, 1],
			"to": [2.15, 12, 3],
			"rotation": {"angle": 0, "axis": "y", "origin": [8, 7.5, 8]},
			"faces": {
				"north": {"uv": [6, 14, 8, 15], "texture": "#1", "cullface": "west"},
				"east": {"uv": [0, 0, 2, 1], "texture": "#1", "cullface": "west"},
				"south": {"uv": [6, 14, 8, 15], "texture": "#1", "cullface": "west"},
				"west": {"uv": [1, 4, 3, 5], "texture": "#1", "cullface": "west"},
				"up": {"uv": [6, 14, 8, 15], "rotation": 270, "texture": "#1", "cullface": "west"},
				"down": {"uv": [6, 14, 8, 15], "rotation": 90, "texture": "#1", "cullface": "west"}
			}
		},
		{
			"from": [-0.25, 13, 12],
			"to": [2.25, 14, 14],
			"rotation": {"angle": 0, "axis": "y", "origin": [8, 7.5, 8]},
			"faces": {
				"north": {"uv": [6, 14, 8, 15], "texture": "#1", "cullface": "west"},
				"east": {"uv": [0, 0, 2, 1], "texture": "#1", "cullface": "west"},
				"south": {"uv": [6, 14, 8, 15], "texture": "#1", "cullface": "west"},
				"west": {"uv": [12, 2, 14, 3], "texture": "#1", "cullface": "west"},
				"up": {"uv": [6, 14, 8, 15], "rotation": 270, "texture": "#1", "cullface": "west"},
				"down": {"uv": [6, 14, 8, 15], "rotation": 90, "texture": "#1", "cullface": "west"}
			}
		},
		{
			"from": [-0.25, 8, 11],
			"to": [2.25, 9, 13],
			"rotation": {"angle": 0, "axis": "y", "origin": [8, 7.5, 8]},
			"faces": {
				"north": {"uv": [6, 14, 8, 15], "texture": "#1", "cullface": "west"},
				"east": {"uv": [0, 0, 2, 1], "texture": "#1", "cullface": "west"},
				"south": {"uv": [6, 14, 8, 15], "texture": "#1", "cullface": "west"},
				"west": {"uv": [11, 7, 13, 8], "texture": "#1", "cullface": "west"},
				"up": {"uv": [6, 14, 8, 15], "rotation": 270, "texture": "#1", "cullface": "west"},
				"down": {"uv": [6, 14, 8, 15], "rotation": 90, "texture": "#1", "cullface": "west"}
			}
		},
		{
			"from": [-0.25, 3, 10],
			"to": [2.25, 4, 13],
			"rotation": {"angle": 0, "axis": "y", "origin": [8, 7.5, 8]},
			"faces": {
				"north": {"uv": [11, 3, 10, 4], "texture": "#1", "cullface": "west"},
				"east": {"uv": [2, 0, 0, 1], "texture": "#1", "cullface": "west"},
				"south": {"uv": [6, 3, 5, 4], "texture": "#1", "cullface": "west"},
				"west": {"uv": [13, 12, 10, 13], "texture": "#1", "cullface": "west"},
				"up": {"uv": [13, 6, 10, 7], "rotation": 270, "texture": "#1", "cullface": "west"},
				"down": {"uv": [13, 6, 10, 7], "rotation": 90, "texture": "#1", "cullface": "west"}
			}
		},
		{
			"from": [-0.25, 2, 10],
			"to": [2.25, 3, 12],
			"rotation": {"angle": 0, "axis": "y", "origin": [8, 7.5, 8]},
			"faces": {
				"north": {"uv": [8, 14, 6, 15], "texture": "#1", "cullface": "west"},
				"east": {"uv": [2, 0, 0, 1], "texture": "#1", "cullface": "west"},
				"south": {"uv": [8, 14, 6, 15], "texture": "#1", "cullface": "west"},
				"west": {"uv": [12, 13, 10, 14], "texture": "#1", "cullface": "west"},
				"up": {"uv": [8, 14, 6, 15], "rotation": 270, "texture": "#1", "cullface": "west"},
				"down": {"uv": [8, 14, 6, 15], "rotation": 90, "texture": "#1", "cullface": "west"}
			}
		},
		{
			"from": [-0.5, 12, 5],
			"to": [2, 13, 11],
			"rotation": {"angle": 0, "axis": "y", "origin": [8, 7.5, 8]},
			"faces": {
				"north": {"uv": [5, 3, 6, 4], "texture": "#1", "cullface": "west"},
				"east": {"uv": [0, 0, 2, 1], "texture": "#1", "cullface": "west"},
				"south": {"uv": [10, 3, 11, 4], "texture": "#1", "cullface": "west"},
				"west": {"uv": [5, 3, 11, 4], "texture": "#1", "cullface": "west"},
				"up": {"uv": [11, 3, 5, 4], "rotation": 270, "texture": "#1", "cullface": "west"},
				"down": {"uv": [11, 3, 5, 4], "rotation": 90, "texture": "#1", "cullface": "west"}
			}
		},
		{
			"from": [-0.35, 7, 3],
			"to": [2.15, 8, 8],
			"rotation": {"angle": 0, "axis": "y", "origin": [8, 7.5, 8]},
			"faces": {
				"north": {"uv": [5, 3, 6, 4], "texture": "#1", "cullface": "west"},
				"east": {"uv": [0, 0, 2, 1], "texture": "#1", "cullface": "west"},
				"south": {"uv": [10, 3, 11, 4], "texture": "#1", "cullface": "west"},
				"west": {"uv": [3, 8, 8, 9], "texture": "#1", "cullface": "west"},
				"up": {"uv": [3, 8, 8, 9], "rotation": 270, "texture": "#1", "cullface": "west"},
				"down": {"uv": [3, 8, 8, 9], "rotation": 90, "texture": "#1", "cullface": "west"}
			}
		},
		{
			"from": [-0.35, 3, 2],
			"to": [2.15, 4, 7],
			"rotation": {"angle": 0, "axis": "y", "origin": [8, 7.5, 8]},
			"faces": {
				"north": {"uv": [5, 3, 6, 4], "texture": "#1", "cullface": "west"},
				"east": {"uv": [0, 0, 2, 1], "texture": "#1", "cullface": "west"},
				"south": {"uv": [10, 3, 11, 4], "texture": "#1", "cullface": "west"},
				"west": {"uv": [2, 12, 7, 13], "texture": "#1", "cullface": "west"},
				"up": {"uv": [7, 12, 2, 13], "rotation": 270, "texture": "#1", "cullface": "west"},
				"down": {"uv": [7, 12, 2, 13], "rotation": 90, "texture": "#1", "cullface": "west"}
			}
		},
		{
			"from": [-0.25, 13, 6],
			"to": [2.25, 14, 9],
			"rotation": {"angle": 0, "axis": "y", "origin": [8, 7.5, 8]},
			"faces": {
				"north": {"uv": [5, 3, 6, 4], "texture": "#1", "cullface": "west"},
				"east": {"uv": [0, 0, 2, 1], "texture": "#1", "cullface": "west"},
				"south": {"uv": [10, 3, 11, 4], "texture": "#1", "cullface": "west"},
				"west": {"uv": [6, 2, 9, 3], "texture": "#1", "cullface": "west"},
				"up": {"uv": [6, 2, 9, 3], "rotation": 270, "texture": "#1", "cullface": "west"},
				"down": {"uv": [5, 3, 11, 4], "rotation": 90, "texture": "#1", "cullface": "west"}
			}
		},
		{
			"from": [-0.25, 11, 7],
			"to": [2.25, 12, 10],
			"rotation": {"angle": 0, "axis": "y", "origin": [8, 7.5, 8]},
			"faces": {
				"north": {"uv": [5, 3, 6, 4], "texture": "#1", "cullface": "west"},
				"east": {"uv": [0, 0, 2, 1], "texture": "#1", "cullface": "west"},
				"south": {"uv": [10, 3, 11, 4], "texture": "#1", "cullface": "west"},
				"west": {"uv": [7, 4, 10, 5], "texture": "#1", "cullface": "west"},
				"up": {"uv": [6, 2, 9, 3], "rotation": 270, "texture": "#1", "cullface": "west"},
				"down": {"uv": [7, 4, 10, 5], "rotation": 90, "texture": "#1", "cullface": "west"}
			}
		},
		{
			"from": [-0.25, 9, 10],
			"to": [2.25, 10, 13],
			"rotation": {"angle": 0, "axis": "y", "origin": [8, 7.5, 8]},
			"faces": {
				"north": {"uv": [5, 3, 6, 4], "texture": "#1", "cullface": "west"},
				"east": {"uv": [0, 0, 2, 1], "texture": "#1", "cullface": "west"},
				"south": {"uv": [10, 3, 11, 4], "texture": "#1", "cullface": "west"},
				"west": {"uv": [10, 6, 13, 7], "texture": "#1", "cullface": "west"},
				"up": {"uv": [10, 6, 13, 7], "rotation": 270, "texture": "#1", "cullface": "west"},
				"down": {"uv": [10, 6, 13, 7], "rotation": 90, "texture": "#1", "cullface": "west"}
			}
		},
		{
			"from": [-0.25, 8, 4],
			"to": [2.25, 9, 7],
			"rotation": {"angle": 0, "axis": "y", "origin": [8, 7.5, 8]},
			"faces": {
				"north": {"uv": [5, 3, 6, 4], "texture": "#1", "cullface": "west"},
				"east": {"uv": [0, 0, 2, 1], "texture": "#1", "cullface": "west"},
				"south": {"uv": [10, 3, 11, 4], "texture": "#1", "cullface": "west"},
				"west": {"uv": [4, 7, 7, 8], "texture": "#1", "cullface": "west"},
				"up": {"uv": [6, 2, 9, 3], "rotation": 270, "texture": "#1", "cullface": "west"},
				"down": {"uv": [7, 4, 10, 5], "rotation": 90, "texture": "#1", "cullface": "west"}
			}
		},
		{
			"from": [6, 13.65, 14],
			"to": [8, 16.15, 15],
			"rotation": {"angle": 0, "axis": "y", "origin": [8, 8, 8.5]},
			"faces": {
				"north": {"uv": [6, 14, 8, 15], "texture": "#1", "cullface": "up"},
				"east": {"uv": [6, 14, 8, 15], "rotation": 90, "texture": "#1", "cullface": "up"},
				"south": {"uv": [6, 14, 8, 15], "rotation": 180, "texture": "#1", "cullface": "up"},
				"west": {"uv": [6, 14, 8, 15], "rotation": 270, "texture": "#1", "cullface": "up"},
				"up": {"uv": [6, 14, 8, 15], "texture": "#1", "cullface": "up"},
				"down": {"uv": [0, 0, 2, 1], "rotation": 180, "texture": "#1", "cullface": "up"}
			}
		},
		{
			"from": [3, 13.75, 13],
			"to": [5, 16.25, 14],
			"rotation": {"angle": 0, "axis": "y", "origin": [8, 8, 8.5]},
			"faces": {
				"north": {"uv": [6, 14, 8, 15], "texture": "#1", "cullface": "up"},
				"east": {"uv": [6, 14, 8, 15], "rotation": 90, "texture": "#1", "cullface": "up"},
				"south": {"uv": [6, 14, 8, 15], "rotation": 180, "texture": "#1", "cullface": "up"},
				"west": {"uv": [6, 14, 8, 15], "rotation": 270, "texture": "#1", "cullface": "up"},
				"up": {"uv": [6, 14, 8, 15], "texture": "#1", "cullface": "up"},
				"down": {"uv": [0, 0, 2, 1], "rotation": 180, "texture": "#1", "cullface": "up"}
			}
		},
		{
			"from": [4, 13.75, 9],
			"to": [6, 16.25, 10],
			"rotation": {"angle": 0, "axis": "y", "origin": [8, 8, 8.5]},
			"faces": {
				"north": {"uv": [6, 14, 8, 15], "texture": "#1", "cullface": "up"},
				"east": {"uv": [6, 14, 8, 15], "rotation": 90, "texture": "#1", "cullface": "up"},
				"south": {"uv": [6, 14, 8, 15], "rotation": 180, "texture": "#1", "cullface": "up"},
				"west": {"uv": [6, 14, 8, 15], "rotation": 270, "texture": "#1", "cullface": "up"},
				"up": {"uv": [4, 9, 6, 10], "texture": "#1", "cullface": "up"},
				"down": {"uv": [0, 0, 2, 1], "rotation": 180, "texture": "#1", "cullface": "up"}
			}
		},
		{
			"from": [13, 13.85, 10],
			"to": [15, 16.35, 11],
			"rotation": {"angle": 0, "axis": "y", "origin": [8, 8, 8.5]},
			"faces": {
				"north": {"uv": [6, 14, 8, 15], "texture": "#1", "cullface": "up"},
				"east": {"uv": [6, 14, 8, 15], "rotation": 90, "texture": "#1", "cullface": "up"},
				"south": {"uv": [6, 14, 8, 15], "rotation": 180, "texture": "#1", "cullface": "up"},
				"west": {"uv": [6, 14, 8, 15], "rotation": 270, "texture": "#1", "cullface": "up"},
				"up": {"uv": [13, 10, 15, 11], "texture": "#1", "cullface": "up"},
				"down": {"uv": [0, 0, 2, 1], "rotation": 180, "texture": "#1", "cullface": "up"}
			}
		},
		{
			"from": [1, 13.85, 4],
			"to": [3, 16.35, 5],
			"rotation": {"angle": 0, "axis": "y", "origin": [8, 8, 8.5]},
			"faces": {
				"north": {"uv": [6, 14, 8, 15], "texture": "#1", "cullface": "up"},
				"east": {"uv": [6, 14, 8, 15], "rotation": 90, "texture": "#1", "cullface": "up"},
				"south": {"uv": [6, 14, 8, 15], "rotation": 180, "texture": "#1", "cullface": "up"},
				"west": {"uv": [6, 14, 8, 15], "rotation": 270, "texture": "#1", "cullface": "up"},
				"up": {"uv": [1, 4, 3, 5], "texture": "#1", "cullface": "up"},
				"down": {"uv": [0, 0, 2, 1], "rotation": 180, "texture": "#1", "cullface": "up"}
			}
		},
		{
			"from": [12, 13.75, 2],
			"to": [14, 16.25, 3],
			"rotation": {"angle": 0, "axis": "y", "origin": [8, 8, 8.5]},
			"faces": {
				"north": {"uv": [6, 14, 8, 15], "texture": "#1", "cullface": "up"},
				"east": {"uv": [6, 14, 8, 15], "rotation": 90, "texture": "#1", "cullface": "up"},
				"south": {"uv": [6, 14, 8, 15], "rotation": 180, "texture": "#1", "cullface": "up"},
				"west": {"uv": [6, 14, 8, 15], "rotation": 270, "texture": "#1", "cullface": "up"},
				"up": {"uv": [12, 2, 14, 3], "texture": "#1", "cullface": "up"},
				"down": {"uv": [0, 0, 2, 1], "rotation": 180, "texture": "#1", "cullface": "up"}
			}
		},
		{
			"from": [11, 13.75, 7],
			"to": [13, 16.25, 8],
			"rotation": {"angle": 0, "axis": "y", "origin": [8, 8, 8.5]},
			"faces": {
				"north": {"uv": [6, 14, 8, 15], "texture": "#1", "cullface": "up"},
				"east": {"uv": [6, 14, 8, 15], "rotation": 90, "texture": "#1", "cullface": "up"},
				"south": {"uv": [6, 14, 8, 15], "rotation": 180, "texture": "#1", "cullface": "up"},
				"west": {"uv": [6, 14, 8, 15], "rotation": 270, "texture": "#1", "cullface": "up"},
				"up": {"uv": [11, 7, 13, 8], "texture": "#1", "cullface": "up"},
				"down": {"uv": [0, 0, 2, 1], "rotation": 180, "texture": "#1", "cullface": "up"}
			}
		},
		{
			"from": [10, 13.75, 12],
			"to": [13, 16.25, 13],
			"rotation": {"angle": 0, "axis": "y", "origin": [8, 8, 8.5]},
			"faces": {
				"north": {"uv": [13, 6, 10, 7], "texture": "#1", "cullface": "up"},
				"east": {"uv": [6, 3, 5, 4], "rotation": 90, "texture": "#1", "cullface": "up"},
				"south": {"uv": [13, 6, 10, 7], "rotation": 180, "texture": "#1", "cullface": "up"},
				"west": {"uv": [11, 3, 10, 4], "rotation": 270, "texture": "#1", "cullface": "up"},
				"up": {"uv": [13, 12, 10, 13], "texture": "#1", "cullface": "up"},
				"down": {"uv": [2, 0, 0, 1], "rotation": 180, "texture": "#1", "cullface": "up"}
			}
		},
		{
			"from": [10, 13.75, 13],
			"to": [12, 16.25, 14],
			"rotation": {"angle": 0, "axis": "y", "origin": [8, 8, 8.5]},
			"faces": {
				"north": {"uv": [8, 14, 6, 15], "texture": "#1", "cullface": "up"},
				"east": {"uv": [8, 14, 6, 15], "rotation": 90, "texture": "#1", "cullface": "up"},
				"south": {"uv": [8, 14, 6, 15], "rotation": 180, "texture": "#1", "cullface": "up"},
				"west": {"uv": [8, 14, 6, 15], "rotation": 270, "texture": "#1", "cullface": "up"},
				"up": {"uv": [12, 13, 10, 14], "texture": "#1", "cullface": "up"},
				"down": {"uv": [2, 0, 0, 1], "rotation": 180, "texture": "#1", "cullface": "up"}
			}
		},
		{
			"from": [5, 14, 3],
			"to": [11, 16.5, 4],
			"rotation": {"angle": 0, "axis": "y", "origin": [8, 8, 8.5]},
			"faces": {
				"north": {"uv": [11, 3, 5, 4], "texture": "#1", "cullface": "up"},
				"east": {"uv": [10, 3, 11, 4], "rotation": 90, "texture": "#1", "cullface": "up"},
				"south": {"uv": [11, 3, 5, 4], "rotation": 180, "texture": "#1", "cullface": "up"},
				"west": {"uv": [5, 3, 6, 4], "rotation": 270, "texture": "#1", "cullface": "up"},
				"up": {"uv": [5, 3, 11, 4], "texture": "#1", "cullface": "up"},
				"down": {"uv": [0, 0, 2, 1], "rotation": 180, "texture": "#1", "cullface": "up"}
			}
		},
		{
			"from": [3, 13.85, 8],
			"to": [8, 16.35, 9],
			"rotation": {"angle": 0, "axis": "y", "origin": [8, 8, 8.5]},
			"faces": {
				"north": {"uv": [3, 8, 8, 9], "texture": "#1", "cullface": "up"},
				"east": {"uv": [10, 3, 11, 4], "rotation": 90, "texture": "#1", "cullface": "up"},
				"south": {"uv": [3, 8, 8, 9], "rotation": 180, "texture": "#1", "cullface": "up"},
				"west": {"uv": [5, 3, 6, 4], "rotation": 270, "texture": "#1", "cullface": "up"},
				"up": {"uv": [3, 8, 8, 9], "texture": "#1", "cullface": "up"},
				"down": {"uv": [0, 0, 2, 1], "rotation": 180, "texture": "#1", "cullface": "up"}
			}
		},
		{
			"from": [2, 13.85, 12],
			"to": [7, 16.35, 13],
			"rotation": {"angle": 0, "axis": "y", "origin": [8, 8, 8.5]},
			"faces": {
				"north": {"uv": [7, 12, 2, 13], "texture": "#1", "cullface": "up"},
				"east": {"uv": [10, 3, 11, 4], "rotation": 90, "texture": "#1", "cullface": "up"},
				"south": {"uv": [7, 12, 2, 13], "rotation": 180, "texture": "#1", "cullface": "up"},
				"west": {"uv": [5, 3, 6, 4], "rotation": 270, "texture": "#1", "cullface": "up"},
				"up": {"uv": [2, 12, 7, 13], "texture": "#1", "cullface": "up"},
				"down": {"uv": [0, 0, 2, 1], "rotation": 180, "texture": "#1", "cullface": "up"}
			}
		},
		{
			"from": [6, 13.75, 2],
			"to": [9, 16.25, 3],
			"rotation": {"angle": 0, "axis": "y", "origin": [8, 8, 8.5]},
			"faces": {
				"north": {"uv": [6, 2, 9, 3], "texture": "#1", "cullface": "up"},
				"east": {"uv": [10, 3, 11, 4], "rotation": 90, "texture": "#1", "cullface": "up"},
				"south": {"uv": [5, 3, 11, 4], "rotation": 180, "texture": "#1", "cullface": "up"},
				"west": {"uv": [5, 3, 6, 4], "rotation": 270, "texture": "#1", "cullface": "up"},
				"up": {"uv": [6, 2, 9, 3], "texture": "#1", "cullface": "up"},
				"down": {"uv": [0, 0, 2, 1], "rotation": 180, "texture": "#1", "cullface": "up"}
			}
		},
		{
			"from": [7, 13.75, 4],
			"to": [10, 16.25, 5],
			"rotation": {"angle": 0, "axis": "y", "origin": [8, 8, 8.5]},
			"faces": {
				"north": {"uv": [6, 2, 9, 3], "texture": "#1", "cullface": "up"},
				"east": {"uv": [10, 3, 11, 4], "rotation": 90, "texture": "#1", "cullface": "up"},
				"south": {"uv": [7, 4, 10, 5], "rotation": 180, "texture": "#1", "cullface": "up"},
				"west": {"uv": [5, 3, 6, 4], "rotation": 270, "texture": "#1", "cullface": "up"},
				"up": {"uv": [7, 4, 10, 5], "texture": "#1", "cullface": "up"},
				"down": {"uv": [0, 0, 2, 1], "rotation": 180, "texture": "#1", "cullface": "up"}
			}
		},
		{
			"from": [10, 13.75, 6],
			"to": [13, 16.25, 7],
			"rotation": {"angle": 0, "axis": "y", "origin": [8, 8, 8.5]},
			"faces": {
				"north": {"uv": [10, 6, 13, 7], "texture": "#1", "cullface": "up"},
				"east": {"uv": [10, 3, 11, 4], "rotation": 90, "texture": "#1", "cullface": "up"},
				"south": {"uv": [10, 6, 13, 7], "rotation": 180, "texture": "#1", "cullface": "up"},
				"west": {"uv": [5, 3, 6, 4], "rotation": 270, "texture": "#1", "cullface": "up"},
				"up": {"uv": [10, 6, 13, 7], "texture": "#1", "cullface": "up"},
				"down": {"uv": [0, 0, 2, 1], "rotation": 180, "texture": "#1", "cullface": "up"}
			}
		},
		{
			"from": [4, 13.75, 7],
			"to": [7, 16.25, 8],
			"rotation": {"angle": 0, "axis": "y", "origin": [8, 8, 8.5]},
			"faces": {
				"north": {"uv": [6, 2, 9, 3], "texture": "#1", "cullface": "up"},
				"east": {"uv": [10, 3, 11, 4], "rotation": 90, "texture": "#1", "cullface": "up"},
				"south": {"uv": [7, 4, 10, 5], "rotation": 180, "texture": "#1", "cullface": "up"},
				"west": {"uv": [5, 3, 6, 4], "rotation": 270, "texture": "#1", "cullface": "up"},
				"up": {"uv": [4, 7, 7, 8], "texture": "#1", "cullface": "up"},
				"down": {"uv": [0, 0, 2, 1], "rotation": 180, "texture": "#1", "cullface": "up"}
			}
		},
		{
			"from": [6, -0.15, 1],
			"to": [8, 2.35, 2],
			"rotation": {"angle": 0, "axis": "y", "origin": [8, 8, 7.5]},
			"faces": {
				"north": {"uv": [8, 15, 6, 14], "rotation": 180, "texture": "#1", "cullface": "down"},
				"east": {"uv": [6, 14, 8, 15], "rotation": 270, "texture": "#1", "cullface": "down"},
				"south": {"uv": [8, 15, 6, 14], "texture": "#1", "cullface": "down"},
				"west": {"uv": [6, 14, 8, 15], "rotation": 90, "texture": "#1", "cullface": "down"},
				"up": {"uv": [0, 0, 2, 1], "rotation": 180, "texture": "#1", "cullface": "down"},
				"down": {"uv": [6, 14, 8, 15], "texture": "#1", "cullface": "down"}
			}
		},
		{
			"from": [3, -0.25, 2],
			"to": [5, 2.25, 3],
			"rotation": {"angle": 0, "axis": "y", "origin": [8, 8, 7.5]},
			"faces": {
				"north": {"uv": [8, 15, 6, 14], "rotation": 180, "texture": "#1", "cullface": "down"},
				"east": {"uv": [6, 14, 8, 15], "rotation": 270, "texture": "#1", "cullface": "down"},
				"south": {"uv": [8, 15, 6, 14], "texture": "#1", "cullface": "down"},
				"west": {"uv": [6, 14, 8, 15], "rotation": 90, "texture": "#1", "cullface": "down"},
				"up": {"uv": [0, 0, 2, 1], "rotation": 180, "texture": "#1", "cullface": "down"},
				"down": {"uv": [6, 14, 8, 15], "texture": "#1", "cullface": "down"}
			}
		},
		{
			"from": [4, -0.25, 6],
			"to": [6, 2.25, 7],
			"rotation": {"angle": 0, "axis": "y", "origin": [8, 8, 7.5]},
			"faces": {
				"north": {"uv": [8, 15, 6, 14], "rotation": 180, "texture": "#1", "cullface": "down"},
				"east": {"uv": [6, 14, 8, 15], "rotation": 270, "texture": "#1", "cullface": "down"},
				"south": {"uv": [8, 15, 6, 14], "texture": "#1", "cullface": "down"},
				"west": {"uv": [6, 14, 8, 15], "rotation": 90, "texture": "#1", "cullface": "down"},
				"up": {"uv": [0, 0, 2, 1], "rotation": 180, "texture": "#1", "cullface": "down"},
				"down": {"uv": [4, 9, 6, 10], "texture": "#1", "cullface": "down"}
			}
		},
		{
			"from": [13, -0.35, 5],
			"to": [15, 2.15, 6],
			"rotation": {"angle": 0, "axis": "y", "origin": [8, 8, 7.5]},
			"faces": {
				"north": {"uv": [8, 15, 6, 14], "rotation": 180, "texture": "#1", "cullface": "down"},
				"east": {"uv": [6, 14, 8, 15], "rotation": 270, "texture": "#1", "cullface": "down"},
				"south": {"uv": [8, 15, 6, 14], "texture": "#1", "cullface": "down"},
				"west": {"uv": [6, 14, 8, 15], "rotation": 90, "texture": "#1", "cullface": "down"},
				"up": {"uv": [0, 0, 2, 1], "rotation": 180, "texture": "#1", "cullface": "down"},
				"down": {"uv": [13, 10, 15, 11], "texture": "#1", "cullface": "down"}
			}
		},
		{
			"from": [1, -0.35, 11],
			"to": [3, 2.15, 12],
			"rotation": {"angle": 0, "axis": "y", "origin": [8, 8, 7.5]},
			"faces": {
				"north": {"uv": [8, 15, 6, 14], "rotation": 180, "texture": "#1", "cullface": "down"},
				"east": {"uv": [6, 14, 8, 15], "rotation": 270, "texture": "#1", "cullface": "down"},
				"south": {"uv": [8, 15, 6, 14], "texture": "#1", "cullface": "down"},
				"west": {"uv": [6, 14, 8, 15], "rotation": 90, "texture": "#1", "cullface": "down"},
				"up": {"uv": [0, 0, 2, 1], "rotation": 180, "texture": "#1", "cullface": "down"},
				"down": {"uv": [1, 4, 3, 5], "texture": "#1", "cullface": "down"}
			}
		},
		{
			"from": [12, -0.25, 13],
			"to": [14, 2.25, 14],
			"rotation": {"angle": 0, "axis": "y", "origin": [8, 8, 7.5]},
			"faces": {
				"north": {"uv": [8, 15, 6, 14], "rotation": 180, "texture": "#1", "cullface": "down"},
				"east": {"uv": [6, 14, 8, 15], "rotation": 270, "texture": "#1", "cullface": "down"},
				"south": {"uv": [8, 15, 6, 14], "texture": "#1", "cullface": "down"},
				"west": {"uv": [6, 14, 8, 15], "rotation": 90, "texture": "#1", "cullface": "down"},
				"up": {"uv": [0, 0, 2, 1], "rotation": 180, "texture": "#1", "cullface": "down"},
				"down": {"uv": [12, 2, 14, 3], "texture": "#1", "cullface": "down"}
			}
		},
		{
			"from": [11, -0.25, 8],
			"to": [13, 2.25, 9],
			"rotation": {"angle": 0, "axis": "y", "origin": [8, 8, 7.5]},
			"faces": {
				"north": {"uv": [8, 15, 6, 14], "rotation": 180, "texture": "#1", "cullface": "down"},
				"east": {"uv": [6, 14, 8, 15], "rotation": 270, "texture": "#1", "cullface": "down"},
				"south": {"uv": [8, 15, 6, 14], "texture": "#1", "cullface": "down"},
				"west": {"uv": [6, 14, 8, 15], "rotation": 90, "texture": "#1", "cullface": "down"},
				"up": {"uv": [0, 0, 2, 1], "rotation": 180, "texture": "#1", "cullface": "down"},
				"down": {"uv": [11, 7, 13, 8], "texture": "#1", "cullface": "down"}
			}
		},
		{
			"from": [10, -0.25, 3],
			"to": [13, 2.25, 4],
			"rotation": {"angle": 0, "axis": "y", "origin": [8, 8, 7.5]},
			"faces": {
				"north": {"uv": [10, 7, 13, 6], "rotation": 180, "texture": "#1", "cullface": "down"},
				"east": {"uv": [6, 3, 5, 4], "rotation": 270, "texture": "#1", "cullface": "down"},
				"south": {"uv": [10, 7, 13, 6], "texture": "#1", "cullface": "down"},
				"west": {"uv": [11, 3, 10, 4], "rotation": 90, "texture": "#1", "cullface": "down"},
				"up": {"uv": [2, 0, 0, 1], "rotation": 180, "texture": "#1", "cullface": "down"},
				"down": {"uv": [13, 12, 10, 13], "texture": "#1", "cullface": "down"}
			}
		},
		{
			"from": [10, -0.25, 2],
			"to": [12, 2.25, 3],
			"rotation": {"angle": 0, "axis": "y", "origin": [8, 8, 7.5]},
			"faces": {
				"north": {"uv": [6, 15, 8, 14], "rotation": 180, "texture": "#1", "cullface": "down"},
				"east": {"uv": [8, 14, 6, 15], "rotation": 270, "texture": "#1", "cullface": "down"},
				"south": {"uv": [6, 15, 8, 14], "texture": "#1", "cullface": "down"},
				"west": {"uv": [8, 14, 6, 15], "rotation": 90, "texture": "#1", "cullface": "down"},
				"up": {"uv": [2, 0, 0, 1], "rotation": 180, "texture": "#1", "cullface": "down"},
				"down": {"uv": [12, 13, 10, 14], "texture": "#1", "cullface": "down"}
			}
		},
		{
			"from": [5, -0.5, 12],
			"to": [11, 2, 13],
			"rotation": {"angle": 0, "axis": "y", "origin": [8, 8, 7.5]},
			"faces": {
				"north": {"uv": [5, 4, 11, 3], "rotation": 180, "texture": "#1", "cullface": "down"},
				"east": {"uv": [10, 3, 11, 4], "rotation": 270, "texture": "#1", "cullface": "down"},
				"south": {"uv": [5, 4, 11, 3], "texture": "#1", "cullface": "down"},
				"west": {"uv": [5, 3, 6, 4], "rotation": 90, "texture": "#1", "cullface": "down"},
				"up": {"uv": [0, 0, 2, 1], "rotation": 180, "texture": "#1", "cullface": "down"},
				"down": {"uv": [5, 3, 11, 4], "texture": "#1", "cullface": "down"}
			}
		},
		{
			"from": [3, -0.35, 7],
			"to": [8, 2.15, 8],
			"rotation": {"angle": 0, "axis": "y", "origin": [8, 8, 7.5]},
			"faces": {
				"north": {"uv": [8, 9, 3, 8], "rotation": 180, "texture": "#1", "cullface": "down"},
				"east": {"uv": [10, 3, 11, 4], "rotation": 270, "texture": "#1", "cullface": "down"},
				"south": {"uv": [8, 9, 3, 8], "texture": "#1", "cullface": "down"},
				"west": {"uv": [5, 3, 6, 4], "rotation": 90, "texture": "#1", "cullface": "down"},
				"up": {"uv": [0, 0, 2, 1], "rotation": 180, "texture": "#1", "cullface": "down"},
				"down": {"uv": [3, 8, 8, 9], "texture": "#1", "cullface": "down"}
			}
		},
		{
			"from": [2, -0.35, 3],
			"to": [7, 2.15, 4],
			"rotation": {"angle": 0, "axis": "y", "origin": [8, 8, 7.5]},
			"faces": {
				"north": {"uv": [2, 13, 7, 12], "rotation": 180, "texture": "#1", "cullface": "down"},
				"east": {"uv": [10, 3, 11, 4], "rotation": 270, "texture": "#1", "cullface": "down"},
				"south": {"uv": [2, 13, 7, 12], "texture": "#1", "cullface": "down"},
				"west": {"uv": [5, 3, 6, 4], "rotation": 90, "texture": "#1", "cullface": "down"},
				"up": {"uv": [0, 0, 2, 1], "rotation": 180, "texture": "#1", "cullface": "down"},
				"down": {"uv": [2, 12, 7, 13], "texture": "#1", "cullface": "down"}
			}
		},
		{
			"from": [6, -0.25, 13],
			"to": [9, 2.25, 14],
			"rotation": {"angle": 0, "axis": "y", "origin": [8, 8, 7.5]},
			"faces": {
				"north": {"uv": [11, 4, 5, 3], "rotation": 180, "texture": "#1", "cullface": "down"},
				"east": {"uv": [10, 3, 11, 4], "rotation": 270, "texture": "#1", "cullface": "down"},
				"south": {"uv": [9, 3, 6, 2], "texture": "#1", "cullface": "down"},
				"west": {"uv": [5, 3, 6, 4], "rotation": 90, "texture": "#1", "cullface": "down"},
				"up": {"uv": [0, 0, 2, 1], "rotation": 180, "texture": "#1", "cullface": "down"},
				"down": {"uv": [6, 2, 9, 3], "texture": "#1", "cullface": "down"}
			}
		},
		{
			"from": [7, -0.25, 11],
			"to": [10, 2.25, 12],
			"rotation": {"angle": 0, "axis": "y", "origin": [8, 8, 7.5]},
			"faces": {
				"north": {"uv": [10, 5, 7, 4], "rotation": 180, "texture": "#1", "cullface": "down"},
				"east": {"uv": [10, 3, 11, 4], "rotation": 270, "texture": "#1", "cullface": "down"},
				"south": {"uv": [9, 3, 6, 2], "texture": "#1", "cullface": "down"},
				"west": {"uv": [5, 3, 6, 4], "rotation": 90, "texture": "#1", "cullface": "down"},
				"up": {"uv": [0, 0, 2, 1], "rotation": 180, "texture": "#1", "cullface": "down"},
				"down": {"uv": [7, 4, 10, 5], "texture": "#1", "cullface": "down"}
			}
		},
		{
			"from": [10, -0.25, 9],
			"to": [13, 2.25, 10],
			"rotation": {"angle": 0, "axis": "y", "origin": [8, 8, 7.5]},
			"faces": {
				"north": {"uv": [13, 7, 10, 6], "rotation": 180, "texture": "#1", "cullface": "down"},
				"east": {"uv": [10, 3, 11, 4], "rotation": 270, "texture": "#1", "cullface": "down"},
				"south": {"uv": [13, 7, 10, 6], "texture": "#1", "cullface": "down"},
				"west": {"uv": [5, 3, 6, 4], "rotation": 90, "texture": "#1", "cullface": "down"},
				"up": {"uv": [0, 0, 2, 1], "rotation": 180, "texture": "#1", "cullface": "down"},
				"down": {"uv": [10, 6, 13, 7], "texture": "#1", "cullface": "down"}
			}
		},
		{
			"from": [4, -0.25, 8],
			"to": [7, 2.25, 9],
			"rotation": {"angle": 0, "axis": "y", "origin": [8, 8, 7.5]},
			"faces": {
				"north": {"uv": [10, 5, 7, 4], "rotation": 180, "texture": "#1", "cullface": "down"},
				"east": {"uv": [10, 3, 11, 4], "rotation": 270, "texture": "#1", "cullface": "down"},
				"south": {"uv": [9, 3, 6, 2], "texture": "#1", "cullface": "down"},
				"west": {"uv": [5, 3, 6, 4], "rotation": 90, "texture": "#1", "cullface": "down"},
				"up": {"uv": [0, 0, 2, 1], "rotation": 180, "texture": "#1", "cullface": "down"},
				"down": {"uv": [4, 7, 7, 8], "texture": "#1", "cullface": "down"}
			}
		}
	],
	"groups": [
		0,
		{
			"name": "The ORES",
			"origin": [9, 8, 0.25],
			"color": 0,
			"children": [1, 2, 3, 4, 5, 6, 7, 8, 9, 10, 11, 12, 13, 14, 15, 16]
		},
		{
			"name": "The ORES",
			"origin": [9, 8, 0.25],
			"color": 0,
			"children": [17, 18, 19, 20, 21, 22, 23, 24, 25, 26, 27, 28, 29, 30, 31, 32]
		},
		{
			"name": "The ORES",
			"origin": [9, 8, 0.25],
			"color": 0,
			"children": [33, 34, 35, 36, 37, 38, 39, 40, 41, 42, 43, 44, 45, 46, 47, 48]
		},
		{
			"name": "The ORES",
			"origin": [9, 8, 0.25],
			"color": 0,
			"children": [49, 50, 51, 52, 53, 54, 55, 56, 57, 58, 59, 60, 61, 62, 63, 64]
		},
		{
			"name": "The ORES",
			"origin": [9, 8, 0.25],
			"color": 0,
			"children": [65, 66, 67, 68, 69, 70, 71, 72, 73, 74, 75, 76, 77, 78, 79, 80]
		},
		{
			"name": "The ORES",
			"origin": [9, 8, 0.25],
			"color": 0,
			"children": [81, 82, 83, 84, 85, 86, 87, 88, 89, 90, 91, 92, 93, 94, 95, 96]
		}
	]
}