{
	"format_version": "1.21.6",
	"credit": "Made with Blockbench",
	"ambientocclusion": false,
	"textures": {
		"1": "block/furnace_log_unlit",
		"2": "block/detector_rail",
		"rail": "block/rail",
		"particle": "block/detector_rail"
	},
	"elements": [
		{
			"from": [2, 0.75, 0],
			"to": [4, 2, 16],
			"rotation": {"angle": 0, "axis": "y", "origin": [2, 0, 0]},
			"faces": {
				"north": {"uv": [4, 16, 2, 15], "texture": "#rail"},
				"east": {"uv": [3, 0, 4, 16], "rotation": 90, "texture": "#rail"},
				"south": {"uv": [2, 1, 4, 0], "texture": "#rail"},
				"west": {"uv": [3, 16, 2, 0], "rotation": 90, "texture": "#rail"},
				"up": {"uv": [2, 0, 4, 16], "texture": "#rail"},
				"down": {"uv": [2, 0, 4, 16], "texture": "#rail"}
			}
		},
		{
			"from": [12.05, 0.8, -0.3],
			"to": [13.95, 1.95, 16.3],
			"rotation": {"angle": 0, "axis": "y", "origin": [12, 0, 0]},
			"faces": {
				"north": {"uv": [14, 16, 12, 15], "texture": "#rail"},
				"east": {"uv": [13, 16, 14, 0], "rotation": 90, "texture": "#rail"},
				"south": {"uv": [12, 1, 14, 0], "texture": "#rail"},
				"west": {"uv": [13, 16, 12, 0], "rotation": 90, "texture": "#rail"},
				"up": {"uv": [12, 0, 14, 16], "texture": "#rail"},
				"down": {"uv": [12, 0, 14, 16], "texture": "#rail"}
			}
		},
		{
			"from": [2.05, 0.8, -0.3],
			"to": [3.95, 1.95, 16.3],
			"rotation": {"angle": 0, "axis": "y", "origin": [2, 0, 0]},
			"faces": {
				"north": {"uv": [4, 16, 2, 15], "texture": "#rail"},
				"east": {"uv": [3, 0, 4, 16], "rotation": 90, "texture": "#rail"},
				"south": {"uv": [2, 1, 4, 0], "texture": "#rail"},
				"west": {"uv": [3, 16, 2, 0], "rotation": 90, "texture": "#rail"},
				"up": {"uv": [2, 0, 4, 16], "texture": "#rail"},
				"down": {"uv": [2, 0, 4, 16], "texture": "#rail"}
			}
		},
		{
			"from": [12, 0.75, 0],
			"to": [14, 2, 16],
			"rotation": {"angle": 0, "axis": "y", "origin": [12, 0, 0]},
			"faces": {
				"north": {"uv": [14, 16, 12, 15], "texture": "#rail"},
				"east": {"uv": [13, 16, 14, 0], "rotation": 90, "texture": "#rail"},
				"south": {"uv": [12, 1, 14, 0], "texture": "#rail"},
				"west": {"uv": [13, 16, 12, 0], "rotation": 90, "texture": "#rail"},
				"up": {"uv": [12, 0, 14, 16], "texture": "#rail"},
				"down": {"uv": [12, 0, 14, 16], "texture": "#rail"}
			}
		},
		{
			"from": [1, 0, 1],
			"to": [15, 1, 3],
			"rotation": {"angle": 0, "axis": "y", "origin": [1, 0, 1]},
			"faces": {
				"north": {"uv": [1, 1, 15, 2], "texture": "#1"},
				"east": {"uv": [14, 13, 15, 15], "rotation": 90, "texture": "#rail"},
				"south": {"uv": [1, 1, 15, 2], "texture": "#1"},
				"west": {"uv": [14, 13, 15, 15], "rotation": 90, "texture": "#rail"},
				"up": {"uv": [1, 13, 15, 15], "texture": "#rail"},
				"down": {"uv": [1, 0, 15, 2], "texture": "#1"}
			}
		},
		{
			"from": [1, 0, 5],
			"to": [15, 1, 7],
			"rotation": {"angle": 0, "axis": "y", "origin": [1, 0, 5]},
			"faces": {
				"north": {"uv": [1, 1, 15, 2], "texture": "#1"},
				"east": {"uv": [14, 13, 15, 15], "rotation": 90, "texture": "#rail"},
				"south": {"uv": [1, 1, 15, 2], "texture": "#1"},
				"west": {"uv": [14, 13, 15, 15], "rotation": 90, "texture": "#rail"},
				"up": {"uv": [1, 13, 15, 15], "texture": "#rail"},
				"down": {"uv": [1, 0, 15, 2], "texture": "#1"}
			}
		},
		{
			"from": [1, 0, 9],
			"to": [15, 1, 11],
			"rotation": {"angle": 0, "axis": "y", "origin": [1, 0, 9]},
			"faces": {
				"north": {"uv": [1, 1, 15, 2], "texture": "#1"},
				"east": {"uv": [14, 13, 15, 15], "rotation": 90, "texture": "#rail"},
				"south": {"uv": [1, 1, 15, 2], "texture": "#1"},
				"west": {"uv": [14, 13, 15, 15], "rotation": 90, "texture": "#rail"},
				"up": {"uv": [1, 13, 15, 15], "texture": "#rail"},
				"down": {"uv": [1, 0, 15, 2], "texture": "#1"}
			}
		},
		{
			"from": [1, 0, 13],
			"to": [15, 1, 15],
			"rotation": {"angle": 0, "axis": "y", "origin": [1, 0, 13]},
			"faces": {
				"north": {"uv": [1, 1, 15, 2], "texture": "#1"},
				"east": {"uv": [14, 13, 15, 15], "rotation": 90, "texture": "#rail"},
				"south": {"uv": [1, 1, 15, 2], "texture": "#1"},
				"west": {"uv": [14, 13, 15, 15], "rotation": 90, "texture": "#rail"},
				"up": {"uv": [1, 13, 15, 15], "texture": "#rail"},
				"down": {"uv": [1, 0, 15, 2], "texture": "#1"}
			}
		},
		{
			"from": [1.2, 1, 1.6],
			"to": [2, 1.25, 2.4],
			"rotation": {"angle": 0, "axis": "y", "origin": [1.2, 1, 1.5]},
			"faces": {
				"north": {"uv": [12, 15, 13, 16], "texture": "#rail"},
				"east": {"uv": [12, 15, 13, 16], "texture": "#rail"},
				"south": {"uv": [12, 15, 13, 16], "texture": "#rail"},
				"west": {"uv": [12, 15, 13, 16], "texture": "#rail"},
				"up": {"uv": [12, 15, 13, 16], "texture": "#rail"},
				"down": {"uv": [12, 15, 13, 16], "texture": "#rail"}
			}
		},
		{
			"from": [1.45, 1, 1.85],
			"to": [1.75, 1.5, 2.15],
			"rotation": {"angle": 0, "axis": "y", "origin": [1.1, 1, 1.5]},
			"faces": {
				"north": {"uv": [13, 13, 13.3, 13.5], "texture": "#rail"},
				"east": {"uv": [13, 13, 13.3, 13.5], "texture": "#rail"},
				"south": {"uv": [13, 13, 13.3, 13.5], "texture": "#rail"},
				"west": {"uv": [13, 13, 13.3, 13.5], "texture": "#rail"},
				"up": {"uv": [13, 13, 13.3, 13.5], "texture": "#rail"},
				"down": {"uv": [13, 13, 13.3, 13.5], "texture": "#rail"}
			}
		},
		{
			"from": [4.25, 1, 1.85],
			"to": [4.55, 1.5, 2.15],
			"rotation": {"angle": 0, "axis": "y", "origin": [3.9, 1, 1.5]},
			"faces": {
				"north": {"uv": [13, 13, 13.3, 13.5], "texture": "#rail"},
				"east": {"uv": [13, 13, 13.3, 13.5], "texture": "#rail"},
				"south": {"uv": [13, 13, 13.3, 13.5], "texture": "#rail"},
				"west": {"uv": [13, 13, 13.3, 13.5], "texture": "#rail"},
				"up": {"uv": [13, 13, 13.3, 13.5], "texture": "#rail"},
				"down": {"uv": [13, 13, 13.3, 13.5], "texture": "#rail"}
			}
		},
		{
			"from": [4, 1, 1.6],
			"to": [4.8, 1.25, 2.4],
			"rotation": {"angle": 0, "axis": "y", "origin": [4, 1, 1.5]},
			"faces": {
				"north": {"uv": [12, 15, 13, 16], "texture": "#rail"},
				"east": {"uv": [12, 15, 13, 16], "texture": "#rail"},
				"south": {"uv": [12, 15, 13, 16], "texture": "#rail"},
				"west": {"uv": [12, 15, 13, 16], "texture": "#rail"},
				"up": {"uv": [12, 15, 13, 16], "texture": "#rail"},
				"down": {"uv": [12, 15, 13, 16], "texture": "#rail"}
			}
		},
		{
			"from": [14, 1, 1.6],
			"to": [14.8, 1.25, 2.4],
			"rotation": {"angle": 0, "axis": "y", "origin": [14.8, 1, 1.5]},
			"faces": {
				"north": {"uv": [13, 15, 12, 16], "texture": "#rail"},
				"east": {"uv": [13, 15, 12, 16], "texture": "#rail"},
				"south": {"uv": [13, 15, 12, 16], "texture": "#rail"},
				"west": {"uv": [13, 15, 12, 16], "texture": "#rail"},
				"up": {"uv": [13, 15, 12, 16], "texture": "#rail"},
				"down": {"uv": [13, 15, 12, 16], "texture": "#rail"}
			}
		},
		{
			"from": [14.25, 1, 1.85],
			"to": [14.55, 1.5, 2.15],
			"rotation": {"angle": 0, "axis": "y", "origin": [14.9, 1, 1.5]},
			"faces": {
				"north": {"uv": [13.3, 13, 13, 13.5], "texture": "#rail"},
				"east": {"uv": [13.3, 13, 13, 13.5], "texture": "#rail"},
				"south": {"uv": [13.3, 13, 13, 13.5], "texture": "#rail"},
				"west": {"uv": [13.3, 13, 13, 13.5], "texture": "#rail"},
				"up": {"uv": [13.3, 13, 13, 13.5], "texture": "#rail"},
				"down": {"uv": [13.3, 13, 13, 13.5], "texture": "#rail"}
			}
		},
		{
			"from": [11.45, 1, 1.85],
			"to": [11.75, 1.5, 2.15],
			"rotation": {"angle": 0, "axis": "y", "origin": [12.1, 1, 1.5]},
			"faces": {
				"north": {"uv": [13.3, 13, 13, 13.5], "texture": "#rail"},
				"east": {"uv": [13.3, 13, 13, 13.5], "texture": "#rail"},
				"south": {"uv": [13.3, 13, 13, 13.5], "texture": "#rail"},
				"west": {"uv": [13.3, 13, 13, 13.5], "texture": "#rail"},
				"up": {"uv": [13.3, 13, 13, 13.5], "texture": "#rail"},
				"down": {"uv": [13.3, 13, 13, 13.5], "texture": "#rail"}
			}
		},
		{
			"from": [11.2, 1, 1.6],
			"to": [12, 1.25, 2.4],
			"rotation": {"angle": 0, "axis": "y", "origin": [12, 1, 1.5]},
			"faces": {
				"north": {"uv": [13, 15, 12, 16], "texture": "#rail"},
				"east": {"uv": [13, 15, 12, 16], "texture": "#rail"},
				"south": {"uv": [13, 15, 12, 16], "texture": "#rail"},
				"west": {"uv": [13, 15, 12, 16], "texture": "#rail"},
				"up": {"uv": [13, 15, 12, 16], "texture": "#rail"},
				"down": {"uv": [13, 15, 12, 16], "texture": "#rail"}
			}
		},
		{
			"from": [14, 1, 5.6],
			"to": [14.8, 1.25, 6.4],
			"rotation": {"angle": 0, "axis": "y", "origin": [14.8, 1, 5.5]},
			"faces": {
				"north": {"uv": [13, 15, 12, 16], "texture": "#rail"},
				"east": {"uv": [13, 15, 12, 16], "texture": "#rail"},
				"south": {"uv": [13, 15, 12, 16], "texture": "#rail"},
				"west": {"uv": [13, 15, 12, 16], "texture": "#rail"},
				"up": {"uv": [13, 15, 12, 16], "texture": "#rail"},
				"down": {"uv": [13, 15, 12, 16], "texture": "#rail"}
			}
		},
		{
			"from": [14.25, 1, 5.85],
			"to": [14.55, 1.5, 6.15],
			"rotation": {"angle": 0, "axis": "y", "origin": [14.9, 1, 5.5]},
			"faces": {
				"north": {"uv": [13.3, 13, 13, 13.5], "texture": "#rail"},
				"east": {"uv": [13.3, 13, 13, 13.5], "texture": "#rail"},
				"south": {"uv": [13.3, 13, 13, 13.5], "texture": "#rail"},
				"west": {"uv": [13.3, 13, 13, 13.5], "texture": "#rail"},
				"up": {"uv": [13.3, 13, 13, 13.5], "texture": "#rail"},
				"down": {"uv": [13.3, 13, 13, 13.5], "texture": "#rail"}
			}
		},
		{
			"from": [11.45, 1, 5.85],
			"to": [11.75, 1.5, 6.15],
			"rotation": {"angle": 0, "axis": "y", "origin": [12.1, 1, 5.5]},
			"faces": {
				"north": {"uv": [13.3, 13, 13, 13.5], "texture": "#rail"},
				"east": {"uv": [13.3, 13, 13, 13.5], "texture": "#rail"},
				"south": {"uv": [13.3, 13, 13, 13.5], "texture": "#rail"},
				"west": {"uv": [13.3, 13, 13, 13.5], "texture": "#rail"},
				"up": {"uv": [13.3, 13, 13, 13.5], "texture": "#rail"},
				"down": {"uv": [13.3, 13, 13, 13.5], "texture": "#rail"}
			}
		},
		{
			"from": [11.2, 1, 5.6],
			"to": [12, 1.25, 6.4],
			"rotation": {"angle": 0, "axis": "y", "origin": [12, 1, 5.5]},
			"faces": {
				"north": {"uv": [13, 15, 12, 16], "texture": "#rail"},
				"east": {"uv": [13, 15, 12, 16], "texture": "#rail"},
				"south": {"uv": [13, 15, 12, 16], "texture": "#rail"},
				"west": {"uv": [13, 15, 12, 16], "texture": "#rail"},
				"up": {"uv": [13, 15, 12, 16], "texture": "#rail"},
				"down": {"uv": [13, 15, 12, 16], "texture": "#rail"}
			}
		},
		{
			"from": [1.2, 1, 5.6],
			"to": [2, 1.25, 6.4],
			"rotation": {"angle": 0, "axis": "y", "origin": [1.2, 1, 5.5]},
			"faces": {
				"north": {"uv": [12, 15, 13, 16], "texture": "#rail"},
				"east": {"uv": [12, 15, 13, 16], "texture": "#rail"},
				"south": {"uv": [12, 15, 13, 16], "texture": "#rail"},
				"west": {"uv": [12, 15, 13, 16], "texture": "#rail"},
				"up": {"uv": [12, 15, 13, 16], "texture": "#rail"},
				"down": {"uv": [12, 15, 13, 16], "texture": "#rail"}
			}
		},
		{
			"from": [1.45, 1, 5.85],
			"to": [1.75, 1.5, 6.15],
			"rotation": {"angle": 0, "axis": "y", "origin": [1.1, 1, 5.5]},
			"faces": {
				"north": {"uv": [13, 13, 13.3, 13.5], "texture": "#rail"},
				"east": {"uv": [13, 13, 13.3, 13.5], "texture": "#rail"},
				"south": {"uv": [13, 13, 13.3, 13.5], "texture": "#rail"},
				"west": {"uv": [13, 13, 13.3, 13.5], "texture": "#rail"},
				"up": {"uv": [13, 13, 13.3, 13.5], "texture": "#rail"},
				"down": {"uv": [13, 13, 13.3, 13.5], "texture": "#rail"}
			}
		},
		{
			"from": [4.25, 1, 5.85],
			"to": [4.55, 1.5, 6.15],
			"rotation": {"angle": 0, "axis": "y", "origin": [3.9, 1, 5.5]},
			"faces": {
				"north": {"uv": [13, 13, 13.3, 13.5], "texture": "#rail"},
				"east": {"uv": [13, 13, 13.3, 13.5], "texture": "#rail"},
				"south": {"uv": [13, 13, 13.3, 13.5], "texture": "#rail"},
				"west": {"uv": [13, 13, 13.3, 13.5], "texture": "#rail"},
				"up": {"uv": [13, 13, 13.3, 13.5], "texture": "#rail"},
				"down": {"uv": [13, 13, 13.3, 13.5], "texture": "#rail"}
			}
		},
		{
			"from": [4, 1, 5.6],
			"to": [4.8, 1.25, 6.4],
			"rotation": {"angle": 0, "axis": "y", "origin": [4, 1, 5.5]},
			"faces": {
				"north": {"uv": [12, 15, 13, 16], "texture": "#rail"},
				"east": {"uv": [12, 15, 13, 16], "texture": "#rail"},
				"south": {"uv": [12, 15, 13, 16], "texture": "#rail"},
				"west": {"uv": [12, 15, 13, 16], "texture": "#rail"},
				"up": {"uv": [12, 15, 13, 16], "texture": "#rail"},
				"down": {"uv": [12, 15, 13, 16], "texture": "#rail"}
			}
		},
		{
			"from": [14, 1, 9.6],
			"to": [14.8, 1.25, 10.4],
			"rotation": {"angle": 0, "axis": "y", "origin": [14.8, 1, 9.5]},
			"faces": {
				"north": {"uv": [13, 15, 12, 16], "texture": "#rail"},
				"east": {"uv": [13, 15, 12, 16], "texture": "#rail"},
				"south": {"uv": [13, 15, 12, 16], "texture": "#rail"},
				"west": {"uv": [13, 15, 12, 16], "texture": "#rail"},
				"up": {"uv": [13, 15, 12, 16], "texture": "#rail"},
				"down": {"uv": [13, 15, 12, 16], "texture": "#rail"}
			}
		},
		{
			"from": [14.25, 1, 9.85],
			"to": [14.55, 1.5, 10.15],
			"rotation": {"angle": 0, "axis": "y", "origin": [14.9, 1, 9.5]},
			"faces": {
				"north": {"uv": [13.3, 13, 13, 13.5], "texture": "#rail"},
				"east": {"uv": [13.3, 13, 13, 13.5], "texture": "#rail"},
				"south": {"uv": [13.3, 13, 13, 13.5], "texture": "#rail"},
				"west": {"uv": [13.3, 13, 13, 13.5], "texture": "#rail"},
				"up": {"uv": [13.3, 13, 13, 13.5], "texture": "#rail"},
				"down": {"uv": [13.3, 13, 13, 13.5], "texture": "#rail"}
			}
		},
		{
			"from": [11.45, 1, 9.85],
			"to": [11.75, 1.5, 10.15],
			"rotation": {"angle": 0, "axis": "y", "origin": [12.1, 1, 9.5]},
			"faces": {
				"north": {"uv": [13.3, 13, 13, 13.5], "texture": "#rail"},
				"east": {"uv": [13.3, 13, 13, 13.5], "texture": "#rail"},
				"south": {"uv": [13.3, 13, 13, 13.5], "texture": "#rail"},
				"west": {"uv": [13.3, 13, 13, 13.5], "texture": "#rail"},
				"up": {"uv": [13.3, 13, 13, 13.5], "texture": "#rail"},
				"down": {"uv": [13.3, 13, 13, 13.5], "texture": "#rail"}
			}
		},
		{
			"from": [11.2, 1, 9.6],
			"to": [12, 1.25, 10.4],
			"rotation": {"angle": 0, "axis": "y", "origin": [12, 1, 9.5]},
			"faces": {
				"north": {"uv": [13, 15, 12, 16], "texture": "#rail"},
				"east": {"uv": [13, 15, 12, 16], "texture": "#rail"},
				"south": {"uv": [13, 15, 12, 16], "texture": "#rail"},
				"west": {"uv": [13, 15, 12, 16], "texture": "#rail"},
				"up": {"uv": [13, 15, 12, 16], "texture": "#rail"},
				"down": {"uv": [13, 15, 12, 16], "texture": "#rail"}
			}
		},
		{
			"from": [1.2, 1, 9.6],
			"to": [2, 1.25, 10.4],
			"rotation": {"angle": 0, "axis": "y", "origin": [1.2, 1, 9.5]},
			"faces": {
				"north": {"uv": [12, 15, 13, 16], "texture": "#rail"},
				"east": {"uv": [12, 15, 13, 16], "texture": "#rail"},
				"south": {"uv": [12, 15, 13, 16], "texture": "#rail"},
				"west": {"uv": [12, 15, 13, 16], "texture": "#rail"},
				"up": {"uv": [12, 15, 13, 16], "texture": "#rail"},
				"down": {"uv": [12, 15, 13, 16], "texture": "#rail"}
			}
		},
		{
			"from": [1.45, 1, 9.85],
			"to": [1.75, 1.5, 10.15],
			"rotation": {"angle": 0, "axis": "y", "origin": [1.1, 1, 9.5]},
			"faces": {
				"north": {"uv": [13, 13, 13.3, 13.5], "texture": "#rail"},
				"east": {"uv": [13, 13, 13.3, 13.5], "texture": "#rail"},
				"south": {"uv": [13, 13, 13.3, 13.5], "texture": "#rail"},
				"west": {"uv": [13, 13, 13.3, 13.5], "texture": "#rail"},
				"up": {"uv": [13, 13, 13.3, 13.5], "texture": "#rail"},
				"down": {"uv": [13, 13, 13.3, 13.5], "texture": "#rail"}
			}
		},
		{
			"from": [4.25, 1, 9.85],
			"to": [4.55, 1.5, 10.15],
			"rotation": {"angle": 0, "axis": "y", "origin": [3.9, 1, 9.5]},
			"faces": {
				"north": {"uv": [13, 13, 13.3, 13.5], "texture": "#rail"},
				"east": {"uv": [13, 13, 13.3, 13.5], "texture": "#rail"},
				"south": {"uv": [13, 13, 13.3, 13.5], "texture": "#rail"},
				"west": {"uv": [13, 13, 13.3, 13.5], "texture": "#rail"},
				"up": {"uv": [13, 13, 13.3, 13.5], "texture": "#rail"},
				"down": {"uv": [13, 13, 13.3, 13.5], "texture": "#rail"}
			}
		},
		{
			"from": [4, 1, 9.6],
			"to": [4.8, 1.25, 10.4],
			"rotation": {"angle": 0, "axis": "y", "origin": [4, 1, 9.5]},
			"faces": {
				"north": {"uv": [12, 15, 13, 16], "texture": "#rail"},
				"east": {"uv": [12, 15, 13, 16], "texture": "#rail"},
				"south": {"uv": [12, 15, 13, 16], "texture": "#rail"},
				"west": {"uv": [12, 15, 13, 16], "texture": "#rail"},
				"up": {"uv": [12, 15, 13, 16], "texture": "#rail"},
				"down": {"uv": [12, 15, 13, 16], "texture": "#rail"}
			}
		},
		{
			"from": [14, 1, 13.6],
			"to": [14.8, 1.25, 14.4],
			"rotation": {"angle": 0, "axis": "y", "origin": [14.8, 1, 13.5]},
			"faces": {
				"north": {"uv": [13, 15, 12, 16], "texture": "#rail"},
				"east": {"uv": [13, 15, 12, 16], "texture": "#rail"},
				"south": {"uv": [13, 15, 12, 16], "texture": "#rail"},
				"west": {"uv": [13, 15, 12, 16], "texture": "#rail"},
				"up": {"uv": [13, 15, 12, 16], "texture": "#rail"},
				"down": {"uv": [13, 15, 12, 16], "texture": "#rail"}
			}
		},
		{
			"from": [14.25, 1, 13.85],
			"to": [14.55, 1.5, 14.15],
			"rotation": {"angle": 0, "axis": "y", "origin": [14.9, 1, 13.5]},
			"faces": {
				"north": {"uv": [13.3, 13, 13, 13.5], "texture": "#rail"},
				"east": {"uv": [13.3, 13, 13, 13.5], "texture": "#rail"},
				"south": {"uv": [13.3, 13, 13, 13.5], "texture": "#rail"},
				"west": {"uv": [13.3, 13, 13, 13.5], "texture": "#rail"},
				"up": {"uv": [13.3, 13, 13, 13.5], "texture": "#rail"},
				"down": {"uv": [13.3, 13, 13, 13.5], "texture": "#rail"}
			}
		},
		{
			"from": [11.45, 1, 13.85],
			"to": [11.75, 1.5, 14.15],
			"rotation": {"angle": 0, "axis": "y", "origin": [12.1, 1, 13.5]},
			"faces": {
				"north": {"uv": [13.3, 13, 13, 13.5], "texture": "#rail"},
				"east": {"uv": [13.3, 13, 13, 13.5], "texture": "#rail"},
				"south": {"uv": [13.3, 13, 13, 13.5], "texture": "#rail"},
				"west": {"uv": [13.3, 13, 13, 13.5], "texture": "#rail"},
				"up": {"uv": [13.3, 13, 13, 13.5], "texture": "#rail"},
				"down": {"uv": [13.3, 13, 13, 13.5], "texture": "#rail"}
			}
		},
		{
			"from": [11.2, 1, 13.6],
			"to": [12, 1.25, 14.4],
			"rotation": {"angle": 0, "axis": "y", "origin": [12, 1, 13.5]},
			"faces": {
				"north": {"uv": [13, 15, 12, 16], "texture": "#rail"},
				"east": {"uv": [13, 15, 12, 16], "texture": "#rail"},
				"south": {"uv": [13, 15, 12, 16], "texture": "#rail"},
				"west": {"uv": [13, 15, 12, 16], "texture": "#rail"},
				"up": {"uv": [13, 15, 12, 16], "texture": "#rail"},
				"down": {"uv": [13, 15, 12, 16], "texture": "#rail"}
			}
		},
		{
			"from": [1.2, 1, 13.6],
			"to": [2, 1.25, 14.4],
			"rotation": {"angle": 0, "axis": "y", "origin": [1.2, 1, 13.5]},
			"faces": {
				"north": {"uv": [12, 15, 13, 16], "texture": "#rail"},
				"east": {"uv": [12, 15, 13, 16], "texture": "#rail"},
				"south": {"uv": [12, 15, 13, 16], "texture": "#rail"},
				"west": {"uv": [12, 15, 13, 16], "texture": "#rail"},
				"up": {"uv": [12, 15, 13, 16], "texture": "#rail"},
				"down": {"uv": [12, 15, 13, 16], "texture": "#rail"}
			}
		},
		{
			"from": [1.45, 1, 13.85],
			"to": [1.75, 1.5, 14.15],
			"rotation": {"angle": 0, "axis": "y", "origin": [1.1, 1, 13.5]},
			"faces": {
				"north": {"uv": [13, 13, 13.3, 13.5], "texture": "#rail"},
				"east": {"uv": [13, 13, 13.3, 13.5], "texture": "#rail"},
				"south": {"uv": [13, 13, 13.3, 13.5], "texture": "#rail"},
				"west": {"uv": [13, 13, 13.3, 13.5], "texture": "#rail"},
				"up": {"uv": [13, 13, 13.3, 13.5], "texture": "#rail"},
				"down": {"uv": [13, 13, 13.3, 13.5], "texture": "#rail"}
			}
		},
		{
			"from": [4.25, 1, 13.85],
			"to": [4.55, 1.5, 14.15],
			"rotation": {"angle": 0, "axis": "y", "origin": [3.9, 1, 13.5]},
			"faces": {
				"north": {"uv": [13, 13, 13.3, 13.5], "texture": "#rail"},
				"east": {"uv": [13, 13, 13.3, 13.5], "texture": "#rail"},
				"south": {"uv": [13, 13, 13.3, 13.5], "texture": "#rail"},
				"west": {"uv": [13, 13, 13.3, 13.5], "texture": "#rail"},
				"up": {"uv": [13, 13, 13.3, 13.5], "texture": "#rail"},
				"down": {"uv": [13, 13, 13.3, 13.5], "texture": "#rail"}
			}
		},
		{
			"from": [4, 1, 13.6],
			"to": [4.8, 1.25, 14.4],
			"rotation": {"angle": 0, "axis": "y", "origin": [4, 1, 13.5]},
			"faces": {
				"north": {"uv": [12, 15, 13, 16], "texture": "#rail"},
				"east": {"uv": [12, 15, 13, 16], "texture": "#rail"},
				"south": {"uv": [12, 15, 13, 16], "texture": "#rail"},
				"west": {"uv": [12, 15, 13, 16], "texture": "#rail"},
				"up": {"uv": [12, 15, 13, 16], "texture": "#rail"},
				"down": {"uv": [12, 15, 13, 16], "texture": "#rail"}
			}
		},
		{
			"from": [6, 1, 6],
			"to": [10, 2, 10],
			"rotation": {"angle": 0, "axis": "y", "origin": [6, 0, 6]},
			"faces": {
				"north": {"uv": [10, 6, 6, 7], "texture": "#2"},
				"east": {"uv": [9, 6, 10, 10], "rotation": 90, "texture": "#2"},
				"south": {"uv": [6, 9, 10, 10], "texture": "#2"},
				"west": {"uv": [6, 10, 7, 6], "rotation": 90, "texture": "#2"},
				"up": {"uv": [6, 6, 10, 10], "texture": "#2"},
				"down": {"uv": [6, 10, 10, 6], "texture": "#2"}
			}
		},
		{
			"from": [5, -0.1, 5.05],
			"to": [11, 1.25, 10.95],
			"rotation": {"angle": 0, "axis": "y", "origin": [7, 0, 7]},
			"faces": {
				"north": {"uv": [11, 5, 5, 6], "texture": "#2"},
				"east": {"uv": [10, 5, 11, 11], "rotation": 90, "texture": "#2"},
				"south": {"uv": [5, 10, 11, 11], "texture": "#2"},
				"west": {"uv": [5, 11, 6, 5], "rotation": 90, "texture": "#2"},
				"up": {"uv": [5, 5, 11, 11], "texture": "#2"},
				"down": {"uv": [5, 5, 11, 11], "texture": "#2"}
			}
		}
	],
	"groups": [
		{
			"name": "RAIL",
			"origin": [4, 1, 1.5],
			"color": 0,
			"children": [
				0,
				1,
				2,
				3,
				4,
				5,
				6,
				7,
				{
					"name": "BOLTS",
					"origin": [4, 1, 1.5],
					"color": 0,
					"children": [8, 9, 10, 11]
				},
				{
					"name": "BOLTS",
					"origin": [4, 1, 1.5],
					"color": 0,
					"children": [12, 13, 14, 15]
				},
				{
					"name": "BOLTS",
					"origin": [4, 1, 1.5],
					"color": 0,
					"children": [16, 17, 18, 19]
				},
				{
					"name": "BOLTS",
					"origin": [4, 1, 1.5],
					"color": 0,
					"children": [20, 21, 22, 23]
				},
				{
					"name": "BOLTS",
					"origin": [4, 1, 1.5],
					"color": 0,
					"children": [24, 25, 26, 27]
				},
				{
					"name": "BOLTS",
					"origin": [4, 1, 1.5],
					"color": 0,
					"children": [28, 29, 30, 31]
				},
				{
					"name": "BOLTS",
					"origin": [4, 1, 1.5],
					"color": 0,
					"children": [32, 33, 34, 35]
				},
				{
					"name": "BOLTS",
					"origin": [4, 1, 1.5],
					"color": 0,
					"children": [36, 37, 38, 39]
				}
			]
		},
		{
			"name": "DETECTOR parts",
			"origin": [7, 0, 7],
			"color": 0,
			"children": [40, 41]
		}
	]
}