{
	"format_version": "1.21.6",
	"credit": "Made with Blockbench",
	"parent": "minecraft:block/orientable",
	"textures": {
		"3": "block/furnace_inside",
		"4": "block/dispenser_front",
		"particle": "block/dropper_front",
		"front": "block/dropper_front",
		"side": "block/furnace_side",
		"top": "block/furnace_top"
	},
	"elements": [
		{
			"from": [0.5, 8, 1.5],
			"to": [15.5, 15.5, 15.5],
			"rotation": {"angle": 0, "axis": "y", "origin": [8, 8, 8]},
			"faces": {
				"north": {"uv": [0.5, 0.5, 15.5, 9], "texture": "#3"},
				"east": {"uv": [15.5, 0.5, 1.5, 8], "texture": "#side"},
				"south": {"uv": [0.5, 0.5, 15.5, 8], "texture": "#side"},
				"west": {"uv": [1.5, 0.5, 15.5, 8], "texture": "#side"},
				"up": {"uv": [0.5, 15.5, 15.5, 1.5], "rotation": 180, "texture": "#top"},
				"down": {"uv": [0.5, 0.5, 15.5, 15.5], "texture": "#3"}
			}
		},
		{
			"from": [0.5, 7, 1.5],
			"to": [0.75, 8, 15.5],
			"rotation": {"angle": 0, "axis": "y", "origin": [8, 8, 8]},
			"faces": {
				"north": {"uv": [0.5, 0.5, 15.5, 9], "texture": "#3"},
				"east": {"uv": [0.5, 1.5, 9, 15.5], "rotation": 90, "texture": "#side"},
				"south": {"uv": [0.5, 0.5, 15.5, 9], "texture": "#top"},
				"west": {"uv": [1.5, 8, 15.5, 9], "texture": "#side"},
				"up": {"uv": [0.5, 15.5, 15.5, 1], "rotation": 180, "texture": "#side"},
				"down": {"uv": [0.5, 0.5, 15.5, 15.5], "texture": "#3"}
			}
		},
		{
			"from": [15.25, 7, 1.5],
			"to": [15.5, 8, 15.5],
			"rotation": {"angle": 0, "axis": "y", "origin": [8, 8, 8]},
			"faces": {
				"north": {"uv": [15.5, 0.5, 0.5, 9], "texture": "#3"},
				"east": {"uv": [15.5, 8, 1.5, 9], "texture": "#side"},
				"south": {"uv": [15.5, 0.5, 0.5, 9], "texture": "#top"},
				"west": {"uv": [9, 1.5, 0.5, 15.5], "rotation": 270, "texture": "#side"},
				"up": {"uv": [15.5, 15.5, 0.5, 1], "rotation": 180, "texture": "#side"},
				"down": {"uv": [15.5, 0.5, 0.5, 15.5], "texture": "#3"}
			}
		},
		{
			"from": [0.5, 7, 15.5],
			"to": [15.5, 8, 15.5],
			"rotation": {"angle": 0, "axis": "y", "origin": [8, 8, 8]},
			"faces": {
				"north": {"uv": [0.5, 0.5, 15.5, 9], "texture": "#3"},
				"east": {"uv": [0.5, 1.5, 9, 15.5], "rotation": 90, "texture": "#side"},
				"south": {"uv": [0.5, 8, 15.5, 9], "texture": "#side"},
				"west": {"uv": [7, 1.5, 15.5, 15.5], "rotation": 270, "texture": "#side"},
				"up": {"uv": [0.5, 15.5, 15.5, 1], "rotation": 180, "texture": "#side"},
				"down": {"uv": [0.5, 0.5, 15.5, 15.5], "texture": "#3"}
			}
		},
		{
			"from": [0.5, 0.5, 0.5],
			"to": [15.5, 4, 15.5],
			"rotation": {"angle": 0, "axis": "y", "origin": [8, 8, 8]},
			"faces": {
				"north": {"uv": [0.5, 12, 15.5, 15.5], "texture": "#front"},
				"east": {"uv": [15.5, 12, 0.5, 15.5], "texture": "#side"},
				"south": {"uv": [0.5, 12, 15.5, 15.5], "texture": "#side"},
				"west": {"uv": [0.5, 12, 15.5, 15.5], "texture": "#side"},
				"up": {"uv": [2.5, 1, 13.5, 13], "texture": "#3"},
				"down": {"uv": [0.5, 15.5, 15.5, 0.5], "texture": "#top"}
			}
		},
		{
			"from": [0, 0, 0],
			"to": [1, 16, 1],
			"rotation": {"angle": 0, "axis": "y", "origin": [8, 8, 8]},
			"faces": {
				"north": {"uv": [15, 0, 16, 16], "texture": "#front"},
				"east": {"uv": [15, 0, 16, 16], "texture": "#front"},
				"south": {"uv": [0, 0, 1, 16], "texture": "#side"},
				"west": {"uv": [0, 0, 1, 16], "texture": "#side"},
				"up": {"uv": [0, 0, 1, 1], "texture": "#side"},
				"down": {"uv": [0, 15, 1, 16], "texture": "#side"}
			}
		},
		{
			"from": [15, 0, 0],
			"to": [16, 16, 1],
			"rotation": {"angle": 0, "axis": "y", "origin": [8, 8, 8]},
			"faces": {
				"north": {"uv": [16, 0, 15, 16], "texture": "#front"},
				"east": {"uv": [1, 0, 0, 16], "texture": "#side"},
				"south": {"uv": [1, 0, 0, 16], "texture": "#side"},
				"west": {"uv": [16, 0, 15, 16], "texture": "#front"},
				"up": {"uv": [1, 0, 0, 1], "texture": "#side"},
				"down": {"uv": [1, 15, 0, 16], "texture": "#side"}
			}
		},
		{
			"from": [0, 0, 15],
			"to": [1, 16, 16],
			"rotation": {"angle": 0, "axis": "y", "origin": [8, 8, 8]},
			"faces": {
				"north": {"uv": [1, 0, 0, 16], "texture": "#side"},
				"east": {"uv": [16, 0, 15, 16], "texture": "#front"},
				"south": {"uv": [16, 0, 15, 16], "texture": "#front"},
				"west": {"uv": [1, 0, 0, 16], "texture": "#side"},
				"up": {"uv": [0, 1, 1, 0], "texture": "#side"},
				"down": {"uv": [0, 16, 1, 15], "texture": "#side"}
			}
		},
		{
			"from": [15, 0, 15],
			"to": [16, 16, 16],
			"rotation": {"angle": 0, "axis": "y", "origin": [8, 8, 8]},
			"faces": {
				"north": {"uv": [0, 0, 1, 16], "texture": "#side"},
				"east": {"uv": [0, 0, 1, 16], "texture": "#side"},
				"south": {"uv": [15, 0, 16, 16], "texture": "#front"},
				"west": {"uv": [15, 0, 16, 16], "texture": "#front"},
				"up": {"uv": [1, 1, 0, 0], "texture": "#side"},
				"down": {"uv": [1, 16, 0, 15], "texture": "#side"}
			}
		},
		{
			"from": [1, 0, 0],
			"to": [15, 1, 1],
			"rotation": {"angle": 0, "axis": "y", "origin": [8, 8, 8]},
			"faces": {
				"north": {"uv": [1, 15, 15, 16], "texture": "#front"},
				"east": {"uv": [2, 15, 1, 16], "texture": "#front"},
				"south": {"uv": [15, 15, 1, 16], "texture": "#front"},
				"west": {"uv": [15, 15, 14, 16], "texture": "#front"},
				"up": {"uv": [15, 15, 1, 16], "texture": "#front"},
				"down": {"uv": [15, 15, 1, 16], "texture": "#front"}
			}
		},
		{
			"from": [1, 15, 0],
			"to": [15, 16, 1],
			"rotation": {"angle": 0, "axis": "y", "origin": [8, 8, 8]},
			"faces": {
				"north": {"uv": [1, 0, 15, 1], "texture": "#front"},
				"east": {"uv": [2, 15, 1, 16], "texture": "#front"},
				"south": {"uv": [15, 0, 1, 1], "texture": "#front"},
				"west": {"uv": [15, 15, 14, 16], "texture": "#front"},
				"up": {"uv": [15, 0, 1, 1], "texture": "#front"},
				"down": {"uv": [15, 0, 1, 1], "texture": "#front"}
			}
		},
		{
			"from": [1, 15, 15],
			"to": [15, 16, 16],
			"rotation": {"angle": 0, "axis": "y", "origin": [8, 8, 8]},
			"faces": {
				"north": {"uv": [1, 0, 15, 1], "texture": "#front"},
				"east": {"uv": [1, 15, 2, 16], "texture": "#front"},
				"south": {"uv": [15, 0, 1, 1], "texture": "#front"},
				"west": {"uv": [14, 15, 15, 16], "texture": "#front"},
				"up": {"uv": [15, 1, 1, 0], "texture": "#front"},
				"down": {"uv": [15, 1, 1, 0], "texture": "#front"}
			}
		},
		{
			"from": [1, 0, 15],
			"to": [15, 1, 16],
			"rotation": {"angle": 0, "axis": "y", "origin": [8, 8, 8]},
			"faces": {
				"north": {"uv": [1, 15, 15, 16], "texture": "#front"},
				"east": {"uv": [1, 15, 2, 16], "texture": "#front"},
				"south": {"uv": [15, 15, 1, 16], "texture": "#front"},
				"west": {"uv": [14, 15, 15, 16], "texture": "#front"},
				"up": {"uv": [15, 16, 1, 15], "texture": "#front"},
				"down": {"uv": [15, 16, 1, 15], "texture": "#front"}
			}
		},
		{
			"from": [15, 15, 1],
			"to": [16, 16, 15],
			"rotation": {"angle": 0, "axis": "y", "origin": [8, 8, 8]},
			"faces": {
				"north": {"uv": [1, 15, 2, 16], "texture": "#front"},
				"east": {"uv": [15, 0, 1, 1], "texture": "#front"},
				"south": {"uv": [14, 15, 15, 16], "texture": "#front"},
				"west": {"uv": [1, 0, 15, 1], "texture": "#front"},
				"up": {"uv": [15, 1, 1, 0], "rotation": 270, "texture": "#front"},
				"down": {"uv": [15, 1, 1, 0], "rotation": 90, "texture": "#front"}
			}
		},
		{
			"from": [0, 15, 1],
			"to": [1, 16, 15],
			"rotation": {"angle": 0, "axis": "y", "origin": [8, 8, 8]},
			"faces": {
				"north": {"uv": [2, 15, 1, 16], "texture": "#front"},
				"east": {"uv": [15, 0, 1, 1], "texture": "#front"},
				"south": {"uv": [15, 15, 14, 16], "texture": "#front"},
				"west": {"uv": [1, 0, 15, 1], "texture": "#front"},
				"up": {"uv": [15, 0, 1, 1], "rotation": 270, "texture": "#front"},
				"down": {"uv": [15, 0, 1, 1], "rotation": 90, "texture": "#front"}
			}
		},
		{
			"from": [0, 0, 1],
			"to": [1, 1, 15],
			"rotation": {"angle": 0, "axis": "y", "origin": [8, 8, 8]},
			"faces": {
				"north": {"uv": [2, 15, 1, 16], "texture": "#front"},
				"east": {"uv": [15, 15, 1, 16], "texture": "#front"},
				"south": {"uv": [15, 15, 14, 16], "texture": "#front"},
				"west": {"uv": [1, 15, 15, 16], "texture": "#front"},
				"up": {"uv": [15, 15, 1, 16], "rotation": 270, "texture": "#front"},
				"down": {"uv": [15, 15, 1, 16], "rotation": 90, "texture": "#front"}
			}
		},
		{
			"from": [15, 0, 1],
			"to": [16, 1, 15],
			"rotation": {"angle": 0, "axis": "y", "origin": [8, 8, 8]},
			"faces": {
				"north": {"uv": [1, 15, 2, 16], "texture": "#front"},
				"east": {"uv": [15, 15, 1, 16], "texture": "#front"},
				"south": {"uv": [14, 15, 15, 16], "texture": "#front"},
				"west": {"uv": [1, 15, 15, 16], "texture": "#front"},
				"up": {"uv": [15, 16, 1, 15], "rotation": 270, "texture": "#front"},
				"down": {"uv": [15, 16, 1, 15], "rotation": 90, "texture": "#front"}
			}
		},
		{
			"from": [0.5, 4, 0.5],
			"to": [5, 7, 15.5],
			"rotation": {"angle": 0, "axis": "y", "origin": [8, 8, 8]},
			"faces": {
				"north": {"uv": [11, 9, 15.5, 12], "texture": "#front"},
				"east": {"uv": [1.5, 13, 13.5, 2], "rotation": 90, "texture": "#side"},
				"south": {"uv": [0.5, 9, 5, 12], "texture": "#side"},
				"west": {"uv": [0.5, 9, 15.5, 12], "texture": "#side"},
				"up": {"uv": [0, 0, 4.5, 15], "texture": "#side"},
				"down": {"uv": [0, 0, 4.5, 15], "texture": "#side"}
			}
		},
		{
			"from": [11, 4, 0.5],
			"to": [15.5, 7, 15.5],
			"rotation": {"angle": 0, "axis": "y", "origin": [8, 8, 8]},
			"faces": {
				"north": {"uv": [0.5, 9, 5, 12], "texture": "#front"},
				"east": {"uv": [15.5, 9, 0.5, 12], "texture": "#side"},
				"south": {"uv": [11, 9, 15.5, 12], "texture": "#side"},
				"west": {"uv": [1.5, 2, 13.5, 13], "rotation": 90, "texture": "#side"},
				"up": {"uv": [4.5, 0, 0, 15], "texture": "#side"},
				"down": {"uv": [4.5, 0, 0, 15], "texture": "#side"}
			}
		},
		{
			"from": [5, 4, 10.5],
			"to": [11, 7, 15.5],
			"rotation": {"angle": 0, "axis": "y", "origin": [8, 8, 8]},
			"faces": {
				"north": {"uv": [5, 9, 11, 12], "texture": "#3"},
				"east": {"uv": [0, 0, 5, 3], "texture": "#side"},
				"south": {"uv": [5, 9, 11, 12], "texture": "#side"},
				"west": {"uv": [0, 0, 5, 3], "texture": "#side"},
				"up": {"uv": [0, 0, 6, 5], "texture": "#side"},
				"down": {"uv": [0, 0, 6, 5], "texture": "#side"}
			}
		},
		{
			"from": [2, 7, 10.5],
			"to": [14, 8, 14.5],
			"rotation": {"angle": 0, "axis": "y", "origin": [8, 8, 8]},
			"faces": {
				"north": {"uv": [5, 9, 11, 12], "texture": "#3"},
				"east": {"uv": [0, 0, 5, 3], "texture": "#side"},
				"south": {"uv": [5, 9, 11, 12], "texture": "#top"},
				"west": {"uv": [0, 0, 5, 3], "texture": "#side"},
				"up": {"uv": [0, 0, 6, 5], "texture": "#side"},
				"down": {"uv": [0, 0, 6, 5], "texture": "#side"}
			}
		},
		{
			"from": [5, 11, 0.5],
			"to": [11, 15.5, 1.5],
			"rotation": {"angle": 0, "axis": "y", "origin": [8, 8, 8]},
			"faces": {
				"north": {"uv": [5, 0.5, 11, 5], "texture": "#front"},
				"east": {"uv": [0, 0, 1, 8], "texture": "#3"},
				"south": {"uv": [0, 0, 4, 8], "texture": "#top"},
				"west": {"uv": [0.5, 0.5, 1.5, 9], "texture": "#side"},
				"up": {"uv": [11, 0.5, 5, 1.5], "texture": "#top"},
				"down": {"uv": [0, 0, 4, 1], "texture": "#top"}
			}
		},
		{
			"from": [6, 8, 0.5],
			"to": [10, 11, 1.5],
			"rotation": {"angle": 0, "axis": "y", "origin": [8, 8, 8]},
			"faces": {
				"north": {"uv": [6, 5, 10, 8], "texture": "#front"},
				"east": {"uv": [0, 0.5, 1, 9], "texture": "#3"},
				"south": {"uv": [0, 0, 4, 8], "texture": "#top"},
				"west": {"uv": [0, 0.5, 1, 9], "texture": "#3"},
				"up": {"uv": [5, 0.5, 11, 2], "texture": "#top"},
				"down": {"uv": [0, 1, 4.25, 2], "texture": "#3"}
			}
		},
		{
			"from": [5, 7, 0.5],
			"to": [6, 9, 1.5],
			"rotation": {"angle": 0, "axis": "y", "origin": [8, 8, 8]},
			"faces": {
				"north": {"uv": [10, 7, 11, 9], "texture": "#front"},
				"east": {"uv": [0, 0.5, 1, 9], "texture": "#3"},
				"south": {"uv": [0, 0, 4, 8], "texture": "#top"},
				"west": {"uv": [0, 0.5, 1, 9], "texture": "#3"},
				"up": {"uv": [3, 1, 4.25, 2], "texture": "#3"},
				"down": {"uv": [3, 1, 4.25, 2], "texture": "#3"}
			}
		},
		{
			"from": [10, 7, 0.5],
			"to": [11, 9, 1.5],
			"rotation": {"angle": 0, "axis": "y", "origin": [8, 8, 8]},
			"faces": {
				"north": {"uv": [5, 7, 6, 9], "texture": "#front"},
				"east": {"uv": [0, 0.5, 1, 9], "texture": "#3"},
				"south": {"uv": [0, 0, 4, 8], "texture": "#top"},
				"west": {"uv": [0, 0.5, 1, 9], "texture": "#3"},
				"up": {"uv": [3, 1, 4.25, 2], "texture": "#3"},
				"down": {"uv": [3, 1, 4.25, 2], "texture": "#3"}
			}
		},
		{
			"from": [11, 7, 0.5],
			"to": [15.5, 15.5, 1.5],
			"rotation": {"angle": 0, "axis": "y", "origin": [8, 8, 8]},
			"faces": {
				"north": {"uv": [15.5, 0.5, 11, 9], "texture": "#front"},
				"east": {"uv": [1.5, 0.5, 0.5, 9], "texture": "#side"},
				"south": {"uv": [4, 0, 0, 8], "texture": "#top"},
				"west": {"uv": [1, 0, 0, 8], "texture": "#3"},
				"up": {"uv": [5, 0.5, 0.5, 1.5], "texture": "#top"},
				"down": {"uv": [4, 0, 0, 1], "texture": "#top"}
			}
		},
		{
			"from": [0.5, 7, 0.5],
			"to": [5, 15.5, 1.5],
			"rotation": {"angle": 0, "axis": "y", "origin": [8, 8, 8]},
			"faces": {
				"north": {"uv": [11, 0.5, 15.5, 9], "texture": "#front"},
				"east": {"uv": [0, 0, 1, 8], "texture": "#3"},
				"south": {"uv": [0, 0, 4, 8], "texture": "#missing"},
				"west": {"uv": [0.5, 0.5, 1.5, 9], "texture": "#side"},
				"up": {"uv": [15.5, 0.5, 11, 1.5], "texture": "#top"},
				"down": {"uv": [0, 0, 4, 1], "texture": "#missing"}
			}
		},
		{
			"from": [5, 4, 0.5],
			"to": [6, 7, 10.5],
			"rotation": {"angle": 0, "axis": "y", "origin": [5, 4, 2.5]},
			"faces": {
				"north": {"uv": [12, 7, 13, 10], "texture": "#front"},
				"east": {"uv": [0, 0, 3, 10], "rotation": 90, "texture": "#3"},
				"south": {"uv": [0, 0, 1, 3], "texture": "#3"},
				"west": {"uv": [0, 0, 3, 10], "rotation": 270, "texture": "#3"},
				"up": {"uv": [0, 0, 1, 10], "texture": "#3"},
				"down": {"uv": [0, 0, 1, 10], "rotation": 180, "texture": "#3"}
			}
		},
		{
			"from": [10, 4, 0.5],
			"to": [11, 7, 10.5],
			"rotation": {"angle": 0, "axis": "y", "origin": [10, 4, 2.5]},
			"faces": {
				"north": {"uv": [4, 7, 5, 10], "texture": "#front"},
				"east": {"uv": [0, 0, 3, 10], "rotation": 90, "texture": "#3"},
				"south": {"uv": [0, 0, 1, 3], "texture": "#3"},
				"west": {"uv": [0, 0, 3, 10], "rotation": 270, "texture": "#3"},
				"up": {"uv": [0, 0, 1, 10], "texture": "#3"},
				"down": {"uv": [0, 0, 1, 10], "rotation": 180, "texture": "#3"}
			}
		},
		{
			"from": [6, 3, 0.51],
			"to": [7, 5, 10.51],
			"rotation": {"angle": 45, "axis": "z", "origin": [6, 4, 2.5]},
			"faces": {
				"north": {"uv": [10, 11, 11, 13], "rotation": 180, "texture": "#4"},
				"east": {"uv": [0, 0, 2, 2], "rotation": 90, "texture": "#3"},
				"south": {"uv": [0, 0, 1, 2], "texture": "#3"},
				"west": {"uv": [0, 0, 2, 2], "rotation": 270, "texture": "#3"},
				"up": {"uv": [0, 0, 1, 2], "texture": "#3"},
				"down": {"uv": [0, 0, 1, 2], "rotation": 180, "texture": "#3"}
			}
		},
		{
			"from": [9, 3, 0.51],
			"to": [10, 5, 10.51],
			"rotation": {"angle": -45, "axis": "z", "origin": [10, 4, 2.5]},
			"faces": {
				"north": {"uv": [11, 11, 10, 13], "rotation": 180, "texture": "#4"},
				"east": {"uv": [2, 0, 0, 2], "rotation": 90, "texture": "#3"},
				"south": {"uv": [1, 0, 0, 2], "texture": "#3"},
				"west": {"uv": [2, 0, 0, 2], "rotation": 270, "texture": "#3"},
				"up": {"uv": [1, 0, 0, 2], "texture": "#3"},
				"down": {"uv": [1, 0, 0, 2], "rotation": 180, "texture": "#3"}
			}
		},
		{
			"from": [6, 7, 0.51],
			"to": [7, 9, 10.51],
			"rotation": {"angle": -45, "axis": "z", "origin": [6, 8, 2.5]},
			"faces": {
				"north": {"uv": [10, 13, 11, 11], "rotation": 180, "texture": "#4"},
				"east": {"uv": [2, 0, 0, 2], "rotation": 90, "texture": "#3"},
				"south": {"uv": [0, 2, 1, 0], "texture": "#3"},
				"west": {"uv": [2, 0, 0, 2], "rotation": 270, "texture": "#3"},
				"up": {"uv": [1, 0, 0, 2], "texture": "#3"},
				"down": {"uv": [1, 0, 0, 2], "rotation": 180, "texture": "#3"}
			}
		},
		{
			"from": [9, 7, 0.51],
			"to": [10, 9, 10.51],
			"rotation": {"angle": 45, "axis": "z", "origin": [10, 8, 2.5]},
			"faces": {
				"north": {"uv": [11, 13, 10, 11], "rotation": 180, "texture": "#4"},
				"east": {"uv": [0, 0, 2, 2], "rotation": 90, "texture": "#3"},
				"south": {"uv": [1, 2, 0, 0], "texture": "#3"},
				"west": {"uv": [0, 0, 2, 2], "rotation": 270, "texture": "#3"},
				"up": {"uv": [0, 0, 1, 2], "texture": "#3"},
				"down": {"uv": [0, 0, 1, 2], "rotation": 180, "texture": "#3"}
			}
		}
	]
}