{
	"format_version": "1.21.6",
	"credit": "Made with Blockbench",
	"parent": "minecraft:block/orientable",
	"textures": {
		"3": "block/furnace_inside",
		"particle": "block/dropper_front",
		"front": "block/dropper_front",
		"side": "block/furnace_side",
		"top": "block/furnace_top"
	},
	"elements": [
		{
			"from": [0.5, 0.5, 7],
			"to": [15.5, 14.5, 15.5],
			"rotation": {"angle": 0, "axis": "y", "origin": [8, 8, 8]},
			"faces": {
				"north": {"uv": [0.5, 0.5, 15.5, 15.5], "rotation": 180, "texture": "#3"},
				"east": {"uv": [0.5, 1.5, 9, 15.5], "texture": "#side"},
				"south": {"uv": [0.5, 15.5, 15.5, 1.5], "rotation": 180, "texture": "#side"},
				"west": {"uv": [7, 1.5, 15.5, 15.5], "texture": "#side"},
				"up": {"uv": [0.5, 0.5, 15.5, 9], "rotation": 180, "texture": "#3"},
				"down": {"uv": [0.5, 0.5, 15.5, 9], "texture": "#top"}
			}
		},
		{
			"from": [0.5, 0.5, 0.5],
			"to": [15.5, 15.5, 4],
			"rotation": {"angle": 0, "axis": "y", "origin": [8, 8, 8]},
			"faces": {
				"north": {"uv": [0.5, 15.5, 15.5, 0.5], "rotation": 180, "texture": "#side"},
				"east": {"uv": [12, 0.5, 15.5, 15.5], "texture": "#side"},
				"south": {"uv": [2.5, 1, 13.5, 13], "texture": "#side"},
				"west": {"uv": [0.5, 0.5, 4, 15.5], "texture": "#side"},
				"up": {"uv": [0.5, 12, 15.5, 15.5], "rotation": 180, "texture": "#front"},
				"down": {"uv": [0.5, 12, 15.5, 15.5], "texture": "#top"}
			}
		},
		{
			"from": [0, 15, 0],
			"to": [1, 16, 16],
			"rotation": {"angle": 0, "axis": "y", "origin": [8, 8, 8]},
			"faces": {
				"north": {"uv": [0, 15, 1, 16], "rotation": 180, "texture": "#side"},
				"east": {"uv": [15, 0, 16, 16], "rotation": 270, "texture": "#front"},
				"south": {"uv": [0, 0, 1, 1], "texture": "#side"},
				"west": {"uv": [0, 0, 1, 16], "rotation": 90, "texture": "#side"},
				"up": {"uv": [15, 0, 16, 16], "rotation": 180, "texture": "#front"},
				"down": {"uv": [0, 0, 1, 16], "texture": "#side"}
			}
		},
		{
			"from": [15, 15, 0],
			"to": [16, 16, 16],
			"rotation": {"angle": 0, "axis": "y", "origin": [8, 8, 8]},
			"faces": {
				"north": {"uv": [1, 15, 0, 16], "rotation": 180, "texture": "#side"},
				"east": {"uv": [1, 0, 0, 16], "rotation": 270, "texture": "#side"},
				"south": {"uv": [1, 0, 0, 1], "texture": "#side"},
				"west": {"uv": [16, 0, 15, 16], "rotation": 90, "texture": "#front"},
				"up": {"uv": [16, 0, 15, 16], "rotation": 180, "texture": "#front"},
				"down": {"uv": [1, 0, 0, 16], "texture": "#side"}
			}
		},
		{
			"from": [0, 0, 0],
			"to": [1, 1, 16],
			"rotation": {"angle": 0, "axis": "y", "origin": [8, 8, 8]},
			"faces": {
				"north": {"uv": [0, 16, 1, 15], "rotation": 180, "texture": "#side"},
				"east": {"uv": [16, 0, 15, 16], "rotation": 270, "texture": "#front"},
				"south": {"uv": [0, 1, 1, 0], "texture": "#side"},
				"west": {"uv": [1, 0, 0, 16], "rotation": 90, "texture": "#side"},
				"up": {"uv": [1, 0, 0, 16], "rotation": 180, "texture": "#side"},
				"down": {"uv": [16, 0, 15, 16], "texture": "#front"}
			}
		},
		{
			"from": [15, 0, 0],
			"to": [16, 1, 16],
			"rotation": {"angle": 0, "axis": "y", "origin": [8, 8, 8]},
			"faces": {
				"north": {"uv": [1, 16, 0, 15], "rotation": 180, "texture": "#side"},
				"east": {"uv": [0, 0, 1, 16], "rotation": 270, "texture": "#side"},
				"south": {"uv": [1, 1, 0, 0], "texture": "#side"},
				"west": {"uv": [15, 0, 16, 16], "rotation": 90, "texture": "#front"},
				"up": {"uv": [0, 0, 1, 16], "rotation": 180, "texture": "#side"},
				"down": {"uv": [15, 0, 16, 16], "texture": "#front"}
			}
		},
		{
			"from": [1, 15, 0],
			"to": [15, 16, 1],
			"rotation": {"angle": 0, "axis": "y", "origin": [8, 8, 8]},
			"faces": {
				"north": {"uv": [15, 15, 1, 16], "rotation": 180, "texture": "#front"},
				"east": {"uv": [2, 15, 1, 16], "rotation": 270, "texture": "#front"},
				"south": {"uv": [15, 15, 1, 16], "texture": "#front"},
				"west": {"uv": [15, 15, 14, 16], "rotation": 90, "texture": "#front"},
				"up": {"uv": [1, 15, 15, 16], "rotation": 180, "texture": "#front"},
				"down": {"uv": [15, 15, 1, 16], "texture": "#front"}
			}
		},
		{
			"from": [1, 15, 15],
			"to": [15, 16, 16],
			"rotation": {"angle": 0, "axis": "y", "origin": [8, 8, 8]},
			"faces": {
				"north": {"uv": [15, 0, 1, 1], "rotation": 180, "texture": "#front"},
				"east": {"uv": [2, 15, 1, 16], "rotation": 270, "texture": "#front"},
				"south": {"uv": [15, 0, 1, 1], "texture": "#front"},
				"west": {"uv": [15, 15, 14, 16], "rotation": 90, "texture": "#front"},
				"up": {"uv": [1, 0, 15, 1], "rotation": 180, "texture": "#front"},
				"down": {"uv": [15, 0, 1, 1], "texture": "#front"}
			}
		},
		{
			"from": [1, 0, 15],
			"to": [15, 1, 16],
			"rotation": {"angle": 0, "axis": "y", "origin": [8, 8, 8]},
			"faces": {
				"north": {"uv": [15, 1, 1, 0], "rotation": 180, "texture": "#front"},
				"east": {"uv": [1, 15, 2, 16], "rotation": 270, "texture": "#front"},
				"south": {"uv": [15, 1, 1, 0], "texture": "#front"},
				"west": {"uv": [14, 15, 15, 16], "rotation": 90, "texture": "#front"},
				"up": {"uv": [1, 0, 15, 1], "rotation": 180, "texture": "#front"},
				"down": {"uv": [15, 0, 1, 1], "texture": "#front"}
			}
		},
		{
			"from": [1, 0, 0],
			"to": [15, 1, 1],
			"rotation": {"angle": 0, "axis": "y", "origin": [8, 8, 8]},
			"faces": {
				"north": {"uv": [15, 16, 1, 15], "rotation": 180, "texture": "#front"},
				"east": {"uv": [1, 15, 2, 16], "rotation": 270, "texture": "#front"},
				"south": {"uv": [15, 16, 1, 15], "texture": "#front"},
				"west": {"uv": [14, 15, 15, 16], "rotation": 90, "texture": "#front"},
				"up": {"uv": [1, 15, 15, 16], "rotation": 180, "texture": "#front"},
				"down": {"uv": [15, 15, 1, 16], "texture": "#front"}
			}
		},
		{
			"from": [15, 1, 15],
			"to": [16, 15, 16],
			"rotation": {"angle": 0, "axis": "y", "origin": [8, 8, 8]},
			"faces": {
				"north": {"uv": [15, 1, 1, 0], "rotation": 270, "texture": "#front"},
				"east": {"uv": [15, 0, 1, 1], "rotation": 270, "texture": "#front"},
				"south": {"uv": [15, 1, 1, 0], "rotation": 270, "texture": "#front"},
				"west": {"uv": [1, 0, 15, 1], "rotation": 90, "texture": "#front"},
				"up": {"uv": [1, 15, 2, 16], "rotation": 180, "texture": "#front"},
				"down": {"uv": [14, 15, 15, 16], "texture": "#front"}
			}
		},
		{
			"from": [0, 1, 15],
			"to": [1, 15, 16],
			"rotation": {"angle": 0, "axis": "y", "origin": [8, 8, 8]},
			"faces": {
				"north": {"uv": [15, 0, 1, 1], "rotation": 270, "texture": "#front"},
				"east": {"uv": [15, 0, 1, 1], "rotation": 270, "texture": "#front"},
				"south": {"uv": [15, 0, 1, 1], "rotation": 270, "texture": "#front"},
				"west": {"uv": [1, 0, 15, 1], "rotation": 90, "texture": "#front"},
				"up": {"uv": [2, 15, 1, 16], "rotation": 180, "texture": "#front"},
				"down": {"uv": [15, 15, 14, 16], "texture": "#front"}
			}
		},
		{
			"from": [0, 1, 0],
			"to": [1, 15, 1],
			"rotation": {"angle": 0, "axis": "y", "origin": [8, 8, 8]},
			"faces": {
				"north": {"uv": [15, 15, 1, 16], "rotation": 270, "texture": "#front"},
				"east": {"uv": [15, 15, 1, 16], "rotation": 270, "texture": "#front"},
				"south": {"uv": [15, 15, 1, 16], "rotation": 270, "texture": "#front"},
				"west": {"uv": [1, 15, 15, 16], "rotation": 90, "texture": "#front"},
				"up": {"uv": [2, 15, 1, 16], "rotation": 180, "texture": "#front"},
				"down": {"uv": [15, 15, 14, 16], "texture": "#front"}
			}
		},
		{
			"from": [15, 1, 0],
			"to": [16, 15, 1],
			"rotation": {"angle": 0, "axis": "y", "origin": [8, 8, 8]},
			"faces": {
				"north": {"uv": [15, 16, 1, 15], "rotation": 270, "texture": "#front"},
				"east": {"uv": [15, 15, 1, 16], "rotation": 270, "texture": "#front"},
				"south": {"uv": [15, 16, 1, 15], "rotation": 270, "texture": "#front"},
				"west": {"uv": [1, 15, 15, 16], "rotation": 90, "texture": "#front"},
				"up": {"uv": [1, 15, 2, 16], "rotation": 180, "texture": "#front"},
				"down": {"uv": [14, 15, 15, 16], "texture": "#front"}
			}
		},
		{
			"from": [0.5, 0.5, 4],
			"to": [5, 15.5, 7],
			"rotation": {"angle": 0, "axis": "y", "origin": [8, 8, 8]},
			"faces": {
				"north": {"uv": [0, 0, 4.5, 15], "rotation": 180, "texture": "#side"},
				"east": {"uv": [1.5, 13, 13.5, 2], "texture": "#side"},
				"south": {"uv": [0, 0, 4.5, 15], "texture": "#side"},
				"west": {"uv": [4, 0.5, 7, 15.5], "texture": "#side"},
				"up": {"uv": [11, 9, 15.5, 12], "rotation": 180, "texture": "#front"},
				"down": {"uv": [0.5, 9, 5, 12], "texture": "#top"}
			}
		},
		{
			"from": [11, 0.5, 4],
			"to": [15.5, 15.5, 7],
			"rotation": {"angle": 0, "axis": "y", "origin": [8, 8, 8]},
			"faces": {
				"north": {"uv": [4.5, 0, 0, 15], "rotation": 180, "texture": "#side"},
				"east": {"uv": [9, 0.5, 12, 15.5], "texture": "#side"},
				"south": {"uv": [4.5, 0, 0, 15], "texture": "#side"},
				"west": {"uv": [1.5, 2, 13.5, 13], "rotation": 180, "texture": "#side"},
				"up": {"uv": [0.5, 9, 5, 12], "rotation": 180, "texture": "#front"},
				"down": {"uv": [11, 9, 15.5, 12], "texture": "#top"}
			}
		},
		{
			"from": [5, 0.5, 4],
			"to": [11, 5.5, 7],
			"rotation": {"angle": 0, "axis": "y", "origin": [8, 8, 8]},
			"faces": {
				"north": {"uv": [0, 0, 6, 5], "rotation": 180, "texture": "#side"},
				"east": {"uv": [0, 0, 5, 3], "rotation": 270, "texture": "#side"},
				"south": {"uv": [0, 0, 6, 5], "texture": "#side"},
				"west": {"uv": [0, 0, 5, 3], "rotation": 90, "texture": "#side"},
				"up": {"uv": [5, 9, 11, 12], "rotation": 180, "texture": "#3"},
				"down": {"uv": [5, 9, 11, 12], "texture": "#top"}
			}
		},
		{
			"from": [10.77297, 5.49, 4.46967],
			"to": [13.77297, 15.49, 9.46967],
			"rotation": {"angle": 45, "axis": "y", "origin": [8, 8, 8]},
			"faces": {
				"north": {"uv": [2, 0, 0, 2], "rotation": 180, "texture": "#missing"},
				"east": {"uv": [2, 0, 0, 4], "rotation": 270, "texture": "#missing"},
				"south": {"uv": [2, 0, 0, 2], "texture": "#missing"},
				"west": {"uv": [2, 0, 0, 4], "rotation": 90, "texture": "#3"},
				"up": {"uv": [14, 9, 11, 14], "rotation": 180, "texture": "#front"},
				"down": {"uv": [2, 0, 0, 4], "texture": "#missing"}
			}
		},
		{
			"from": [2.22703, 5.49, 4.46967],
			"to": [5.22703, 15.49, 9.46967],
			"rotation": {"angle": -45, "axis": "y", "origin": [8, 8, 8]},
			"faces": {
				"north": {"uv": [0, 0, 2, 2], "rotation": 180, "texture": "#missing"},
				"east": {"uv": [0, 0, 2, 4], "rotation": 270, "texture": "#3"},
				"south": {"uv": [0, 0, 2, 2], "texture": "#missing"},
				"west": {"uv": [0, 0, 2, 4], "rotation": 90, "texture": "#missing"},
				"up": {"uv": [14, 9, 11, 14], "rotation": 180, "texture": "#front"},
				"down": {"uv": [0, 0, 2, 4], "texture": "#missing"}
			}
		},
		{
			"from": [5, 14.5, 11],
			"to": [11, 15.5, 15.5],
			"rotation": {"angle": 0, "axis": "y", "origin": [8, 8, 8]},
			"faces": {
				"north": {"uv": [0, 0, 4, 1], "rotation": 180, "texture": "#top"},
				"east": {"uv": [0, 0, 1, 8], "rotation": 270, "texture": "#3"},
				"south": {"uv": [11, 0.5, 5, 1.5], "texture": "#side"},
				"west": {"uv": [0.5, 0.5, 1.5, 9], "rotation": 90, "texture": "#side"},
				"up": {"uv": [5, 0.5, 11, 5], "rotation": 180, "texture": "#front"},
				"down": {"uv": [0, 0, 4, 8], "texture": "#top"}
			}
		},
		{
			"from": [6, 14.5, 7],
			"to": [10, 15.5, 11],
			"rotation": {"angle": 0, "axis": "y", "origin": [8, 8, 8]},
			"faces": {
				"north": {"uv": [0, 1, 4.25, 2], "rotation": 180, "texture": "#3"},
				"east": {"uv": [0, 0.5, 1, 9], "rotation": 270, "texture": "#3"},
				"south": {"uv": [5, 0.5, 11, 2], "texture": "#top"},
				"west": {"uv": [0, 0.5, 1, 9], "rotation": 90, "texture": "#3"},
				"up": {"uv": [6, 5, 10, 9], "rotation": 180, "texture": "#front"},
				"down": {"uv": [0, 0, 4, 8], "texture": "#top"}
			}
		},
		{
			"from": [5, 14.5, 7],
			"to": [6, 15.5, 9],
			"rotation": {"angle": 0, "axis": "y", "origin": [8, 8, 8]},
			"faces": {
				"north": {"uv": [3, 1, 4.25, 2], "rotation": 180, "texture": "#3"},
				"east": {"uv": [0, 0.5, 1, 9], "rotation": 270, "texture": "#3"},
				"south": {"uv": [3, 1, 4.25, 2], "texture": "#3"},
				"west": {"uv": [0, 0.5, 1, 9], "rotation": 90, "texture": "#3"},
				"up": {"uv": [10, 7, 11, 9], "rotation": 180, "texture": "#front"},
				"down": {"uv": [0, 0, 4, 8], "texture": "#top"}
			}
		},
		{
			"from": [10, 14.5, 7],
			"to": [11, 15.5, 9],
			"rotation": {"angle": 0, "axis": "y", "origin": [8, 8, 8]},
			"faces": {
				"north": {"uv": [3, 1, 4.25, 2], "rotation": 180, "texture": "#3"},
				"east": {"uv": [0, 0.5, 1, 9], "rotation": 270, "texture": "#3"},
				"south": {"uv": [3, 1, 4.25, 2], "texture": "#3"},
				"west": {"uv": [0, 0.5, 1, 9], "rotation": 90, "texture": "#3"},
				"up": {"uv": [5, 7, 6, 9], "rotation": 180, "texture": "#front"},
				"down": {"uv": [0, 0, 4, 8], "texture": "#top"}
			}
		},
		{
			"from": [11, 14.5, 7],
			"to": [15.5, 15.5, 15.5],
			"rotation": {"angle": 0, "axis": "y", "origin": [8, 8, 8]},
			"faces": {
				"north": {"uv": [4, 0, 0, 1], "rotation": 180, "texture": "#top"},
				"east": {"uv": [0.5, 0.5, 9, 1.5], "texture": "#side"},
				"south": {"uv": [11, 0.5, 15.5, 1.5], "texture": "#side"},
				"west": {"uv": [1, 0, 0, 8], "rotation": 90, "texture": "#3"},
				"up": {"uv": [15.5, 0.5, 11, 9], "rotation": 180, "texture": "#front"},
				"down": {"uv": [4, 0, 0, 8], "texture": "#top"}
			}
		},
		{
			"from": [0.5, 14.5, 7],
			"to": [5, 15.5, 15.5],
			"rotation": {"angle": 0, "axis": "y", "origin": [8, 8, 8]},
			"faces": {
				"north": {"uv": [0, 0, 4, 1], "rotation": 180, "texture": "#missing"},
				"east": {"uv": [0, 0, 1, 8], "rotation": 270, "texture": "#3"},
				"south": {"uv": [0.5, 0.5, 5, 1.5], "texture": "#side"},
				"west": {"uv": [7, 0.5, 15.5, 1.5], "texture": "#side"},
				"up": {"uv": [11, 0.5, 15.5, 9], "rotation": 180, "texture": "#front"},
				"down": {"uv": [0, 0, 4, 8], "texture": "#missing"}
			}
		}
	]
}