{
	"format_version": "1.21.6",
	"credit": "Made with Blockbench",
	"parent": "block/block",
	"textures": {
		"particle": "block/enchanting_table_bottom",
		"bottom": "block/enchanting_table_bottom",
		"top": "block/enchanting_table_top",
		"side": "block/enchanting_table_side"
	},
	"elements": [
		{
			"from": [0, 0, 0],
			"to": [16, 12, 16],
			"faces": {
				"north": {"uv": [0, 4, 16, 16], "texture": "#bottom", "cullface": "north"},
				"east": {"uv": [0, 4, 16, 16], "texture": "#bottom", "cullface": "east"},
				"south": {"uv": [0, 4, 16, 16], "texture": "#bottom", "cullface": "south"},
				"west": {"uv": [0, 4, 16, 16], "texture": "#bottom", "cullface": "west"},
				"up": {"uv": [0, 0, 16, 16], "texture": "#top"},
				"down": {"uv": [0, 0, 16, 16], "texture": "#bottom", "cullface": "down"}
			}
		},
		{
			"from": [-0.5, 9, -0.5],
			"to": [3, 12.5, 3],
			"rotation": {"angle": 0, "axis": "y", "origin": [-0.5, 10.5, -1]},
			"faces": {
				"north": {"uv": [13, 4, 16, 7], "texture": "#side"},
				"east": {"uv": [16, 7, 13, 4], "texture": "#side"},
				"south": {"uv": [13, 7, 16, 4], "texture": "#side"},
				"west": {"uv": [0, 4, 3, 7], "texture": "#side"},
				"up": {"uv": [0, 0, 3, 3], "texture": "#top"},
				"down": {"uv": [13, 0, 16, 3], "texture": "#top"}
			}
		},
		{
			"from": [-0.5, 9, 3],
			"to": [3, 12.5, 4],
			"rotation": {"angle": 0, "axis": "y", "origin": [-0.5, 10.5, -1]},
			"faces": {
				"north": {"uv": [13, 4, 16, 7], "texture": "#side"},
				"east": {"uv": [3, 7, 4, 4], "texture": "#side"},
				"south": {"uv": [12, 8, 15, 5], "texture": "#side"},
				"west": {"uv": [3, 4, 4, 7], "texture": "#side"},
				"up": {"uv": [0, 3, 3, 4], "texture": "#top"},
				"down": {"uv": [12, 2, 13, 3], "texture": "#top"}
			}
		},
		{
			"from": [2.5, 11.5, 3.09289],
			"to": [3.9, 12.5, 3.79289],
			"rotation": {"angle": 45, "axis": "y", "origin": [3, 12, 3.29289]},
			"faces": {
				"north": {"uv": [2, 3, 3, 4], "texture": "#top"},
				"east": {"uv": [2, 3, 3, 4], "texture": "#top"},
				"south": {"uv": [2, 3, 3, 4], "texture": "#top"},
				"west": {"uv": [2, 3, 3, 4], "texture": "#top"},
				"up": {"uv": [2, 3, 3, 4], "texture": "#top"},
				"down": {"uv": [12, 2, 13, 3], "texture": "#top"}
			}
		},
		{
			"from": [-0.5, 8.5, 2.39289],
			"to": [0.5, 9.2, 3.79289],
			"rotation": {"angle": -45, "axis": "x", "origin": [0, 9, 3.29289]},
			"faces": {
				"north": {"uv": [2, 3, 3, 4], "texture": "#top"},
				"east": {"uv": [12, 2, 13, 3], "rotation": 270, "texture": "#top"},
				"south": {"uv": [2, 3, 3, 4], "rotation": 270, "texture": "#top"},
				"west": {"uv": [2, 3, 3, 4], "rotation": 270, "texture": "#top"},
				"up": {"uv": [2, 3, 3, 4], "rotation": 270, "texture": "#top"},
				"down": {"uv": [2, 3, 3, 4], "texture": "#top"}
			}
		},
		{
			"from": [2.39289, 8.5, -0.5],
			"to": [3.79289, 9.2, 0.5],
			"rotation": {"angle": 45, "axis": "z", "origin": [3.29289, 9, 0]},
			"faces": {
				"north": {"uv": [2, 3, 3, 4], "texture": "#top"},
				"east": {"uv": [12, 2, 13, 3], "rotation": 270, "texture": "#top"},
				"south": {"uv": [2, 3, 3, 4], "rotation": 270, "texture": "#top"},
				"west": {"uv": [2, 3, 3, 4], "rotation": 270, "texture": "#top"},
				"up": {"uv": [2, 3, 3, 4], "rotation": 270, "texture": "#top"},
				"down": {"uv": [2, 3, 3, 4], "texture": "#top"}
			}
		},
		{
			"from": [-0.5, 8, -0.5],
			"to": [3, 9, 3],
			"rotation": {"angle": 0, "axis": "z", "origin": [1.25, 8.5, 1.25]},
			"faces": {
				"north": {"uv": [4, 7, 3, 4], "rotation": 270, "texture": "#side"},
				"east": {"uv": [13, 3, 12, 2], "texture": "#top"},
				"south": {"uv": [4, 4, 3, 7], "rotation": 90, "texture": "#side"},
				"west": {"uv": [3, 4, 0, 3], "rotation": 180, "texture": "#top"},
				"up": {"uv": [16, 7, 13, 4], "rotation": 90, "texture": "#side"},
				"down": {"uv": [15, 5, 12, 8], "rotation": 90, "texture": "#side"}
			}
		},
		{
			"from": [3, 9, -0.5],
			"to": [4, 12.5, 3],
			"rotation": {"angle": 0, "axis": "y", "origin": [3.5, 10.75, 1.25]},
			"faces": {
				"north": {"uv": [4, 4, 3, 7], "texture": "#side"},
				"east": {"uv": [15, 8, 12, 5], "texture": "#side"},
				"south": {"uv": [4, 7, 3, 4], "texture": "#side"},
				"west": {"uv": [16, 4, 13, 7], "texture": "#side"},
				"up": {"uv": [0, 4, 3, 3], "rotation": 90, "texture": "#top"},
				"down": {"uv": [12, 3, 13, 2], "rotation": 270, "texture": "#top"}
			}
		},
		{
			"from": [13, 9, -0.5],
			"to": [16.5, 12.5, 3],
			"rotation": {"angle": 0, "axis": "y", "origin": [16.5, 10.5, -1]},
			"faces": {
				"north": {"uv": [16, 4, 13, 7], "texture": "#side"},
				"east": {"uv": [3, 4, 0, 7], "texture": "#side"},
				"south": {"uv": [16, 7, 13, 4], "texture": "#side"},
				"west": {"uv": [13, 7, 16, 4], "texture": "#side"},
				"up": {"uv": [3, 0, 0, 3], "texture": "#top"},
				"down": {"uv": [16, 0, 13, 3], "texture": "#top"}
			}
		},
		{
			"from": [13, 9, 3],
			"to": [16.5, 12.5, 4],
			"rotation": {"angle": 0, "axis": "y", "origin": [16.5, 10.5, -1]},
			"faces": {
				"north": {"uv": [16, 4, 13, 7], "texture": "#side"},
				"east": {"uv": [4, 4, 3, 7], "texture": "#side"},
				"south": {"uv": [15, 8, 12, 5], "texture": "#side"},
				"west": {"uv": [4, 7, 3, 4], "texture": "#side"},
				"up": {"uv": [3, 3, 0, 4], "texture": "#top"},
				"down": {"uv": [13, 2, 12, 3], "texture": "#top"}
			}
		},
		{
			"from": [12.1, 11.5, 3.09289],
			"to": [13.5, 12.5, 3.79289],
			"rotation": {"angle": -45, "axis": "y", "origin": [13, 12, 3.29289]},
			"faces": {
				"north": {"uv": [3, 3, 2, 4], "texture": "#top"},
				"east": {"uv": [3, 3, 2, 4], "texture": "#top"},
				"south": {"uv": [3, 3, 2, 4], "texture": "#top"},
				"west": {"uv": [3, 3, 2, 4], "texture": "#top"},
				"up": {"uv": [3, 3, 2, 4], "texture": "#top"},
				"down": {"uv": [13, 2, 12, 3], "texture": "#top"}
			}
		},
		{
			"from": [15.5, 8.5, 2.39289],
			"to": [16.5, 9.2, 3.79289],
			"rotation": {"angle": -45, "axis": "x", "origin": [16, 9, 3.29289]},
			"faces": {
				"north": {"uv": [3, 3, 2, 4], "texture": "#top"},
				"east": {"uv": [2, 4, 3, 3], "rotation": 270, "texture": "#top"},
				"south": {"uv": [2, 4, 3, 3], "rotation": 270, "texture": "#top"},
				"west": {"uv": [12, 3, 13, 2], "rotation": 270, "texture": "#top"},
				"up": {"uv": [2, 4, 3, 3], "rotation": 270, "texture": "#top"},
				"down": {"uv": [3, 3, 2, 4], "texture": "#top"}
			}
		},
		{
			"from": [12.20711, 8.5, -0.5],
			"to": [13.60711, 9.2, 0.5],
			"rotation": {"angle": -45, "axis": "z", "origin": [12.70711, 9, 0]},
			"faces": {
				"north": {"uv": [3, 3, 2, 4], "texture": "#top"},
				"east": {"uv": [2, 4, 3, 3], "rotation": 270, "texture": "#top"},
				"south": {"uv": [2, 4, 3, 3], "rotation": 270, "texture": "#top"},
				"west": {"uv": [12, 3, 13, 2], "rotation": 270, "texture": "#top"},
				"up": {"uv": [2, 4, 3, 3], "rotation": 270, "texture": "#top"},
				"down": {"uv": [3, 3, 2, 4], "texture": "#top"}
			}
		},
		{
			"from": [13, 8, -0.5],
			"to": [16.5, 9, 3],
			"rotation": {"angle": 0, "axis": "y", "origin": [14.75, 8.5, 1.25]},
			"faces": {
				"north": {"uv": [4, 4, 3, 7], "rotation": 270, "texture": "#side"},
				"east": {"uv": [0, 4, 3, 3], "rotation": 180, "texture": "#top"},
				"south": {"uv": [4, 7, 3, 4], "rotation": 90, "texture": "#side"},
				"west": {"uv": [12, 3, 13, 2], "texture": "#top"},
				"up": {"uv": [16, 4, 13, 7], "rotation": 90, "texture": "#side"},
				"down": {"uv": [15, 8, 12, 5], "rotation": 90, "texture": "#side"}
			}
		},
		{
			"from": [12, 9, -0.5],
			"to": [13, 12.5, 3],
			"rotation": {"angle": 0, "axis": "y", "origin": [12.5, 10.75, 1.25]},
			"faces": {
				"north": {"uv": [3, 4, 4, 7], "texture": "#side"},
				"east": {"uv": [13, 4, 16, 7], "texture": "#side"},
				"south": {"uv": [3, 7, 4, 4], "texture": "#side"},
				"west": {"uv": [12, 8, 15, 5], "texture": "#side"},
				"up": {"uv": [0, 3, 3, 4], "rotation": 90, "texture": "#top"},
				"down": {"uv": [12, 2, 13, 3], "rotation": 270, "texture": "#top"}
			}
		},
		{
			"from": [-0.5, 9, 13],
			"to": [3, 12.5, 16.5],
			"rotation": {"angle": 0, "axis": "y", "origin": [-0.5, 10.5, 17]},
			"faces": {
				"north": {"uv": [16, 7, 13, 4], "texture": "#side"},
				"east": {"uv": [13, 7, 16, 4], "texture": "#side"},
				"south": {"uv": [16, 4, 13, 7], "texture": "#side"},
				"west": {"uv": [3, 4, 0, 7], "texture": "#side"},
				"up": {"uv": [0, 3, 3, 0], "texture": "#top"},
				"down": {"uv": [13, 3, 16, 0], "texture": "#top"}
			}
		},
		{
			"from": [-0.5, 9, 12],
			"to": [3, 12.5, 13],
			"rotation": {"angle": 0, "axis": "y", "origin": [-0.5, 10.5, 17]},
			"faces": {
				"north": {"uv": [15, 8, 12, 5], "texture": "#side"},
				"east": {"uv": [4, 7, 3, 4], "texture": "#side"},
				"south": {"uv": [16, 4, 13, 7], "texture": "#side"},
				"west": {"uv": [4, 4, 3, 7], "texture": "#side"},
				"up": {"uv": [0, 4, 3, 3], "texture": "#top"},
				"down": {"uv": [12, 3, 13, 2], "texture": "#top"}
			}
		},
		{
			"from": [2.5, 11.5, 12.20711],
			"to": [3.9, 12.5, 12.90711],
			"rotation": {"angle": -45, "axis": "y", "origin": [3, 12, 12.70711]},
			"faces": {
				"north": {"uv": [3, 3, 2, 4], "texture": "#top"},
				"east": {"uv": [3, 3, 2, 4], "texture": "#top"},
				"south": {"uv": [3, 3, 2, 4], "texture": "#top"},
				"west": {"uv": [3, 3, 2, 4], "texture": "#top"},
				"up": {"uv": [2, 4, 3, 3], "texture": "#top"},
				"down": {"uv": [12, 3, 13, 2], "texture": "#top"}
			}
		},
		{
			"from": [-0.5, 8.5, 12.20711],
			"to": [0.5, 9.2, 13.60711],
			"rotation": {"angle": 45, "axis": "x", "origin": [0, 9, 12.70711]},
			"faces": {
				"north": {"uv": [2, 4, 3, 3], "rotation": 270, "texture": "#top"},
				"east": {"uv": [12, 3, 13, 2], "rotation": 270, "texture": "#top"},
				"south": {"uv": [3, 3, 2, 4], "texture": "#top"},
				"west": {"uv": [2, 4, 3, 3], "rotation": 270, "texture": "#top"},
				"up": {"uv": [3, 3, 2, 4], "rotation": 270, "texture": "#top"},
				"down": {"uv": [2, 4, 3, 3], "texture": "#top"}
			}
		},
		{
			"from": [2.39289, 8.5, 15.5],
			"to": [3.79289, 9.2, 16.5],
			"rotation": {"angle": 45, "axis": "z", "origin": [3.29289, 9, 16]},
			"faces": {
				"north": {"uv": [2, 4, 3, 3], "rotation": 270, "texture": "#top"},
				"east": {"uv": [12, 3, 13, 2], "rotation": 270, "texture": "#top"},
				"south": {"uv": [3, 3, 2, 4], "texture": "#top"},
				"west": {"uv": [2, 4, 3, 3], "rotation": 270, "texture": "#top"},
				"up": {"uv": [3, 3, 2, 4], "rotation": 270, "texture": "#top"},
				"down": {"uv": [2, 4, 3, 3], "texture": "#top"}
			}
		},
		{
			"from": [-0.5, 8, 13],
			"to": [3, 9, 16.5],
			"rotation": {"angle": 0, "axis": "y", "origin": [1.25, 8.5, 14.75]},
			"faces": {
				"north": {"uv": [4, 7, 3, 4], "rotation": 90, "texture": "#side"},
				"east": {"uv": [12, 3, 13, 2], "texture": "#top"},
				"south": {"uv": [4, 4, 3, 7], "rotation": 270, "texture": "#side"},
				"west": {"uv": [0, 4, 3, 3], "rotation": 180, "texture": "#top"},
				"up": {"uv": [13, 7, 16, 4], "rotation": 90, "texture": "#side"},
				"down": {"uv": [12, 5, 15, 8], "rotation": 90, "texture": "#side"}
			}
		},
		{
			"from": [3, 9, 13],
			"to": [4, 12.5, 16.5],
			"rotation": {"angle": 0, "axis": "y", "origin": [3.5, 10.75, 14.75]},
			"faces": {
				"north": {"uv": [3, 7, 4, 4], "texture": "#side"},
				"east": {"uv": [12, 8, 15, 5], "texture": "#side"},
				"south": {"uv": [3, 4, 4, 7], "texture": "#side"},
				"west": {"uv": [13, 4, 16, 7], "texture": "#side"},
				"up": {"uv": [3, 4, 0, 3], "rotation": 90, "texture": "#top"},
				"down": {"uv": [13, 3, 12, 2], "rotation": 270, "texture": "#top"}
			}
		},
		{
			"from": [13, 9, 13],
			"to": [16.5, 12.5, 16.5],
			"rotation": {"angle": 0, "axis": "y", "origin": [16.5, 10.5, 17]},
			"faces": {
				"north": {"uv": [13, 7, 16, 4], "texture": "#side"},
				"east": {"uv": [0, 4, 3, 7], "texture": "#side"},
				"south": {"uv": [13, 4, 16, 7], "texture": "#side"},
				"west": {"uv": [16, 7, 13, 4], "texture": "#side"},
				"up": {"uv": [3, 3, 0, 0], "texture": "#top"},
				"down": {"uv": [16, 3, 13, 0], "texture": "#top"}
			}
		},
		{
			"from": [13, 9, 12],
			"to": [16.5, 12.5, 13],
			"rotation": {"angle": 0, "axis": "y", "origin": [16.5, 10.5, 17]},
			"faces": {
				"north": {"uv": [12, 8, 15, 5], "texture": "#side"},
				"east": {"uv": [3, 4, 4, 7], "texture": "#side"},
				"south": {"uv": [13, 4, 16, 7], "texture": "#side"},
				"west": {"uv": [3, 7, 4, 4], "texture": "#side"},
				"up": {"uv": [3, 4, 0, 3], "texture": "#top"},
				"down": {"uv": [13, 3, 12, 2], "texture": "#top"}
			}
		},
		{
			"from": [12.1, 11.5, 12.20711],
			"to": [13.5, 12.5, 12.90711],
			"rotation": {"angle": 45, "axis": "y", "origin": [13, 12, 12.70711]},
			"faces": {
				"north": {"uv": [2, 3, 3, 4], "texture": "#top"},
				"east": {"uv": [2, 3, 3, 4], "texture": "#top"},
				"south": {"uv": [2, 3, 3, 4], "texture": "#top"},
				"west": {"uv": [2, 3, 3, 4], "texture": "#top"},
				"up": {"uv": [3, 4, 2, 3], "texture": "#top"},
				"down": {"uv": [13, 3, 12, 2], "texture": "#top"}
			}
		},
		{
			"from": [15.5, 8.5, 12.20711],
			"to": [16.5, 9.2, 13.60711],
			"rotation": {"angle": 45, "axis": "x", "origin": [16, 9, 12.70711]},
			"faces": {
				"north": {"uv": [2, 3, 3, 4], "rotation": 270, "texture": "#top"},
				"east": {"uv": [2, 3, 3, 4], "rotation": 270, "texture": "#top"},
				"south": {"uv": [2, 3, 3, 4], "texture": "#top"},
				"west": {"uv": [12, 2, 13, 3], "rotation": 270, "texture": "#top"},
				"up": {"uv": [3, 4, 2, 3], "rotation": 270, "texture": "#top"},
				"down": {"uv": [3, 4, 2, 3], "texture": "#top"}
			}
		},
		{
			"from": [12.20711, 8.5, 15.5],
			"to": [13.60711, 9.2, 16.5],
			"rotation": {"angle": -45, "axis": "z", "origin": [12.70711, 9, 16]},
			"faces": {
				"north": {"uv": [2, 3, 3, 4], "rotation": 270, "texture": "#top"},
				"east": {"uv": [2, 3, 3, 4], "rotation": 270, "texture": "#top"},
				"south": {"uv": [2, 3, 3, 4], "texture": "#top"},
				"west": {"uv": [12, 2, 13, 3], "rotation": 270, "texture": "#top"},
				"up": {"uv": [3, 4, 2, 3], "rotation": 270, "texture": "#top"},
				"down": {"uv": [3, 4, 2, 3], "texture": "#top"}
			}
		},
		{
			"from": [13, 8, 13],
			"to": [16.5, 9, 16.5],
			"rotation": {"angle": 0, "axis": "y", "origin": [14.75, 8.5, 14.75]},
			"faces": {
				"north": {"uv": [4, 4, 3, 7], "rotation": 90, "texture": "#side"},
				"east": {"uv": [3, 4, 0, 3], "rotation": 180, "texture": "#top"},
				"south": {"uv": [4, 7, 3, 4], "rotation": 270, "texture": "#side"},
				"west": {"uv": [13, 3, 12, 2], "texture": "#top"},
				"up": {"uv": [13, 4, 16, 7], "rotation": 90, "texture": "#side"},
				"down": {"uv": [12, 8, 15, 5], "rotation": 90, "texture": "#side"}
			}
		},
		{
			"from": [12, 9, 13],
			"to": [13, 12.5, 16.5],
			"rotation": {"angle": 0, "axis": "y", "origin": [12.5, 10.75, 14.75]},
			"faces": {
				"north": {"uv": [4, 7, 3, 4], "texture": "#side"},
				"east": {"uv": [16, 4, 13, 7], "texture": "#side"},
				"south": {"uv": [4, 4, 3, 7], "texture": "#side"},
				"west": {"uv": [15, 8, 12, 5], "texture": "#side"},
				"up": {"uv": [3, 3, 0, 4], "rotation": 90, "texture": "#top"},
				"down": {"uv": [13, 2, 12, 3], "rotation": 270, "texture": "#top"}
			}
		},
		{
			"from": [8.6, 6.3, 15],
			"to": [10.1, 13.5, 16.1],
			"rotation": {"angle": -45, "axis": "z", "origin": [9, 8.5, 16]},
			"faces": {
				"north": {"uv": [1, 4, 0, 11], "texture": "#top"},
				"east": {"uv": [1, 4, 0, 11], "texture": "#top"},
				"south": {"uv": [1, 4, 0, 11], "texture": "#top"},
				"west": {"uv": [1, 4, 0, 11], "texture": "#top"},
				"up": {"uv": [0, 11, 1, 4], "texture": "#top"},
				"down": {"uv": [0, 11, 1, 4], "texture": "#top"}
			}
		},
		{
			"from": [6.2, 6, 15],
			"to": [7.4, 13.5, 16.1],
			"rotation": {"angle": 45, "axis": "z", "origin": [7, 8.5, 16]},
			"faces": {
				"north": {"uv": [0, 4, 1, 11], "texture": "#top"},
				"east": {"uv": [0, 4, 1, 11], "texture": "#top"},
				"south": {"uv": [0, 4, 1, 11], "texture": "#top"},
				"west": {"uv": [0, 4, 1, 11], "texture": "#top"},
				"up": {"uv": [1, 11, 0, 4], "texture": "#top"},
				"down": {"uv": [1, 11, 0, 4], "texture": "#top"}
			}
		},
		{
			"from": [6.9, 8.1, 15],
			"to": [7.7, 12.8, 16.1],
			"rotation": {"angle": 45, "axis": "z", "origin": [7.5, 9.4, 16]},
			"faces": {
				"north": {"uv": [0, 4, 1, 11], "texture": "#top"},
				"east": {"uv": [5, 6, 6, 7], "texture": "#side"},
				"south": {"uv": [5, 6, 6, 7], "texture": "#side"},
				"west": {"uv": [5, 6, 6, 7], "texture": "#side"},
				"up": {"uv": [6, 7, 5, 6], "texture": "#side"},
				"down": {"uv": [6, 7, 5, 6], "texture": "#side"}
			}
		},
		{
			"from": [8.3, 8.1, 15],
			"to": [9.1, 12.8, 16.1],
			"rotation": {"angle": -45, "axis": "z", "origin": [8.5, 9.4, 16]},
			"faces": {
				"north": {"uv": [1, 4, 0, 11], "texture": "#top"},
				"east": {"uv": [6, 6, 5, 7], "texture": "#side"},
				"south": {"uv": [6, 6, 5, 7], "texture": "#side"},
				"west": {"uv": [6, 6, 5, 7], "texture": "#side"},
				"up": {"uv": [5, 7, 6, 6], "texture": "#side"},
				"down": {"uv": [5, 7, 6, 6], "texture": "#side"}
			}
		},
		{
			"from": [4, 11, 15],
			"to": [12, 12.05, 16.15],
			"rotation": {"angle": 0, "axis": "y", "origin": [9.5, 10.9, 16]},
			"faces": {
				"north": {"uv": [4.15, 4, 10.85, 5], "texture": "#side"},
				"east": {"uv": [1, 11, 0, 4], "rotation": 90, "texture": "#top"},
				"south": {"uv": [10.85, 5, 4.15, 4], "texture": "#side"},
				"west": {"uv": [1, 11, 0, 4], "rotation": 90, "texture": "#top"},
				"up": {"uv": [4.15, 4, 10.85, 5], "texture": "#side"},
				"down": {"uv": [0, 4, 1, 11], "rotation": 90, "texture": "#top"}
			}
		},
		{
			"from": [6, 9, 16],
			"to": [10, 12, 16.05],
			"rotation": {"angle": 0, "axis": "y", "origin": [0, 0, 16]},
			"faces": {
				"north": {"uv": [16, 4, 0, 16], "texture": "#side", "cullface": "south"},
				"east": {"uv": [16, 4, 0, 16], "texture": "#side", "cullface": "east"},
				"south": {"uv": [10, 4, 6, 7], "texture": "#side", "cullface": "north"},
				"west": {"uv": [16, 4, 0, 16], "texture": "#side", "cullface": "west"},
				"up": {"uv": [0, 11, 1, 4], "texture": "#top"},
				"down": {"uv": [0, 16, 16, 0], "texture": "#bottom", "cullface": "down"}
			}
		},
		{
			"from": [8.6, 6.3, -0.1],
			"to": [10.1, 13.5, 1],
			"rotation": {"angle": -45, "axis": "z", "origin": [9, 8.5, 0]},
			"faces": {
				"north": {"uv": [0, 4, 1, 11], "texture": "#top"},
				"east": {"uv": [0, 4, 1, 11], "texture": "#top"},
				"south": {"uv": [0, 4, 1, 11], "texture": "#top"},
				"west": {"uv": [0, 4, 1, 11], "texture": "#top"},
				"up": {"uv": [0, 4, 1, 11], "texture": "#top"},
				"down": {"uv": [0, 4, 1, 11], "texture": "#top"}
			}
		},
		{
			"from": [6.2, 6, -0.1],
			"to": [7.4, 13.5, 1],
			"rotation": {"angle": 45, "axis": "z", "origin": [7, 8.5, 0]},
			"faces": {
				"north": {"uv": [1, 4, 0, 11], "texture": "#top"},
				"east": {"uv": [1, 4, 0, 11], "texture": "#top"},
				"south": {"uv": [1, 4, 0, 11], "texture": "#top"},
				"west": {"uv": [1, 4, 0, 11], "texture": "#top"},
				"up": {"uv": [1, 4, 0, 11], "texture": "#top"},
				"down": {"uv": [1, 4, 0, 11], "texture": "#top"}
			}
		},
		{
			"from": [6.9, 8.1, -0.1],
			"to": [7.7, 12.8, 1],
			"rotation": {"angle": 45, "axis": "z", "origin": [7.5, 9.4, 0]},
			"faces": {
				"north": {"uv": [6, 6, 5, 7], "texture": "#side"},
				"east": {"uv": [6, 6, 5, 7], "texture": "#side"},
				"south": {"uv": [1, 4, 0, 11], "texture": "#top"},
				"west": {"uv": [6, 6, 5, 7], "texture": "#side"},
				"up": {"uv": [6, 6, 5, 7], "texture": "#side"},
				"down": {"uv": [6, 6, 5, 7], "texture": "#side"}
			}
		},
		{
			"from": [8.3, 8.1, -0.1],
			"to": [9.1, 12.8, 1],
			"rotation": {"angle": -45, "axis": "z", "origin": [8.5, 9.4, 0]},
			"faces": {
				"north": {"uv": [5, 6, 6, 7], "texture": "#side"},
				"east": {"uv": [5, 6, 6, 7], "texture": "#side"},
				"south": {"uv": [0, 4, 1, 11], "texture": "#top"},
				"west": {"uv": [5, 6, 6, 7], "texture": "#side"},
				"up": {"uv": [5, 6, 6, 7], "texture": "#side"},
				"down": {"uv": [5, 6, 6, 7], "texture": "#side"}
			}
		},
		{
			"from": [4, 11, -0.15],
			"to": [12, 12.05, 1],
			"rotation": {"angle": 0, "axis": "z", "origin": [9.5, 10.9, 0]},
			"faces": {
				"north": {"uv": [4.15, 5, 10.85, 4], "texture": "#side"},
				"east": {"uv": [1, 4, 0, 11], "rotation": 90, "texture": "#top"},
				"south": {"uv": [4.15, 4, 10.85, 4.5], "rotation": 180, "texture": "#side"},
				"west": {"uv": [1, 4, 0, 11], "rotation": 90, "texture": "#top"},
				"up": {"uv": [4.15, 5, 10.85, 4], "texture": "#side"},
				"down": {"uv": [1, 4, 0, 11], "rotation": 90, "texture": "#top"}
			}
		},
		{
			"from": [6, 9, -0.05],
			"to": [10, 12, 0],
			"faces": {
				"north": {"uv": [6, 4, 10, 7], "texture": "#side", "cullface": "north"},
				"east": {"uv": [0, 4, 16, 16], "texture": "#side", "cullface": "east"},
				"south": {"uv": [0, 4, 16, 16], "texture": "#side", "cullface": "south"},
				"west": {"uv": [0, 4, 16, 16], "texture": "#side", "cullface": "west"},
				"up": {"uv": [0, 4, 1, 11], "texture": "#top"},
				"down": {"uv": [0, 0, 16, 16], "texture": "#bottom", "cullface": "down"}
			}
		},
		{
			"from": [15.10607, 7.48384, 4.93589],
			"to": [16.20607, 14.68384, 6.43589],
			"rotation": {"angle": -45, "axis": "x", "origin": [8.10607, 10.38373, 8]},
			"faces": {
				"north": {"uv": [1, 4, 0, 11], "texture": "#top"},
				"east": {"uv": [1, 4, 0, 11], "texture": "#top"},
				"south": {"uv": [1, 4, 0, 11], "texture": "#top"},
				"west": {"uv": [1, 4, 0, 11], "texture": "#top"},
				"up": {"uv": [0, 11, 1, 4], "rotation": 270, "texture": "#top"},
				"down": {"uv": [0, 11, 1, 4], "rotation": 90, "texture": "#top"}
			}
		},
		{
			"from": [15.10607, 7.33384, 9.71411],
			"to": [16.20607, 14.83384, 10.91411],
			"rotation": {"angle": 45, "axis": "x", "origin": [8.10607, 10.38373, 8]},
			"faces": {
				"north": {"uv": [0, 4, 1, 11], "texture": "#top"},
				"east": {"uv": [0, 4, 1, 11], "texture": "#top"},
				"south": {"uv": [0, 4, 1, 11], "texture": "#top"},
				"west": {"uv": [0, 4, 1, 11], "texture": "#top"},
				"up": {"uv": [1, 11, 0, 4], "rotation": 270, "texture": "#top"},
				"down": {"uv": [1, 11, 0, 4], "rotation": 90, "texture": "#top"}
			}
		},
		{
			"from": [15.10607, 8.81668, 8.92416],
			"to": [16.20607, 13.51668, 9.72416],
			"rotation": {"angle": 45, "axis": "x", "origin": [8.10607, 10.38373, 8]},
			"faces": {
				"north": {"uv": [5, 6, 6, 7], "texture": "#side"},
				"east": {"uv": [5, 6, 6, 7], "texture": "#side"},
				"south": {"uv": [5, 6, 6, 7], "texture": "#side"},
				"west": {"uv": [0, 4, 1, 11], "texture": "#top"},
				"up": {"uv": [6, 7, 5, 6], "rotation": 270, "texture": "#side"},
				"down": {"uv": [6, 7, 5, 6], "rotation": 90, "texture": "#side"}
			}
		},
		{
			"from": [15.10607, 8.66668, 6.42584],
			"to": [16.20607, 13.36668, 7.22584],
			"rotation": {"angle": -45, "axis": "x", "origin": [8.10607, 10.38373, 8]},
			"faces": {
				"north": {"uv": [6, 6, 5, 7], "texture": "#side"},
				"east": {"uv": [6, 6, 5, 7], "texture": "#side"},
				"south": {"uv": [6, 6, 5, 7], "texture": "#side"},
				"west": {"uv": [1, 4, 0, 11], "texture": "#top"},
				"up": {"uv": [5, 7, 6, 6], "rotation": 270, "texture": "#side"},
				"down": {"uv": [5, 7, 6, 6], "rotation": 90, "texture": "#side"}
			}
		},
		{
			"from": [15.00607, 11, 4.10607],
			"to": [16.25607, 12.05, 12.10607],
			"rotation": {"angle": 0, "axis": "y", "origin": [8.10607, 10.38373, 8]},
			"faces": {
				"north": {"uv": [1, 11, 0, 4], "rotation": 90, "texture": "#top"},
				"east": {"uv": [10.85, 5, 4.15, 4], "texture": "#side"},
				"south": {"uv": [1, 11, 0, 4], "rotation": 90, "texture": "#top"},
				"west": {"uv": [4.15, 4, 10.85, 4.5], "rotation": 180, "texture": "#side"},
				"up": {"uv": [4.15, 4, 10.85, 5], "rotation": 270, "texture": "#side"},
				"down": {"uv": [0, 4, 1, 11], "rotation": 180, "texture": "#top"}
			}
		},
		{
			"from": [16.10607, 9, 6.10607],
			"to": [16.15607, 12, 10.10607],
			"rotation": {"angle": 0, "axis": "y", "origin": [8.10607, 10.38373, 8]},
			"faces": {
				"north": {"uv": [16, 4, 0, 16], "texture": "#side", "cullface": "east"},
				"east": {"uv": [10, 4, 6, 7], "texture": "#side", "cullface": "north"},
				"south": {"uv": [16, 4, 0, 16], "texture": "#side", "cullface": "west"},
				"west": {"uv": [16, 4, 0, 16], "texture": "#side", "cullface": "south"},
				"up": {"uv": [0, 11, 1, 4], "rotation": 270, "texture": "#top"},
				"down": {"uv": [0, 16, 16, 0], "rotation": 90, "texture": "#bottom", "cullface": "down"}
			}
		},
		{
			"from": [-0.09393, 7.48384, 4.93589],
			"to": [1.00607, 14.68384, 6.43589],
			"rotation": {"angle": -45, "axis": "x", "origin": [8.00607, 10.38373, 8]},
			"faces": {
				"north": {"uv": [0, 4, 1, 11], "texture": "#top"},
				"east": {"uv": [0, 4, 1, 11], "texture": "#top"},
				"south": {"uv": [0, 4, 1, 11], "texture": "#top"},
				"west": {"uv": [0, 4, 1, 11], "texture": "#top"},
				"up": {"uv": [0, 4, 1, 11], "rotation": 270, "texture": "#top"},
				"down": {"uv": [0, 4, 1, 11], "rotation": 90, "texture": "#top"}
			}
		},
		{
			"from": [-0.09393, 7.33384, 9.71411],
			"to": [1.00607, 14.83384, 10.91411],
			"rotation": {"angle": 45, "axis": "x", "origin": [8.00607, 10.38373, 8]},
			"faces": {
				"north": {"uv": [1, 4, 0, 11], "texture": "#top"},
				"east": {"uv": [1, 4, 0, 11], "texture": "#top"},
				"south": {"uv": [1, 4, 0, 11], "texture": "#top"},
				"west": {"uv": [1, 4, 0, 11], "texture": "#top"},
				"up": {"uv": [1, 4, 0, 11], "rotation": 270, "texture": "#top"},
				"down": {"uv": [1, 4, 0, 11], "rotation": 90, "texture": "#top"}
			}
		},
		{
			"from": [-0.09393, 8.81668, 8.92416],
			"to": [1.00607, 13.51668, 9.72416],
			"rotation": {"angle": 45, "axis": "x", "origin": [8.00607, 10.38373, 8]},
			"faces": {
				"north": {"uv": [6, 6, 5, 7], "texture": "#side"},
				"east": {"uv": [1, 4, 0, 11], "texture": "#top"},
				"south": {"uv": [6, 6, 5, 7], "texture": "#side"},
				"west": {"uv": [6, 6, 5, 7], "texture": "#side"},
				"up": {"uv": [6, 6, 5, 7], "rotation": 270, "texture": "#side"},
				"down": {"uv": [6, 6, 5, 7], "rotation": 90, "texture": "#side"}
			}
		},
		{
			"from": [-0.09393, 8.66668, 6.42584],
			"to": [1.00607, 13.36668, 7.22584],
			"rotation": {"angle": -45, "axis": "x", "origin": [8.00607, 10.38373, 8]},
			"faces": {
				"north": {"uv": [5, 6, 6, 7], "texture": "#side"},
				"east": {"uv": [0, 4, 1, 11], "texture": "#top"},
				"south": {"uv": [5, 6, 6, 7], "texture": "#side"},
				"west": {"uv": [5, 6, 6, 7], "texture": "#side"},
				"up": {"uv": [5, 6, 6, 7], "rotation": 270, "texture": "#side"},
				"down": {"uv": [5, 6, 6, 7], "rotation": 90, "texture": "#side"}
			}
		},
		{
			"from": [-0.14393, 11, 4.10607],
			"to": [1.00607, 12.05, 12.10607],
			"rotation": {"angle": 0, "axis": "y", "origin": [8.00607, 10.38373, 8]},
			"faces": {
				"north": {"uv": [1, 4, 0, 11], "rotation": 90, "texture": "#top"},
				"east": {"uv": [4.15, 4, 10.85, 4.5], "rotation": 180, "texture": "#side"},
				"south": {"uv": [1, 4, 0, 11], "rotation": 90, "texture": "#top"},
				"west": {"uv": [4.15, 5, 10.85, 4], "texture": "#side"},
				"up": {"uv": [4.15, 5, 10.85, 4], "rotation": 270, "texture": "#side"},
				"down": {"uv": [1, 4, 0, 11], "rotation": 180, "texture": "#top"}
			}
		},
		{
			"from": [-0.04393, 9, 6.10607],
			"to": [0.00607, 12, 10.10607],
			"rotation": {"angle": 0, "axis": "y", "origin": [8.00607, 10.38373, 8]},
			"faces": {
				"north": {"uv": [0, 4, 16, 16], "texture": "#side", "cullface": "east"},
				"east": {"uv": [0, 4, 16, 16], "texture": "#side", "cullface": "south"},
				"south": {"uv": [0, 4, 16, 16], "texture": "#side", "cullface": "west"},
				"west": {"uv": [6, 4, 10, 7], "texture": "#side", "cullface": "north"},
				"up": {"uv": [0, 4, 1, 11], "rotation": 270, "texture": "#top"},
				"down": {"uv": [0, 0, 16, 16], "rotation": 90, "texture": "#bottom", "cullface": "down"}
			}
		}
	],
	"groups": [
		0,
		{
			"name": "Diamond",
			"origin": [3.5, 10.75, 1.25],
			"color": 0,
			"children": [1, 2, 3, 4, 5, 6, 7]
		},
		{
			"name": "Diamond",
			"origin": [3.5, 10.75, 1.25],
			"color": 0,
			"children": [8, 9, 10, 11, 12, 13, 14]
		},
		{
			"name": "Diamond",
			"origin": [3.5, 10.75, 1.25],
			"color": 0,
			"children": [15, 16, 17, 18, 19, 20, 21]
		},
		{
			"name": "Diamond",
			"origin": [3.5, 10.75, 1.25],
			"color": 0,
			"children": [22, 23, 24, 25, 26, 27, 28]
		},
		{
			"name": "Cloth",
			"origin": [0, 0, 0],
			"color": 0,
			"children": [29, 30, 31, 32, 33, 34]
		},
		{
			"name": "Cloth",
			"origin": [0, 0, 0],
			"color": 0,
			"children": [35, 36, 37, 38, 39, 40]
		},
		{
			"name": "Cloth",
			"origin": [0, 0, 0],
			"color": 0,
			"children": [41, 42, 43, 44, 45, 46]
		},
		{
			"name": "Cloth",
			"origin": [0, 0, 0],
			"color": 0,
			"children": [47, 48, 49, 50, 51, 52]
		}
	]
}