{
	"format_version": "1.21.6",
	"credit": "Made with Blockbench",
	"parent": "block/block",
	"textures": {
		"5": "block/end_stone",
		"top": "block/end_portal_frame_top",
		"particle": "block/end_portal_frame_side",
		"side": "block/end_portal_frame_side"
	},
	"elements": [
		{
			"from": [16.04938, 11.83064, 0],
			"to": [16.49938, 13.68064, 16],
			"rotation": {"angle": 17.5, "axis": "z", "origin": [16.04938, 11.93064, 0]},
			"faces": {
				"north": {"uv": [1, 3, 0, 4], "texture": "#side"},
				"east": {"uv": [1, 3.25, 0, 4], "rotation": 270, "texture": "#side"},
				"south": {"uv": [1, 3, 0, 4], "texture": "#side"},
				"west": {"uv": [1, 3, 0, 4], "texture": "#side"},
				"up": {"uv": [1, 3.25, 0, 4], "rotation": 270, "texture": "#side"},
				"down": {"uv": [1, 3, 0, 4], "texture": "#side"}
			}
		},
		{
			"from": [-0.49938, 11.83064, 0],
			"to": [-0.04938, 13.68064, 16],
			"rotation": {"angle": -17.5, "axis": "z", "origin": [-0.04938, 11.93064, 0]},
			"faces": {
				"north": {"uv": [0, 3, 1, 4], "texture": "#side"},
				"east": {"uv": [0, 3, 1, 4], "texture": "#side"},
				"south": {"uv": [0, 3, 1, 4], "texture": "#side"},
				"west": {"uv": [1, 4, 0, 3.25], "rotation": 270, "texture": "#side"},
				"up": {"uv": [1, 4, 0, 3.25], "rotation": 270, "texture": "#side"},
				"down": {"uv": [0, 3, 1, 4], "texture": "#side"}
			}
		},
		{
			"from": [0, 9.4497, 15.41988],
			"to": [16, 11.2997, 15.86988],
			"rotation": {"angle": -17.5, "axis": "x", "origin": [8, 12.78512, 8]},
			"faces": {
				"north": {"uv": [1, 3, 0, 4], "texture": "#side"},
				"east": {"uv": [1, 3, 0, 4], "texture": "#side"},
				"south": {"uv": [1, 3.25, 0, 4], "rotation": 270, "texture": "#side"},
				"west": {"uv": [1, 3, 0, 4], "texture": "#side"},
				"up": {"uv": [1, 3.25, 0, 4], "texture": "#side"},
				"down": {"uv": [1, 3, 0, 4], "rotation": 270, "texture": "#side"}
			}
		},
		{
			"from": [0, 9.4497, 0.13012],
			"to": [16, 11.2997, 0.58012],
			"rotation": {"angle": 17.5, "axis": "x", "origin": [8, 12.78512, 8]},
			"faces": {
				"north": {"uv": [1, 4, 0, 3.25], "rotation": 270, "texture": "#side"},
				"east": {"uv": [0, 3, 1, 4], "texture": "#side"},
				"south": {"uv": [0, 3, 1, 4], "texture": "#side"},
				"west": {"uv": [0, 3, 1, 4], "texture": "#side"},
				"up": {"uv": [1, 4, 0, 3.25], "texture": "#side"},
				"down": {"uv": [0, 3, 1, 4], "rotation": 270, "texture": "#side"}
			}
		},
		{
			"from": [0, 0, 0],
			"to": [16, 9, 16],
			"faces": {
				"north": {"uv": [0, 7, 16, 16], "texture": "#5", "cullface": "north"},
				"east": {"uv": [0, 7, 16, 16], "texture": "#5", "cullface": "east"},
				"south": {"uv": [0, 7, 16, 16], "texture": "#5", "cullface": "south"},
				"west": {"uv": [0, 7, 16, 16], "texture": "#5", "cullface": "west"},
				"up": {"uv": [5, 5, 11, 11], "texture": "#top"},
				"down": {"uv": [0, 0, 16, 16], "texture": "#5", "cullface": "down"}
			}
		},
		{
			"from": [3, 9, 0],
			"to": [13, 13, 3],
			"rotation": {"angle": 0, "axis": "y", "origin": [0, 9, 0]},
			"faces": {
				"north": {"uv": [3, 3, 13, 7], "texture": "#side"},
				"east": {"uv": [13, 3, 16, 7], "texture": "#side"},
				"south": {"uv": [6, 6, 11, 11], "texture": "#top"},
				"west": {"uv": [0, 3, 3, 7], "texture": "#side"},
				"up": {"uv": [3, 0, 13, 3], "texture": "#5"},
				"down": {"uv": [0, 0, 16, 3], "texture": "#5"}
			}
		},
		{
			"from": [3, 9, 13],
			"to": [13, 13, 16],
			"rotation": {"angle": 0, "axis": "y", "origin": [16, 9, 16]},
			"faces": {
				"north": {"uv": [6, 6, 11, 11], "texture": "#top"},
				"east": {"uv": [0, 3, 3, 7], "texture": "#side"},
				"south": {"uv": [3, 3, 13, 7], "texture": "#side"},
				"west": {"uv": [13, 3, 16, 7], "texture": "#side"},
				"up": {"uv": [3, 13, 13, 16], "texture": "#5"},
				"down": {"uv": [16, 3, 0, 0], "texture": "#5"}
			}
		},
		{
			"from": [13, 9, 0.05],
			"to": [16, 13, 16],
			"rotation": {"angle": 0, "axis": "y", "origin": [8, 11, 8]},
			"faces": {
				"north": {"uv": [0, 3, 3, 7], "texture": "#side"},
				"east": {"uv": [0, 3, 16, 7], "texture": "#side"},
				"south": {"uv": [13, 3, 16, 7], "texture": "#side"},
				"west": {"uv": [6, 6, 11, 11], "texture": "#top"},
				"up": {"uv": [3, 16, 0, 0], "texture": "#5"},
				"down": {"uv": [16, 3, 0, 0], "rotation": 90, "texture": "#5"}
			}
		},
		{
			"from": [0, 9, 0],
			"to": [3, 13, 16],
			"rotation": {"angle": 0, "axis": "y", "origin": [8, 11, 8]},
			"faces": {
				"north": {"uv": [13, 3, 16, 7], "texture": "#side"},
				"east": {"uv": [6, 6, 11, 11], "texture": "#top"},
				"south": {"uv": [0, 3, 3, 7], "texture": "#side"},
				"west": {"uv": [0, 3, 16, 7], "texture": "#side"},
				"up": {"uv": [0, 0, 3, 16], "texture": "#5"},
				"down": {"uv": [0, 0, 16, 3], "rotation": 90, "texture": "#5"}
			}
		},
		{
			"from": [2, 12.25, 1],
			"to": [14, 13.25, 2.1],
			"rotation": {"angle": 0, "axis": "y", "origin": [2, 12.25, 1]},
			"faces": {
				"north": {"uv": [2, 1, 3, 2], "rotation": 90, "texture": "#top"},
				"east": {"uv": [2, 1, 3, 2], "rotation": 90, "texture": "#top"},
				"south": {"uv": [2, 1, 3, 2], "rotation": 90, "texture": "#top"},
				"west": {"uv": [2, 1, 3, 2], "rotation": 90, "texture": "#top"},
				"up": {"uv": [2, 1, 3, 2], "rotation": 90, "texture": "#top"},
				"down": {"uv": [2, 1, 3, 2], "rotation": 90, "texture": "#top"}
			}
		},
		{
			"from": [2, 12.25, 13.9],
			"to": [14, 13.25, 15],
			"rotation": {"angle": 0, "axis": "y", "origin": [2, 12.25, 15]},
			"faces": {
				"north": {"uv": [2, 2, 3, 1], "rotation": 90, "texture": "#top"},
				"east": {"uv": [2, 2, 3, 1], "rotation": 90, "texture": "#top"},
				"south": {"uv": [2, 2, 3, 1], "rotation": 90, "texture": "#top"},
				"west": {"uv": [2, 2, 3, 1], "rotation": 90, "texture": "#top"},
				"up": {"uv": [3, 1, 2, 2], "rotation": 90, "texture": "#top"},
				"down": {"uv": [3, 1, 2, 2], "rotation": 90, "texture": "#top"}
			}
		},
		{
			"from": [13.9, 12.25, 2],
			"to": [15, 13.25, 14],
			"rotation": {"angle": 0, "axis": "y", "origin": [8, 12.75, 8]},
			"faces": {
				"north": {"uv": [2, 2, 3, 1], "rotation": 90, "texture": "#top"},
				"east": {"uv": [2, 2, 3, 1], "rotation": 90, "texture": "#top"},
				"south": {"uv": [2, 2, 3, 1], "rotation": 90, "texture": "#top"},
				"west": {"uv": [2, 2, 3, 1], "rotation": 90, "texture": "#top"},
				"up": {"uv": [3, 1, 2, 2], "texture": "#top"},
				"down": {"uv": [3, 1, 2, 2], "rotation": 180, "texture": "#top"}
			}
		},
		{
			"from": [1, 12.25, 2],
			"to": [2.1, 13.25, 14],
			"rotation": {"angle": 0, "axis": "y", "origin": [8, 12.75, 8]},
			"faces": {
				"north": {"uv": [2, 1, 3, 2], "rotation": 90, "texture": "#top"},
				"east": {"uv": [2, 1, 3, 2], "rotation": 90, "texture": "#top"},
				"south": {"uv": [2, 1, 3, 2], "rotation": 90, "texture": "#top"},
				"west": {"uv": [2, 1, 3, 2], "rotation": 90, "texture": "#top"},
				"up": {"uv": [2, 1, 3, 2], "texture": "#top"},
				"down": {"uv": [2, 1, 3, 2], "rotation": 180, "texture": "#top"}
			}
		},
		{
			"from": [11, 12.5, 3],
			"to": [13, 13.5, 4],
			"rotation": {"angle": 0, "axis": "y", "origin": [13, 12.5, 3]},
			"faces": {
				"north": {"uv": [7, 4, 9, 5], "texture": "#top"},
				"east": {"uv": [8, 4, 7, 5], "texture": "#top"},
				"south": {"uv": [9, 4, 7, 5], "texture": "#top"},
				"west": {"uv": [7, 4, 5, 5], "texture": "#top"},
				"up": {"uv": [9, 4, 7, 5], "texture": "#top"},
				"down": {"uv": [7, 4, 5, 5], "texture": "#top"}
			}
		},
		{
			"from": [3, 12.5, 3],
			"to": [5, 13.5, 4],
			"rotation": {"angle": 0, "axis": "y", "origin": [3, 12.5, 3]},
			"faces": {
				"north": {"uv": [9, 4, 7, 5], "texture": "#top"},
				"east": {"uv": [5, 4, 7, 5], "texture": "#top"},
				"south": {"uv": [7, 4, 9, 5], "texture": "#top"},
				"west": {"uv": [7, 4, 8, 5], "texture": "#top"},
				"up": {"uv": [7, 4, 9, 5], "texture": "#top"},
				"down": {"uv": [5, 4, 7, 5], "texture": "#top"}
			}
		},
		{
			"from": [5, 12.45, 3],
			"to": [7, 13.45, 4],
			"rotation": {"angle": 22.5, "axis": "y", "origin": [5, 12.45, 4]},
			"faces": {
				"north": {"uv": [5, 4, 7, 5], "texture": "#top"},
				"east": {"uv": [5, 4, 7, 5], "texture": "#top"},
				"south": {"uv": [5, 4, 7, 5], "texture": "#top"},
				"west": {"uv": [5, 4, 7, 5], "texture": "#top"},
				"up": {"uv": [7, 4, 9, 5], "texture": "#top"},
				"down": {"uv": [5, 4, 7, 5], "texture": "#top"}
			}
		},
		{
			"from": [9, 12.45, 3],
			"to": [11, 13.45, 4],
			"rotation": {"angle": -22.5, "axis": "y", "origin": [11, 12.45, 4]},
			"faces": {
				"north": {"uv": [7, 4, 5, 5], "texture": "#top"},
				"east": {"uv": [7, 4, 5, 5], "texture": "#top"},
				"south": {"uv": [7, 4, 5, 5], "texture": "#top"},
				"west": {"uv": [7, 4, 5, 5], "texture": "#top"},
				"up": {"uv": [9, 4, 7, 5], "texture": "#top"},
				"down": {"uv": [7, 4, 5, 5], "texture": "#top"}
			}
		},
		{
			"from": [6.46508, 12.45, 2.31075],
			"to": [9.56508, 13.5, 3.31075],
			"rotation": {"angle": 0, "axis": "y", "origin": [6.46508, 12.45, 2.31075]},
			"faces": {
				"north": {"uv": [7, 4, 10, 5], "texture": "#top"},
				"east": {"uv": [5, 4, 7, 5], "texture": "#top"},
				"south": {"uv": [7, 4, 10, 5], "texture": "#top"},
				"west": {"uv": [5, 4, 7, 5], "texture": "#top"},
				"up": {"uv": [7, 4, 10, 5], "texture": "#top"},
				"down": {"uv": [5, 4, 7, 5], "texture": "#top"}
			}
		},
		{
			"from": [12, 12.5, 11],
			"to": [13, 13.5, 13],
			"rotation": {"angle": 0, "axis": "y", "origin": [8, 12.975, 8]},
			"faces": {
				"north": {"uv": [7, 4, 5, 5], "texture": "#top"},
				"east": {"uv": [7, 4, 9, 5], "texture": "#top"},
				"south": {"uv": [8, 4, 7, 5], "texture": "#top"},
				"west": {"uv": [9, 4, 7, 5], "texture": "#top"},
				"up": {"uv": [9, 4, 7, 5], "rotation": 90, "texture": "#top"},
				"down": {"uv": [7, 4, 5, 5], "rotation": 270, "texture": "#top"}
			}
		},
		{
			"from": [12, 12.5, 3],
			"to": [13, 13.5, 5],
			"rotation": {"angle": 0, "axis": "y", "origin": [8, 12.975, 8]},
			"faces": {
				"north": {"uv": [7, 4, 8, 5], "texture": "#top"},
				"east": {"uv": [9, 4, 7, 5], "texture": "#top"},
				"south": {"uv": [5, 4, 7, 5], "texture": "#top"},
				"west": {"uv": [7, 4, 9, 5], "texture": "#top"},
				"up": {"uv": [7, 4, 9, 5], "rotation": 90, "texture": "#top"},
				"down": {"uv": [5, 4, 7, 5], "rotation": 270, "texture": "#top"}
			}
		},
		{
			"from": [12.84357, 12.45, 6.7591],
			"to": [13.84357, 13.45, 8.7591],
			"rotation": {"angle": 22.5, "axis": "y", "origin": [8, 12.975, 8]},
			"faces": {
				"north": {"uv": [5, 4, 7, 5], "texture": "#top"},
				"east": {"uv": [5, 4, 7, 5], "texture": "#top"},
				"south": {"uv": [5, 4, 7, 5], "texture": "#top"},
				"west": {"uv": [5, 4, 7, 5], "texture": "#top"},
				"up": {"uv": [7, 4, 9, 5], "rotation": 90, "texture": "#top"},
				"down": {"uv": [5, 4, 7, 5], "rotation": 270, "texture": "#top"}
			}
		},
		{
			"from": [12.84357, 12.45, 7.2409],
			"to": [13.84357, 13.45, 9.2409],
			"rotation": {"angle": -22.5, "axis": "y", "origin": [8, 12.975, 8]},
			"faces": {
				"north": {"uv": [7, 4, 5, 5], "texture": "#top"},
				"east": {"uv": [7, 4, 5, 5], "texture": "#top"},
				"south": {"uv": [7, 4, 5, 5], "texture": "#top"},
				"west": {"uv": [7, 4, 5, 5], "texture": "#top"},
				"up": {"uv": [9, 4, 7, 5], "rotation": 90, "texture": "#top"},
				"down": {"uv": [7, 4, 5, 5], "rotation": 270, "texture": "#top"}
			}
		},
		{
			"from": [12.68925, 12.45, 6.46508],
			"to": [13.68925, 13.5, 9.56508],
			"rotation": {"angle": 0, "axis": "y", "origin": [8, 12.975, 8]},
			"faces": {
				"north": {"uv": [5, 4, 7, 5], "texture": "#top"},
				"east": {"uv": [7, 4, 10, 5], "texture": "#top"},
				"south": {"uv": [5, 4, 7, 5], "texture": "#top"},
				"west": {"uv": [7, 4, 10, 5], "texture": "#top"},
				"up": {"uv": [7, 4, 10, 5], "rotation": 90, "texture": "#top"},
				"down": {"uv": [5, 4, 7, 5], "rotation": 270, "texture": "#top"}
			}
		},
		{
			"from": [11, 12.5, 12],
			"to": [13, 13.5, 13],
			"rotation": {"angle": 0, "axis": "y", "origin": [13, 12.5, 13]},
			"faces": {
				"north": {"uv": [7, 4, 9, 5], "texture": "#top"},
				"east": {"uv": [7, 4, 8, 5], "texture": "#top"},
				"south": {"uv": [9, 4, 7, 5], "texture": "#top"},
				"west": {"uv": [5, 4, 7, 5], "texture": "#top"},
				"up": {"uv": [9, 5, 7, 4], "texture": "#top"},
				"down": {"uv": [7, 5, 5, 4], "texture": "#top"}
			}
		},
		{
			"from": [3, 12.5, 12],
			"to": [5, 13.5, 13],
			"rotation": {"angle": 0, "axis": "y", "origin": [3, 12.5, 13]},
			"faces": {
				"north": {"uv": [9, 4, 7, 5], "texture": "#top"},
				"east": {"uv": [7, 4, 5, 5], "texture": "#top"},
				"south": {"uv": [7, 4, 9, 5], "texture": "#top"},
				"west": {"uv": [8, 4, 7, 5], "texture": "#top"},
				"up": {"uv": [7, 5, 9, 4], "texture": "#top"},
				"down": {"uv": [5, 5, 7, 4], "texture": "#top"}
			}
		},
		{
			"from": [5, 12.45, 12],
			"to": [7, 13.45, 13],
			"rotation": {"angle": -22.5, "axis": "y", "origin": [5, 12.45, 12]},
			"faces": {
				"north": {"uv": [7, 4, 5, 5], "texture": "#top"},
				"east": {"uv": [7, 4, 5, 5], "texture": "#top"},
				"south": {"uv": [7, 4, 5, 5], "texture": "#top"},
				"west": {"uv": [7, 4, 5, 5], "texture": "#top"},
				"up": {"uv": [7, 5, 9, 4], "texture": "#top"},
				"down": {"uv": [5, 5, 7, 4], "texture": "#top"}
			}
		},
		{
			"from": [9, 12.45, 12],
			"to": [11, 13.45, 13],
			"rotation": {"angle": 22.5, "axis": "y", "origin": [11, 12.45, 12]},
			"faces": {
				"north": {"uv": [5, 4, 7, 5], "texture": "#top"},
				"east": {"uv": [5, 4, 7, 5], "texture": "#top"},
				"south": {"uv": [5, 4, 7, 5], "texture": "#top"},
				"west": {"uv": [5, 4, 7, 5], "texture": "#top"},
				"up": {"uv": [9, 5, 7, 4], "texture": "#top"},
				"down": {"uv": [7, 5, 5, 4], "texture": "#top"}
			}
		},
		{
			"from": [6.46508, 12.45, 12.68925],
			"to": [9.56508, 13.5, 13.68925],
			"rotation": {"angle": 0, "axis": "y", "origin": [6.46508, 12.45, 13.68925]},
			"faces": {
				"north": {"uv": [10, 4, 7, 5], "texture": "#top"},
				"east": {"uv": [7, 4, 5, 5], "texture": "#top"},
				"south": {"uv": [10, 4, 7, 5], "texture": "#top"},
				"west": {"uv": [7, 4, 5, 5], "texture": "#top"},
				"up": {"uv": [7, 5, 10, 4], "texture": "#top"},
				"down": {"uv": [5, 5, 7, 4], "texture": "#top"}
			}
		},
		{
			"from": [3, 12.5, 11],
			"to": [4, 13.5, 13],
			"rotation": {"angle": 0, "axis": "y", "origin": [8, 12.975, 8]},
			"faces": {
				"north": {"uv": [5, 4, 7, 5], "texture": "#top"},
				"east": {"uv": [7, 4, 9, 5], "texture": "#top"},
				"south": {"uv": [7, 4, 8, 5], "texture": "#top"},
				"west": {"uv": [9, 4, 7, 5], "texture": "#top"},
				"up": {"uv": [9, 5, 7, 4], "rotation": 90, "texture": "#top"},
				"down": {"uv": [7, 5, 5, 4], "rotation": 270, "texture": "#top"}
			}
		},
		{
			"from": [3, 12.5, 3],
			"to": [4, 13.5, 5],
			"rotation": {"angle": 0, "axis": "y", "origin": [8, 12.975, 8]},
			"faces": {
				"north": {"uv": [8, 4, 7, 5], "texture": "#top"},
				"east": {"uv": [9, 4, 7, 5], "texture": "#top"},
				"south": {"uv": [7, 4, 5, 5], "texture": "#top"},
				"west": {"uv": [7, 4, 9, 5], "texture": "#top"},
				"up": {"uv": [7, 5, 9, 4], "rotation": 90, "texture": "#top"},
				"down": {"uv": [5, 5, 7, 4], "rotation": 270, "texture": "#top"}
			}
		},
		{
			"from": [2.15643, 12.45, 6.7591],
			"to": [3.15643, 13.45, 8.7591],
			"rotation": {"angle": -22.5, "axis": "y", "origin": [8, 12.975, 8]},
			"faces": {
				"north": {"uv": [7, 4, 5, 5], "texture": "#top"},
				"east": {"uv": [7, 4, 5, 5], "texture": "#top"},
				"south": {"uv": [7, 4, 5, 5], "texture": "#top"},
				"west": {"uv": [7, 4, 5, 5], "texture": "#top"},
				"up": {"uv": [7, 5, 9, 4], "rotation": 90, "texture": "#top"},
				"down": {"uv": [5, 5, 7, 4], "rotation": 270, "texture": "#top"}
			}
		},
		{
			"from": [2.15643, 12.45, 7.2409],
			"to": [3.15643, 13.45, 9.2409],
			"rotation": {"angle": 22.5, "axis": "y", "origin": [8, 12.975, 8]},
			"faces": {
				"north": {"uv": [5, 4, 7, 5], "texture": "#top"},
				"east": {"uv": [5, 4, 7, 5], "texture": "#top"},
				"south": {"uv": [5, 4, 7, 5], "texture": "#top"},
				"west": {"uv": [5, 4, 7, 5], "texture": "#top"},
				"up": {"uv": [9, 5, 7, 4], "rotation": 90, "texture": "#top"},
				"down": {"uv": [7, 5, 5, 4], "rotation": 270, "texture": "#top"}
			}
		},
		{
			"from": [2.31075, 12.45, 6.46508],
			"to": [3.31075, 13.5, 9.56508],
			"rotation": {"angle": 0, "axis": "y", "origin": [8, 12.975, 8]},
			"faces": {
				"north": {"uv": [7, 4, 5, 5], "texture": "#top"},
				"east": {"uv": [10, 4, 7, 5], "texture": "#top"},
				"south": {"uv": [7, 4, 5, 5], "texture": "#top"},
				"west": {"uv": [10, 4, 7, 5], "texture": "#top"},
				"up": {"uv": [7, 5, 10, 4], "rotation": 90, "texture": "#top"},
				"down": {"uv": [5, 5, 7, 4], "rotation": 270, "texture": "#top"}
			}
		},
		{
			"from": [1, 12, 0],
			"to": [15, 13.75, 1],
			"rotation": {"angle": 0, "axis": "y", "origin": [8, 12.75, 8]},
			"faces": {
				"north": {"uv": [1, 3.25, 0, 4], "rotation": 270, "texture": "#side"},
				"east": {"uv": [1, 3, 0, 4], "texture": "#side"},
				"south": {"uv": [1, 3.25, 0, 4], "rotation": 270, "texture": "#side"},
				"west": {"uv": [1, 3, 0, 4], "texture": "#side"},
				"up": {"uv": [1, 3.25, 0, 4], "rotation": 270, "texture": "#side"},
				"down": {"uv": [1, 3.25, 0, 4], "rotation": 270, "texture": "#side"}
			}
		},
		{
			"from": [0, 12, 0],
			"to": [1, 13.75, 16],
			"rotation": {"angle": 0, "axis": "y", "origin": [0, 12, 0]},
			"faces": {
				"north": {"uv": [0, 3, 1, 4], "texture": "#side"},
				"east": {"uv": [0, 3, 1, 4], "texture": "#side"},
				"south": {"uv": [0, 3, 1, 4], "texture": "#side"},
				"west": {"uv": [1, 3.25, 0, 4], "rotation": 270, "texture": "#side"},
				"up": {"uv": [1, 3.25, 0, 4], "rotation": 270, "texture": "#side"},
				"down": {"uv": [0, 3, 1, 4], "texture": "#side"}
			}
		},
		{
			"from": [1, 12, 15],
			"to": [15, 13.75, 16],
			"rotation": {"angle": 0, "axis": "y", "origin": [8, 12.75, 8]},
			"faces": {
				"north": {"uv": [0, 3, 1, 4], "texture": "#side"},
				"east": {"uv": [0, 3, 1, 4], "texture": "#side"},
				"south": {"uv": [1, 3.25, 0, 4], "rotation": 270, "texture": "#side"},
				"west": {"uv": [0, 3, 1, 4], "texture": "#side"},
				"up": {"uv": [1, 3.25, 0, 4], "rotation": 270, "texture": "#side"},
				"down": {"uv": [0, 3, 1, 4], "rotation": 90, "texture": "#side"}
			}
		},
		{
			"from": [15, 12, 0],
			"to": [16, 13.75, 16],
			"rotation": {"angle": 0, "axis": "y", "origin": [16, 12, 0]},
			"faces": {
				"north": {"uv": [1, 3, 0, 4], "texture": "#side"},
				"east": {"uv": [1, 3.25, 0, 4], "rotation": 270, "texture": "#side"},
				"south": {"uv": [1, 3, 0, 4], "texture": "#side"},
				"west": {"uv": [1, 3, 0, 4], "texture": "#side"},
				"up": {"uv": [1, 3.25, 0, 4], "rotation": 270, "texture": "#side"},
				"down": {"uv": [1, 3, 0, 4], "texture": "#side"}
			}
		},
		{
			"from": [3.76256, 3.31282, -0.45],
			"to": [6.76256, 5.31282, 0],
			"rotation": {"angle": -45, "axis": "z", "origin": [8, 9.5, 8]},
			"faces": {
				"north": {"uv": [5, 8, 2, 10], "texture": "#side"},
				"east": {"uv": [3, 8, 4, 10], "texture": "#side"},
				"south": {"uv": [3, 8, 13, 10], "texture": "#side"},
				"west": {"uv": [12, 8, 13, 10], "texture": "#side"},
				"up": {"uv": [13, 8, 10, 9], "texture": "#side"},
				"down": {"uv": [10, 9, 7, 10], "texture": "#side"}
			}
		},
		{
			"from": [2.75, 6, -0.5],
			"to": [13.25, 8, 0],
			"rotation": {"angle": 0, "axis": "y", "origin": [8, 9.5, 8]},
			"faces": {
				"north": {"uv": [3, 8, 13, 10], "texture": "#side"},
				"east": {"uv": [3, 8, 4, 10], "texture": "#side"},
				"south": {"uv": [3, 8, 13, 10], "texture": "#side"},
				"west": {"uv": [12, 8, 13, 10], "texture": "#side"},
				"up": {"uv": [13, 8, 3, 9], "texture": "#side"},
				"down": {"uv": [13, 9, 3, 10], "texture": "#side"}
			}
		},
		{
			"from": [9.23744, 3.31282, -0.45],
			"to": [12.23744, 5.31282, 0],
			"rotation": {"angle": 45, "axis": "z", "origin": [8, 9.5, 8]},
			"faces": {
				"north": {"uv": [5, 8, 2, 10], "texture": "#side"},
				"east": {"uv": [13, 8, 12, 10], "texture": "#side"},
				"south": {"uv": [13, 8, 3, 10], "texture": "#side"},
				"west": {"uv": [4, 8, 3, 10], "texture": "#side"},
				"up": {"uv": [2, 8, 5, 9], "texture": "#side"},
				"down": {"uv": [7, 9, 10, 10], "texture": "#side"}
			}
		},
		{
			"from": [9.23744, 13.68718, -0.1],
			"to": [12.23744, 15.68718, 0.35],
			"rotation": {"angle": -45, "axis": "z", "origin": [8, 9.5, 8.25]},
			"faces": {
				"north": {"uv": [5, 10, 2, 8], "texture": "#side"},
				"east": {"uv": [13, 10, 12, 8], "texture": "#side"},
				"south": {"uv": [13, 10, 3, 8], "texture": "#side"},
				"west": {"uv": [4, 10, 3, 8], "texture": "#side"},
				"up": {"uv": [7, 10, 10, 9], "texture": "#side"},
				"down": {"uv": [2, 9, 5, 8], "texture": "#side"}
			}
		},
		{
			"from": [2.75, 11, -0.15],
			"to": [13.25, 13, 0.35],
			"rotation": {"angle": 0, "axis": "y", "origin": [8, 9.5, 8.25]},
			"faces": {
				"north": {"uv": [3, 3, 13, 5], "texture": "#side"},
				"east": {"uv": [3, 10, 4, 8], "texture": "#side"},
				"south": {"uv": [3, 10, 13, 8], "texture": "#side"},
				"west": {"uv": [12, 10, 13, 8], "texture": "#side"},
				"up": {"uv": [13, 10, 3, 9], "texture": "#side"},
				"down": {"uv": [13, 9, 3, 10], "texture": "#side"}
			}
		},
		{
			"from": [3.76256, 13.68718, -0.1],
			"to": [6.76256, 15.68718, 0.35],
			"rotation": {"angle": 45, "axis": "z", "origin": [8, 9.5, 8.25]},
			"faces": {
				"north": {"uv": [2, 10, 5, 8], "texture": "#side"},
				"east": {"uv": [3, 10, 4, 8], "texture": "#side"},
				"south": {"uv": [3, 10, 13, 8], "texture": "#side"},
				"west": {"uv": [12, 10, 13, 8], "texture": "#side"},
				"up": {"uv": [10, 10, 7, 9], "texture": "#side"},
				"down": {"uv": [13, 9, 10, 8], "texture": "#side"}
			}
		},
		{
			"from": [3.76256, 3.31282, -0.45],
			"to": [6.76256, 5.31282, 0],
			"rotation": {"angle": -45, "axis": "z", "origin": [8, 9.5, 8]},
			"faces": {
				"north": {"uv": [10, 8, 13, 10], "texture": "#side"},
				"east": {"uv": [3, 8, 4, 10], "texture": "#side"},
				"south": {"uv": [3, 8, 13, 10], "texture": "#side"},
				"west": {"uv": [12, 8, 13, 10], "texture": "#side"},
				"up": {"uv": [13, 8, 10, 9], "texture": "#side"},
				"down": {"uv": [10, 9, 7, 10], "texture": "#side"}
			}
		},
		{
			"from": [9.23744, 3.31282, -0.45],
			"to": [12.23744, 5.31282, 0],
			"rotation": {"angle": 45, "axis": "z", "origin": [8, 9.5, 8]},
			"faces": {
				"north": {"uv": [5, 8, 2, 10], "texture": "#side"},
				"east": {"uv": [13, 8, 12, 10], "texture": "#side"},
				"south": {"uv": [13, 8, 3, 10], "texture": "#side"},
				"west": {"uv": [4, 8, 3, 10], "texture": "#side"},
				"up": {"uv": [2, 8, 5, 9], "texture": "#side"},
				"down": {"uv": [7, 9, 10, 10], "texture": "#side"}
			}
		},
		{
			"from": [3.76256, 3.31282, 16],
			"to": [6.76256, 5.31282, 16.45],
			"rotation": {"angle": -45, "axis": "z", "origin": [8, 9.5, 8]},
			"faces": {
				"north": {"uv": [13, 8, 3, 10], "texture": "#side"},
				"east": {"uv": [4, 8, 3, 10], "texture": "#side"},
				"south": {"uv": [2, 8, 5, 10], "texture": "#side"},
				"west": {"uv": [13, 8, 12, 10], "texture": "#side"},
				"up": {"uv": [13, 9, 10, 8], "texture": "#side"},
				"down": {"uv": [10, 10, 7, 9], "texture": "#side"}
			}
		},
		{
			"from": [2.75, 6, 16],
			"to": [13.25, 8, 16.5],
			"rotation": {"angle": 0, "axis": "y", "origin": [8, 9.5, 8]},
			"faces": {
				"north": {"uv": [13, 8, 3, 10], "texture": "#side"},
				"east": {"uv": [4, 8, 3, 10], "texture": "#side"},
				"south": {"uv": [13, 8, 3, 10], "texture": "#side"},
				"west": {"uv": [13, 8, 12, 10], "texture": "#side"},
				"up": {"uv": [13, 9, 3, 8], "texture": "#side"},
				"down": {"uv": [13, 10, 3, 9], "texture": "#side"}
			}
		},
		{
			"from": [9.23744, 3.31282, 16],
			"to": [12.23744, 5.31282, 16.45],
			"rotation": {"angle": 45, "axis": "z", "origin": [8, 9.5, 8]},
			"faces": {
				"north": {"uv": [3, 8, 13, 10], "texture": "#side"},
				"east": {"uv": [12, 8, 13, 10], "texture": "#side"},
				"south": {"uv": [2, 8, 5, 10], "texture": "#side"},
				"west": {"uv": [3, 8, 4, 10], "texture": "#side"},
				"up": {"uv": [2, 9, 5, 8], "texture": "#side"},
				"down": {"uv": [7, 10, 10, 9], "texture": "#side"}
			}
		},
		{
			"from": [9.23744, 13.68718, 15.6],
			"to": [12.23744, 15.68718, 16.05],
			"rotation": {"angle": -45, "axis": "z", "origin": [8, 9.5, 7.7]},
			"faces": {
				"north": {"uv": [3, 10, 13, 8], "texture": "#side"},
				"east": {"uv": [12, 10, 13, 8], "texture": "#side"},
				"south": {"uv": [2, 10, 5, 8], "texture": "#side"},
				"west": {"uv": [3, 10, 4, 8], "texture": "#side"},
				"up": {"uv": [7, 9, 10, 10], "texture": "#side"},
				"down": {"uv": [2, 8, 5, 9], "texture": "#side"}
			}
		},
		{
			"from": [2.75, 11, 15.6],
			"to": [13.25, 13, 16.1],
			"rotation": {"angle": 0, "axis": "y", "origin": [8, 9.5, 7.7]},
			"faces": {
				"north": {"uv": [13, 10, 3, 8], "texture": "#side"},
				"east": {"uv": [4, 10, 3, 8], "texture": "#side"},
				"south": {"uv": [13, 3, 3, 5], "texture": "#side"},
				"west": {"uv": [13, 10, 12, 8], "texture": "#side"},
				"up": {"uv": [13, 9, 3, 10], "texture": "#side"},
				"down": {"uv": [13, 10, 3, 9], "texture": "#side"}
			}
		},
		{
			"from": [3.76256, 13.68718, 15.6],
			"to": [6.76256, 15.68718, 16.05],
			"rotation": {"angle": 45, "axis": "z", "origin": [8, 9.5, 7.7]},
			"faces": {
				"north": {"uv": [13, 10, 3, 8], "texture": "#side"},
				"east": {"uv": [4, 10, 3, 8], "texture": "#side"},
				"south": {"uv": [5, 10, 2, 8], "texture": "#side"},
				"west": {"uv": [13, 10, 12, 8], "texture": "#side"},
				"up": {"uv": [10, 9, 7, 10], "texture": "#side"},
				"down": {"uv": [13, 8, 10, 9], "texture": "#side"}
			}
		},
		{
			"from": [16, 3.31282, 3.76256],
			"to": [16.45, 5.31282, 6.76256],
			"rotation": {"angle": 45, "axis": "x", "origin": [8, 9.5, 8]},
			"faces": {
				"north": {"uv": [12, 8, 13, 10], "texture": "#side"},
				"east": {"uv": [5, 8, 2, 10], "texture": "#side"},
				"south": {"uv": [3, 8, 4, 10], "texture": "#side"},
				"west": {"uv": [3, 8, 13, 10], "texture": "#side"},
				"up": {"uv": [13, 8, 10, 9], "rotation": 90, "texture": "#side"},
				"down": {"uv": [10, 9, 7, 10], "rotation": 270, "texture": "#side"}
			}
		},
		{
			"from": [16, 6, 2.75],
			"to": [16.5, 8, 13.25],
			"rotation": {"angle": 0, "axis": "y", "origin": [8, 9.5, 8]},
			"faces": {
				"north": {"uv": [12, 8, 13, 10], "texture": "#side"},
				"east": {"uv": [3, 8, 13, 10], "texture": "#side"},
				"south": {"uv": [3, 8, 4, 10], "texture": "#side"},
				"west": {"uv": [3, 8, 13, 10], "texture": "#side"},
				"up": {"uv": [13, 8, 3, 9], "rotation": 90, "texture": "#side"},
				"down": {"uv": [13, 9, 3, 10], "rotation": 270, "texture": "#side"}
			}
		},
		{
			"from": [16, 3.31282, 9.23744],
			"to": [16.45, 5.31282, 12.23744],
			"rotation": {"angle": -45, "axis": "x", "origin": [8, 9.5, 8]},
			"faces": {
				"north": {"uv": [4, 8, 3, 10], "texture": "#side"},
				"east": {"uv": [5, 8, 2, 10], "texture": "#side"},
				"south": {"uv": [13, 8, 12, 10], "texture": "#side"},
				"west": {"uv": [13, 8, 3, 10], "texture": "#side"},
				"up": {"uv": [2, 8, 5, 9], "rotation": 90, "texture": "#side"},
				"down": {"uv": [7, 9, 10, 10], "rotation": 270, "texture": "#side"}
			}
		},
		{
			"from": [15.6, 13.68718, 9.23744],
			"to": [16.05, 15.68718, 12.23744],
			"rotation": {"angle": 45, "axis": "x", "origin": [7.7, 9.5, 8]},
			"faces": {
				"north": {"uv": [4, 10, 3, 8], "texture": "#side"},
				"east": {"uv": [5, 10, 2, 8], "texture": "#side"},
				"south": {"uv": [13, 10, 12, 8], "texture": "#side"},
				"west": {"uv": [13, 10, 3, 8], "texture": "#side"},
				"up": {"uv": [7, 10, 10, 9], "rotation": 90, "texture": "#side"},
				"down": {"uv": [2, 9, 5, 8], "rotation": 270, "texture": "#side"}
			}
		},
		{
			"from": [15.6, 11, 2.75],
			"to": [16.1, 13, 13.25],
			"rotation": {"angle": 0, "axis": "y", "origin": [7.7, 9.5, 8]},
			"faces": {
				"north": {"uv": [12, 10, 13, 8], "texture": "#side"},
				"east": {"uv": [3, 3, 13, 5], "texture": "#side"},
				"south": {"uv": [3, 10, 4, 8], "texture": "#side"},
				"west": {"uv": [3, 10, 13, 8], "texture": "#side"},
				"up": {"uv": [13, 10, 3, 9], "rotation": 90, "texture": "#side"},
				"down": {"uv": [13, 9, 3, 10], "rotation": 270, "texture": "#side"}
			}
		},
		{
			"from": [15.6, 13.68718, 3.76256],
			"to": [16.05, 15.68718, 6.76256],
			"rotation": {"angle": -45, "axis": "x", "origin": [7.7, 9.5, 8]},
			"faces": {
				"north": {"uv": [12, 10, 13, 8], "texture": "#side"},
				"east": {"uv": [2, 10, 5, 8], "texture": "#side"},
				"south": {"uv": [3, 10, 4, 8], "texture": "#side"},
				"west": {"uv": [3, 10, 13, 8], "texture": "#side"},
				"up": {"uv": [10, 10, 7, 9], "rotation": 90, "texture": "#side"},
				"down": {"uv": [13, 9, 10, 8], "rotation": 270, "texture": "#side"}
			}
		},
		{
			"from": [16, 3.31282, 3.76256],
			"to": [16.45, 5.31282, 6.76256],
			"rotation": {"angle": 45, "axis": "x", "origin": [8, 9.5, 8]},
			"faces": {
				"north": {"uv": [12, 8, 13, 10], "texture": "#side"},
				"east": {"uv": [10, 8, 13, 10], "texture": "#side"},
				"south": {"uv": [3, 8, 4, 10], "texture": "#side"},
				"west": {"uv": [3, 8, 13, 10], "texture": "#side"},
				"up": {"uv": [13, 8, 10, 9], "rotation": 90, "texture": "#side"},
				"down": {"uv": [10, 9, 7, 10], "rotation": 270, "texture": "#side"}
			}
		},
		{
			"from": [16, 3.31282, 9.23744],
			"to": [16.45, 5.31282, 12.23744],
			"rotation": {"angle": -45, "axis": "x", "origin": [8, 9.5, 8]},
			"faces": {
				"north": {"uv": [4, 8, 3, 10], "texture": "#side"},
				"east": {"uv": [5, 8, 2, 10], "texture": "#side"},
				"south": {"uv": [13, 8, 12, 10], "texture": "#side"},
				"west": {"uv": [13, 8, 3, 10], "texture": "#side"},
				"up": {"uv": [2, 8, 5, 9], "rotation": 90, "texture": "#side"},
				"down": {"uv": [7, 9, 10, 10], "rotation": 270, "texture": "#side"}
			}
		},
		{
			"from": [-0.45, 3.31282, 3.76256],
			"to": [0, 5.31282, 6.76256],
			"rotation": {"angle": 45, "axis": "x", "origin": [8, 9.5, 8]},
			"faces": {
				"north": {"uv": [13, 8, 12, 10], "texture": "#side"},
				"east": {"uv": [13, 8, 3, 10], "texture": "#side"},
				"south": {"uv": [4, 8, 3, 10], "texture": "#side"},
				"west": {"uv": [2, 8, 5, 10], "texture": "#side"},
				"up": {"uv": [13, 9, 10, 8], "rotation": 90, "texture": "#side"},
				"down": {"uv": [10, 10, 7, 9], "rotation": 270, "texture": "#side"}
			}
		},
		{
			"from": [-0.5, 6, 2.75],
			"to": [0, 8, 13.25],
			"rotation": {"angle": 0, "axis": "y", "origin": [8, 9.5, 8]},
			"faces": {
				"north": {"uv": [13, 8, 12, 10], "texture": "#side"},
				"east": {"uv": [13, 8, 3, 10], "texture": "#side"},
				"south": {"uv": [4, 8, 3, 10], "texture": "#side"},
				"west": {"uv": [13, 8, 3, 10], "texture": "#side"},
				"up": {"uv": [13, 9, 3, 8], "rotation": 90, "texture": "#side"},
				"down": {"uv": [13, 10, 3, 9], "rotation": 270, "texture": "#side"}
			}
		},
		{
			"from": [-0.45, 3.31282, 9.23744],
			"to": [0, 5.31282, 12.23744],
			"rotation": {"angle": -45, "axis": "x", "origin": [8, 9.5, 8]},
			"faces": {
				"north": {"uv": [3, 8, 4, 10], "texture": "#side"},
				"east": {"uv": [3, 8, 13, 10], "texture": "#side"},
				"south": {"uv": [12, 8, 13, 10], "texture": "#side"},
				"west": {"uv": [2, 8, 5, 10], "texture": "#side"},
				"up": {"uv": [2, 9, 5, 8], "rotation": 90, "texture": "#side"},
				"down": {"uv": [7, 10, 10, 9], "rotation": 270, "texture": "#side"}
			}
		},
		{
			"from": [-0.1, 13.68718, 9.23744],
			"to": [0.35, 15.68718, 12.23744],
			"rotation": {"angle": 45, "axis": "x", "origin": [8.25, 9.5, 8]},
			"faces": {
				"north": {"uv": [3, 10, 4, 8], "texture": "#side"},
				"east": {"uv": [3, 10, 13, 8], "texture": "#side"},
				"south": {"uv": [12, 10, 13, 8], "texture": "#side"},
				"west": {"uv": [2, 10, 5, 8], "texture": "#side"},
				"up": {"uv": [7, 9, 10, 10], "rotation": 90, "texture": "#side"},
				"down": {"uv": [2, 8, 5, 9], "rotation": 270, "texture": "#side"}
			}
		},
		{
			"from": [-0.15, 11, 2.75],
			"to": [0.35, 13, 13.25],
			"rotation": {"angle": 0, "axis": "y", "origin": [8.25, 9.5, 8]},
			"faces": {
				"north": {"uv": [13, 10, 12, 8], "texture": "#side"},
				"east": {"uv": [13, 10, 3, 8], "texture": "#side"},
				"south": {"uv": [4, 10, 3, 8], "texture": "#side"},
				"west": {"uv": [13, 3, 3, 5], "texture": "#side"},
				"up": {"uv": [13, 9, 3, 10], "rotation": 90, "texture": "#side"},
				"down": {"uv": [13, 10, 3, 9], "rotation": 270, "texture": "#side"}
			}
		},
		{
			"from": [-0.1, 13.68718, 3.76256],
			"to": [0.35, 15.68718, 6.76256],
			"rotation": {"angle": -45, "axis": "x", "origin": [8.25, 9.5, 8]},
			"faces": {
				"north": {"uv": [13, 10, 12, 8], "texture": "#side"},
				"east": {"uv": [13, 10, 3, 8], "texture": "#side"},
				"south": {"uv": [4, 10, 3, 8], "texture": "#side"},
				"west": {"uv": [5, 10, 2, 8], "texture": "#side"},
				"up": {"uv": [10, 9, 7, 10], "rotation": 90, "texture": "#side"},
				"down": {"uv": [13, 8, 10, 9], "rotation": 270, "texture": "#side"}
			}
		},
		{
			"from": [1, 13, 1],
			"to": [2, 13.5, 2],
			"light_emission": 15,
			"rotation": {"angle": 0, "axis": "y", "origin": [1, 13, 1]},
			"faces": {
				"north": {"uv": [1, 1, 2, 2], "texture": "#top"},
				"east": {"uv": [1, 1, 2, 2], "texture": "#top"},
				"south": {"uv": [1, 1, 2, 2], "texture": "#top"},
				"west": {"uv": [1, 1, 2, 2], "texture": "#top"},
				"up": {"uv": [1, 1, 2, 2], "texture": "#top"},
				"down": {"uv": [0, 0, 1, 1], "texture": "#top"}
			}
		},
		{
			"from": [1, 13, 6],
			"to": [2, 13.5, 7],
			"light_emission": 15,
			"rotation": {"angle": 0, "axis": "y", "origin": [1, 13, 6]},
			"faces": {
				"north": {"uv": [1, 1, 2, 2], "texture": "#top"},
				"east": {"uv": [1, 1, 2, 2], "texture": "#top"},
				"south": {"uv": [1, 1, 2, 2], "texture": "#top"},
				"west": {"uv": [1, 1, 2, 2], "texture": "#top"},
				"up": {"uv": [1, 1, 2, 2], "texture": "#top"},
				"down": {"uv": [0, 0, 1, 1], "texture": "#top"}
			}
		},
		{
			"from": [1, 13, 9],
			"to": [2, 13.5, 10],
			"light_emission": 15,
			"rotation": {"angle": 0, "axis": "y", "origin": [1, 13, 9]},
			"faces": {
				"north": {"uv": [1, 1, 2, 2], "texture": "#top"},
				"east": {"uv": [1, 1, 2, 2], "texture": "#top"},
				"south": {"uv": [1, 1, 2, 2], "texture": "#top"},
				"west": {"uv": [1, 1, 2, 2], "texture": "#top"},
				"up": {"uv": [1, 1, 2, 2], "texture": "#top"},
				"down": {"uv": [0, 0, 1, 1], "texture": "#top"}
			}
		},
		{
			"from": [1, 13, 14],
			"to": [2, 13.5, 15],
			"light_emission": 15,
			"rotation": {"angle": 0, "axis": "y", "origin": [1, 13, 14]},
			"faces": {
				"north": {"uv": [1, 1, 2, 2], "texture": "#top"},
				"east": {"uv": [1, 1, 2, 2], "texture": "#top"},
				"south": {"uv": [1, 1, 2, 2], "texture": "#top"},
				"west": {"uv": [1, 1, 2, 2], "texture": "#top"},
				"up": {"uv": [1, 1, 2, 2], "texture": "#top"},
				"down": {"uv": [0, 0, 1, 1], "texture": "#top"}
			}
		},
		{
			"from": [5, 13, 14],
			"to": [6, 13.5, 15],
			"light_emission": 15,
			"rotation": {"angle": 0, "axis": "y", "origin": [5, 13, 15]},
			"faces": {
				"north": {"uv": [2, 1, 1, 2], "texture": "#top"},
				"east": {"uv": [2, 1, 1, 2], "texture": "#top"},
				"south": {"uv": [2, 1, 1, 2], "texture": "#top"},
				"west": {"uv": [2, 1, 1, 2], "texture": "#top"},
				"up": {"uv": [1, 2, 2, 1], "texture": "#top"},
				"down": {"uv": [0, 1, 1, 0], "texture": "#top"}
			}
		},
		{
			"from": [10, 13, 14],
			"to": [11, 13.5, 15],
			"light_emission": 15,
			"rotation": {"angle": 0, "axis": "y", "origin": [10, 13, 15]},
			"faces": {
				"north": {"uv": [2, 1, 1, 2], "texture": "#top"},
				"east": {"uv": [2, 1, 1, 2], "texture": "#top"},
				"south": {"uv": [2, 1, 1, 2], "texture": "#top"},
				"west": {"uv": [2, 1, 1, 2], "texture": "#top"},
				"up": {"uv": [1, 2, 2, 1], "texture": "#top"},
				"down": {"uv": [0, 1, 1, 0], "texture": "#top"}
			}
		},
		{
			"from": [14, 13, 14],
			"to": [15, 13.5, 15],
			"light_emission": 15,
			"rotation": {"angle": 0, "axis": "y", "origin": [15, 13, 14]},
			"faces": {
				"north": {"uv": [2, 1, 1, 2], "texture": "#top"},
				"east": {"uv": [2, 1, 1, 2], "texture": "#top"},
				"south": {"uv": [2, 1, 1, 2], "texture": "#top"},
				"west": {"uv": [2, 1, 1, 2], "texture": "#top"},
				"up": {"uv": [2, 1, 1, 2], "texture": "#top"},
				"down": {"uv": [1, 0, 0, 1], "texture": "#top"}
			}
		},
		{
			"from": [14, 13, 9],
			"to": [15, 13.5, 10],
			"light_emission": 15,
			"rotation": {"angle": 0, "axis": "y", "origin": [15, 13, 9]},
			"faces": {
				"north": {"uv": [2, 1, 1, 2], "texture": "#top"},
				"east": {"uv": [2, 1, 1, 2], "texture": "#top"},
				"south": {"uv": [2, 1, 1, 2], "texture": "#top"},
				"west": {"uv": [2, 1, 1, 2], "texture": "#top"},
				"up": {"uv": [2, 1, 1, 2], "texture": "#top"},
				"down": {"uv": [1, 0, 0, 1], "texture": "#top"}
			}
		},
		{
			"from": [14, 13, 6],
			"to": [15, 13.5, 7],
			"light_emission": 15,
			"rotation": {"angle": 0, "axis": "y", "origin": [15, 13, 6]},
			"faces": {
				"north": {"uv": [2, 1, 1, 2], "texture": "#top"},
				"east": {"uv": [2, 1, 1, 2], "texture": "#top"},
				"south": {"uv": [2, 1, 1, 2], "texture": "#top"},
				"west": {"uv": [2, 1, 1, 2], "texture": "#top"},
				"up": {"uv": [2, 1, 1, 2], "texture": "#top"},
				"down": {"uv": [1, 0, 0, 1], "texture": "#top"}
			}
		},
		{
			"from": [14, 13, 1],
			"to": [15, 13.5, 2],
			"light_emission": 15,
			"rotation": {"angle": 0, "axis": "y", "origin": [15, 13, 1]},
			"faces": {
				"north": {"uv": [2, 1, 1, 2], "texture": "#top"},
				"east": {"uv": [2, 1, 1, 2], "texture": "#top"},
				"south": {"uv": [2, 1, 1, 2], "texture": "#top"},
				"west": {"uv": [2, 1, 1, 2], "texture": "#top"},
				"up": {"uv": [2, 1, 1, 2], "texture": "#top"},
				"down": {"uv": [1, 0, 0, 1], "texture": "#top"}
			}
		},
		{
			"from": [10, 13, 1],
			"to": [11, 13.5, 2],
			"light_emission": 15,
			"rotation": {"angle": 0, "axis": "y", "origin": [10, 13, 1]},
			"faces": {
				"north": {"uv": [1, 1, 2, 2], "texture": "#top"},
				"east": {"uv": [1, 1, 2, 2], "texture": "#top"},
				"south": {"uv": [1, 1, 2, 2], "texture": "#top"},
				"west": {"uv": [1, 1, 2, 2], "texture": "#top"},
				"up": {"uv": [1, 1, 2, 2], "texture": "#top"},
				"down": {"uv": [0, 0, 1, 1], "texture": "#top"}
			}
		},
		{
			"from": [5, 13, 1],
			"to": [6, 13.5, 2],
			"light_emission": 15,
			"rotation": {"angle": 0, "axis": "y", "origin": [5, 13, 1]},
			"faces": {
				"north": {"uv": [1, 1, 2, 2], "texture": "#top"},
				"east": {"uv": [1, 1, 2, 2], "texture": "#top"},
				"south": {"uv": [1, 1, 2, 2], "texture": "#top"},
				"west": {"uv": [1, 1, 2, 2], "texture": "#top"},
				"up": {"uv": [1, 1, 2, 2], "texture": "#top"},
				"down": {"uv": [0, 0, 1, 1], "texture": "#top"}
			}
		},
		{
			"from": [14, 8, 0],
			"to": [16.49, 12, 1.99],
			"rotation": {"angle": 0, "axis": "y", "origin": [8, 9.5, 8]},
			"faces": {
				"north": {"uv": [0, 4, 2, 8], "texture": "#side"},
				"east": {"uv": [14, 4, 16, 8], "texture": "#side"},
				"south": {"uv": [16, 4, 14, 8], "texture": "#side"},
				"west": {"uv": [2, 4, 0, 8], "texture": "#side"},
				"up": {"uv": [14, 4, 16, 6], "rotation": 180, "texture": "#side"},
				"down": {"uv": [3, 8, 4, 10], "texture": "#side"}
			}
		},
		{
			"from": [14, 8, -0.5],
			"to": [15.99, 12, 1.99],
			"rotation": {"angle": 0, "axis": "y", "origin": [8, 9.5, 8]},
			"faces": {
				"north": {"uv": [0, 4, 2, 8], "texture": "#side"},
				"east": {"uv": [14, 4, 16, 8], "texture": "#side"},
				"south": {"uv": [16, 4, 14, 8], "texture": "#side"},
				"west": {"uv": [2, 4, 0, 8], "texture": "#side"},
				"up": {"uv": [14, 4, 16, 6], "rotation": 180, "texture": "#side"},
				"down": {"uv": [3, 8, 4, 10], "texture": "#side"}
			}
		},
		{
			"from": [0, 8, -0.5],
			"to": [1.98, 12, 1.98],
			"rotation": {"angle": 0, "axis": "y", "origin": [8, 9.5, 8]},
			"faces": {
				"north": {"uv": [2, 4, 0, 8], "texture": "#side"},
				"east": {"uv": [0, 4, 2, 8], "texture": "#side"},
				"south": {"uv": [14, 4, 16, 8], "texture": "#side"},
				"west": {"uv": [16, 4, 14, 8], "texture": "#side"},
				"up": {"uv": [16, 4, 14, 6], "rotation": 180, "texture": "#side"},
				"down": {"uv": [4, 8, 3, 10], "texture": "#side"}
			}
		},
		{
			"from": [-0.5, 8, 0],
			"to": [1.98, 12, 1.98],
			"rotation": {"angle": 0, "axis": "y", "origin": [8, 9.5, 8]},
			"faces": {
				"north": {"uv": [2, 4, 0, 8], "texture": "#side"},
				"east": {"uv": [0, 4, 2, 8], "texture": "#side"},
				"south": {"uv": [14, 4, 16, 8], "texture": "#side"},
				"west": {"uv": [16, 4, 14, 8], "texture": "#side"},
				"up": {"uv": [16, 4, 14, 6], "rotation": 180, "texture": "#side"},
				"down": {"uv": [4, 8, 3, 10], "texture": "#side"}
			}
		},
		{
			"from": [-0.5, 8, 14],
			"to": [2.01, 12, 16.01],
			"rotation": {"angle": 0, "axis": "y", "origin": [8, 9.5, 8]},
			"faces": {
				"north": {"uv": [16, 4, 14, 8], "texture": "#side"},
				"east": {"uv": [2, 4, 0, 8], "texture": "#side"},
				"south": {"uv": [0, 4, 2, 8], "texture": "#side"},
				"west": {"uv": [14, 4, 16, 8], "texture": "#side"},
				"up": {"uv": [16, 6, 14, 4], "rotation": 180, "texture": "#side"},
				"down": {"uv": [4, 10, 3, 8], "texture": "#side"}
			}
		},
		{
			"from": [0, 8, 14],
			"to": [2.01, 12, 16.51],
			"rotation": {"angle": 0, "axis": "y", "origin": [8, 9.5, 8]},
			"faces": {
				"north": {"uv": [16, 4, 14, 8], "texture": "#side"},
				"east": {"uv": [2, 4, 0, 8], "texture": "#side"},
				"south": {"uv": [0, 4, 2, 8], "texture": "#side"},
				"west": {"uv": [14, 4, 16, 8], "texture": "#side"},
				"up": {"uv": [16, 6, 14, 4], "rotation": 180, "texture": "#side"},
				"down": {"uv": [4, 10, 3, 8], "texture": "#side"}
			}
		},
		{
			"from": [14, 8, 14],
			"to": [16, 12, 16.5],
			"rotation": {"angle": 0, "axis": "y", "origin": [8, 9.5, 8]},
			"faces": {
				"north": {"uv": [14, 4, 16, 8], "texture": "#side"},
				"east": {"uv": [16, 4, 14, 8], "texture": "#side"},
				"south": {"uv": [2, 4, 0, 8], "texture": "#side"},
				"west": {"uv": [0, 4, 2, 8], "texture": "#side"},
				"up": {"uv": [14, 6, 16, 4], "rotation": 180, "texture": "#side"},
				"down": {"uv": [3, 10, 4, 8], "texture": "#side"}
			}
		},
		{
			"from": [14, 8, 14],
			"to": [16.5, 12, 16],
			"rotation": {"angle": 0, "axis": "y", "origin": [8, 9.5, 8]},
			"faces": {
				"north": {"uv": [14, 4, 16, 8], "texture": "#side"},
				"east": {"uv": [16, 4, 14, 8], "texture": "#side"},
				"south": {"uv": [2, 4, 0, 8], "texture": "#side"},
				"west": {"uv": [0, 4, 2, 8], "texture": "#side"},
				"up": {"uv": [14, 6, 16, 4], "rotation": 180, "texture": "#side"},
				"down": {"uv": [3, 10, 4, 8], "texture": "#side"}
			}
		}
	],
	"groups": [
		{
			"name": "CULL",
			"origin": [8, 12.75, 8],
			"color": 0,
			"children": [0, 1, 2, 3]
		},
		{
			"name": "The PORTAL FRAME",
			"origin": [8, 13, 8],
			"color": 0,
			"children": [
				4,
				5,
				6,
				7,
				8,
				9,
				10,
				11,
				12,
				{
					"name": "The Border",
					"origin": [6.46508, 12.45, 2.31075],
					"color": 0,
					"children": [13, 14, 15, 16, 17]
				},
				{
					"name": "The Border",
					"origin": [6.46508, 12.45, 2.31075],
					"color": 0,
					"children": [18, 19, 20, 21, 22]
				},
				{
					"name": "The Border",
					"origin": [6.46508, 12.45, 2.31075],
					"color": 0,
					"children": [23, 24, 25, 26, 27]
				},
				{
					"name": "The Border",
					"origin": [6.46508, 12.45, 2.31075],
					"color": 0,
					"children": [28, 29, 30, 31, 32]
				},
				{
					"name": "group",
					"origin": [16, 12, 0],
					"color": 0,
					"children": [33, 34, 35, 36]
				},
				{
					"name": "The Side Details",
					"origin": [16, 8, -0.5],
					"color": 0,
					"children": [37, 38, 39, 40, 41, 42, 43, 44]
				},
				{
					"name": "The Side Details",
					"origin": [16, 8, -0.5],
					"color": 0,
					"children": [45, 46, 47, 48, 49, 50]
				},
				{
					"name": "The Side Details",
					"origin": [16, 8, -0.5],
					"color": 0,
					"children": [51, 52, 53, 54, 55, 56, 57, 58]
				},
				{
					"name": "The Side Details",
					"origin": [16, 8, -0.5],
					"color": 0,
					"children": [59, 60, 61, 62, 63, 64]
				},
				{
					"name": "Points",
					"origin": [5, 13, 1],
					"color": 0,
					"children": [65, 66, 67, 68, 69, 70, 71, 72, 73, 74, 75, 76]
				}
			]
		},
		{
			"name": "The EDGES",
			"origin": [8, 9.5, 8],
			"color": 0,
			"children": [77, 78, 79, 80, 81, 82, 83, 84]
		}
	]
}