{
	"format_version": "1.21.6",
	"credit": "Made with Blockbench",
	"parent": "minecraft:block/cross_emissive",
	"textures": {
		"cross": "block/firefly_bush",
		"cross_emissive": "block/firefly_bush_emissive"
	},
	"elements": [
		{
			"from": [-1, 0, 8],
			"to": [17, 15, 8],
			"rotation": {"angle": 45, "axis": "y", "origin": [8, 0, 8]},
			"faces": {
				"north": {"uv": [0, 0, 16, 16], "texture": "#cross"},
				"east": {"uv": [0, 0, 0, 14], "texture": "#missing"},
				"south": {"uv": [0, 0, 16, 16], "texture": "#cross"},
				"west": {"uv": [0, 0, 0, 14], "texture": "#missing"},
				"up": {"uv": [0, 0, 16, 0], "texture": "#missing"},
				"down": {"uv": [0, 0, 16, 0], "texture": "#missing"}
			}
		},
		{
			"from": [8, 0, -1],
			"to": [8, 15, 17],
			"rotation": {"angle": 45, "axis": "y", "origin": [8, 0, 8]},
			"faces": {
				"north": {"uv": [0, 0, 0, 15], "texture": "#missing"},
				"east": {"uv": [0, 0, 16, 15], "texture": "#cross"},
				"south": {"uv": [0, 0, 0, 15], "texture": "#missing"},
				"west": {"uv": [0, 0, 16, 15], "texture": "#cross"},
				"up": {"uv": [0, 0, 16, 0], "rotation": 270, "texture": "#missing"},
				"down": {"uv": [0, 0, 16, 0], "rotation": 90, "texture": "#missing"}
			}
		},
		{
			"from": [-1, 0, 7.5],
			"to": [17, 15, 7.5],
			"rotation": {"angle": -22.5, "axis": "x", "origin": [8, 0, 7.5]},
			"faces": {
				"north": {"uv": [0, 0, 16, 16], "texture": "#cross"},
				"east": {"uv": [0, 0, 0, 14], "texture": "#missing"},
				"south": {"uv": [0, 0, 16, 16], "texture": "#cross"},
				"west": {"uv": [0, 0, 0, 14], "texture": "#missing"},
				"up": {"uv": [0, 0, 16, 0], "texture": "#missing"},
				"down": {"uv": [0, 0, 16, 0], "texture": "#missing"}
			}
		},
		{
			"from": [-1, 0, 8.5],
			"to": [17, 15, 8.5],
			"rotation": {"angle": 22.5, "axis": "x", "origin": [8, 0, 8.5]},
			"faces": {
				"north": {"uv": [16, 0, 0, 16], "texture": "#cross"},
				"east": {"uv": [0, 0, 0, 14], "texture": "#missing"},
				"south": {"uv": [16, 0, 0, 16], "texture": "#cross"},
				"west": {"uv": [0, 0, 0, 14], "texture": "#missing"},
				"up": {"uv": [0, 0, 16, 0], "texture": "#missing"},
				"down": {"uv": [0, 0, 16, 0], "texture": "#missing"}
			}
		},
		{
			"from": [7.5, 0, -1],
			"to": [7.5, 15, 17],
			"rotation": {"angle": 22.5, "axis": "z", "origin": [7.5, 0, 8]},
			"faces": {
				"north": {"uv": [0, 0, 0, 14], "texture": "#missing"},
				"east": {"uv": [16, 0, 0, 16], "texture": "#cross"},
				"south": {"uv": [0, 0, 0, 14], "texture": "#missing"},
				"west": {"uv": [16, 0, 0, 16], "texture": "#cross"},
				"up": {"uv": [0, 0, 16, 0], "rotation": 90, "texture": "#missing"},
				"down": {"uv": [0, 0, 16, 0], "rotation": 270, "texture": "#missing"}
			}
		},
		{
			"from": [8.5, 0, -1],
			"to": [8.5, 15, 17],
			"rotation": {"angle": -22.5, "axis": "z", "origin": [8.5, 0, 8]},
			"faces": {
				"north": {"uv": [0, 0, 0, 14], "texture": "#missing"},
				"east": {"uv": [0, 0, 16, 16], "texture": "#cross"},
				"south": {"uv": [0, 0, 0, 14], "texture": "#missing"},
				"west": {"uv": [0, 0, 16, 16], "texture": "#cross"},
				"up": {"uv": [0, 0, 16, 0], "rotation": 90, "texture": "#missing"},
				"down": {"uv": [0, 0, 16, 0], "rotation": 270, "texture": "#missing"}
			}
		},
		{
			"from": [9, 9, 8],
			"to": [9, 10, 9],
			"rotation": {"angle": 45, "axis": "y", "origin": [9, 9, 8]},
			"faces": {
				"north": {"uv": [0, 0, 0, 1], "texture": "#cross_emissive"},
				"east": {"uv": [8, 3, 9, 4], "texture": "#cross_emissive"},
				"south": {"uv": [0, 0, 0, 1], "texture": "#cross_emissive"},
				"west": {"uv": [8, 3, 9, 4], "texture": "#cross_emissive"},
				"up": {"uv": [0, 0, 1, 0], "rotation": 90, "texture": "#cross_emissive"},
				"down": {"uv": [0, 0, 1, 0], "rotation": 270, "texture": "#cross_emissive"}
			}
		},
		{
			"from": [4.5, 6, 5],
			"to": [4.5, 7, 6],
			"rotation": {"angle": -22.5, "axis": "y", "origin": [4.5, 6, 5]},
			"faces": {
				"north": {"uv": [0, 0, 0, 1], "texture": "#cross_emissive"},
				"east": {"uv": [5, 9, 6, 10], "texture": "#cross_emissive"},
				"south": {"uv": [0, 0, 0, 1], "texture": "#cross_emissive"},
				"west": {"uv": [5, 9, 6, 10], "texture": "#cross_emissive"},
				"up": {"uv": [0, 0, 1, 0], "rotation": 90, "texture": "#cross_emissive"},
				"down": {"uv": [0, 0, 1, 0], "rotation": 270, "texture": "#cross_emissive"}
			}
		},
		{
			"from": [5.5, 8.25, 8],
			"to": [6.5, 9.25, 8],
			"rotation": {"angle": -22.5, "axis": "x", "origin": [5.5, 9.25, 8]},
			"faces": {
				"north": {"uv": [10, 12, 11, 13], "rotation": 180, "texture": "#cross_emissive"},
				"east": {"uv": [0, 0, 0, 1], "rotation": 180, "texture": "#cross_emissive"},
				"south": {"uv": [10, 12, 11, 13], "rotation": 180, "texture": "#cross_emissive"},
				"west": {"uv": [0, 0, 0, 1], "rotation": 180, "texture": "#cross_emissive"},
				"up": {"uv": [0, 0, 1, 0], "texture": "#cross_emissive"},
				"down": {"uv": [0, 0, 1, 0], "texture": "#cross_emissive"}
			}
		},
		{
			"from": [6.75, 11.25, 4.75],
			"to": [7.75, 12.25, 4.75],
			"rotation": {"angle": 22.5, "axis": "y", "origin": [7.75, 12.25, 4.75]},
			"faces": {
				"north": {"uv": [5, 9, 6, 10], "rotation": 180, "texture": "#cross_emissive"},
				"east": {"uv": [0, 0, 0, 1], "rotation": 180, "texture": "#cross_emissive"},
				"south": {"uv": [10, 12, 11, 13], "rotation": 180, "texture": "#cross_emissive"},
				"west": {"uv": [0, 0, 0, 1], "rotation": 180, "texture": "#cross_emissive"},
				"up": {"uv": [0, 0, 1, 0], "rotation": 180, "texture": "#cross_emissive"},
				"down": {"uv": [0, 0, 1, 0], "rotation": 180, "texture": "#cross_emissive"}
			}
		},
		{
			"from": [5.25, 2.75, 3.5],
			"to": [5.25, 3.75, 4.5],
			"rotation": {"angle": -22.5, "axis": "y", "origin": [5.25, 2.75, 4.5]},
			"faces": {
				"north": {"uv": [0, 0, 0, 1], "texture": "#cross_emissive"},
				"east": {"uv": [8, 3, 9, 4], "texture": "#cross_emissive"},
				"south": {"uv": [0, 0, 0, 1], "texture": "#cross_emissive"},
				"west": {"uv": [8, 3, 9, 4], "texture": "#cross_emissive"},
				"up": {"uv": [0, 0, 1, 0], "rotation": 270, "texture": "#cross_emissive"},
				"down": {"uv": [0, 0, 1, 0], "rotation": 90, "texture": "#cross_emissive"}
			}
		},
		{
			"from": [5.75, 5, 11.5],
			"to": [6.75, 6, 11.5],
			"rotation": {"angle": -22.5, "axis": "y", "origin": [6.75, 6, 11.5]},
			"faces": {
				"north": {"uv": [10, 12, 11, 13], "rotation": 180, "texture": "#cross_emissive"},
				"east": {"uv": [0, 0, 0, 1], "rotation": 180, "texture": "#cross_emissive"},
				"south": {"uv": [10, 12, 11, 13], "rotation": 180, "texture": "#cross_emissive"},
				"west": {"uv": [0, 0, 0, 1], "rotation": 180, "texture": "#cross_emissive"},
				"up": {"uv": [0, 0, 1, 0], "rotation": 180, "texture": "#cross_emissive"},
				"down": {"uv": [0, 0, 1, 0], "rotation": 180, "texture": "#cross_emissive"}
			}
		},
		{
			"from": [10.75, 2, 10.25],
			"to": [11.75, 3, 10.25],
			"rotation": {"angle": 0, "axis": "y", "origin": [10.75, 2, 10.25]},
			"faces": {
				"north": {"uv": [5, 9, 6, 10], "texture": "#cross_emissive"},
				"east": {"uv": [0, 0, 0, 1], "texture": "#cross_emissive"},
				"south": {"uv": [5, 9, 6, 10], "texture": "#cross_emissive"},
				"west": {"uv": [0, 0, 0, 1], "texture": "#cross_emissive"},
				"up": {"uv": [0, 0, 1, 0], "texture": "#cross_emissive"},
				"down": {"uv": [0, 0, 1, 0], "texture": "#cross_emissive"}
			}
		},
		{
			"from": [11.75, 6, 10],
			"to": [11.75, 7, 11],
			"rotation": {"angle": 22.5, "axis": "y", "origin": [11.75, 6, 11]},
			"faces": {
				"north": {"uv": [0, 0, 0, 1], "texture": "#cross_emissive"},
				"east": {"uv": [5, 9, 6, 10], "texture": "#cross_emissive"},
				"south": {"uv": [0, 0, 0, 1], "texture": "#cross_emissive"},
				"west": {"uv": [5, 9, 6, 10], "texture": "#cross_emissive"},
				"up": {"uv": [1, 0, 0, 0], "rotation": 90, "texture": "#cross_emissive"},
				"down": {"uv": [1, 0, 0, 0], "rotation": 270, "texture": "#cross_emissive"}
			}
		},
		{
			"from": [9.75, 5.75, 4.5],
			"to": [10.75, 6.75, 4.5],
			"rotation": {"angle": 22.5, "axis": "y", "origin": [9.75, 5.75, 4.5]},
			"faces": {
				"north": {"uv": [10, 12, 11, 13], "texture": "#cross_emissive"},
				"east": {"uv": [0, 0, 0, 1], "texture": "#cross_emissive"},
				"south": {"uv": [10, 12, 11, 13], "texture": "#cross_emissive"},
				"west": {"uv": [0, 0, 0, 1], "texture": "#cross_emissive"},
				"up": {"uv": [0, 0, 1, 0], "texture": "#cross_emissive"},
				"down": {"uv": [0, 0, 1, 0], "texture": "#cross_emissive"}
			}
		},
		{
			"from": [4.25, 2, 10.25],
			"to": [5.25, 3, 10.25],
			"rotation": {"angle": -22.5, "axis": "y", "origin": [5.25, 2, 10.25]},
			"faces": {
				"north": {"uv": [6, 9, 5, 10], "texture": "#cross_emissive"},
				"east": {"uv": [0, 0, 0, 1], "texture": "#cross_emissive"},
				"south": {"uv": [6, 9, 5, 10], "texture": "#cross_emissive"},
				"west": {"uv": [0, 0, 0, 1], "texture": "#cross_emissive"},
				"up": {"uv": [1, 0, 0, 0], "texture": "#cross_emissive"},
				"down": {"uv": [1, 0, 0, 0], "texture": "#cross_emissive"}
			}
		}
	]
}