{
	"format_version": "1.21.6",
	"credit": "Made with Blockbench",
	"parent": "minecraft:block/orientable",
	"textures": {
		"front": "block/furnace_front",
		"particle": "block/furnace_side",
		"side": "block/furnace_side",
		"top": "block/furnace_top",
		"inside": "block/furnace_inside"
	},
	"elements": [
		{
			"from": [-0.01, 0, 0],
			"to": [0.99, 16, 16],
			"faces": {
				"north": {"uv": [0, 0, 1, 16], "texture": "#top"},
				"east": {"uv": [0, 0, 16, 16], "texture": "#inside"},
				"south": {"uv": [0, 0, 1, 16], "texture": "#top"},
				"west": {"uv": [0, 0, 16, 16], "texture": "#side"},
				"up": {"uv": [0, 0, 1, 16], "texture": "#top"},
				"down": {"uv": [0, 0, 1, 16], "texture": "#top"}
			}
		},
		{
			"from": [15.01, 0, 0],
			"to": [16.01, 16, 16],
			"rotation": {"angle": 0, "axis": "y", "origin": [15, 0, 0]},
			"faces": {
				"north": {"uv": [0, 0, 1, 16], "texture": "#front"},
				"east": {"uv": [0, 0, 16, 16], "texture": "#side"},
				"south": {"uv": [0, 0, 1, 16], "texture": "#front"},
				"west": {"uv": [0, 0, 16, 16], "texture": "#inside"},
				"up": {"uv": [0, 0, 1, 16], "texture": "#front"},
				"down": {"uv": [0, 0, 1, 16], "texture": "#front"}
			}
		},
		{
			"from": [0, -0.01, 0],
			"to": [16, 0.99, 16],
			"rotation": {"angle": 0, "axis": "y", "origin": [16, 0, 0]},
			"faces": {
				"north": {"uv": [0, 0, 1, 16], "rotation": 90, "texture": "#top"},
				"east": {"uv": [0, 0, 1, 16], "rotation": 270, "texture": "#top"},
				"south": {"uv": [0, 0, 1, 16], "rotation": 270, "texture": "#top"},
				"west": {"uv": [0, 0, 1, 16], "rotation": 270, "texture": "#top"},
				"up": {"uv": [0, 0, 16, 16], "rotation": 270, "texture": "#inside"},
				"down": {"uv": [0, 0, 16, 16], "rotation": 270, "texture": "#top"}
			}
		},
		{
			"from": [0, 15.01, 0],
			"to": [16, 16.01, 16],
			"rotation": {"angle": 0, "axis": "y", "origin": [16, 15, 0]},
			"faces": {
				"north": {"uv": [0, 0, 1, 16], "rotation": 90, "texture": "#front"},
				"east": {"uv": [0, 0, 1, 16], "rotation": 270, "texture": "#front"},
				"south": {"uv": [0, 0, 1, 16], "rotation": 270, "texture": "#front"},
				"west": {"uv": [0, 0, 1, 16], "rotation": 270, "texture": "#front"},
				"up": {"uv": [0, 0, 16, 16], "rotation": 270, "texture": "#top"},
				"down": {"uv": [0, 0, 16, 16], "rotation": 270, "texture": "#inside"}
			}
		},
		{
			"from": [0, 7.001, 0],
			"to": [16, 8.001, 16],
			"rotation": {"angle": 0, "axis": "y", "origin": [16, 7, 0]},
			"faces": {
				"north": {"uv": [0, 0, 1, 16], "rotation": 90, "texture": "#front"},
				"east": {"uv": [0, 0, 1, 16], "rotation": 270, "texture": "#front"},
				"south": {"uv": [0, 0, 1, 16], "rotation": 270, "texture": "#front"},
				"west": {"uv": [0, 0, 1, 16], "rotation": 270, "texture": "#front"},
				"up": {"uv": [0, 0, 16, 16], "rotation": 270, "texture": "#inside"},
				"down": {"uv": [0, 0, 16, 16], "rotation": 270, "texture": "#inside"}
			}
		},
		{
			"from": [13, 0, -0.01],
			"to": [16, 16, 0.99],
			"faces": {
				"north": {"uv": [0, 0, 3, 16], "texture": "#front"},
				"east": {"uv": [0, 0, 1, 16], "texture": "#front"},
				"south": {"uv": [0, 0, 3, 16], "texture": "#inside"},
				"west": {"uv": [0, 0, 1, 16], "texture": "#front"},
				"up": {"uv": [0, 0, 3, 1], "texture": "#front"},
				"down": {"uv": [0, 0, 3, 1], "texture": "#front"}
			}
		},
		{
			"from": [0, 0, -0.01],
			"to": [3, 16, 0.99],
			"faces": {
				"north": {"uv": [13, 0, 16, 16], "texture": "#front"},
				"east": {"uv": [0, 0, 1, 16], "texture": "#front"},
				"south": {"uv": [0, 0, 3, 16], "texture": "#inside"},
				"west": {"uv": [0, 0, 1, 16], "texture": "#front"},
				"up": {"uv": [0, 0, 3, 1], "texture": "#front"},
				"down": {"uv": [0, 0, 3, 1], "texture": "#front"}
			}
		},
		{
			"from": [3, 13, -0.01],
			"to": [13, 16, 0.99],
			"faces": {
				"north": {"uv": [3, 0, 13, 3], "texture": "#front"},
				"east": {"uv": [0, 0, 1, 3], "texture": "#front"},
				"south": {"uv": [0, 0, 3, 16], "texture": "#inside"},
				"west": {"uv": [0, 0, 1, 3], "texture": "#top"},
				"up": {"uv": [0, 0, 10, 1], "texture": "#top"},
				"down": {"uv": [0, 0, 3, 1], "texture": "#front"}
			}
		},
		{
			"from": [3, 0, -0.01],
			"to": [13, 1, 0.99],
			"rotation": {"angle": 0, "axis": "y", "origin": [0, -13, 0]},
			"faces": {
				"north": {"uv": [3, 15, 13, 16], "texture": "#front"},
				"east": {"uv": [0, 0, 1, 1], "texture": "#front"},
				"south": {"uv": [0, 0, 3, 16], "texture": "#missing"},
				"west": {"uv": [0, 0, 1, 1], "texture": "#front"},
				"up": {"uv": [0, 0, 3, 1], "texture": "#top"},
				"down": {"uv": [0, 0, 3, 1], "texture": "#front"}
			}
		},
		{
			"from": [0, 2.75, 0],
			"to": [5, 4.75, 1],
			"rotation": {"angle": 45, "axis": "z", "origin": [2, 5.75, 0]},
			"faces": {
				"north": {"uv": [9, 13, 14, 15], "rotation": 180, "texture": "#side"},
				"east": {"uv": [0, 0, 3, 1], "rotation": 90, "texture": "#top"},
				"south": {"uv": [4, 0, 7, 16], "rotation": 90, "texture": "#inside"},
				"west": {"uv": [0, 0, 3, 1], "rotation": 90, "texture": "#top"},
				"up": {"uv": [0, 3, 1, 8], "rotation": 90, "texture": "#top"},
				"down": {"uv": [0, 11, 1, 16], "rotation": 90, "texture": "#side"}
			}
		},
		{
			"from": [0, 10.75, 0],
			"to": [5, 12.75, 1],
			"rotation": {"angle": 45, "axis": "z", "origin": [2, 13.75, 0]},
			"faces": {
				"north": {"uv": [9, 1, 14, 3], "rotation": 180, "texture": "#front"},
				"east": {"uv": [0, 0, 3, 1], "rotation": 90, "texture": "#top"},
				"south": {"uv": [4, 0, 6, 5], "rotation": 90, "texture": "#inside"},
				"west": {"uv": [0, 0, 3, 1], "rotation": 90, "texture": "#top"},
				"up": {"uv": [0, 4, 1, 9], "rotation": 90, "texture": "#top"},
				"down": {"uv": [0, 11, 1, 16], "rotation": 90, "texture": "#side"}
			}
		},
		{
			"from": [8.5, 3.75, 0],
			"to": [13.5, 5.75, 1],
			"rotation": {"angle": -45, "axis": "z", "origin": [11.5, 3.25, 0]},
			"faces": {
				"north": {"uv": [2, 13, 7, 15], "rotation": 180, "texture": "#side"},
				"east": {"uv": [0, 0, 3, 1], "rotation": 270, "texture": "#top"},
				"south": {"uv": [4, 0, 7, 16], "rotation": 270, "texture": "#inside"},
				"west": {"uv": [0, 0, 3, 1], "rotation": 270, "texture": "#top"},
				"up": {"uv": [0, 5, 1, 10], "rotation": 270, "texture": "#top"},
				"down": {"uv": [0, 11, 1, 16], "rotation": 270, "texture": "#side"}
			}
		},
		{
			"from": [8.5, 11.75, 0],
			"to": [13.5, 13.75, 1],
			"rotation": {"angle": -45, "axis": "z", "origin": [11.5, 11.25, 0]},
			"faces": {
				"north": {"uv": [1, 1, 6, 3], "rotation": 180, "texture": "#front"},
				"east": {"uv": [0, 0, 3, 1], "rotation": 270, "texture": "#top"},
				"south": {"uv": [4, 0, 7, 16], "rotation": 270, "texture": "#inside"},
				"west": {"uv": [0, 0, 3, 1], "rotation": 270, "texture": "#top"},
				"up": {"uv": [0, 8, 1, 13], "rotation": 270, "texture": "#top"},
				"down": {"uv": [0, 11, 1, 16], "rotation": 270, "texture": "#side"}
			}
		},
		{
			"from": [3, 5, -0.01],
			"to": [13, 9, 0.99],
			"rotation": {"angle": 0, "axis": "y", "origin": [0, -8, 0]},
			"faces": {
				"north": {"uv": [3, 7, 13, 11], "texture": "#front"},
				"east": {"uv": [0, 0, 1, 5], "texture": "#top"},
				"south": {"uv": [0, 0, 13, 5], "texture": "#inside"},
				"west": {"uv": [0, 0, 1, 5], "texture": "#top"},
				"up": {"uv": [0, 0, 3, 1], "texture": "#top"},
				"down": {"uv": [0, 0, 3, 1], "texture": "#side"}
			}
		},
		{
			"from": [0, 0, 15.01],
			"to": [16, 7, 16.01],
			"rotation": {"angle": 0, "axis": "y", "origin": [0, 0, 15]},
			"faces": {
				"north": {"uv": [0, 1, 16, 8], "texture": "#inside"},
				"east": {"uv": [0, 0, 1, 7], "texture": "#top"},
				"south": {"uv": [0, 9, 16, 16], "texture": "#side"},
				"west": {"uv": [0, 3, 1, 10], "texture": "#top"},
				"up": {"uv": [0, 0, 16, 1], "texture": "#top"},
				"down": {"uv": [0, 0, 16, 1], "texture": "#top"}
			}
		},
		{
			"from": [0, 7, 15.01],
			"to": [16, 16, 16.01],
			"rotation": {"angle": 0, "axis": "y", "origin": [0, 7, 15]},
			"faces": {
				"north": {"uv": [0, 7, 16, 16], "texture": "#inside"},
				"east": {"uv": [0, 5, 1, 16], "texture": "#side"},
				"south": {"uv": [0, 0, 16, 9], "texture": "#side"},
				"west": {"uv": [0, 4, 1, 13], "texture": "#side"},
				"up": {"uv": [0, 0, 16, 1], "texture": "#side"},
				"down": {"uv": [0, 0, 16, 1], "texture": "#side"}
			}
		}
	]
}