{
	"format_version": "1.21.6",
	"credit": "Made with Blockbench",
	"parent": "minecraft:block/orientable",
	"textures": {
		"8": "block/furnace_smelted_stuff",
		"front": "block/furnace_front",
		"side": "block/furnace_side",
		"top": "block/furnace_top",
		"particle": "block/furnace_inside_lit",
		"inside": "block/furnace_inside",
		"insidehot": "block/furnace_inside_hot",
		"insidelit": "block/furnace_inside_lit",
		"fire": "block/furnace_log_lit",
		"log": "block/furnace_log_unlit"
	},
	"elements": [
		{
			"from": [-0.01, 0, 0],
			"to": [0.99, 16, 16],
			"faces": {
				"north": {"uv": [0, 0, 1, 16], "texture": "#side"},
				"east": {"uv": [0, 0, 16, 16], "texture": "#inside"},
				"south": {"uv": [0, 0, 1, 16], "texture": "#side"},
				"west": {"uv": [0, 0, 16, 16], "texture": "#side"},
				"up": {"uv": [0, 0, 1, 16], "texture": "#side"},
				"down": {"uv": [0, 0, 1, 16], "texture": "#side"}
			}
		},
		{
			"from": [15.01, 0, 0],
			"to": [16.01, 16, 16],
			"rotation": {"angle": 0, "axis": "y", "origin": [15, 0, 0]},
			"faces": {
				"north": {"uv": [0, 0, 1, 16], "texture": "#side"},
				"east": {"uv": [0, 0, 16, 16], "texture": "#side"},
				"south": {"uv": [0, 0, 1, 16], "texture": "#side"},
				"west": {"uv": [0, 0, 16, 16], "texture": "#inside"},
				"up": {"uv": [0, 0, 1, 16], "texture": "#side"},
				"down": {"uv": [0, 0, 1, 16], "texture": "#side"}
			}
		},
		{
			"from": [0, -0.01, 0],
			"to": [16, 0.99, 16],
			"rotation": {"angle": 0, "axis": "y", "origin": [16, 0, 0]},
			"faces": {
				"north": {"uv": [0, 0, 1, 16], "rotation": 90, "texture": "#side"},
				"east": {"uv": [0, 0, 1, 16], "rotation": 270, "texture": "#side"},
				"south": {"uv": [0, 0, 1, 16], "rotation": 270, "texture": "#side"},
				"west": {"uv": [0, 0, 1, 16], "rotation": 270, "texture": "#side"},
				"up": {"uv": [0, 0, 16, 16], "rotation": 270, "texture": "#insidelit"},
				"down": {"uv": [0, 0, 16, 16], "rotation": 270, "texture": "#top"}
			}
		},
		{
			"from": [0, 15.01, 0],
			"to": [16, 16.01, 16],
			"rotation": {"angle": 0, "axis": "y", "origin": [16, 15, 0]},
			"faces": {
				"north": {"uv": [0, 0, 1, 16], "rotation": 90, "texture": "#side"},
				"east": {"uv": [0, 0, 1, 16], "rotation": 270, "texture": "#side"},
				"south": {"uv": [0, 0, 1, 16], "rotation": 270, "texture": "#side"},
				"west": {"uv": [0, 0, 1, 16], "rotation": 270, "texture": "#side"},
				"up": {"uv": [0, 0, 16, 16], "rotation": 270, "texture": "#top"},
				"down": {"uv": [0, 0, 16, 16], "rotation": 270, "texture": "#inside"}
			}
		},
		{
			"from": [0, 7.001, 0],
			"to": [16, 8.001, 16],
			"rotation": {"angle": 0, "axis": "y", "origin": [16, 7, 0]},
			"faces": {
				"north": {"uv": [0, 0, 1, 16], "rotation": 90, "texture": "#side"},
				"east": {"uv": [0, 0, 1, 16], "rotation": 270, "texture": "#side"},
				"south": {"uv": [0, 0, 1, 16], "rotation": 270, "texture": "#side"},
				"west": {"uv": [0, 0, 1, 16], "rotation": 270, "texture": "#side"},
				"up": {"uv": [0, 0, 16, 16], "rotation": 270, "texture": "#insidehot"},
				"down": {"uv": [0, 0, 16, 16], "rotation": 270, "texture": "#inside"}
			}
		},
		{
			"from": [13, 0, -0.02],
			"to": [16, 16, 0.98],
			"faces": {
				"north": {"uv": [0, 0, 3, 16], "texture": "#front"},
				"east": {"uv": [0, 0, 1, 16], "texture": "#side"},
				"south": {"uv": [0, 0, 3, 16], "texture": "#inside"},
				"west": {"uv": [0, 0, 1, 16], "texture": "#front"},
				"up": {"uv": [0, 0, 3, 1], "texture": "#side"},
				"down": {"uv": [0, 0, 3, 1], "texture": "#side"}
			}
		},
		{
			"from": [0, 0, -0.02],
			"to": [3, 16, 0.98],
			"faces": {
				"north": {"uv": [13, 0, 16, 16], "texture": "#front"},
				"east": {"uv": [0, 0, 1, 16], "texture": "#front"},
				"south": {"uv": [0, 0, 3, 16], "texture": "#inside"},
				"west": {"uv": [0, 0, 1, 16], "texture": "#side"},
				"up": {"uv": [0, 0, 3, 1], "texture": "#side"},
				"down": {"uv": [0, 0, 3, 1], "texture": "#side"}
			}
		},
		{
			"from": [3, 13, -0.01],
			"to": [13, 16, 0.99],
			"faces": {
				"north": {"uv": [3, 0, 13, 3], "texture": "#front"},
				"east": {"uv": [0, 0, 1, 16], "texture": "#side"},
				"south": {"uv": [0, 0, 3, 16], "texture": "#inside"},
				"west": {"uv": [0, 0, 1, 16], "texture": "#side"},
				"up": {"uv": [0, 0, 3, 1], "texture": "#side"},
				"down": {"uv": [0, 0, 3, 1], "texture": "#front"}
			}
		},
		{
			"from": [3, 0, -0.01],
			"to": [13, 1, 0.99],
			"rotation": {"angle": 0, "axis": "y", "origin": [0, -13, 0]},
			"faces": {
				"north": {"uv": [3, 15, 13, 16], "texture": "#front"},
				"east": {"uv": [0, 0, 1, 16], "texture": "#side"},
				"south": {"uv": [0, 0, 3, 16], "texture": "#side"},
				"west": {"uv": [0, 0, 1, 16], "texture": "#side"},
				"up": {"uv": [0, 0, 3, 1], "texture": "#top"},
				"down": {"uv": [0, 0, 3, 1], "texture": "#side"}
			}
		},
		{
			"from": [0, 2.75, -0.01],
			"to": [5, 4.75, 0.99],
			"rotation": {"angle": 45, "axis": "z", "origin": [2, 5.75, 0]},
			"faces": {
				"north": {"uv": [9, 13, 14, 15], "rotation": 180, "texture": "#side"},
				"east": {"uv": [0, 0, 3, 1], "rotation": 90, "texture": "#side"},
				"south": {"uv": [4, 0, 7, 16], "rotation": 90, "texture": "#inside"},
				"west": {"uv": [0, 0, 3, 1], "rotation": 90, "texture": "#side"},
				"up": {"uv": [0, 0, 1, 16], "rotation": 90, "texture": "#side"},
				"down": {"uv": [0, 11, 1, 16], "rotation": 90, "texture": "#side"}
			}
		},
		{
			"from": [0, 10.75, -0.0001],
			"to": [5, 12.75, 0.9999],
			"rotation": {"angle": 45, "axis": "z", "origin": [2, 13.75, 0]},
			"faces": {
				"north": {"uv": [9, 1, 14, 3], "rotation": 180, "texture": "#front"},
				"east": {"uv": [0, 0, 3, 1], "rotation": 90, "texture": "#side"},
				"south": {"uv": [4, 0, 7, 16], "rotation": 90, "texture": "#inside"},
				"west": {"uv": [0, 0, 3, 1], "rotation": 90, "texture": "#side"},
				"up": {"uv": [0, 0, 1, 16], "rotation": 90, "texture": "#side"},
				"down": {"uv": [0, 11, 1, 16], "rotation": 90, "texture": "#side"}
			}
		},
		{
			"from": [8.5, 3.75, -0.01],
			"to": [13.5, 5.75, 0.99],
			"rotation": {"angle": -45, "axis": "z", "origin": [11.5, 3.25, 0]},
			"faces": {
				"north": {"uv": [2, 13, 7, 15], "rotation": 180, "texture": "#side"},
				"east": {"uv": [0, 0, 3, 1], "rotation": 270, "texture": "#side"},
				"south": {"uv": [4, 0, 7, 16], "rotation": 270, "texture": "#inside"},
				"west": {"uv": [0, 0, 3, 1], "rotation": 270, "texture": "#side"},
				"up": {"uv": [0, 0, 1, 16], "rotation": 270, "texture": "#side"},
				"down": {"uv": [0, 11, 1, 16], "rotation": 270, "texture": "#side"}
			}
		},
		{
			"from": [8.5, 11.75, -0.0001],
			"to": [13.5, 13.75, 0.9999],
			"rotation": {"angle": -45, "axis": "z", "origin": [11.5, 11.25, 0]},
			"faces": {
				"north": {"uv": [1, 1, 6, 3], "rotation": 180, "texture": "#front"},
				"east": {"uv": [0, 0, 3, 1], "rotation": 270, "texture": "#side"},
				"south": {"uv": [4, 0, 7, 16], "rotation": 270, "texture": "#inside"},
				"west": {"uv": [0, 0, 3, 1], "rotation": 270, "texture": "#side"},
				"up": {"uv": [0, 0, 1, 16], "rotation": 270, "texture": "#side"},
				"down": {"uv": [0, 11, 1, 16], "rotation": 270, "texture": "#side"}
			}
		},
		{
			"from": [3, 5, -0.02],
			"to": [13, 9, 0.98],
			"rotation": {"angle": 0, "axis": "y", "origin": [0, -8, 0]},
			"faces": {
				"north": {"uv": [3, 7, 13, 11], "texture": "#front"},
				"east": {"uv": [0, 0, 1, 16], "texture": "#side"},
				"south": {"uv": [0, 0, 3, 16], "texture": "#inside"},
				"west": {"uv": [0, 0, 1, 16], "texture": "#side"},
				"up": {"uv": [0, 0, 3, 1], "texture": "#top"},
				"down": {"uv": [0, 0, 3, 1], "texture": "#side"}
			}
		},
		{
			"from": [0, 0, 15.01],
			"to": [16, 7, 16.01],
			"rotation": {"angle": 0, "axis": "y", "origin": [0, 0, 15]},
			"faces": {
				"north": {"uv": [0, 1, 16, 8], "texture": "#insidelit"},
				"east": {"uv": [0, 0, 1, 16], "texture": "#side"},
				"south": {"uv": [0, 9, 16, 16], "texture": "#side"},
				"west": {"uv": [0, 0, 1, 16], "texture": "#side"},
				"up": {"uv": [0, 0, 16, 1], "texture": "#side"},
				"down": {"uv": [0, 0, 16, 1], "texture": "#side"}
			}
		},
		{
			"from": [0, 7, 15.01],
			"to": [16, 16, 16.01],
			"rotation": {"angle": 0, "axis": "y", "origin": [0, 7, 15]},
			"faces": {
				"north": {"uv": [0, 7, 16, 16], "texture": "#inside"},
				"east": {"uv": [0, 0, 1, 16], "texture": "#side"},
				"south": {"uv": [0, 0, 16, 9], "texture": "#side"},
				"west": {"uv": [0, 0, 1, 16], "texture": "#side"},
				"up": {"uv": [0, 0, 16, 1], "texture": "#side"},
				"down": {"uv": [0, 0, 16, 1], "texture": "#side"}
			}
		},
		{
			"from": [1.75, 1, 7.5],
			"to": [12, 3.25, 10],
			"rotation": {"angle": -22.5, "axis": "y", "origin": [5, 1, 10]},
			"faces": {
				"north": {"uv": [0, 0, 16, 4], "texture": "#fire"},
				"east": {"uv": [0, 4, 4, 8], "texture": "#fire"},
				"south": {"uv": [0, 0, 16, 4], "texture": "#fire"},
				"west": {"uv": [0, 4, 4, 8], "texture": "#fire"},
				"up": {"uv": [0, 0, 16, 4], "texture": "#fire"},
				"down": {"uv": [0, 0, 16, 4], "texture": "#fire"}
			}
		},
		{
			"from": [4, 3.25, 4.5],
			"to": [14.25, 5.5, 7],
			"rotation": {"angle": -22.5, "axis": "z", "origin": [7.25, 3.25, 7]},
			"faces": {
				"north": {"uv": [0, 0, 16, 4], "texture": "#fire"},
				"east": {"uv": [0, 4, 4, 8], "texture": "#fire"},
				"south": {"uv": [0, 0, 16, 4], "texture": "#fire"},
				"west": {"uv": [0, 4, 4, 8], "texture": "#log"},
				"up": {"uv": [0, 0, 16, 4], "texture": "#log"},
				"down": {"uv": [0, 0, 16, 4], "texture": "#fire"}
			}
		},
		{
			"from": [5.25, 2.25, 2.75],
			"to": [7.25, 4, 10.5],
			"rotation": {"angle": -22.5, "axis": "x", "origin": [5, 2, 6]},
			"faces": {
				"north": {"uv": [0, 4, 4, 8], "texture": "#log"},
				"east": {"uv": [0, 0, 16, 4], "texture": "#fire"},
				"south": {"uv": [0, 4, 4, 8], "texture": "#log"},
				"west": {"uv": [0, 0, 16, 4], "texture": "#fire"},
				"up": {"uv": [0, 0, 16, 4], "rotation": 90, "texture": "#fire"},
				"down": {"uv": [0, 0, 16, 4], "rotation": 270, "texture": "#fire"}
			}
		},
		{
			"from": [5.75, 8, 4],
			"to": [7.75, 9, 7],
			"rotation": {"angle": 0, "axis": "y", "origin": [7.75, 8, 5]},
			"faces": {
				"north": {"uv": [3, 1, 5, 2], "texture": "#8"},
				"east": {"uv": [3, 1, 4, 4], "rotation": 90, "texture": "#8"},
				"south": {"uv": [3, 3, 5, 4], "texture": "#8"},
				"west": {"uv": [0, 1, 1, 4], "rotation": 270, "texture": "#8"},
				"up": {"uv": [2, 4, 0, 1], "rotation": 180, "texture": "#8"},
				"down": {"uv": [3, 2, 0, 4], "rotation": 270, "texture": "#8"}
			}
		},
		{
			"from": [3.75, 8, 9.25],
			"to": [6.75, 9, 11.25],
			"rotation": {"angle": 45, "axis": "y", "origin": [4.75, 8, 9.25]},
			"faces": {
				"north": {"uv": [3, 1, 4, 4], "rotation": 90, "texture": "#8"},
				"east": {"uv": [3, 3, 5, 4], "texture": "#8"},
				"south": {"uv": [0, 1, 1, 4], "rotation": 270, "texture": "#8"},
				"west": {"uv": [3, 1, 5, 2], "texture": "#8"},
				"up": {"uv": [2, 4, 0, 1], "rotation": 90, "texture": "#8"},
				"down": {"uv": [3, 2, 0, 4], "texture": "#8"}
			}
		},
		{
			"from": [9.5, 8, 6.5],
			"to": [12.5, 9, 8.5],
			"rotation": {"angle": -45, "axis": "y", "origin": [10.5, 8, 6.5]},
			"faces": {
				"north": {"uv": [5, 1, 6, 4], "rotation": 90, "texture": "#8"},
				"east": {"uv": [3, 3, 5, 4], "texture": "#8"},
				"south": {"uv": [0, 1, 1, 4], "rotation": 270, "texture": "#8"},
				"west": {"uv": [1, 1, 3, 2], "texture": "#8"},
				"up": {"uv": [5, 4, 3, 1], "rotation": 90, "texture": "#8"},
				"down": {"uv": [3, 2, 0, 4], "texture": "#8"}
			}
		}
	]
}