{
	"format_version": "1.21.6",
	"credit": "Made with Blockbench",
	"parent": "block/block",
	"textures": {
		"pivot": "block/grindstone_pivot",
		"round": "block/grindstone_round",
		"particle": "block/grindstone_side",
		"side": "block/grindstone_side",
		"leg": "block/dark_oak_log"
	},
	"elements": [
		{
			"from": [12, 0, 6],
			"to": [14, 7, 10],
			"faces": {
				"north": {"uv": [2, 9, 4, 16], "texture": "#leg"},
				"east": {"uv": [10, 16, 6, 9], "texture": "#leg"},
				"south": {"uv": [12, 9, 14, 16], "texture": "#leg"},
				"west": {"uv": [6, 9, 10, 16], "texture": "#leg"},
				"down": {"uv": [12, 6, 14, 10], "texture": "#leg", "cullface": "down"}
			}
		},
		{
			"from": [2, 0, 6],
			"to": [4, 7, 10],
			"faces": {
				"north": {"uv": [12, 9, 14, 16], "texture": "#leg"},
				"east": {"uv": [10, 16, 6, 9], "texture": "#leg"},
				"south": {"uv": [2, 9, 4, 16], "texture": "#leg"},
				"west": {"uv": [6, 9, 10, 16], "texture": "#leg"},
				"down": {"uv": [2, 6, 4, 10], "texture": "#leg", "cullface": "down"}
			}
		},
		{
			"from": [12, 7, 5],
			"to": [14, 13, 11],
			"faces": {
				"north": {"uv": [6, 0, 8, 6], "texture": "#pivot"},
				"east": {"uv": [0, 0, 6, 6], "texture": "#pivot"},
				"south": {"uv": [6, 0, 8, 6], "texture": "#pivot"},
				"up": {"uv": [8, 0, 10, 6], "texture": "#pivot"},
				"down": {"uv": [8, 0, 10, 6], "texture": "#pivot"}
			}
		},
		{
			"from": [2, 7, 5],
			"to": [4, 13, 11],
			"faces": {
				"north": {"uv": [6, 0, 8, 6], "texture": "#pivot"},
				"south": {"uv": [6, 0, 8, 6], "texture": "#pivot"},
				"west": {"uv": [0, 0, 6, 6], "texture": "#pivot"},
				"up": {"uv": [8, 0, 10, 6], "texture": "#pivot"},
				"down": {"uv": [8, 0, 10, 6], "texture": "#pivot"}
			}
		},
		{
			"from": [4, 5, 2],
			"to": [12, 15, 3],
			"rotation": {"angle": 0, "axis": "x", "origin": [8, 10, 8]},
			"faces": {
				"north": {"uv": [0, 1, 8, 11], "rotation": 180, "texture": "#round"},
				"east": {"uv": [1, 0, 11, 1], "rotation": 90, "texture": "#side"},
				"south": {"uv": [0, 4, 8, 8], "texture": "#round"},
				"west": {"uv": [1, 0, 11, 1], "rotation": 270, "texture": "#side"},
				"up": {"uv": [0, 0, 8, 1], "texture": "#round"},
				"down": {"uv": [0, 0, 8, 1], "rotation": 180, "texture": "#round"}
			}
		},
		{
			"from": [6, 5, 9],
			"to": [10, 15, 15],
			"rotation": {"angle": 0, "axis": "x", "origin": [8, 10, 8]},
			"faces": {
				"north": {"uv": [0, 8, 8, 4], "rotation": 180, "texture": "#round"},
				"east": {"uv": [1, 5, 11, 0], "rotation": 90, "texture": "#side"},
				"south": {"uv": [2, 11, 6, 1], "texture": "#round"},
				"west": {"uv": [1, 5, 11, 0], "rotation": 270, "texture": "#side"},
				"up": {"uv": [2, 6, 6, 1], "texture": "#round"},
				"down": {"uv": [2, 6, 6, 1], "rotation": 180, "texture": "#round"}
			}
		},
		{
			"from": [4, 5, 13],
			"to": [12, 15, 14],
			"rotation": {"angle": 0, "axis": "x", "origin": [8, 10, 8]},
			"faces": {
				"north": {"uv": [0, 8, 8, 4], "rotation": 180, "texture": "#round"},
				"east": {"uv": [1, 1, 11, 0], "rotation": 90, "texture": "#side"},
				"south": {"uv": [0, 11, 8, 1], "texture": "#round"},
				"west": {"uv": [1, 1, 11, 0], "rotation": 270, "texture": "#side"},
				"up": {"uv": [0, 1, 8, 0], "texture": "#round"},
				"down": {"uv": [0, 1, 8, 0], "rotation": 180, "texture": "#round"}
			}
		},
		{
			"from": [6, 5, 1],
			"to": [10, 15, 7],
			"rotation": {"angle": 0, "axis": "x", "origin": [8, 10, 8]},
			"faces": {
				"north": {"uv": [2, 1, 6, 11], "rotation": 180, "texture": "#round"},
				"east": {"uv": [1, 0, 11, 5], "rotation": 90, "texture": "#side"},
				"south": {"uv": [0, 4, 8, 8], "texture": "#round"},
				"west": {"uv": [1, 0, 11, 5], "rotation": 270, "texture": "#side"},
				"up": {"uv": [2, 1, 6, 6], "texture": "#round"},
				"down": {"uv": [2, 1, 6, 6], "rotation": 180, "texture": "#round"}
			}
		},
		{
			"from": [4, 5, 3],
			"to": [12, 15, 13],
			"rotation": {"angle": 0, "axis": "y", "origin": [4, 5, 3]},
			"faces": {
				"north": {"uv": [0, 0, 8, 10], "texture": "#missing"},
				"east": {"uv": [1, 1, 11, 11], "texture": "#side"},
				"south": {"uv": [0, 0, 8, 10], "texture": "#missing"},
				"west": {"uv": [1, 1, 11, 11], "texture": "#side"},
				"up": {"uv": [0, 0, 8, 10], "texture": "#missing"},
				"down": {"uv": [0, 0, 8, 10], "texture": "#missing"}
			}
		},
		{
			"from": [4, 15, 3],
			"to": [12, 16, 13],
			"rotation": {"angle": 0, "axis": "y", "origin": [4.5, 8.25, 6]},
			"faces": {
				"north": {"uv": [0, 0, 8, 1], "texture": "#round"},
				"east": {"uv": [1, 0, 11, 1], "texture": "#side"},
				"south": {"uv": [0, 0, 8, 1], "texture": "#round"},
				"west": {"uv": [1, 0, 11, 1], "texture": "#side"},
				"up": {"uv": [0, 1, 8, 11], "texture": "#round"},
				"down": {"uv": [0, 4, 8, 8], "texture": "#round"}
			}
		},
		{
			"from": [6, 10.99, 3],
			"to": [10, 16.99, 13],
			"rotation": {"angle": 0, "axis": "y", "origin": [4.5, 8.25, 6]},
			"faces": {
				"north": {"uv": [2, 1, 6, 6], "texture": "#round"},
				"east": {"uv": [1, 0, 11, 5], "texture": "#side"},
				"south": {"uv": [2, 1, 6, 6], "texture": "#round"},
				"west": {"uv": [1, 0, 11, 5], "texture": "#side"},
				"up": {"uv": [2, 1, 6, 11], "texture": "#round"},
				"down": {"uv": [0, 4, 8, 8], "texture": "#round"}
			}
		},
		{
			"from": [6, 3, 3],
			"to": [10, 9, 13],
			"rotation": {"angle": 0, "axis": "y", "origin": [4.5, 8.25, 6]},
			"faces": {
				"north": {"uv": [2, 6, 6, 1], "texture": "#round"},
				"east": {"uv": [1, 5, 11, 0], "texture": "#side"},
				"south": {"uv": [2, 6, 6, 1], "texture": "#round"},
				"west": {"uv": [1, 5, 11, 0], "texture": "#side"},
				"up": {"uv": [0, 8, 8, 4], "texture": "#round"},
				"down": {"uv": [2, 11, 6, 1], "texture": "#round"}
			}
		},
		{
			"from": [4, 4, 3],
			"to": [12, 5, 13],
			"rotation": {"angle": 0, "axis": "y", "origin": [4.5, 8.25, 6]},
			"faces": {
				"north": {"uv": [0, 1, 8, 0], "texture": "#round"},
				"east": {"uv": [1, 1, 11, 0], "texture": "#side"},
				"south": {"uv": [0, 1, 8, 0], "texture": "#round"},
				"west": {"uv": [1, 1, 11, 0], "texture": "#side"},
				"up": {"uv": [0, 8, 8, 4], "texture": "#round"},
				"down": {"uv": [0, 11, 8, 1], "texture": "#round"}
			}
		},
		{
			"from": [4.01, 14.29289, 1.89289],
			"to": [11.99, 15.29289, 3.29289],
			"rotation": {"angle": -45, "axis": "x", "origin": [4, 15.29289, 2.29289]},
			"faces": {
				"north": {"uv": [8, 1, 0, 2], "rotation": 180, "texture": "#round"},
				"east": {"uv": [0, 1, 1, 2], "rotation": 180, "texture": "#round"},
				"south": {"uv": [8, 1, 0, 2], "rotation": 180, "texture": "#round"},
				"west": {"uv": [7, 1, 8, 2], "rotation": 180, "texture": "#round"},
				"up": {"uv": [0, 1, 8, 2], "rotation": 180, "texture": "#round"},
				"down": {"uv": [8, 1, 0, 2], "rotation": 180, "texture": "#round"}
			}
		},
		{
			"from": [4.01, 14.29289, 12.70711],
			"to": [11.99, 15.29289, 14.10711],
			"rotation": {"angle": 45, "axis": "x", "origin": [4, 15.29289, 13.70711]},
			"faces": {
				"north": {"uv": [0, 1, 8, 2], "rotation": 180, "texture": "#round"},
				"east": {"uv": [1, 1, 0, 2], "rotation": 180, "texture": "#round"},
				"south": {"uv": [0, 1, 8, 2], "rotation": 180, "texture": "#round"},
				"west": {"uv": [8, 1, 7, 2], "rotation": 180, "texture": "#round"},
				"up": {"uv": [0, 2, 8, 1], "rotation": 180, "texture": "#round"},
				"down": {"uv": [8, 2, 0, 1], "rotation": 180, "texture": "#round"}
			}
		},
		{
			"from": [6.01, 15.2829, 12.70711],
			"to": [9.99, 16.2829, 15.53711],
			"rotation": {"angle": 45, "axis": "x", "origin": [4, 16.29289, 13.70711]},
			"faces": {
				"north": {"uv": [6, 1, 5, 4], "rotation": 90, "texture": "#round"},
				"east": {"uv": [8, 1, 7, 4], "rotation": 90, "texture": "#round"},
				"south": {"uv": [6, 1, 5, 4], "rotation": 90, "texture": "#round"},
				"west": {"uv": [8, 1, 7, 4], "rotation": 90, "texture": "#round"},
				"up": {"uv": [2, 4, 6, 1], "rotation": 180, "texture": "#round"},
				"down": {"uv": [2, 4, 6, 1], "rotation": 180, "texture": "#round"}
			}
		},
		{
			"from": [6.01, 15.2829, 0.46289],
			"to": [9.99, 16.2829, 3.29289],
			"rotation": {"angle": -45, "axis": "x", "origin": [4, 16.29289, 2.29289]},
			"faces": {
				"north": {"uv": [6, 4, 5, 1], "rotation": 90, "texture": "#round"},
				"east": {"uv": [8, 1, 7, 4], "rotation": 90, "texture": "#round"},
				"south": {"uv": [6, 4, 5, 1], "rotation": 90, "texture": "#round"},
				"west": {"uv": [8, 1, 7, 4], "rotation": 90, "texture": "#round"},
				"up": {"uv": [2, 1, 6, 4], "rotation": 180, "texture": "#round"},
				"down": {"uv": [2, 1, 6, 4], "rotation": 180, "texture": "#round"}
			}
		},
		{
			"from": [6.01, 3.70711, 12.70711],
			"to": [9.99, 4.70711, 15.53711],
			"rotation": {"angle": -45, "axis": "x", "origin": [4, 3.70711, 13.70711]},
			"faces": {
				"north": {"uv": [5, 1, 6, 4], "rotation": 90, "texture": "#round"},
				"east": {"uv": [8, 1, 7, 4], "rotation": 90, "texture": "#round"},
				"south": {"uv": [5, 1, 6, 4], "rotation": 90, "texture": "#round"},
				"west": {"uv": [8, 1, 7, 4], "rotation": 90, "texture": "#round"},
				"up": {"uv": [2, 1, 6, 4], "rotation": 180, "texture": "#round"},
				"down": {"uv": [2, 1, 6, 4], "rotation": 180, "texture": "#round"}
			}
		},
		{
			"from": [6.01, 3.70711, 0.46289],
			"to": [9.99, 4.70711, 3.29289],
			"rotation": {"angle": 45, "axis": "x", "origin": [4, 3.70711, 2.29289]},
			"faces": {
				"north": {"uv": [5, 4, 6, 1], "rotation": 90, "texture": "#round"},
				"east": {"uv": [5, 4, 6, 1], "rotation": 90, "texture": "#round"},
				"south": {"uv": [5, 4, 6, 1], "rotation": 90, "texture": "#round"},
				"west": {"uv": [8, 1, 7, 4], "rotation": 90, "texture": "#round"},
				"up": {"uv": [2, 4, 6, 1], "rotation": 180, "texture": "#round"},
				"down": {"uv": [2, 4, 6, 1], "rotation": 180, "texture": "#round"}
			}
		},
		{
			"from": [4.01, 4.70711, 1.89289],
			"to": [11.99, 5.70711, 3.29289],
			"rotation": {"angle": 45, "axis": "x", "origin": [4, 4.70711, 2.29289]},
			"faces": {
				"north": {"uv": [8, 2, 0, 1], "rotation": 180, "texture": "#round"},
				"east": {"uv": [0, 2, 1, 1], "rotation": 180, "texture": "#round"},
				"south": {"uv": [8, 2, 0, 1], "rotation": 180, "texture": "#round"},
				"west": {"uv": [7, 2, 8, 1], "rotation": 180, "texture": "#round"},
				"up": {"uv": [8, 2, 0, 1], "rotation": 180, "texture": "#round"},
				"down": {"uv": [0, 2, 8, 1], "rotation": 180, "texture": "#round"}
			}
		},
		{
			"from": [4.01, 4.70711, 12.70711],
			"to": [11.99, 5.70711, 14.10711],
			"rotation": {"angle": -45, "axis": "x", "origin": [4, 4.70711, 13.70711]},
			"faces": {
				"north": {"uv": [0, 2, 8, 1], "rotation": 180, "texture": "#round"},
				"east": {"uv": [1, 2, 0, 1], "rotation": 180, "texture": "#round"},
				"south": {"uv": [0, 2, 8, 1], "rotation": 180, "texture": "#round"},
				"west": {"uv": [8, 2, 7, 1], "rotation": 180, "texture": "#round"},
				"up": {"uv": [8, 1, 0, 2], "rotation": 180, "texture": "#round"},
				"down": {"uv": [0, 1, 8, 2], "rotation": 180, "texture": "#round"}
			}
		}
	]
}