{
	"format_version": "1.21.6",
	"credit": "Made with Blockbench",
	"ambientocclusion": false,
	"textures": {
		"particle": "block/iron_bars",
		"edge": "block/iron_bars"
	},
	"elements": [
		{
			"from": [8, 0, 0],
			"to": [8, 16, 8],
			"faces": {
				"north": {"uv": [0, 0, 0, 0], "texture": "#edge"},
				"east": {"uv": [8, 0, 16, 16], "texture": "#edge"},
				"south": {"uv": [0, 0, 0, 0], "texture": "#edge"},
				"west": {"uv": [16, 0, 8, 16], "texture": "#edge"},
				"up": {"uv": [0, 0, 0, 0], "texture": "#edge"},
				"down": {"uv": [0, 0, 0, 0], "texture": "#edge"}
			}
		},
		{
			"from": [7, 0, 2],
			"to": [9, 16, 4],
			"rotation": {"angle": 0, "axis": "y", "origin": [7, 0, 2]},
			"faces": {
				"north": {"uv": [7, 0, 9, 16], "texture": "#edge"},
				"east": {"uv": [7, 0, 9, 16], "texture": "#edge"},
				"south": {"uv": [7, 0, 9, 16], "texture": "#edge"},
				"west": {"uv": [7, 0, 9, 16], "texture": "#edge"},
				"up": {"uv": [7, 0, 9, 1], "texture": "#edge"},
				"down": {"uv": [2, 14, 4, 16], "texture": "#edge"}
			}
		},
		{
			"from": [7.05, 0, 7],
			"to": [8.95, 16, 8],
			"rotation": {"angle": 0, "axis": "y", "origin": [7, 0, 7]},
			"faces": {
				"north": {"uv": [9, 0, 7, 16], "texture": "#edge"},
				"east": {"uv": [7, 0, 8, 16], "texture": "#edge"},
				"south": {"uv": [9, 0, 7, 16], "texture": "#edge"},
				"west": {"uv": [7, 0, 8, 16], "texture": "#edge"},
				"up": {"uv": [7, 0, 9, 1], "texture": "#edge"},
				"down": {"uv": [7, 15, 9, 16], "texture": "#edge"}
			}
		},
		{
			"from": [7.5, 2, 4],
			"to": [8.5, 4, 7],
			"rotation": {"angle": 0, "axis": "y", "origin": [7.5, 2, 4]},
			"faces": {
				"north": {"uv": [0, 0, 1, 2], "texture": "#edge"},
				"east": {"uv": [9, 12, 12, 14], "texture": "#edge"},
				"south": {"uv": [0, 0, 1, 2], "texture": "#edge"},
				"west": {"uv": [9, 12, 12, 14], "texture": "#edge"},
				"up": {"uv": [12, 12, 9, 13], "rotation": 90, "texture": "#edge"},
				"down": {"uv": [9, 13, 12, 14], "rotation": 90, "texture": "#edge"}
			}
		},
		{
			"from": [7.5, 7, 0],
			"to": [8.5, 9, 2],
			"rotation": {"angle": 0, "axis": "y", "origin": [7.5, 7, 0]},
			"faces": {
				"north": {"uv": [15, 7, 16, 9], "texture": "#edge"},
				"east": {"uv": [14, 7, 16, 9], "texture": "#edge"},
				"south": {"uv": [0, 0, 1, 2], "texture": "#edge"},
				"west": {"uv": [16, 7, 14, 9], "texture": "#edge"},
				"up": {"uv": [16, 7, 14, 8], "rotation": 90, "texture": "#edge"},
				"down": {"uv": [14, 8, 16, 9], "rotation": 90, "texture": "#edge"}
			}
		}
	]
}