{
	"format_version": "1.21.6",
	"credit": "Made with Blockbench",
	"parent": "minecraft:block/orientable",
	"textures": {
		"3": "block/jack_o_lantern_block_inside",
		"5": "block/jack_o_lantern",
		"6": "block/quartz_block_top",
		"particle": "block/jack_o_lantern",
		"front": "block/carved_pumpkin",
		"side": "block/pumpkin_side",
		"top": "block/pumpkin_top",
		"stem": "block/pumpkin_top_stem"
	},
	"elements": [
		{
			"from": [0, 0, 15],
			"to": [16, 16, 16],
			"rotation": {"angle": 0, "axis": "y", "origin": [0, 0, 16]},
			"faces": {
				"north": {"uv": [16, 0, 0, 16], "texture": "#3", "cullface": "north"},
				"east": {"uv": [16, 0, 15, 16], "texture": "#side", "cullface": "east"},
				"south": {"uv": [16, 0, 0, 16], "texture": "#side", "cullface": "south"},
				"west": {"uv": [16, 0, 15, 16], "texture": "#side", "cullface": "west"},
				"up": {"uv": [0, 16, 16, 15], "texture": "#top", "cullface": "up"},
				"down": {"uv": [0, 16, 16, 15], "texture": "#side", "cullface": "down"}
			}
		},
		{
			"from": [0, 0, 1],
			"to": [1, 16, 15],
			"rotation": {"angle": 0, "axis": "y", "origin": [8, 8, 8]},
			"faces": {
				"north": {"uv": [0, 0, 1, 16], "texture": "#side", "cullface": "west"},
				"east": {"uv": [1, 0, 15, 16], "texture": "#3", "cullface": "north"},
				"south": {"uv": [0, 0, 1, 16], "texture": "#side", "cullface": "west"},
				"west": {"uv": [1, 0, 15, 16], "texture": "#side", "cullface": "west"},
				"up": {"uv": [16, 1, 15, 15], "texture": "#top", "cullface": "up"},
				"down": {"uv": [0, 1, 1, 15], "texture": "#side", "cullface": "down"}
			}
		},
		{
			"from": [15, 0, 1],
			"to": [16, 16, 15],
			"rotation": {"angle": 0, "axis": "y", "origin": [8, 8, 8]},
			"faces": {
				"north": {"uv": [16, 0, 15, 16], "texture": "#side", "cullface": "east"},
				"east": {"uv": [15, 0, 1, 16], "texture": "#side", "cullface": "east"},
				"south": {"uv": [16, 0, 15, 16], "texture": "#side", "cullface": "east"},
				"west": {"uv": [15, 0, 1, 16], "texture": "#3", "cullface": "north"},
				"up": {"uv": [1, 1, 0, 15], "texture": "#top", "cullface": "up"},
				"down": {"uv": [15, 1, 16, 15], "texture": "#side", "cullface": "down"}
			}
		},
		{
			"from": [1, 15, 1],
			"to": [15, 16, 15],
			"rotation": {"angle": 0, "axis": "y", "origin": [0, 16, 0]},
			"faces": {
				"north": {"uv": [0, 0, 14, 1], "rotation": 180, "texture": "#side", "cullface": "up"},
				"east": {"uv": [0, 0, 1, 14], "rotation": 270, "texture": "#side", "cullface": "up"},
				"south": {"uv": [0, 0, 14, 1], "texture": "#top", "cullface": "up"},
				"west": {"uv": [0, 0, 1, 14], "rotation": 90, "texture": "#side", "cullface": "up"},
				"up": {"uv": [1, 1, 15, 15], "rotation": 180, "texture": "#top", "cullface": "up"},
				"down": {"uv": [1, 1, 15, 15], "texture": "#3", "cullface": "north"}
			}
		},
		{
			"from": [1, 0, 1],
			"to": [15, 1, 15],
			"faces": {
				"north": {"uv": [0, 1, 14, 0], "rotation": 180, "texture": "#side", "cullface": "down"},
				"east": {"uv": [1, 0, 0, 14], "rotation": 270, "texture": "#side", "cullface": "down"},
				"south": {"uv": [0, 1, 14, 0], "texture": "#top", "cullface": "down"},
				"west": {"uv": [1, 0, 0, 14], "rotation": 90, "texture": "#side", "cullface": "down"},
				"up": {"uv": [1, 15, 15, 1], "texture": "#3", "cullface": "north"},
				"down": {"uv": [15, 15, 1, 1], "rotation": 180, "texture": "#side", "cullface": "down"}
			}
		},
		{
			"from": [0, 14, 0],
			"to": [16, 16, 1],
			"faces": {
				"north": {"uv": [0, 0, 16, 2], "texture": "#5", "cullface": "north"},
				"east": {"uv": [0, 0, 1, 2], "texture": "#5", "cullface": "east"},
				"south": {"uv": [0, 0, 16, 2], "texture": "#5", "cullface": "north"},
				"west": {"uv": [0, 0, 1, 2], "texture": "#5", "cullface": "west"},
				"up": {"uv": [0, 0, 16, 1], "texture": "#5", "cullface": "up"},
				"down": {"uv": [0, 0, 16, 1], "texture": "#5", "cullface": "north"}
			}
		},
		{
			"from": [14, 2, 0],
			"to": [16, 14, 1],
			"rotation": {"angle": 0, "axis": "y", "origin": [14, 0, 0]},
			"faces": {
				"north": {"uv": [0, 2, 2, 14], "texture": "#5", "cullface": "north"},
				"east": {"uv": [0, 2, 1, 14], "texture": "#5", "cullface": "east"},
				"south": {"uv": [0, 0, 2, 12], "texture": "#5", "cullface": "north"},
				"west": {"uv": [0, 2, 1, 14], "texture": "#5", "cullface": "north"},
				"up": {"uv": [0, 0, 2, 1], "texture": "#5", "cullface": "north"},
				"down": {"uv": [0, 0, 2, 1], "texture": "#5", "cullface": "north"}
			}
		},
		{
			"from": [13, 8, 0],
			"to": [14, 14, 1],
			"rotation": {"angle": 0, "axis": "y", "origin": [12, 4, 0]},
			"faces": {
				"north": {"uv": [2, 2, 3, 8], "texture": "#5", "cullface": "north"},
				"east": {"uv": [7, 2, 8, 8], "texture": "#5", "cullface": "north"},
				"south": {"uv": [9, 2, 7, 8], "texture": "#5", "cullface": "north"},
				"west": {"uv": [2, 2, 3, 8], "texture": "#5", "cullface": "north"},
				"up": {"uv": [2, 2, 3, 3], "texture": "#5", "cullface": "north"},
				"down": {"uv": [2, 7, 3, 8], "texture": "#5", "cullface": "north"}
			}
		},
		{
			"from": [12, 12, 0],
			"to": [13, 14, 1],
			"rotation": {"angle": 0, "axis": "y", "origin": [5, 10, 0]},
			"faces": {
				"north": {"uv": [3, 2, 4, 4], "texture": "#5", "cullface": "north"},
				"east": {"uv": [7, 13, 8, 14], "texture": "#5", "cullface": "north"},
				"south": {"uv": [3, 2, 4, 4], "texture": "#5", "cullface": "north"},
				"west": {"uv": [3, 2, 4, 4], "texture": "#5", "cullface": "north"},
				"up": {"uv": [4, 13, 6, 14], "texture": "#5", "cullface": "north"},
				"down": {"uv": [3, 3, 4, 4], "texture": "#5", "cullface": "north"}
			}
		},
		{
			"from": [9, 13, 0],
			"to": [10, 14, 1],
			"rotation": {"angle": 0, "axis": "y", "origin": [2, 10, 0]},
			"faces": {
				"north": {"uv": [8, 12, 9, 13], "texture": "#5", "cullface": "north"},
				"east": {"uv": [8, 12, 9, 13], "texture": "#5", "cullface": "north"},
				"south": {"uv": [8, 12, 9, 13], "texture": "#5", "cullface": "north"},
				"west": {"uv": [8, 12, 9, 13], "texture": "#5", "cullface": "north"},
				"up": {"uv": [8, 12, 9, 13], "texture": "#5", "cullface": "north"},
				"down": {"uv": [8, 12, 9, 13], "texture": "#5", "cullface": "north"}
			}
		},
		{
			"from": [7, 8, 0],
			"to": [9, 14, 1],
			"rotation": {"angle": 0, "axis": "y", "origin": [6, 4, 0]},
			"faces": {
				"north": {"uv": [7, 2, 9, 8], "texture": "#5", "cullface": "north"},
				"east": {"uv": [7, 2, 8, 8], "texture": "#5", "cullface": "north"},
				"south": {"uv": [9, 2, 7, 8], "texture": "#5", "cullface": "north"},
				"west": {"uv": [8, 2, 9, 8], "texture": "#5", "cullface": "north"},
				"up": {"uv": [14, 8, 2, 9], "texture": "#5", "cullface": "north"},
				"down": {"uv": [14, 8, 2, 9], "texture": "#5", "cullface": "north"}
			}
		},
		{
			"from": [6, 13, 0],
			"to": [7, 14, 1],
			"rotation": {"angle": 0, "axis": "y", "origin": [-1, 10, 0]},
			"faces": {
				"north": {"uv": [8, 12, 9, 13], "texture": "#5", "cullface": "north"},
				"east": {"uv": [8, 12, 9, 13], "texture": "#5", "cullface": "north"},
				"south": {"uv": [8, 12, 9, 13], "texture": "#5", "cullface": "north"},
				"west": {"uv": [8, 12, 9, 13], "texture": "#5", "cullface": "north"},
				"up": {"uv": [8, 12, 9, 13], "texture": "#5", "cullface": "north"},
				"down": {"uv": [8, 12, 9, 13], "texture": "#5", "cullface": "north"}
			}
		},
		{
			"from": [4, 13, 0],
			"to": [5, 14, 1],
			"rotation": {"angle": 0, "axis": "y", "origin": [-3, 10, 0]},
			"faces": {
				"north": {"uv": [2, 9, 3, 10], "texture": "#5", "cullface": "north"},
				"east": {"uv": [5, 12, 6, 13], "texture": "#5", "cullface": "north"},
				"south": {"uv": [5, 12, 6, 13], "texture": "#5", "cullface": "north"},
				"west": {"uv": [2, 9, 3, 10], "texture": "#5", "cullface": "north"},
				"up": {"uv": [5, 12, 6, 13], "texture": "#5", "cullface": "north"},
				"down": {"uv": [2, 9, 3, 10], "texture": "#5", "cullface": "north"}
			}
		},
		{
			"from": [2, 12, 0],
			"to": [4, 14, 1],
			"rotation": {"angle": 0, "axis": "y", "origin": [-2, 10, 0]},
			"faces": {
				"north": {"uv": [12, 2, 14, 4], "texture": "#5", "cullface": "north"},
				"east": {"uv": [13, 2, 12, 4], "texture": "#5", "cullface": "north"},
				"south": {"uv": [4, 13, 6, 14], "texture": "#5", "cullface": "north"},
				"west": {"uv": [13, 4, 12, 2], "texture": "#5", "cullface": "north"},
				"up": {"uv": [12, 3, 14, 4], "texture": "#5", "cullface": "north"},
				"down": {"uv": [14, 3, 12, 4], "texture": "#5", "cullface": "north"}
			}
		},
		{
			"from": [2, 10, 0],
			"to": [3, 12, 1],
			"rotation": {"angle": 0, "axis": "y", "origin": [-5, 8, 0]},
			"faces": {
				"north": {"uv": [13, 4, 14, 6], "texture": "#5", "cullface": "north"},
				"east": {"uv": [13, 4, 14, 6], "texture": "#5", "cullface": "north"},
				"south": {"uv": [13, 4, 14, 6], "texture": "#5", "cullface": "north"},
				"west": {"uv": [13, 4, 14, 6], "texture": "#5", "cullface": "north"},
				"up": {"uv": [13, 4, 14, 6], "texture": "#5", "cullface": "north"},
				"down": {"uv": [13, 4, 14, 6], "texture": "#5", "cullface": "north"}
			}
		},
		{
			"from": [0, 5, 0],
			"to": [2, 14, 1],
			"rotation": {"angle": 0, "axis": "y", "origin": [2, 0, 0]},
			"faces": {
				"north": {"uv": [14, 2, 16, 11], "texture": "#5", "cullface": "north"},
				"east": {"uv": [1, 2, 0, 14], "texture": "#5", "cullface": "north"},
				"south": {"uv": [2, 0, 0, 12], "texture": "#5", "cullface": "north"},
				"west": {"uv": [16, 2, 15, 11], "texture": "#5", "cullface": "west"},
				"up": {"uv": [2, 0, 0, 1], "texture": "#5", "cullface": "north"},
				"down": {"uv": [2, 0, 0, 1], "texture": "#5", "cullface": "north"}
			}
		},
		{
			"from": [2, 7, 0],
			"to": [14, 8, 1],
			"rotation": {"angle": 0, "axis": "y", "origin": [6, 4, 0]},
			"faces": {
				"north": {"uv": [2, 8, 14, 9], "texture": "#5", "cullface": "north"},
				"east": {"uv": [2, 8, 3, 9], "texture": "#5", "cullface": "north"},
				"south": {"uv": [14, 8, 2, 9], "texture": "#5", "cullface": "north"},
				"west": {"uv": [5, 12, 6, 13], "texture": "#5", "cullface": "north"},
				"up": {"uv": [14, 8, 2, 9], "texture": "#5", "cullface": "north"},
				"down": {"uv": [14, 8, 2, 9], "texture": "#5", "cullface": "north"}
			}
		},
		{
			"from": [6, 8, 0],
			"to": [7, 9, 1],
			"rotation": {"angle": 0, "axis": "y", "origin": [-1, 5, 0]},
			"faces": {
				"north": {"uv": [5, 12, 6, 13], "texture": "#5", "cullface": "north"},
				"east": {"uv": [5, 12, 6, 13], "texture": "#5", "cullface": "north"},
				"south": {"uv": [5, 12, 6, 13], "texture": "#5", "cullface": "north"},
				"west": {"uv": [5, 12, 6, 13], "texture": "#5", "cullface": "north"},
				"up": {"uv": [5, 12, 6, 13], "texture": "#5", "cullface": "north"},
				"down": {"uv": [5, 12, 6, 13], "texture": "#5", "cullface": "north"}
			}
		},
		{
			"from": [9, 8, 0],
			"to": [10, 9, 1],
			"rotation": {"angle": 0, "axis": "y", "origin": [2, 5, 0]},
			"faces": {
				"north": {"uv": [2, 9, 3, 10], "texture": "#5", "cullface": "north"},
				"east": {"uv": [5, 12, 6, 13], "texture": "#5", "cullface": "north"},
				"south": {"uv": [5, 12, 6, 13], "texture": "#5", "cullface": "north"},
				"west": {"uv": [2, 9, 3, 10], "texture": "#5", "cullface": "north"},
				"up": {"uv": [5, 12, 6, 13], "texture": "#5", "cullface": "north"},
				"down": {"uv": [2, 9, 3, 10], "texture": "#5", "cullface": "north"}
			}
		},
		{
			"from": [12, 8, 0],
			"to": [13, 9, 1],
			"rotation": {"angle": 0, "axis": "y", "origin": [5, 5, 0]},
			"faces": {
				"north": {"uv": [5, 12, 6, 13], "texture": "#5", "cullface": "north"},
				"east": {"uv": [5, 12, 6, 13], "texture": "#5", "cullface": "north"},
				"south": {"uv": [5, 12, 6, 13], "texture": "#5", "cullface": "north"},
				"west": {"uv": [5, 12, 6, 13], "texture": "#5", "cullface": "north"},
				"up": {"uv": [5, 12, 6, 13], "texture": "#5", "cullface": "north"},
				"down": {"uv": [5, 12, 6, 13], "texture": "#5", "cullface": "north"}
			}
		},
		{
			"from": [13, 2, 0],
			"to": [14, 4, 1],
			"rotation": {"angle": 0, "axis": "y", "origin": [6, 0, 0]},
			"faces": {
				"north": {"uv": [4, 13, 6, 14], "texture": "#5", "cullface": "north"},
				"east": {"uv": [7, 13, 8, 14], "texture": "#5", "cullface": "north"},
				"south": {"uv": [4, 13, 6, 14], "texture": "#5", "cullface": "north"},
				"west": {"uv": [11, 13, 10, 14], "texture": "#5", "cullface": "north"},
				"up": {"uv": [4, 13, 6, 14], "texture": "#5", "cullface": "north"},
				"down": {"uv": [4, 13, 6, 14], "texture": "#5", "cullface": "north"}
			}
		},
		{
			"from": [13, 6, 0],
			"to": [14, 7, 1],
			"rotation": {"angle": 0, "axis": "y", "origin": [6, 3, 0]},
			"faces": {
				"north": {"uv": [2, 9, 3, 10], "texture": "#5", "cullface": "north"},
				"east": {"uv": [5, 12, 6, 13], "texture": "#5", "cullface": "north"},
				"south": {"uv": [5, 12, 6, 13], "texture": "#5", "cullface": "north"},
				"west": {"uv": [2, 9, 3, 10], "texture": "#5", "cullface": "north"},
				"up": {"uv": [5, 12, 6, 13], "texture": "#5", "cullface": "north"},
				"down": {"uv": [2, 9, 3, 10], "texture": "#5", "cullface": "north"}
			}
		},
		{
			"from": [11, 6, 0],
			"to": [12, 7, 1],
			"rotation": {"angle": 0, "axis": "y", "origin": [4, 3, 0]},
			"faces": {
				"north": {"uv": [4, 9, 5, 10], "texture": "#5", "cullface": "north"},
				"east": {"uv": [4, 9, 5, 10], "texture": "#5", "cullface": "north"},
				"south": {"uv": [5, 12, 6, 13], "texture": "#5", "cullface": "north"},
				"west": {"uv": [4, 9, 5, 10], "texture": "#5", "cullface": "north"},
				"up": {"uv": [5, 12, 6, 13], "texture": "#5", "cullface": "north"},
				"down": {"uv": [4, 9, 5, 10], "texture": "#5", "cullface": "north"}
			}
		},
		{
			"from": [8, 6, 0],
			"to": [10, 7, 1],
			"rotation": {"angle": 0, "axis": "y", "origin": [4, 4, 0]},
			"faces": {
				"north": {"uv": [6, 9, 8, 10], "texture": "#5", "cullface": "north"},
				"east": {"uv": [7, 9, 6, 10], "texture": "#5", "cullface": "north"},
				"south": {"uv": [8, 9, 6, 10], "texture": "#5", "cullface": "north"},
				"west": {"uv": [8, 9, 7, 10], "texture": "#5", "cullface": "north"},
				"up": {"uv": [8, 9, 6, 10], "texture": "#5", "cullface": "north"},
				"down": {"uv": [8, 9, 6, 10], "texture": "#5", "cullface": "north"}
			}
		},
		{
			"from": [5, 6, 0],
			"to": [7, 7, 1],
			"rotation": {"angle": 0, "axis": "y", "origin": [1, 4, 0]},
			"faces": {
				"north": {"uv": [9, 9, 11, 10], "texture": "#5", "cullface": "north"},
				"east": {"uv": [9, 9, 11, 10], "texture": "#5", "cullface": "north"},
				"south": {"uv": [9, 9, 11, 10], "texture": "#5", "cullface": "north"},
				"west": {"uv": [9, 9, 11, 10], "texture": "#5", "cullface": "north"},
				"up": {"uv": [9, 9, 11, 10], "texture": "#5", "cullface": "north"},
				"down": {"uv": [9, 9, 11, 10], "texture": "#5", "cullface": "north"}
			}
		},
		{
			"from": [3, 6, 0],
			"to": [4, 7, 1],
			"rotation": {"angle": 0, "axis": "y", "origin": [-4, 3, 0]},
			"faces": {
				"north": {"uv": [4, 9, 5, 10], "texture": "#5", "cullface": "north"},
				"east": {"uv": [4, 9, 5, 10], "texture": "#5", "cullface": "north"},
				"south": {"uv": [5, 12, 6, 13], "texture": "#5", "cullface": "north"},
				"west": {"uv": [4, 9, 5, 10], "texture": "#5", "cullface": "north"},
				"up": {"uv": [5, 12, 6, 13], "texture": "#5", "cullface": "north"},
				"down": {"uv": [4, 9, 5, 10], "texture": "#5", "cullface": "north"}
			}
		},
		{
			"from": [3, 3, 0],
			"to": [4, 4, 1],
			"rotation": {"angle": 0, "axis": "y", "origin": [-4, 0, 0]},
			"faces": {
				"north": {"uv": [8, 12, 9, 13], "texture": "#5", "cullface": "north"},
				"east": {"uv": [8, 12, 9, 13], "texture": "#5", "cullface": "north"},
				"south": {"uv": [8, 12, 9, 13], "texture": "#5", "cullface": "north"},
				"west": {"uv": [8, 12, 9, 13], "texture": "#5", "cullface": "north"},
				"up": {"uv": [8, 12, 9, 13], "texture": "#5", "cullface": "north"},
				"down": {"uv": [8, 12, 9, 13], "texture": "#5", "cullface": "north"}
			}
		},
		{
			"from": [1, 2, 0],
			"to": [4, 3, 1],
			"rotation": {"angle": 0, "axis": "y", "origin": [2, 0, 0]},
			"faces": {
				"north": {"uv": [12, 13, 15, 14], "texture": "#5", "cullface": "north"},
				"east": {"uv": [12, 13, 13, 14], "texture": "#5", "cullface": "north"},
				"south": {"uv": [15, 13, 12, 14], "texture": "#5", "cullface": "north"},
				"west": {"uv": [16, 11, 15, 14], "texture": "#5", "cullface": "north"},
				"up": {"uv": [15, 13, 12, 14], "texture": "#5", "cullface": "north"},
				"down": {"uv": [15, 13, 12, 14], "texture": "#5", "cullface": "north"}
			}
		},
		{
			"from": [0, 2, 0],
			"to": [1, 5, 1],
			"rotation": {"angle": 0, "axis": "y", "origin": [2, 0, 0]},
			"faces": {
				"north": {"uv": [15, 11, 16, 14], "texture": "#5", "cullface": "north"},
				"east": {"uv": [16, 11, 15, 14], "texture": "#5", "cullface": "north"},
				"south": {"uv": [2, 0, 0, 12], "texture": "#5", "cullface": "north"},
				"west": {"uv": [16, 11, 15, 14], "texture": "#5", "cullface": "west"},
				"up": {"uv": [2, 0, 0, 1], "texture": "#5", "cullface": "north"},
				"down": {"uv": [2, 0, 0, 1], "texture": "#5", "cullface": "north"}
			}
		},
		{
			"from": [5, 2, 0],
			"to": [9, 3, 1],
			"rotation": {"angle": 0, "axis": "y", "origin": [6, 0, 0]},
			"faces": {
				"north": {"uv": [7, 13, 11, 14], "texture": "#5", "cullface": "north"},
				"east": {"uv": [7, 13, 8, 14], "texture": "#5", "cullface": "north"},
				"south": {"uv": [11, 13, 7, 14], "texture": "#5", "cullface": "north"},
				"west": {"uv": [11, 13, 10, 14], "texture": "#5", "cullface": "north"},
				"up": {"uv": [11, 13, 7, 14], "texture": "#5", "cullface": "north"},
				"down": {"uv": [11, 13, 7, 14], "texture": "#5", "cullface": "north"}
			}
		},
		{
			"from": [10, 2, 0],
			"to": [12, 3, 1],
			"rotation": {"angle": 0, "axis": "y", "origin": [6, 0, 0]},
			"faces": {
				"north": {"uv": [4, 13, 6, 14], "texture": "#5", "cullface": "north"},
				"east": {"uv": [7, 13, 8, 14], "texture": "#5", "cullface": "north"},
				"south": {"uv": [4, 13, 6, 14], "texture": "#5", "cullface": "north"},
				"west": {"uv": [11, 13, 10, 14], "texture": "#5", "cullface": "north"},
				"up": {"uv": [4, 13, 6, 14], "texture": "#5", "cullface": "north"},
				"down": {"uv": [4, 13, 6, 14], "texture": "#5", "cullface": "north"}
			}
		},
		{
			"from": [10, 3, 0],
			"to": [11, 4, 1],
			"rotation": {"angle": 0, "axis": "y", "origin": [3, 0, 0]},
			"faces": {
				"north": {"uv": [5, 12, 6, 13], "texture": "#5", "cullface": "north"},
				"east": {"uv": [5, 12, 6, 13], "texture": "#5", "cullface": "north"},
				"south": {"uv": [5, 12, 6, 13], "texture": "#5", "cullface": "north"},
				"west": {"uv": [5, 12, 6, 13], "texture": "#5", "cullface": "north"},
				"up": {"uv": [5, 12, 6, 13], "texture": "#5", "cullface": "north"},
				"down": {"uv": [5, 12, 6, 13], "texture": "#5", "cullface": "north"}
			}
		},
		{
			"from": [0, 0, 0],
			"to": [16, 2, 1],
			"rotation": {"angle": 0, "axis": "y", "origin": [0, -14, 0]},
			"faces": {
				"north": {"uv": [0, 14, 16, 16], "texture": "#5", "cullface": "north"},
				"east": {"uv": [0, 0, 1, 2], "texture": "#5", "cullface": "east"},
				"south": {"uv": [0, 0, 16, 2], "texture": "#5", "cullface": "north"},
				"west": {"uv": [0, 0, 1, 2], "texture": "#5", "cullface": "west"},
				"up": {"uv": [0, 0, 16, 1], "texture": "#5", "cullface": "north"},
				"down": {"uv": [0, 0, 16, 1], "texture": "#5", "cullface": "down"}
			}
		},
		{
			"from": [7, 3, 0],
			"to": [8, 4, 1],
			"faces": {
				"north": {"uv": [8, 12, 9, 13], "texture": "#front", "cullface": "north"},
				"east": {"uv": [8, 12, 9, 13], "texture": "#front", "cullface": "north"},
				"south": {"uv": [8, 12, 9, 13], "texture": "#front", "cullface": "north"},
				"west": {"uv": [8, 12, 9, 13], "texture": "#front", "cullface": "north"},
				"up": {"uv": [8, 12, 9, 13], "texture": "#front", "cullface": "north"},
				"down": {"uv": [8, 12, 9, 13], "texture": "#front", "cullface": "north"}
			}
		},
		{
			"from": [9.78553, 16, 9.88553],
			"to": [11.18553, 16.95, 11.28553],
			"rotation": {"angle": 0, "axis": "y", "origin": [4.78553, 16, 11.28553]},
			"faces": {
				"north": {"uv": [1, 0, 2, 5], "rotation": 90, "texture": "#stem", "cullface": "up"},
				"east": {"uv": [1, 2, 2, 0], "rotation": 90, "texture": "#stem", "cullface": "up"},
				"south": {"uv": [0, 0, 1, 5], "rotation": 90, "texture": "#stem", "cullface": "up"},
				"west": {"uv": [1, 0, 2, 1], "rotation": 90, "texture": "#stem", "cullface": "up"},
				"up": {"uv": [0, 0, 2, 5], "rotation": 270, "texture": "#stem", "cullface": "up"},
				"down": {"uv": [0, 0, 2, 5], "rotation": 90, "texture": "#stem", "cullface": "up"}
			}
		},
		{
			"from": [6.25, 16, 7.75],
			"to": [8.25, 17, 12.75],
			"rotation": {"angle": 45, "axis": "y", "origin": [6.25, 16, 7.75]},
			"faces": {
				"north": {"uv": [1, 0, 2, 1], "rotation": 90, "texture": "#stem", "cullface": "up"},
				"east": {"uv": [1, 0, 2, 5], "rotation": 90, "texture": "#stem", "cullface": "up"},
				"south": {"uv": [1, 2, 2, 0], "rotation": 90, "texture": "#stem", "cullface": "up"},
				"west": {"uv": [0, 0, 1, 5], "rotation": 90, "texture": "#stem", "cullface": "up"},
				"up": {"uv": [0, 0, 2, 5], "texture": "#stem", "cullface": "up"},
				"down": {"uv": [0, 0, 2, 5], "texture": "#stem", "cullface": "up"}
			}
		},
		{
			"from": [6.26421, 15.8, 6.33579],
			"to": [7.66421, 16.95, 7.73579],
			"rotation": {"angle": 0, "axis": "y", "origin": [12.66421, 16.05, 6.33579]},
			"faces": {
				"north": {"uv": [0, 0, 1, 5], "rotation": 90, "texture": "#stem", "cullface": "up"},
				"east": {"uv": [1, 0, 2, 1], "rotation": 90, "texture": "#stem", "cullface": "up"},
				"south": {"uv": [1, 0, 2, 5], "rotation": 90, "texture": "#stem", "cullface": "up"},
				"west": {"uv": [2, 1, 0, 0], "rotation": 270, "texture": "#stem", "cullface": "up"},
				"up": {"uv": [2, 1, 0, 0], "rotation": 270, "texture": "#stem", "cullface": "up"},
				"down": {"uv": [2, 5, 0, 0], "rotation": 90, "texture": "#stem", "cullface": "up"}
			}
		},
		{
			"from": [7, 1, 7],
			"to": [9, 6, 9],
			"rotation": {"angle": 0, "axis": "y", "origin": [7, 1, 7]},
			"faces": {
				"north": {"uv": [0, 0, 2, 5], "texture": "#6", "cullface": "north"},
				"east": {"uv": [0, 0, 2, 5], "texture": "#6", "cullface": "north"},
				"south": {"uv": [0, 0, 2, 5], "texture": "#6", "cullface": "north"},
				"west": {"uv": [0, 0, 2, 5], "texture": "#6", "cullface": "north"},
				"up": {"uv": [0, 0, 2, 2], "texture": "#6", "cullface": "north"},
				"down": {"uv": [0, 0, 2, 2], "texture": "#6", "cullface": "north"}
			}
		},
		{
			"from": [7.75, 6, 7.75],
			"to": [8.25, 7.5, 8.25],
			"rotation": {"angle": 0, "axis": "y", "origin": [7, 1, 7]},
			"faces": {
				"north": {"uv": [12, 11, 12.3, 12.5], "texture": "#5", "cullface": "north"},
				"east": {"uv": [12, 11, 12.3, 12.5], "texture": "#5", "cullface": "north"},
				"south": {"uv": [12, 11, 12.3, 12.5], "texture": "#5", "cullface": "north"},
				"west": {"uv": [12, 11, 12.3, 12.5], "texture": "#5", "cullface": "north"},
				"up": {"uv": [12, 11, 12.3, 11.5], "texture": "#5", "cullface": "north"},
				"down": {"uv": [12, 12, 12.3, 12.5], "texture": "#5", "cullface": "north"}
			}
		}
	],
	"groups": [
		0,
		1,
		2,
		3,
		4,
		{
			"name": "FRONT",
			"origin": [0, -14, 0],
			"color": 0,
			"children": [5, 6, 7, 8, 9, 10, 11, 12, 13, 14, 15, 16, 17, 18, 19, 20, 21, 22, 23, 24, 25, 26, 27, 28, 29, 30, 31, 32]
		},
		33,
		34,
		35,
		36,
		37,
		38
	]
}