{
	"format_version": "1.21.6",
	"credit": "Made with Blockbench",
	"parent": "minecraft:block/cube_all",
	"textures": {
		"1": "block/jukebox_side",
		"2": "block/jukebox_top",
		"3": "block/smoker_inside",
		"4": "block/jukebox_music_disc_stal",
		"particle": "block/jukebox_side"
	},
	"elements": [
		{
			"from": [0.5, 0.5, 0.5],
			"to": [7, 15.5, 15.5],
			"rotation": {"angle": 0, "axis": "y", "origin": [0.5, 0, 0.5]},
			"faces": {
				"north": {"uv": [9, 0.5, 15.5, 15.5], "texture": "#1"},
				"east": {"uv": [0.5, 0.5, 15.5, 15.5], "texture": "#3"},
				"south": {"uv": [0.5, 0.5, 7, 15.5], "texture": "#1"},
				"west": {"uv": [0.5, 0.5, 15.5, 15.5], "texture": "#1"},
				"up": {"uv": [0.5, 0.5, 7, 15.5], "texture": "#2"},
				"down": {"uv": [0.5, 0.5, 7, 15.5], "texture": "#1"}
			}
		},
		{
			"from": [9, 0.5, 0.5],
			"to": [15.5, 15.5, 15.5],
			"rotation": {"angle": 0, "axis": "y", "origin": [0.5, 0, 0.5]},
			"faces": {
				"north": {"uv": [0.5, 0.5, 7, 15.5], "texture": "#1"},
				"east": {"uv": [0.5, 0.5, 15.5, 15.5], "texture": "#1"},
				"south": {"uv": [9, 0.5, 15.5, 15.5], "texture": "#1"},
				"west": {"uv": [0.5, 0.5, 15.5, 15.5], "texture": "#3"},
				"up": {"uv": [9, 0.5, 15.5, 15.5], "texture": "#2"},
				"down": {"uv": [9, 0.5, 15.5, 15.5], "texture": "#1"}
			}
		},
		{
			"from": [0, 0, 0],
			"to": [1, 16, 1],
			"faces": {
				"north": {"uv": [0, 0, 1, 16], "texture": "#1"},
				"east": {"uv": [0, 0, 1, 16], "texture": "#1"},
				"south": {"uv": [0, 0, 1, 16], "texture": "#1"},
				"west": {"uv": [0, 0, 1, 16], "texture": "#1"},
				"up": {"uv": [0, 0, 1, 1], "texture": "#1"},
				"down": {"uv": [0, 15, 1, 16], "texture": "#1"}
			}
		},
		{
			"from": [0, 0, 1],
			"to": [1, 1, 15],
			"rotation": {"angle": 0, "axis": "y", "origin": [8, 8, 8]},
			"faces": {
				"north": {"uv": [0, 0, 1, 16], "texture": "#1"},
				"east": {"uv": [0, 15, 0.9, 16], "texture": "#1"},
				"south": {"uv": [0, 0, 1, 16], "texture": "#1"},
				"west": {"uv": [0, 15, 0.9, 16], "texture": "#1"},
				"up": {"uv": [0, 15, 0.9, 16], "texture": "#1"},
				"down": {"uv": [0, 15, 0.9, 16], "texture": "#1"}
			}
		},
		{
			"from": [0, 15, 1],
			"to": [1, 16, 15],
			"rotation": {"angle": 0, "axis": "y", "origin": [8, 8, 8]},
			"faces": {
				"north": {"uv": [0, 16, 1, 0], "texture": "#1"},
				"east": {"uv": [0, 16, 0.9, 15], "texture": "#1"},
				"south": {"uv": [0, 16, 1, 0], "texture": "#1"},
				"west": {"uv": [0, 16, 0.9, 15], "texture": "#1"},
				"up": {"uv": [0, 16, 0.9, 15], "texture": "#1"},
				"down": {"uv": [0, 16, 0.9, 15], "texture": "#1"}
			}
		},
		{
			"from": [15, 0, 1],
			"to": [16, 1, 15],
			"rotation": {"angle": 0, "axis": "y", "origin": [8, 8, 8]},
			"faces": {
				"north": {"uv": [1, 0, 0, 16], "texture": "#1"},
				"east": {"uv": [0.9, 15, 0, 16], "texture": "#1"},
				"south": {"uv": [1, 0, 0, 16], "texture": "#1"},
				"west": {"uv": [0.9, 15, 0, 16], "texture": "#1"},
				"up": {"uv": [0.9, 15, 0, 16], "texture": "#1"},
				"down": {"uv": [0.9, 15, 0, 16], "texture": "#1"}
			}
		},
		{
			"from": [15, 15, 1],
			"to": [16, 16, 15],
			"rotation": {"angle": 0, "axis": "y", "origin": [8, 8, 8]},
			"faces": {
				"north": {"uv": [1, 16, 0, 0], "texture": "#1"},
				"east": {"uv": [0.9, 16, 0, 15], "texture": "#1"},
				"south": {"uv": [1, 16, 0, 0], "texture": "#1"},
				"west": {"uv": [0.9, 16, 0, 15], "texture": "#1"},
				"up": {"uv": [0.9, 16, 0, 15], "texture": "#1"},
				"down": {"uv": [0.9, 16, 0, 15], "texture": "#1"}
			}
		},
		{
			"from": [1, 15, 15],
			"to": [15, 16, 16],
			"rotation": {"angle": 0, "axis": "y", "origin": [8, 8, 8]},
			"faces": {
				"north": {"uv": [0, 16, 0.9, 15], "texture": "#1"},
				"east": {"uv": [0, 16, 1, 0], "texture": "#1"},
				"south": {"uv": [0, 16, 0.9, 15], "texture": "#1"},
				"west": {"uv": [0, 16, 1, 0], "texture": "#1"},
				"up": {"uv": [0, 16, 0.9, 15], "rotation": 270, "texture": "#1"},
				"down": {"uv": [0, 16, 0.9, 15], "rotation": 90, "texture": "#1"}
			}
		},
		{
			"from": [1, 0, 15],
			"to": [15, 1, 16],
			"rotation": {"angle": 0, "axis": "y", "origin": [8, 8, 8]},
			"faces": {
				"north": {"uv": [0, 15, 0.9, 16], "texture": "#1"},
				"east": {"uv": [0, 0, 1, 16], "texture": "#1"},
				"south": {"uv": [0, 15, 0.9, 16], "texture": "#1"},
				"west": {"uv": [0, 0, 1, 16], "texture": "#1"},
				"up": {"uv": [0, 15, 0.9, 16], "rotation": 270, "texture": "#1"},
				"down": {"uv": [0, 15, 0.9, 16], "rotation": 90, "texture": "#1"}
			}
		},
		{
			"from": [1, 0, 0],
			"to": [15, 1, 1],
			"rotation": {"angle": 0, "axis": "y", "origin": [8, 8, 8]},
			"faces": {
				"north": {"uv": [0.9, 15, 0, 16], "texture": "#1"},
				"east": {"uv": [1, 0, 0, 16], "texture": "#1"},
				"south": {"uv": [0.9, 15, 0, 16], "texture": "#1"},
				"west": {"uv": [1, 0, 0, 16], "texture": "#1"},
				"up": {"uv": [0.9, 15, 0, 16], "rotation": 270, "texture": "#1"},
				"down": {"uv": [0.9, 15, 0, 16], "rotation": 90, "texture": "#1"}
			}
		},
		{
			"from": [1, 15, 0],
			"to": [15, 16, 1],
			"rotation": {"angle": 0, "axis": "y", "origin": [8, 8, 8]},
			"faces": {
				"north": {"uv": [0.9, 16, 0, 15], "texture": "#1"},
				"east": {"uv": [1, 16, 0, 0], "texture": "#1"},
				"south": {"uv": [0.9, 16, 0, 15], "texture": "#1"},
				"west": {"uv": [1, 16, 0, 0], "texture": "#1"},
				"up": {"uv": [0.9, 16, 0, 15], "rotation": 270, "texture": "#1"},
				"down": {"uv": [0.9, 16, 0, 15], "rotation": 90, "texture": "#1"}
			}
		},
		{
			"from": [15, 0, 0],
			"to": [16, 16, 1],
			"rotation": {"angle": 0, "axis": "y", "origin": [16, 0, 0]},
			"faces": {
				"north": {"uv": [1, 0, 0, 16], "texture": "#1"},
				"east": {"uv": [1, 0, 0, 16], "texture": "#1"},
				"south": {"uv": [1, 0, 0, 16], "texture": "#1"},
				"west": {"uv": [1, 0, 0, 16], "texture": "#1"},
				"up": {"uv": [1, 0, 0, 1], "texture": "#1"},
				"down": {"uv": [1, 15, 0, 16], "texture": "#1"}
			}
		},
		{
			"from": [0, 0, 15],
			"to": [1, 16, 16],
			"rotation": {"angle": 0, "axis": "y", "origin": [0, 0, 16]},
			"faces": {
				"north": {"uv": [1, 0, 0, 16], "texture": "#1"},
				"east": {"uv": [1, 0, 0, 16], "texture": "#1"},
				"south": {"uv": [1, 0, 0, 16], "texture": "#1"},
				"west": {"uv": [1, 0, 0, 16], "texture": "#1"},
				"up": {"uv": [0, 1, 1, 0], "texture": "#1"},
				"down": {"uv": [0, 16, 1, 15], "texture": "#1"}
			}
		},
		{
			"from": [15, 0, 15],
			"to": [16, 16, 16],
			"rotation": {"angle": 0, "axis": "y", "origin": [16, 0, 16]},
			"faces": {
				"north": {"uv": [0, 0, 1, 16], "texture": "#1"},
				"east": {"uv": [0, 0, 1, 16], "texture": "#1"},
				"south": {"uv": [0, 0, 1, 16], "texture": "#1"},
				"west": {"uv": [0, 0, 1, 16], "texture": "#1"},
				"up": {"uv": [1, 1, 0, 0], "texture": "#1"},
				"down": {"uv": [1, 16, 0, 15], "texture": "#1"}
			}
		},
		{
			"from": [7, 0.5, 0.5],
			"to": [9, 2.5, 15.5],
			"rotation": {"angle": 0, "axis": "y", "origin": [7, 0.5, 0.5]},
			"faces": {
				"north": {"uv": [7, 13.5, 9, 15.5], "texture": "#1"},
				"east": {"uv": [0.5, 7, 15.5, 9], "texture": "#1"},
				"south": {"uv": [7, 13.5, 9, 15.5], "texture": "#1"},
				"west": {"uv": [0.5, 7, 15.5, 9], "texture": "#1"},
				"up": {"uv": [7, 0.5, 9, 15.5], "texture": "#3"},
				"down": {"uv": [7, 0.5, 9, 15.5], "texture": "#1"}
			}
		},
		{
			"from": [7, 2.5, 0.5],
			"to": [9, 15.5, 3],
			"rotation": {"angle": 0, "axis": "y", "origin": [7, 2.5, 0.5]},
			"faces": {
				"north": {"uv": [7, 0.5, 9, 13.5], "texture": "#1"},
				"east": {"uv": [7, 0.5, 9, 13.5], "texture": "#1"},
				"south": {"uv": [7, 0.5, 9, 13.5], "texture": "#3"},
				"west": {"uv": [7, 0.5, 9, 13.5], "texture": "#1"},
				"up": {"uv": [7, 0.5, 9, 3], "texture": "#2"},
				"down": {"uv": [7, 0.5, 9, 3], "texture": "#2"}
			}
		},
		{
			"from": [7, 2.5, 13],
			"to": [9, 15.5, 15.5],
			"rotation": {"angle": 0, "axis": "y", "origin": [7, 2.5, 0.5]},
			"faces": {
				"north": {"uv": [7, 0.5, 9, 13.5], "texture": "#3"},
				"east": {"uv": [7, 0.5, 9, 13.5], "texture": "#1"},
				"south": {"uv": [7, 0.5, 9, 13.5], "texture": "#1"},
				"west": {"uv": [7, 0.5, 9, 13.5], "texture": "#1"},
				"up": {"uv": [7, 13, 9, 15.5], "texture": "#2"},
				"down": {"uv": [7, 0.5, 9, 3], "texture": "#2"}
			}
		},
		{
			"from": [6, 14.75, 3],
			"to": [7.1, 15.75, 13],
			"rotation": {"angle": 0, "axis": "y", "origin": [6, 14.75, 3]},
			"faces": {
				"north": {"uv": [9, 3, 10, 4], "texture": "#2"},
				"east": {"uv": [9, 3, 10, 13], "texture": "#2"},
				"south": {"uv": [9, 12, 10, 13], "texture": "#2"},
				"west": {"uv": [9, 3, 10, 13], "texture": "#2"},
				"up": {"uv": [9, 3, 10, 13], "texture": "#2"},
				"down": {"uv": [9, 3, 10, 13], "texture": "#2"}
			}
		},
		{
			"from": [5.84776, 14.74, 2.23463],
			"to": [7.99776, 15.74, 3.33463],
			"rotation": {"angle": 22.5, "axis": "y", "origin": [7.84776, 14.75, 2.23463]},
			"faces": {
				"north": {"uv": [9, 3, 10, 13], "texture": "#2"},
				"east": {"uv": [9, 3, 10, 4], "texture": "#2"},
				"south": {"uv": [9, 3, 10, 13], "texture": "#2"},
				"west": {"uv": [9, 12, 10, 13], "texture": "#2"},
				"up": {"uv": [9, 3, 10, 13], "rotation": 90, "texture": "#2"},
				"down": {"uv": [9, 3, 10, 13], "rotation": 270, "texture": "#2"}
			}
		},
		{
			"from": [7.977, 14.73, 2.24509],
			"to": [10.15224, 15.73, 3.33463],
			"rotation": {"angle": -22.5, "axis": "y", "origin": [8.15224, 14.75, 2.23463]},
			"faces": {
				"north": {"uv": [10, 3, 9, 13], "texture": "#2"},
				"east": {"uv": [10, 12, 9, 13], "texture": "#2"},
				"south": {"uv": [10, 3, 9, 13], "texture": "#2"},
				"west": {"uv": [10, 3, 9, 4], "texture": "#2"},
				"up": {"uv": [9, 13, 10, 3], "rotation": 90, "texture": "#2"},
				"down": {"uv": [9, 13, 10, 3], "rotation": 270, "texture": "#2"}
			}
		},
		{
			"from": [5.84776, 14.74, 12.66537],
			"to": [7.99776, 15.74, 13.76537],
			"rotation": {"angle": -22.5, "axis": "y", "origin": [7.84776, 14.75, 13.76537]},
			"faces": {
				"north": {"uv": [10, 3, 9, 13], "texture": "#2"},
				"east": {"uv": [10, 3, 9, 4], "texture": "#2"},
				"south": {"uv": [10, 3, 9, 13], "texture": "#2"},
				"west": {"uv": [10, 12, 9, 13], "texture": "#2"},
				"up": {"uv": [10, 3, 9, 13], "rotation": 90, "texture": "#2"},
				"down": {"uv": [10, 3, 9, 13], "rotation": 270, "texture": "#2"}
			}
		},
		{
			"from": [7.977, 14.73, 12.66537],
			"to": [10.15224, 15.73, 13.75491],
			"rotation": {"angle": 22.5, "axis": "y", "origin": [8.15224, 14.75, 13.76537]},
			"faces": {
				"north": {"uv": [9, 3, 10, 13], "texture": "#2"},
				"east": {"uv": [9, 12, 10, 13], "texture": "#2"},
				"south": {"uv": [9, 3, 10, 13], "texture": "#2"},
				"west": {"uv": [9, 3, 10, 4], "texture": "#2"},
				"up": {"uv": [10, 13, 9, 3], "rotation": 90, "texture": "#2"},
				"down": {"uv": [10, 13, 9, 3], "rotation": 270, "texture": "#2"}
			}
		},
		{
			"from": [8.9, 14.75, 3],
			"to": [10, 15.75, 13],
			"rotation": {"angle": 0, "axis": "y", "origin": [10, 14.75, 3]},
			"faces": {
				"north": {"uv": [10, 3, 9, 4], "texture": "#2"},
				"east": {"uv": [10, 3, 9, 13], "texture": "#2"},
				"south": {"uv": [10, 12, 9, 13], "texture": "#2"},
				"west": {"uv": [10, 3, 9, 13], "texture": "#2"},
				"up": {"uv": [10, 3, 9, 13], "texture": "#2"},
				"down": {"uv": [10, 3, 9, 13], "texture": "#2"}
			}
		},
		{
			"from": [7.5545, 8.3925, 6.98],
			"to": [8.3285, 10.4325, 9.02],
			"rotation": {"angle": 0, "axis": "y", "origin": [7.95, 9.4125, 8]},
			"faces": {
				"north": {"uv": [6, 8, 9, 9], "rotation": 90, "texture": "#4"},
				"east": {"uv": [6, 6, 9, 9], "rotation": 270, "texture": "#4"},
				"south": {"uv": [6, 8, 9, 9], "rotation": 270, "texture": "#4"},
				"west": {"uv": [6, 6, 9, 9], "rotation": 270, "texture": "#4"},
				"up": {"uv": [6, 8, 9, 9], "rotation": 270, "texture": "#4"},
				"down": {"uv": [6, 8, 9, 9], "rotation": 270, "texture": "#4"}
			}
		},
		{
			"from": [7.5885, 7.7125, 6.3],
			"to": [8.3625, 8.3925, 9.7],
			"rotation": {"angle": 0, "axis": "y", "origin": [7.95, 9.4125, 8]},
			"faces": {
				"north": {"uv": [13, 6, 14, 7], "rotation": 90, "texture": "#4"},
				"east": {"uv": [5, 4, 10, 5], "rotation": 270, "texture": "#4"},
				"south": {"uv": [13, 6, 14, 7], "rotation": 270, "texture": "#4"},
				"west": {"uv": [5, 5, 10, 6], "rotation": 180, "texture": "#4"},
				"up": {"uv": [5, 5, 10, 6], "rotation": 270, "texture": "#4"},
				"down": {"uv": [13, 6, 14, 9], "rotation": 270, "texture": "#4"}
			}
		},
		{
			"from": [7.5545, 7.5425, 3.58],
			"to": [8.3965, 11.2825, 4.26],
			"rotation": {"angle": 0, "axis": "y", "origin": [7.95, 9.4125, 8]},
			"faces": {
				"north": {"uv": [5, 12, 8, 13], "rotation": 180, "texture": "#4"},
				"east": {"uv": [7, 12, 8, 13], "texture": "#4"},
				"south": {"uv": [5, 12, 8, 13], "texture": "#4"},
				"west": {"uv": [5, 12, 8, 13], "texture": "#4"},
				"up": {"uv": [7, 12, 8, 13], "texture": "#4"},
				"down": {"uv": [7, 12, 8, 13], "texture": "#4"}
			}
		},
		{
			"from": [7.5545, 4.9925, 6.13],
			"to": [8.3965, 5.6725, 9.87],
			"rotation": {"angle": 45, "axis": "x", "origin": [7.95, 9.4125, 8]},
			"faces": {
				"north": {"uv": [7, 12, 8, 13], "rotation": 180, "texture": "#4"},
				"east": {"uv": [5, 12, 8, 13], "texture": "#4"},
				"south": {"uv": [7, 12, 8, 13], "texture": "#4"},
				"west": {"uv": [5, 12, 8, 13], "texture": "#4"},
				"up": {"uv": [5, 12, 8, 13], "texture": "#4"},
				"down": {"uv": [5, 12, 8, 13], "texture": "#4"}
			}
		},
		{
			"from": [7.5885, 7.0325, 6.3],
			"to": [8.3625, 7.7125, 9.7],
			"rotation": {"angle": 0, "axis": "y", "origin": [7.95, 9.4125, 8]},
			"faces": {
				"north": {"uv": [13, 6, 14, 7], "rotation": 90, "texture": "#4"},
				"east": {"uv": [5, 4, 10, 5], "rotation": 270, "texture": "#4"},
				"south": {"uv": [13, 6, 14, 7], "rotation": 270, "texture": "#4"},
				"west": {"uv": [5, 4, 10, 5], "rotation": 180, "texture": "#4"},
				"up": {"uv": [6, 8, 9, 9], "rotation": 270, "texture": "#4"},
				"down": {"uv": [13, 6, 14, 9], "rotation": 270, "texture": "#4"}
			}
		},
		{
			"from": [7.5885, 6.3525, 6.3],
			"to": [8.3625, 7.0325, 9.7],
			"rotation": {"angle": 0, "axis": "y", "origin": [7.95, 9.4125, 8]},
			"faces": {
				"north": {"uv": [13, 6, 14, 7], "rotation": 90, "texture": "#4"},
				"east": {"uv": [5, 4, 10, 5], "rotation": 270, "texture": "#4"},
				"south": {"uv": [13, 6, 14, 7], "rotation": 270, "texture": "#4"},
				"west": {"uv": [6, 5, 11, 6], "rotation": 180, "texture": "#4"},
				"up": {"uv": [6, 8, 9, 9], "rotation": 270, "texture": "#4"},
				"down": {"uv": [13, 6, 14, 9], "rotation": 270, "texture": "#4"}
			}
		},
		{
			"from": [7.5885, 5.6725, 6.3],
			"to": [8.3625, 6.3525, 9.7],
			"rotation": {"angle": 0, "axis": "y", "origin": [7.95, 9.4125, 8]},
			"faces": {
				"north": {"uv": [13, 6, 14, 7], "rotation": 90, "texture": "#4"},
				"east": {"uv": [5, 4, 10, 5], "rotation": 270, "texture": "#4"},
				"south": {"uv": [13, 6, 14, 7], "rotation": 270, "texture": "#4"},
				"west": {"uv": [5, 4, 10, 5], "rotation": 180, "texture": "#4"},
				"up": {"uv": [6, 8, 9, 9], "rotation": 270, "texture": "#4"},
				"down": {"uv": [13, 6, 14, 9], "rotation": 270, "texture": "#4"}
			}
		},
		{
			"from": [7.5885, 10.4325, 6.3],
			"to": [8.3625, 11.1125, 9.7],
			"rotation": {"angle": 0, "axis": "y", "origin": [7.95, 9.4125, 8]},
			"faces": {
				"north": {"uv": [13, 6, 14, 7], "rotation": 90, "texture": "#4"},
				"east": {"uv": [5, 4, 10, 5], "rotation": 270, "texture": "#4"},
				"south": {"uv": [13, 6, 14, 7], "rotation": 270, "texture": "#4"},
				"west": {"uv": [10, 6, 5, 5], "rotation": 180, "texture": "#4"},
				"up": {"uv": [13, 6, 14, 9], "rotation": 270, "texture": "#4"},
				"down": {"uv": [5, 5, 10, 6], "rotation": 270, "texture": "#4"}
			}
		},
		{
			"from": [7.5885, 11.1125, 6.3],
			"to": [8.3625, 11.7925, 9.7],
			"rotation": {"angle": 0, "axis": "y", "origin": [7.95, 9.4125, 8]},
			"faces": {
				"north": {"uv": [13, 6, 14, 7], "rotation": 90, "texture": "#4"},
				"east": {"uv": [5, 4, 10, 5], "rotation": 270, "texture": "#4"},
				"south": {"uv": [13, 6, 14, 7], "rotation": 270, "texture": "#4"},
				"west": {"uv": [10, 5, 5, 4], "rotation": 180, "texture": "#4"},
				"up": {"uv": [13, 6, 14, 9], "rotation": 270, "texture": "#4"},
				"down": {"uv": [6, 8, 9, 9], "rotation": 270, "texture": "#4"}
			}
		},
		{
			"from": [7.5885, 11.7925, 6.3],
			"to": [8.3625, 12.4725, 9.7],
			"rotation": {"angle": 0, "axis": "y", "origin": [7.95, 9.4125, 8]},
			"faces": {
				"north": {"uv": [13, 6, 14, 7], "rotation": 90, "texture": "#4"},
				"east": {"uv": [5, 4, 10, 5], "rotation": 270, "texture": "#4"},
				"south": {"uv": [13, 6, 14, 7], "rotation": 270, "texture": "#4"},
				"west": {"uv": [11, 6, 6, 5], "rotation": 180, "texture": "#4"},
				"up": {"uv": [13, 6, 14, 9], "rotation": 270, "texture": "#4"},
				"down": {"uv": [6, 8, 9, 9], "rotation": 270, "texture": "#4"}
			}
		},
		{
			"from": [7.5885, 12.4725, 6.3],
			"to": [8.3625, 13.1525, 9.7],
			"rotation": {"angle": 0, "axis": "y", "origin": [7.95, 9.4125, 8]},
			"faces": {
				"north": {"uv": [13, 6, 14, 7], "rotation": 90, "texture": "#4"},
				"east": {"uv": [5, 4, 10, 5], "rotation": 270, "texture": "#4"},
				"south": {"uv": [13, 6, 14, 7], "rotation": 270, "texture": "#4"},
				"west": {"uv": [10, 5, 5, 4], "rotation": 180, "texture": "#4"},
				"up": {"uv": [13, 6, 14, 9], "rotation": 270, "texture": "#4"},
				"down": {"uv": [6, 8, 9, 9], "rotation": 270, "texture": "#4"}
			}
		},
		{
			"from": [7.5885, 7.7125, 11.06],
			"to": [8.3625, 11.1125, 11.74],
			"rotation": {"angle": 0, "axis": "y", "origin": [7.95, 9.4125, 8]},
			"faces": {
				"north": {"uv": [6, 8, 9, 9], "rotation": 90, "texture": "#4"},
				"east": {"uv": [5, 4, 10, 5], "rotation": 270, "texture": "#4"},
				"south": {"uv": [13, 6, 14, 9], "rotation": 270, "texture": "#4"},
				"west": {"uv": [10, 5, 5, 4], "rotation": 270, "texture": "#4"},
				"up": {"uv": [13, 6, 14, 7], "rotation": 270, "texture": "#4"},
				"down": {"uv": [13, 6, 14, 7], "rotation": 270, "texture": "#4"}
			}
		},
		{
			"from": [7.5885, 7.7125, 10.38],
			"to": [8.3625, 11.1125, 11.06],
			"rotation": {"angle": 0, "axis": "y", "origin": [7.95, 9.4125, 8]},
			"faces": {
				"north": {"uv": [6, 8, 9, 9], "rotation": 90, "texture": "#4"},
				"east": {"uv": [5, 4, 10, 5], "rotation": 270, "texture": "#4"},
				"south": {"uv": [13, 6, 14, 9], "rotation": 270, "texture": "#4"},
				"west": {"uv": [11, 6, 6, 5], "rotation": 270, "texture": "#4"},
				"up": {"uv": [13, 6, 14, 7], "rotation": 270, "texture": "#4"},
				"down": {"uv": [13, 6, 14, 7], "rotation": 270, "texture": "#4"}
			}
		},
		{
			"from": [7.5885, 7.7125, 9.7],
			"to": [8.3625, 11.1125, 10.38],
			"rotation": {"angle": 0, "axis": "y", "origin": [7.95, 9.4125, 8]},
			"faces": {
				"north": {"uv": [6, 8, 9, 9], "rotation": 90, "texture": "#4"},
				"east": {"uv": [5, 4, 10, 5], "rotation": 270, "texture": "#4"},
				"south": {"uv": [13, 6, 14, 9], "rotation": 270, "texture": "#4"},
				"west": {"uv": [10, 5, 5, 4], "rotation": 270, "texture": "#4"},
				"up": {"uv": [13, 6, 14, 7], "rotation": 270, "texture": "#4"},
				"down": {"uv": [13, 6, 14, 7], "rotation": 270, "texture": "#4"}
			}
		},
		{
			"from": [7.5885, 7.7125, 5.62],
			"to": [8.3625, 11.1125, 6.3],
			"rotation": {"angle": 0, "axis": "y", "origin": [7.95, 9.4125, 8]},
			"faces": {
				"north": {"uv": [13, 6, 14, 9], "rotation": 90, "texture": "#4"},
				"east": {"uv": [5, 4, 10, 5], "rotation": 270, "texture": "#4"},
				"south": {"uv": [6, 8, 9, 9], "rotation": 270, "texture": "#4"},
				"west": {"uv": [5, 4, 10, 5], "rotation": 270, "texture": "#4"},
				"up": {"uv": [13, 6, 14, 7], "rotation": 270, "texture": "#4"},
				"down": {"uv": [13, 6, 14, 7], "rotation": 270, "texture": "#4"}
			}
		},
		{
			"from": [7.5885, 7.7125, 4.94],
			"to": [8.3625, 11.1125, 5.62],
			"rotation": {"angle": 0, "axis": "y", "origin": [7.95, 9.4125, 8]},
			"faces": {
				"north": {"uv": [13, 6, 14, 9], "rotation": 90, "texture": "#4"},
				"east": {"uv": [5, 4, 10, 5], "rotation": 270, "texture": "#4"},
				"south": {"uv": [6, 8, 9, 9], "rotation": 270, "texture": "#4"},
				"west": {"uv": [6, 5, 11, 6], "rotation": 270, "texture": "#4"},
				"up": {"uv": [13, 6, 14, 7], "rotation": 270, "texture": "#4"},
				"down": {"uv": [13, 6, 14, 7], "rotation": 270, "texture": "#4"}
			}
		},
		{
			"from": [7.5885, 7.7125, 4.26],
			"to": [8.3625, 11.1125, 4.94],
			"rotation": {"angle": 0, "axis": "y", "origin": [7.95, 9.4125, 8]},
			"faces": {
				"north": {"uv": [13, 6, 14, 9], "rotation": 90, "texture": "#4"},
				"east": {"uv": [5, 4, 10, 5], "rotation": 270, "texture": "#4"},
				"south": {"uv": [6, 8, 9, 9], "rotation": 270, "texture": "#4"},
				"west": {"uv": [5, 4, 10, 5], "rotation": 270, "texture": "#4"},
				"up": {"uv": [13, 6, 14, 7], "rotation": 270, "texture": "#4"},
				"down": {"uv": [13, 6, 14, 7], "rotation": 270, "texture": "#4"}
			}
		},
		{
			"from": [7.5885, 8.3925, 6.3],
			"to": [8.3625, 10.4325, 6.98],
			"rotation": {"angle": 0, "axis": "y", "origin": [7.95, 9.4125, 8]},
			"faces": {
				"north": {"uv": [13, 6, 14, 9], "rotation": 90, "texture": "#4"},
				"east": {"uv": [5, 4, 10, 5], "rotation": 270, "texture": "#4"},
				"south": {"uv": [6, 8, 9, 9], "rotation": 270, "texture": "#4"},
				"west": {"uv": [5, 5, 8, 6], "rotation": 270, "texture": "#4"},
				"up": {"uv": [13, 6, 14, 7], "rotation": 270, "texture": "#4"},
				"down": {"uv": [13, 6, 14, 7], "rotation": 270, "texture": "#4"}
			}
		},
		{
			"from": [7.5885, 8.3925, 9.02],
			"to": [8.3625, 10.4325, 9.7],
			"rotation": {"angle": 0, "axis": "y", "origin": [7.95, 9.4125, 8]},
			"faces": {
				"north": {"uv": [9, 8, 6, 9], "rotation": 90, "texture": "#4"},
				"east": {"uv": [5, 4, 10, 5], "rotation": 270, "texture": "#4"},
				"south": {"uv": [14, 6, 13, 9], "rotation": 270, "texture": "#4"},
				"west": {"uv": [5, 6, 8, 5], "rotation": 270, "texture": "#4"},
				"up": {"uv": [14, 6, 13, 7], "rotation": 270, "texture": "#4"},
				"down": {"uv": [14, 6, 13, 7], "rotation": 270, "texture": "#4"}
			}
		},
		{
			"from": [7.5545, 8.3925, 9.02],
			"to": [8.3285, 10.4325, 9.7],
			"rotation": {"angle": 0, "axis": "y", "origin": [7.95, 9.4125, 8]},
			"faces": {
				"north": {"uv": [6, 8, 9, 9], "rotation": 90, "texture": "#4"},
				"east": {"uv": [6, 6, 9, 9], "rotation": 270, "texture": "#4"},
				"south": {"uv": [6, 8, 9, 9], "rotation": 270, "texture": "#4"},
				"west": {"uv": [6, 6, 9, 7], "rotation": 270, "texture": "#4"},
				"up": {"uv": [6, 8, 9, 9], "rotation": 270, "texture": "#4"},
				"down": {"uv": [6, 8, 9, 9], "rotation": 270, "texture": "#4"}
			}
		},
		{
			"from": [7.5545, 8.3925, 6.3],
			"to": [8.3285, 10.4325, 6.98],
			"rotation": {"angle": 0, "axis": "y", "origin": [7.95, 9.4125, 8]},
			"faces": {
				"north": {"uv": [6, 8, 9, 9], "rotation": 90, "texture": "#4"},
				"east": {"uv": [6, 6, 9, 9], "rotation": 270, "texture": "#4"},
				"south": {"uv": [6, 8, 9, 9], "rotation": 270, "texture": "#4"},
				"west": {"uv": [6, 6, 9, 7], "rotation": 270, "texture": "#4"},
				"up": {"uv": [6, 8, 9, 9], "rotation": 270, "texture": "#4"},
				"down": {"uv": [6, 8, 9, 9], "rotation": 270, "texture": "#4"}
			}
		},
		{
			"from": [7.5545, 7.7125, 6.98],
			"to": [8.3285, 8.3925, 9.02],
			"rotation": {"angle": 0, "axis": "y", "origin": [7.95, 9.4125, 8]},
			"faces": {
				"north": {"uv": [6, 8, 9, 9], "rotation": 90, "texture": "#4"},
				"east": {"uv": [6, 6, 9, 9], "texture": "#4"},
				"south": {"uv": [6, 8, 9, 9], "rotation": 270, "texture": "#4"},
				"west": {"uv": [6, 6, 9, 7], "rotation": 180, "texture": "#4"},
				"up": {"uv": [6, 8, 9, 9], "rotation": 270, "texture": "#4"},
				"down": {"uv": [6, 8, 9, 9], "rotation": 270, "texture": "#4"}
			}
		},
		{
			"from": [7.5545, 10.4325, 6.98],
			"to": [8.3285, 11.1125, 9.02],
			"rotation": {"angle": 0, "axis": "y", "origin": [7.95, 9.4125, 8]},
			"faces": {
				"north": {"uv": [6, 8, 9, 9], "rotation": 90, "texture": "#4"},
				"east": {"uv": [6, 6, 9, 9], "texture": "#4"},
				"south": {"uv": [6, 8, 9, 9], "rotation": 270, "texture": "#4"},
				"west": {"uv": [6, 6, 9, 7], "rotation": 180, "texture": "#4"},
				"up": {"uv": [6, 8, 9, 9], "rotation": 270, "texture": "#4"},
				"down": {"uv": [6, 8, 9, 9], "rotation": 270, "texture": "#4"}
			}
		},
		{
			"from": [7.5205, 8.9365, 9.428],
			"to": [8.3285, 9.8885, 9.904],
			"rotation": {"angle": -45, "axis": "x", "origin": [7.95, 9.4125, 8]},
			"faces": {
				"north": {"uv": [6, 6, 7, 7], "rotation": 90, "texture": "#4"},
				"east": {"uv": [6, 6, 9, 9], "rotation": 270, "texture": "#4"},
				"south": {"uv": [6, 6, 7, 7], "rotation": 270, "texture": "#4"},
				"west": {"uv": [6, 6, 7, 7], "rotation": 270, "texture": "#4"},
				"up": {"uv": [6, 8, 9, 9], "rotation": 270, "texture": "#4"},
				"down": {"uv": [6, 8, 9, 9], "rotation": 270, "texture": "#4"}
			}
		},
		{
			"from": [7.5205, 10.8405, 7.524],
			"to": [8.3285, 11.3165, 8.476],
			"rotation": {"angle": -45, "axis": "x", "origin": [7.95, 9.4125, 8]},
			"faces": {
				"north": {"uv": [6, 8, 9, 9], "rotation": 90, "texture": "#4"},
				"east": {"uv": [6, 6, 9, 9], "texture": "#4"},
				"south": {"uv": [6, 8, 9, 9], "rotation": 270, "texture": "#4"},
				"west": {"uv": [6, 6, 7, 7], "rotation": 180, "texture": "#4"},
				"up": {"uv": [6, 6, 7, 7], "rotation": 270, "texture": "#4"},
				"down": {"uv": [6, 6, 7, 7], "rotation": 270, "texture": "#4"}
			}
		},
		{
			"from": [7.5205, 8.9365, 9.428],
			"to": [8.3285, 9.8885, 9.904],
			"rotation": {"angle": 45, "axis": "x", "origin": [7.95, 9.4125, 8]},
			"faces": {
				"north": {"uv": [6, 6, 7, 7], "rotation": 90, "texture": "#4"},
				"east": {"uv": [6, 6, 9, 9], "rotation": 270, "texture": "#4"},
				"south": {"uv": [6, 6, 7, 7], "rotation": 270, "texture": "#4"},
				"west": {"uv": [6, 6, 7, 7], "rotation": 270, "texture": "#4"},
				"up": {"uv": [6, 8, 9, 9], "rotation": 270, "texture": "#4"},
				"down": {"uv": [6, 8, 9, 9], "rotation": 270, "texture": "#4"}
			}
		},
		{
			"from": [7.5205, 7.5085, 7.524],
			"to": [8.3285, 7.9845, 8.476],
			"rotation": {"angle": 45, "axis": "x", "origin": [7.95, 9.4125, 8]},
			"faces": {
				"north": {"uv": [6, 8, 9, 9], "rotation": 90, "texture": "#4"},
				"east": {"uv": [6, 6, 9, 9], "rotation": 180, "texture": "#4"},
				"south": {"uv": [6, 8, 9, 9], "rotation": 270, "texture": "#4"},
				"west": {"uv": [6, 6, 7, 7], "texture": "#4"},
				"up": {"uv": [6, 6, 7, 7], "rotation": 270, "texture": "#4"},
				"down": {"uv": [6, 6, 7, 7], "rotation": 270, "texture": "#4"}
			}
		},
		{
			"from": [7.5545, 4.9925, 6.13],
			"to": [8.3965, 5.6725, 9.87],
			"rotation": {"angle": -45, "axis": "x", "origin": [7.95, 9.4125, 8]},
			"faces": {
				"north": {"uv": [7, 12, 8, 13], "rotation": 180, "texture": "#4"},
				"east": {"uv": [5, 12, 8, 13], "texture": "#4"},
				"south": {"uv": [7, 12, 8, 13], "texture": "#4"},
				"west": {"uv": [5, 12, 8, 13], "texture": "#4"},
				"up": {"uv": [5, 12, 8, 13], "texture": "#4"},
				"down": {"uv": [5, 12, 8, 13], "texture": "#4"}
			}
		},
		{
			"from": [7.5545, 4.9925, 6.13],
			"to": [8.3965, 5.6725, 9.87],
			"rotation": {"angle": 0, "axis": "y", "origin": [7.95, 9.4125, 8]},
			"faces": {
				"north": {"uv": [7, 12, 8, 13], "rotation": 180, "texture": "#4"},
				"east": {"uv": [7, 12, 8, 13], "rotation": 90, "texture": "#4"},
				"south": {"uv": [7, 12, 8, 13], "texture": "#4"},
				"west": {"uv": [5, 12, 8, 13], "rotation": 270, "texture": "#4"},
				"up": {"uv": [5, 12, 8, 13], "texture": "#4"},
				"down": {"uv": [5, 12, 8, 13], "texture": "#4"}
			}
		},
		{
			"from": [7.5545, 7.5425, 11.74],
			"to": [8.3965, 11.2825, 12.42],
			"rotation": {"angle": -45, "axis": "x", "origin": [7.95, 9.4125, 8]},
			"faces": {
				"north": {"uv": [5, 12, 8, 13], "rotation": 180, "texture": "#4"},
				"east": {"uv": [5, 12, 8, 13], "rotation": 90, "texture": "#4"},
				"south": {"uv": [5, 12, 8, 13], "texture": "#4"},
				"west": {"uv": [5, 12, 8, 13], "rotation": 270, "texture": "#4"},
				"up": {"uv": [7, 12, 8, 13], "texture": "#4"},
				"down": {"uv": [7, 12, 8, 13], "texture": "#4"}
			}
		},
		{
			"from": [7.5545, 7.5425, 11.74],
			"to": [8.3965, 11.2825, 12.42],
			"rotation": {"angle": 0, "axis": "y", "origin": [7.95, 9.4125, 8]},
			"faces": {
				"north": {"uv": [5, 12, 8, 13], "rotation": 180, "texture": "#4"},
				"east": {"uv": [7, 12, 8, 13], "rotation": 180, "texture": "#4"},
				"south": {"uv": [5, 12, 8, 13], "texture": "#4"},
				"west": {"uv": [5, 12, 8, 13], "rotation": 180, "texture": "#4"},
				"up": {"uv": [7, 12, 8, 13], "texture": "#4"},
				"down": {"uv": [7, 12, 8, 13], "texture": "#4"}
			}
		},
		{
			"from": [7.5545, 13.1525, 6.13],
			"to": [8.3965, 13.8325, 9.87],
			"rotation": {"angle": -45, "axis": "x", "origin": [7.95, 9.4125, 8]},
			"faces": {
				"north": {"uv": [7, 12, 8, 13], "rotation": 180, "texture": "#4"},
				"east": {"uv": [5, 12, 8, 13], "rotation": 180, "texture": "#4"},
				"south": {"uv": [7, 12, 8, 13], "texture": "#4"},
				"west": {"uv": [5, 12, 8, 13], "rotation": 180, "texture": "#4"},
				"up": {"uv": [5, 12, 8, 13], "texture": "#4"},
				"down": {"uv": [5, 12, 8, 13], "texture": "#4"}
			}
		},
		{
			"from": [7.5545, 13.1525, 6.13],
			"to": [8.3965, 13.8325, 9.87],
			"rotation": {"angle": 0, "axis": "y", "origin": [7.95, 9.4125, 8]},
			"faces": {
				"north": {"uv": [7, 12, 8, 13], "rotation": 180, "texture": "#4"},
				"east": {"uv": [7, 12, 8, 13], "rotation": 270, "texture": "#4"},
				"south": {"uv": [7, 12, 8, 13], "texture": "#4"},
				"west": {"uv": [5, 12, 8, 13], "rotation": 90, "texture": "#4"},
				"up": {"uv": [5, 12, 8, 13], "texture": "#4"},
				"down": {"uv": [5, 12, 8, 13], "texture": "#4"}
			}
		},
		{
			"from": [7.5885, 11.1125, 9.7],
			"to": [8.3625, 13.1525, 10.38],
			"rotation": {"angle": 0, "axis": "y", "origin": [7.95, 9.4125, 8]},
			"faces": {
				"north": {"uv": [6, 8, 9, 9], "rotation": 90, "texture": "#4"},
				"east": {"uv": [5, 4, 10, 5], "rotation": 270, "texture": "#4"},
				"south": {"uv": [13, 6, 14, 9], "rotation": 270, "texture": "#4"},
				"west": {"uv": [13, 6, 10, 5], "rotation": 270, "texture": "#4"},
				"up": {"uv": [13, 6, 14, 7], "rotation": 270, "texture": "#4"},
				"down": {"uv": [13, 6, 14, 7], "rotation": 270, "texture": "#4"}
			}
		},
		{
			"from": [7.5885, 5.6725, 9.7],
			"to": [8.3625, 7.7125, 10.38],
			"rotation": {"angle": 0, "axis": "y", "origin": [7.95, 9.4125, 8]},
			"faces": {
				"north": {"uv": [6, 8, 9, 9], "rotation": 90, "texture": "#4"},
				"east": {"uv": [5, 4, 10, 5], "rotation": 270, "texture": "#4"},
				"south": {"uv": [13, 6, 14, 9], "rotation": 270, "texture": "#4"},
				"west": {"uv": [5, 6, 2, 5], "rotation": 270, "texture": "#4"},
				"up": {"uv": [13, 6, 14, 7], "rotation": 270, "texture": "#4"},
				"down": {"uv": [13, 6, 14, 7], "rotation": 270, "texture": "#4"}
			}
		},
		{
			"from": [7.5885, 11.1125, 5.62],
			"to": [8.3625, 13.1525, 6.3],
			"rotation": {"angle": 0, "axis": "y", "origin": [7.95, 9.4125, 8]},
			"faces": {
				"north": {"uv": [6, 8, 9, 9], "rotation": 90, "texture": "#4"},
				"east": {"uv": [5, 4, 10, 5], "rotation": 270, "texture": "#4"},
				"south": {"uv": [13, 6, 14, 9], "rotation": 270, "texture": "#4"},
				"west": {"uv": [13, 10, 10, 9], "rotation": 270, "texture": "#4"},
				"up": {"uv": [13, 6, 14, 7], "rotation": 270, "texture": "#4"},
				"down": {"uv": [13, 6, 14, 7], "rotation": 270, "texture": "#4"}
			}
		},
		{
			"from": [7.5885, 5.6725, 5.62],
			"to": [8.3625, 7.7125, 6.3],
			"rotation": {"angle": 0, "axis": "y", "origin": [7.95, 9.4125, 8]},
			"faces": {
				"north": {"uv": [6, 8, 9, 9], "rotation": 90, "texture": "#4"},
				"east": {"uv": [5, 4, 10, 5], "rotation": 270, "texture": "#4"},
				"south": {"uv": [13, 6, 14, 9], "rotation": 270, "texture": "#4"},
				"west": {"uv": [5, 10, 2, 9], "rotation": 270, "texture": "#4"},
				"up": {"uv": [13, 6, 14, 7], "rotation": 270, "texture": "#4"},
				"down": {"uv": [13, 6, 14, 7], "rotation": 270, "texture": "#4"}
			}
		},
		{
			"from": [7.5885, 6.3525, 4.94],
			"to": [8.3625, 7.7125, 5.62],
			"rotation": {"angle": 0, "axis": "y", "origin": [7.95, 9.4125, 8]},
			"faces": {
				"north": {"uv": [4, 10, 2, 9], "rotation": 90, "texture": "#4"},
				"east": {"uv": [4, 10, 2, 9], "rotation": 270, "texture": "#4"},
				"south": {"uv": [13, 6, 14, 9], "rotation": 270, "texture": "#4"},
				"west": {"uv": [4, 10, 2, 9], "rotation": 270, "texture": "#4"},
				"up": {"uv": [13, 6, 14, 7], "rotation": 270, "texture": "#4"},
				"down": {"uv": [13, 6, 14, 7], "rotation": 270, "texture": "#4"}
			}
		},
		{
			"from": [7.5885, 7.0325, 4.26],
			"to": [8.3625, 7.7125, 4.94],
			"rotation": {"angle": 0, "axis": "y", "origin": [7.95, 9.4125, 8]},
			"faces": {
				"north": {"uv": [4, 10, 2, 9], "rotation": 90, "texture": "#4"},
				"east": {"uv": [2, 9, 1, 8], "rotation": 270, "texture": "#4"},
				"south": {"uv": [13, 6, 14, 9], "rotation": 270, "texture": "#4"},
				"west": {"uv": [2, 9, 1, 8], "rotation": 270, "texture": "#4"},
				"up": {"uv": [13, 6, 14, 7], "rotation": 270, "texture": "#4"},
				"down": {"uv": [13, 6, 14, 7], "rotation": 270, "texture": "#4"}
			}
		},
		{
			"from": [7.5885, 11.1125, 4.26],
			"to": [8.3625, 11.7925, 4.94],
			"rotation": {"angle": 0, "axis": "y", "origin": [7.95, 9.4125, 8]},
			"faces": {
				"north": {"uv": [2, 10, 4, 9], "rotation": 90, "texture": "#4"},
				"east": {"uv": [1, 9, 2, 8], "rotation": 270, "texture": "#4"},
				"south": {"uv": [14, 6, 13, 9], "rotation": 270, "texture": "#4"},
				"west": {"uv": [1, 9, 2, 8], "rotation": 270, "texture": "#4"},
				"up": {"uv": [14, 6, 13, 7], "rotation": 270, "texture": "#4"},
				"down": {"uv": [14, 6, 13, 7], "rotation": 270, "texture": "#4"}
			}
		},
		{
			"from": [7.5885, 11.1125, 4.94],
			"to": [8.3625, 12.4725, 5.62],
			"rotation": {"angle": 0, "axis": "y", "origin": [7.95, 9.4125, 8]},
			"faces": {
				"north": {"uv": [2, 10, 4, 9], "rotation": 90, "texture": "#4"},
				"east": {"uv": [2, 10, 4, 9], "rotation": 270, "texture": "#4"},
				"south": {"uv": [14, 6, 13, 9], "rotation": 270, "texture": "#4"},
				"west": {"uv": [2, 10, 4, 9], "rotation": 270, "texture": "#4"},
				"up": {"uv": [14, 6, 13, 7], "rotation": 270, "texture": "#4"},
				"down": {"uv": [14, 6, 13, 7], "rotation": 270, "texture": "#4"}
			}
		},
		{
			"from": [7.5885, 11.1125, 11.06],
			"to": [8.3625, 11.7925, 11.74],
			"rotation": {"angle": 0, "axis": "y", "origin": [7.95, 9.4125, 8]},
			"faces": {
				"north": {"uv": [13, 6, 14, 9], "rotation": 90, "texture": "#4"},
				"east": {"uv": [1, 8, 2, 9], "rotation": 270, "texture": "#4"},
				"south": {"uv": [4, 10, 2, 9], "rotation": 270, "texture": "#4"},
				"west": {"uv": [1, 8, 2, 9], "rotation": 270, "texture": "#4"},
				"up": {"uv": [13, 6, 14, 7], "rotation": 270, "texture": "#4"},
				"down": {"uv": [13, 6, 14, 7], "rotation": 270, "texture": "#4"}
			}
		},
		{
			"from": [7.5885, 11.1125, 10.38],
			"to": [8.3625, 12.4725, 11.06],
			"rotation": {"angle": 0, "axis": "y", "origin": [7.95, 9.4125, 8]},
			"faces": {
				"north": {"uv": [13, 6, 14, 9], "rotation": 90, "texture": "#4"},
				"east": {"uv": [2, 9, 4, 10], "rotation": 270, "texture": "#4"},
				"south": {"uv": [4, 10, 2, 9], "rotation": 270, "texture": "#4"},
				"west": {"uv": [2, 9, 4, 10], "rotation": 270, "texture": "#4"},
				"up": {"uv": [13, 6, 14, 7], "rotation": 270, "texture": "#4"},
				"down": {"uv": [13, 6, 14, 7], "rotation": 270, "texture": "#4"}
			}
		},
		{
			"from": [7.5885, 6.3525, 10.38],
			"to": [8.3625, 7.7125, 11.06],
			"rotation": {"angle": 0, "axis": "y", "origin": [7.95, 9.4125, 8]},
			"faces": {
				"north": {"uv": [14, 6, 13, 9], "rotation": 90, "texture": "#4"},
				"east": {"uv": [4, 9, 2, 10], "rotation": 270, "texture": "#4"},
				"south": {"uv": [2, 10, 4, 9], "rotation": 270, "texture": "#4"},
				"west": {"uv": [4, 9, 2, 10], "rotation": 270, "texture": "#4"},
				"up": {"uv": [14, 6, 13, 7], "rotation": 270, "texture": "#4"},
				"down": {"uv": [14, 6, 13, 7], "rotation": 270, "texture": "#4"}
			}
		},
		{
			"from": [7.5885, 7.0325, 11.06],
			"to": [8.3625, 7.7125, 11.74],
			"rotation": {"angle": 0, "axis": "y", "origin": [7.95, 9.4125, 8]},
			"faces": {
				"north": {"uv": [14, 6, 13, 9], "rotation": 90, "texture": "#4"},
				"east": {"uv": [2, 8, 1, 9], "rotation": 270, "texture": "#4"},
				"south": {"uv": [2, 10, 4, 9], "rotation": 270, "texture": "#4"},
				"west": {"uv": [2, 8, 1, 9], "rotation": 270, "texture": "#4"},
				"up": {"uv": [14, 6, 13, 7], "rotation": 270, "texture": "#4"},
				"down": {"uv": [14, 6, 13, 7], "rotation": 270, "texture": "#4"}
			}
		}
	],
	"groups": [
		0,
		1,
		2,
		3,
		4,
		5,
		6,
		7,
		8,
		9,
		10,
		11,
		12,
		13,
		14,
		15,
		16,
		17,
		18,
		19,
		20,
		21,
		22,
		{
			"name": "Music Disc Center",
			"origin": [-8, 0, -8],
			"color": 0,
			"children": []
		},
		{
			"name": "Music Disc Inside",
			"origin": [-7.5, 0.5, -9.5],
			"color": 0,
			"children": [
				{
					"name": "Music Disc",
					"origin": [-4.5, 0.375, 0.5],
					"color": 0,
					"children": [23, 24, 25, 26, 27, 28, 29, 30, 31, 32, 33, 34, 35, 36, 37, 38, 39, 40, 41, 42, 43, 44, 45, 46, 47, 48, 49, 50, 51, 52, 53, 54, 55, 56, 57, 58, 59, 60, 61, 62, 63, 64, 65, 66, 67]
				}
			]
		}
	]
}