{
	"format_version": "1.21.6",
	"credit": "Made with Blockbench",
	"parent": "minecraft:block/cube_all",
	"textures": {
		"1": "block/jukebox_side",
		"2": "block/jukebox_top",
		"3": "block/smoker_inside",
		"particle": "block/jukebox_side"
	},
	"elements": [
		{
			"from": [0.5, 0.5, 0.5],
			"to": [7, 15.5, 15.5],
			"rotation": {"angle": 0, "axis": "y", "origin": [0.5, 0, 0.5]},
			"faces": {
				"north": {"uv": [9, 0.5, 15.5, 15.5], "texture": "#1"},
				"east": {"uv": [0.5, 0.5, 15.5, 15.5], "texture": "#3"},
				"south": {"uv": [0.5, 0.5, 7, 15.5], "texture": "#1"},
				"west": {"uv": [0.5, 0.5, 15.5, 15.5], "texture": "#1"},
				"up": {"uv": [0.5, 0.5, 7, 15.5], "texture": "#2"},
				"down": {"uv": [0.5, 0.5, 7, 15.5], "texture": "#1"}
			}
		},
		{
			"from": [9, 0.5, 0.5],
			"to": [15.5, 15.5, 15.5],
			"rotation": {"angle": 0, "axis": "y", "origin": [0.5, 0, 0.5]},
			"faces": {
				"north": {"uv": [0.5, 0.5, 7, 15.5], "texture": "#1"},
				"east": {"uv": [0.5, 0.5, 15.5, 15.5], "texture": "#1"},
				"south": {"uv": [9, 0.5, 15.5, 15.5], "texture": "#1"},
				"west": {"uv": [0.5, 0.5, 15.5, 15.5], "texture": "#3"},
				"up": {"uv": [9, 0.5, 15.5, 15.5], "texture": "#2"},
				"down": {"uv": [9, 0.5, 15.5, 15.5], "texture": "#1"}
			}
		},
		{
			"from": [0, 0, 0],
			"to": [1, 16, 1],
			"faces": {
				"north": {"uv": [0, 0, 1, 16], "texture": "#1"},
				"east": {"uv": [0, 0, 1, 16], "texture": "#1"},
				"south": {"uv": [0, 0, 1, 16], "texture": "#1"},
				"west": {"uv": [0, 0, 1, 16], "texture": "#1"},
				"up": {"uv": [0, 0, 1, 1], "texture": "#1"},
				"down": {"uv": [0, 15, 1, 16], "texture": "#1"}
			}
		},
		{
			"from": [0, 0, 1],
			"to": [1, 1, 15],
			"rotation": {"angle": 0, "axis": "y", "origin": [8, 8, 8]},
			"faces": {
				"north": {"uv": [0, 0, 1, 16], "texture": "#1"},
				"east": {"uv": [0, 15, 0.9, 16], "texture": "#1"},
				"south": {"uv": [0, 0, 1, 16], "texture": "#1"},
				"west": {"uv": [0, 15, 0.9, 16], "texture": "#1"},
				"up": {"uv": [0, 15, 0.9, 16], "texture": "#1"},
				"down": {"uv": [0, 15, 0.9, 16], "texture": "#1"}
			}
		},
		{
			"from": [0, 15, 1],
			"to": [1, 16, 15],
			"rotation": {"angle": 0, "axis": "y", "origin": [8, 8, 8]},
			"faces": {
				"north": {"uv": [0, 16, 1, 0], "texture": "#1"},
				"east": {"uv": [0, 16, 0.9, 15], "texture": "#1"},
				"south": {"uv": [0, 16, 1, 0], "texture": "#1"},
				"west": {"uv": [0, 16, 0.9, 15], "texture": "#1"},
				"up": {"uv": [0, 16, 0.9, 15], "texture": "#1"},
				"down": {"uv": [0, 16, 0.9, 15], "texture": "#1"}
			}
		},
		{
			"from": [15, 0, 1],
			"to": [16, 1, 15],
			"rotation": {"angle": 0, "axis": "y", "origin": [8, 8, 8]},
			"faces": {
				"north": {"uv": [1, 0, 0, 16], "texture": "#1"},
				"east": {"uv": [0.9, 15, 0, 16], "texture": "#1"},
				"south": {"uv": [1, 0, 0, 16], "texture": "#1"},
				"west": {"uv": [0.9, 15, 0, 16], "texture": "#1"},
				"up": {"uv": [0.9, 15, 0, 16], "texture": "#1"},
				"down": {"uv": [0.9, 15, 0, 16], "texture": "#1"}
			}
		},
		{
			"from": [15, 15, 1],
			"to": [16, 16, 15],
			"rotation": {"angle": 0, "axis": "y", "origin": [8, 8, 8]},
			"faces": {
				"north": {"uv": [1, 16, 0, 0], "texture": "#1"},
				"east": {"uv": [0.9, 16, 0, 15], "texture": "#1"},
				"south": {"uv": [1, 16, 0, 0], "texture": "#1"},
				"west": {"uv": [0.9, 16, 0, 15], "texture": "#1"},
				"up": {"uv": [0.9, 16, 0, 15], "texture": "#1"},
				"down": {"uv": [0.9, 16, 0, 15], "texture": "#1"}
			}
		},
		{
			"from": [1, 15, 15],
			"to": [15, 16, 16],
			"rotation": {"angle": 0, "axis": "y", "origin": [8, 8, 8]},
			"faces": {
				"north": {"uv": [0, 16, 0.9, 15], "texture": "#1"},
				"east": {"uv": [0, 16, 1, 0], "texture": "#1"},
				"south": {"uv": [0, 16, 0.9, 15], "texture": "#1"},
				"west": {"uv": [0, 16, 1, 0], "texture": "#1"},
				"up": {"uv": [0, 16, 0.9, 15], "rotation": 270, "texture": "#1"},
				"down": {"uv": [0, 16, 0.9, 15], "rotation": 90, "texture": "#1"}
			}
		},
		{
			"from": [1, 0, 15],
			"to": [15, 1, 16],
			"rotation": {"angle": 0, "axis": "y", "origin": [8, 8, 8]},
			"faces": {
				"north": {"uv": [0, 15, 0.9, 16], "texture": "#1"},
				"east": {"uv": [0, 0, 1, 16], "texture": "#1"},
				"south": {"uv": [0, 15, 0.9, 16], "texture": "#1"},
				"west": {"uv": [0, 0, 1, 16], "texture": "#1"},
				"up": {"uv": [0, 15, 0.9, 16], "rotation": 270, "texture": "#1"},
				"down": {"uv": [0, 15, 0.9, 16], "rotation": 90, "texture": "#1"}
			}
		},
		{
			"from": [1, 0, 0],
			"to": [15, 1, 1],
			"rotation": {"angle": 0, "axis": "y", "origin": [8, 8, 8]},
			"faces": {
				"north": {"uv": [0.9, 15, 0, 16], "texture": "#1"},
				"east": {"uv": [1, 0, 0, 16], "texture": "#1"},
				"south": {"uv": [0.9, 15, 0, 16], "texture": "#1"},
				"west": {"uv": [1, 0, 0, 16], "texture": "#1"},
				"up": {"uv": [0.9, 15, 0, 16], "rotation": 270, "texture": "#1"},
				"down": {"uv": [0.9, 15, 0, 16], "rotation": 90, "texture": "#1"}
			}
		},
		{
			"from": [1, 15, 0],
			"to": [15, 16, 1],
			"rotation": {"angle": 0, "axis": "y", "origin": [8, 8, 8]},
			"faces": {
				"north": {"uv": [0.9, 16, 0, 15], "texture": "#1"},
				"east": {"uv": [1, 16, 0, 0], "texture": "#1"},
				"south": {"uv": [0.9, 16, 0, 15], "texture": "#1"},
				"west": {"uv": [1, 16, 0, 0], "texture": "#1"},
				"up": {"uv": [0.9, 16, 0, 15], "rotation": 270, "texture": "#1"},
				"down": {"uv": [0.9, 16, 0, 15], "rotation": 90, "texture": "#1"}
			}
		},
		{
			"from": [15, 0, 0],
			"to": [16, 16, 1],
			"rotation": {"angle": 0, "axis": "y", "origin": [16, 0, 0]},
			"faces": {
				"north": {"uv": [1, 0, 0, 16], "texture": "#1"},
				"east": {"uv": [1, 0, 0, 16], "texture": "#1"},
				"south": {"uv": [1, 0, 0, 16], "texture": "#1"},
				"west": {"uv": [1, 0, 0, 16], "texture": "#1"},
				"up": {"uv": [1, 0, 0, 1], "texture": "#1"},
				"down": {"uv": [1, 15, 0, 16], "texture": "#1"}
			}
		},
		{
			"from": [0, 0, 15],
			"to": [1, 16, 16],
			"rotation": {"angle": 0, "axis": "y", "origin": [0, 0, 16]},
			"faces": {
				"north": {"uv": [1, 0, 0, 16], "texture": "#1"},
				"east": {"uv": [1, 0, 0, 16], "texture": "#1"},
				"south": {"uv": [1, 0, 0, 16], "texture": "#1"},
				"west": {"uv": [1, 0, 0, 16], "texture": "#1"},
				"up": {"uv": [0, 1, 1, 0], "texture": "#1"},
				"down": {"uv": [0, 16, 1, 15], "texture": "#1"}
			}
		},
		{
			"from": [15, 0, 15],
			"to": [16, 16, 16],
			"rotation": {"angle": 0, "axis": "y", "origin": [16, 0, 16]},
			"faces": {
				"north": {"uv": [0, 0, 1, 16], "texture": "#1"},
				"east": {"uv": [0, 0, 1, 16], "texture": "#1"},
				"south": {"uv": [0, 0, 1, 16], "texture": "#1"},
				"west": {"uv": [0, 0, 1, 16], "texture": "#1"},
				"up": {"uv": [1, 1, 0, 0], "texture": "#1"},
				"down": {"uv": [1, 16, 0, 15], "texture": "#1"}
			}
		},
		{
			"from": [7, 0.5, 0.5],
			"to": [9, 2.5, 15.5],
			"rotation": {"angle": 0, "axis": "y", "origin": [7, 0.5, 0.5]},
			"faces": {
				"north": {"uv": [7, 13.5, 9, 15.5], "texture": "#1"},
				"east": {"uv": [0.5, 7, 15.5, 9], "texture": "#1"},
				"south": {"uv": [7, 13.5, 9, 15.5], "texture": "#1"},
				"west": {"uv": [0.5, 7, 15.5, 9], "texture": "#1"},
				"up": {"uv": [7, 0.5, 9, 15.5], "texture": "#3"},
				"down": {"uv": [7, 0.5, 9, 15.5], "texture": "#1"}
			}
		},
		{
			"from": [7, 2.5, 0.5],
			"to": [9, 15.5, 3],
			"rotation": {"angle": 0, "axis": "y", "origin": [7, 2.5, 0.5]},
			"faces": {
				"north": {"uv": [7, 0.5, 9, 13.5], "texture": "#1"},
				"east": {"uv": [7, 0.5, 9, 13.5], "texture": "#1"},
				"south": {"uv": [7, 0.5, 9, 13.5], "texture": "#3"},
				"west": {"uv": [7, 0.5, 9, 13.5], "texture": "#1"},
				"up": {"uv": [7, 0.5, 9, 3], "texture": "#2"},
				"down": {"uv": [7, 0.5, 9, 3], "texture": "#2"}
			}
		},
		{
			"from": [7, 2.5, 13],
			"to": [9, 15.5, 15.5],
			"rotation": {"angle": 0, "axis": "y", "origin": [7, 2.5, 0.5]},
			"faces": {
				"north": {"uv": [7, 0.5, 9, 13.5], "texture": "#3"},
				"east": {"uv": [7, 0.5, 9, 13.5], "texture": "#1"},
				"south": {"uv": [7, 0.5, 9, 13.5], "texture": "#1"},
				"west": {"uv": [7, 0.5, 9, 13.5], "texture": "#1"},
				"up": {"uv": [7, 13, 9, 15.5], "texture": "#2"},
				"down": {"uv": [7, 0.5, 9, 3], "texture": "#2"}
			}
		},
		{
			"from": [6, 14.75, 3],
			"to": [7.1, 15.75, 13],
			"rotation": {"angle": 0, "axis": "y", "origin": [6, 14.75, 3]},
			"faces": {
				"north": {"uv": [9, 3, 10, 4], "texture": "#2"},
				"east": {"uv": [9, 3, 10, 13], "texture": "#2"},
				"south": {"uv": [9, 12, 10, 13], "texture": "#2"},
				"west": {"uv": [9, 3, 10, 13], "texture": "#2"},
				"up": {"uv": [9, 3, 10, 13], "texture": "#2"},
				"down": {"uv": [9, 3, 10, 13], "texture": "#2"}
			}
		},
		{
			"from": [5.84776, 14.74, 2.23463],
			"to": [7.99776, 15.74, 3.33463],
			"rotation": {"angle": 22.5, "axis": "y", "origin": [7.84776, 14.75, 2.23463]},
			"faces": {
				"north": {"uv": [9, 3, 10, 13], "texture": "#2"},
				"east": {"uv": [9, 3, 10, 4], "texture": "#2"},
				"south": {"uv": [9, 3, 10, 13], "texture": "#2"},
				"west": {"uv": [9, 12, 10, 13], "texture": "#2"},
				"up": {"uv": [9, 3, 10, 13], "rotation": 90, "texture": "#2"},
				"down": {"uv": [9, 3, 10, 13], "rotation": 270, "texture": "#2"}
			}
		},
		{
			"from": [7.977, 14.73, 2.24509],
			"to": [10.15224, 15.73, 3.33463],
			"rotation": {"angle": -22.5, "axis": "y", "origin": [8.15224, 14.75, 2.23463]},
			"faces": {
				"north": {"uv": [10, 3, 9, 13], "texture": "#2"},
				"east": {"uv": [10, 12, 9, 13], "texture": "#2"},
				"south": {"uv": [10, 3, 9, 13], "texture": "#2"},
				"west": {"uv": [10, 3, 9, 4], "texture": "#2"},
				"up": {"uv": [9, 13, 10, 3], "rotation": 90, "texture": "#2"},
				"down": {"uv": [9, 13, 10, 3], "rotation": 270, "texture": "#2"}
			}
		},
		{
			"from": [5.84776, 14.74, 12.66537],
			"to": [7.99776, 15.74, 13.76537],
			"rotation": {"angle": -22.5, "axis": "y", "origin": [7.84776, 14.75, 13.76537]},
			"faces": {
				"north": {"uv": [10, 3, 9, 13], "texture": "#2"},
				"east": {"uv": [10, 3, 9, 4], "texture": "#2"},
				"south": {"uv": [10, 3, 9, 13], "texture": "#2"},
				"west": {"uv": [10, 12, 9, 13], "texture": "#2"},
				"up": {"uv": [10, 3, 9, 13], "rotation": 90, "texture": "#2"},
				"down": {"uv": [10, 3, 9, 13], "rotation": 270, "texture": "#2"}
			}
		},
		{
			"from": [7.977, 14.73, 12.66537],
			"to": [10.15224, 15.73, 13.75491],
			"rotation": {"angle": 22.5, "axis": "y", "origin": [8.15224, 14.75, 13.76537]},
			"faces": {
				"north": {"uv": [9, 3, 10, 13], "texture": "#2"},
				"east": {"uv": [9, 12, 10, 13], "texture": "#2"},
				"south": {"uv": [9, 3, 10, 13], "texture": "#2"},
				"west": {"uv": [9, 3, 10, 4], "texture": "#2"},
				"up": {"uv": [10, 13, 9, 3], "rotation": 90, "texture": "#2"},
				"down": {"uv": [10, 13, 9, 3], "rotation": 270, "texture": "#2"}
			}
		},
		{
			"from": [8.9, 14.75, 3],
			"to": [10, 15.75, 13],
			"rotation": {"angle": 0, "axis": "y", "origin": [10, 14.75, 3]},
			"faces": {
				"north": {"uv": [10, 3, 9, 4], "texture": "#2"},
				"east": {"uv": [10, 3, 9, 13], "texture": "#2"},
				"south": {"uv": [10, 12, 9, 13], "texture": "#2"},
				"west": {"uv": [10, 3, 9, 13], "texture": "#2"},
				"up": {"uv": [10, 3, 9, 13], "texture": "#2"},
				"down": {"uv": [10, 3, 9, 13], "texture": "#2"}
			}
		}
	]
}