{
	"format_version": "1.21.6",
	"credit": "Made with Blockbench",
	"ambientocclusion": false,
	"textures": {
		"1": "block/oak_planks",
		"2": "block/stripped_oak_log",
		"4": "block/netherite_block",
		"particle": "block/ladder"
	},
	"elements": [
		{
			"from": [2, 0, 15.25],
			"to": [4, 16, 16],
			"rotation": {"angle": 0, "axis": "y", "origin": [2, 0, 15]},
			"faces": {
				"north": {"uv": [0, 1, 16, 3], "rotation": 90, "texture": "#1"},
				"east": {"uv": [0, 2, 16, 3], "rotation": 90, "texture": "#1"},
				"south": {"uv": [0, 0, 16, 2], "rotation": 90, "texture": "#1"},
				"west": {"uv": [0, 0, 16, 1], "rotation": 90, "texture": "#1"},
				"up": {"uv": [15, 0, 16, 2], "rotation": 90, "texture": "#1"},
				"down": {"uv": [0, 1, 1, 3], "rotation": 90, "texture": "#1"}
			}
		},
		{
			"from": [12, 0, 15.25],
			"to": [14, 16, 16],
			"rotation": {"angle": 0, "axis": "y", "origin": [12, 0, 15]},
			"faces": {
				"north": {"uv": [16, 2, 0, 0], "rotation": 90, "texture": "#1"},
				"east": {"uv": [0, 2, 16, 3], "rotation": 90, "texture": "#1"},
				"south": {"uv": [16, 3, 0, 1], "rotation": 90, "texture": "#1"},
				"west": {"uv": [0, 0, 16, 1], "rotation": 90, "texture": "#1"},
				"up": {"uv": [6, 0, 7, 2], "rotation": 90, "texture": "#1"},
				"down": {"uv": [2, 1, 3, 3], "rotation": 90, "texture": "#1"}
			}
		},
		{
			"from": [1, 0.75, 14.75],
			"to": [15, 3.25, 15.25],
			"rotation": {"angle": 0, "axis": "z", "origin": [16, 1, 14.25]},
			"faces": {
				"north": {"uv": [3, 16, 0, 0], "rotation": 90, "texture": "#2"},
				"east": {"uv": [3, 8, 0, 7], "rotation": 90, "texture": "#2"},
				"south": {"uv": [3, 16, 0, 0], "rotation": 90, "texture": "#2"},
				"west": {"uv": [3, 12, 0, 11], "rotation": 90, "texture": "#2"},
				"up": {"uv": [4, 16, 3, 0], "rotation": 90, "texture": "#2"},
				"down": {"uv": [16, 16, 15, 0], "rotation": 90, "texture": "#2"}
			}
		},
		{
			"from": [12.85, 1.15, 14.55],
			"to": [13.25, 1.55, 15.05],
			"rotation": {"angle": 0, "axis": "y", "origin": [25.75, 1, 14.05]},
			"faces": {
				"north": {"uv": [2, 12, 4, 14], "texture": "#4"},
				"east": {"uv": [2, 11, 3, 13], "texture": "#4"},
				"south": {"uv": [3, 16, 0, 0], "rotation": 90, "texture": "#2"},
				"west": {"uv": [3, 11, 4, 13], "texture": "#4"},
				"up": {"uv": [4, 12, 2, 13], "texture": "#4"},
				"down": {"uv": [2, 13, 4, 14], "texture": "#4"}
			}
		},
		{
			"from": [12.75, 2.45, 14.55],
			"to": [13.15, 2.85, 15.05],
			"rotation": {"angle": 0, "axis": "y", "origin": [25.65, 2.3, 14.05]},
			"faces": {
				"north": {"uv": [2, 12, 4, 14], "texture": "#4"},
				"east": {"uv": [2, 11, 3, 13], "texture": "#4"},
				"south": {"uv": [3, 16, 0, 0], "rotation": 90, "texture": "#2"},
				"west": {"uv": [3, 11, 4, 13], "texture": "#4"},
				"up": {"uv": [4, 12, 2, 13], "texture": "#4"},
				"down": {"uv": [2, 13, 4, 14], "texture": "#4"}
			}
		},
		{
			"from": [2.75, 2.45, 14.55],
			"to": [3.15, 2.85, 15.05],
			"rotation": {"angle": 0, "axis": "y", "origin": [15.65, 2.3, 14.05]},
			"faces": {
				"north": {"uv": [2, 12, 4, 14], "texture": "#4"},
				"east": {"uv": [2, 11, 3, 13], "texture": "#4"},
				"south": {"uv": [3, 16, 0, 0], "rotation": 90, "texture": "#2"},
				"west": {"uv": [3, 11, 4, 13], "texture": "#4"},
				"up": {"uv": [4, 12, 2, 13], "texture": "#4"},
				"down": {"uv": [2, 13, 4, 14], "texture": "#4"}
			}
		},
		{
			"from": [2.65, 1.15, 14.55],
			"to": [3.05, 1.55, 15.05],
			"rotation": {"angle": 0, "axis": "y", "origin": [15.55, 1, 14.05]},
			"faces": {
				"north": {"uv": [2, 12, 4, 14], "texture": "#4"},
				"east": {"uv": [2, 11, 3, 13], "texture": "#4"},
				"south": {"uv": [3, 16, 0, 0], "rotation": 90, "texture": "#2"},
				"west": {"uv": [3, 11, 4, 13], "texture": "#4"},
				"up": {"uv": [4, 12, 2, 13], "texture": "#4"},
				"down": {"uv": [2, 13, 4, 14], "texture": "#4"}
			}
		},
		{
			"from": [1, 6.75, 14.75],
			"to": [15, 9.25, 15.25],
			"rotation": {"angle": 22.5, "axis": "z", "origin": [7.85, 8, 14.9]},
			"faces": {
				"north": {"uv": [3, 16, 0, 0], "rotation": 90, "texture": "#2"},
				"east": {"uv": [3, 8, 0, 7], "rotation": 90, "texture": "#2"},
				"south": {"uv": [3, 16, 0, 0], "rotation": 90, "texture": "#2"},
				"west": {"uv": [3, 12, 0, 11], "rotation": 90, "texture": "#2"},
				"up": {"uv": [4, 16, 3, 0], "rotation": 90, "texture": "#2"},
				"down": {"uv": [16, 16, 15, 0], "rotation": 90, "texture": "#2"}
			}
		},
		{
			"from": [3, 6.56913, 14.03668],
			"to": [3.4, 6.96913, 14.23668],
			"rotation": {"angle": -22.5, "axis": "x", "origin": [3.2, 6.76913, 14.46168]},
			"faces": {
				"north": {"uv": [2, 12, 4, 14], "texture": "#4"},
				"east": {"uv": [2, 11, 3, 13], "texture": "#4"},
				"south": {"uv": [2, 12, 4, 14], "texture": "#4"},
				"west": {"uv": [3, 11, 4, 13], "texture": "#4"},
				"up": {"uv": [4, 12, 2, 13], "texture": "#4"},
				"down": {"uv": [2, 13, 4, 14], "texture": "#4"}
			}
		},
		{
			"from": [3.11, 6.67913, 14.06168],
			"to": [3.29, 6.85913, 15.51168],
			"rotation": {"angle": -22.5, "axis": "x", "origin": [3.2, 6.76913, 14.46168]},
			"faces": {
				"north": {"uv": [2, 12, 4, 14], "texture": "#4"},
				"east": {"uv": [2, 11, 3, 13], "texture": "#4"},
				"south": {"uv": [3, 16, 0, 0], "rotation": 90, "texture": "#4"},
				"west": {"uv": [3, 11, 4, 13], "texture": "#4"},
				"up": {"uv": [4, 12, 2, 13], "texture": "#4"},
				"down": {"uv": [2, 13, 4, 14], "texture": "#4"}
			}
		},
		{
			"from": [13.1, 10.36913, 14.28668],
			"to": [13.5, 10.76913, 14.48668],
			"rotation": {"angle": -22.5, "axis": "z", "origin": [13.3, 10.56913, 14.71168]},
			"faces": {
				"north": {"uv": [2, 12, 4, 14], "texture": "#4"},
				"east": {"uv": [2, 11, 3, 13], "texture": "#4"},
				"south": {"uv": [2, 12, 4, 14], "texture": "#4"},
				"west": {"uv": [3, 11, 4, 13], "texture": "#4"},
				"up": {"uv": [4, 12, 2, 13], "texture": "#4"},
				"down": {"uv": [2, 13, 4, 14], "texture": "#4"}
			}
		},
		{
			"from": [13.21, 10.47913, 14.31168],
			"to": [13.39, 10.65913, 15.76168],
			"rotation": {"angle": -22.5, "axis": "z", "origin": [13.3, 10.56913, 14.71168]},
			"faces": {
				"north": {"uv": [2, 12, 4, 14], "texture": "#4"},
				"east": {"uv": [2, 11, 3, 13], "texture": "#4"},
				"south": {"uv": [3, 16, 0, 0], "rotation": 90, "texture": "#4"},
				"west": {"uv": [3, 11, 4, 13], "texture": "#4"},
				"up": {"uv": [4, 12, 2, 13], "texture": "#4"},
				"down": {"uv": [2, 13, 4, 14], "texture": "#4"}
			}
		},
		{
			"from": [1, 12.75, 14.75],
			"to": [15, 15.25, 15.25],
			"rotation": {"angle": 0, "axis": "y", "origin": [16, 13, 14.25]},
			"faces": {
				"north": {"uv": [3, 16, 0, 0], "rotation": 90, "texture": "#2"},
				"east": {"uv": [3, 8, 0, 7], "rotation": 90, "texture": "#2"},
				"south": {"uv": [3, 16, 0, 0], "rotation": 90, "texture": "#2"},
				"west": {"uv": [3, 12, 0, 11], "rotation": 90, "texture": "#2"},
				"up": {"uv": [4, 16, 3, 0], "rotation": 90, "texture": "#2"},
				"down": {"uv": [16, 16, 15, 0], "rotation": 90, "texture": "#2"}
			}
		},
		{
			"from": [12.65, 13.15, 14.55],
			"to": [13.05, 13.55, 15.05],
			"rotation": {"angle": 0, "axis": "y", "origin": [25.55, 13, 14.05]},
			"faces": {
				"north": {"uv": [2, 12, 4, 14], "texture": "#4"},
				"east": {"uv": [2, 11, 3, 13], "texture": "#4"},
				"south": {"uv": [3, 16, 0, 0], "rotation": 90, "texture": "#2"},
				"west": {"uv": [3, 11, 4, 13], "texture": "#4"},
				"up": {"uv": [4, 12, 2, 13], "texture": "#4"},
				"down": {"uv": [2, 13, 4, 14], "texture": "#4"}
			}
		},
		{
			"from": [12.75, 14.45, 14.55],
			"to": [13.15, 14.85, 15.05],
			"rotation": {"angle": 0, "axis": "y", "origin": [25.65, 14.3, 14.05]},
			"faces": {
				"north": {"uv": [2, 12, 4, 14], "texture": "#4"},
				"east": {"uv": [2, 11, 3, 13], "texture": "#4"},
				"south": {"uv": [3, 16, 0, 0], "rotation": 90, "texture": "#2"},
				"west": {"uv": [3, 11, 4, 13], "texture": "#4"},
				"up": {"uv": [4, 12, 2, 13], "texture": "#4"},
				"down": {"uv": [2, 13, 4, 14], "texture": "#4"}
			}
		},
		{
			"from": [2.65, 14.45, 14.55],
			"to": [3.05, 14.85, 15.05],
			"rotation": {"angle": 0, "axis": "y", "origin": [15.55, 14.3, 14.05]},
			"faces": {
				"north": {"uv": [2, 12, 4, 14], "texture": "#4"},
				"east": {"uv": [2, 11, 3, 13], "texture": "#4"},
				"south": {"uv": [3, 16, 0, 0], "rotation": 90, "texture": "#2"},
				"west": {"uv": [3, 11, 4, 13], "texture": "#4"},
				"up": {"uv": [4, 12, 2, 13], "texture": "#4"},
				"down": {"uv": [2, 13, 4, 14], "texture": "#4"}
			}
		},
		{
			"from": [2.75, 13.15, 14.55],
			"to": [3.15, 13.55, 15.05],
			"rotation": {"angle": 0, "axis": "y", "origin": [15.65, 13, 14.05]},
			"faces": {
				"north": {"uv": [2, 12, 4, 14], "texture": "#4"},
				"east": {"uv": [2, 11, 3, 13], "texture": "#4"},
				"south": {"uv": [3, 16, 0, 0], "rotation": 90, "texture": "#2"},
				"west": {"uv": [3, 11, 4, 13], "texture": "#4"},
				"up": {"uv": [4, 12, 2, 13], "texture": "#4"},
				"down": {"uv": [2, 13, 4, 14], "texture": "#4"}
			}
		}
	],
	"groups": [
		0,
		1,
		{
			"name": "Board_1",
			"origin": [15.55, 1, 14.05],
			"color": 0,
			"children": [2, 3, 4, 5, 6]
		},
		{
			"name": "Board_3",
			"origin": [15.55, 1, 14.05],
			"color": 0,
			"children": [
				7,
				{
					"name": "Bolt",
					"origin": [2.95, 6.54305, 14.40394],
					"color": 0,
					"children": [8, 9]
				},
				{
					"name": "Bolt",
					"origin": [2.95, 6.54305, 14.40394],
					"color": 0,
					"children": [10, 11]
				}
			]
		},
		{
			"name": "Board_4",
			"origin": [15.55, 1, 14.05],
			"color": 0,
			"children": [12, 13, 14, 15, 16]
		}
	]
}