{
	"format_version": "1.21.6",
	"credit": "Made with Blockbench",
	"ambientocclusion": false,
	"textures": {
		"1": "block/oak_planks",
		"2": "block/stripped_oak_log",
		"4": "block/netherite_block",
		"particle": "block/ladder"
	},
	"elements": [
		{
			"from": [2, 0, 15.25],
			"to": [4, 16, 16],
			"rotation": {"angle": 0, "axis": "y", "origin": [2, 0, 15]},
			"faces": {
				"north": {"uv": [0, 1, 16, 3], "rotation": 90, "texture": "#1"},
				"east": {"uv": [0, 2, 16, 3], "rotation": 90, "texture": "#1"},
				"south": {"uv": [0, 0, 16, 2], "rotation": 90, "texture": "#1"},
				"west": {"uv": [0, 0, 16, 1], "rotation": 90, "texture": "#1"},
				"up": {"uv": [15, 0, 16, 2], "rotation": 90, "texture": "#1"},
				"down": {"uv": [0, 1, 1, 3], "rotation": 90, "texture": "#1"}
			}
		},
		{
			"from": [12, 0, 15.25],
			"to": [14, 16, 16],
			"rotation": {"angle": 0, "axis": "y", "origin": [12, 0, 15]},
			"faces": {
				"north": {"uv": [16, 2, 0, 0], "rotation": 90, "texture": "#1"},
				"east": {"uv": [0, 2, 16, 3], "rotation": 90, "texture": "#1"},
				"south": {"uv": [16, 3, 0, 1], "rotation": 90, "texture": "#1"},
				"west": {"uv": [0, 0, 16, 1], "rotation": 90, "texture": "#1"},
				"up": {"uv": [6, 0, 7, 2], "rotation": 90, "texture": "#1"},
				"down": {"uv": [2, 1, 3, 3], "rotation": 90, "texture": "#1"}
			}
		},
		{
			"from": [1, 0.75, 14.75],
			"to": [15, 3.25, 15.25],
			"rotation": {"angle": 0, "axis": "z", "origin": [16, 1, 14.25]},
			"faces": {
				"north": {"uv": [3, 16, 0, 0], "rotation": 90, "texture": "#2"},
				"east": {"uv": [3, 8, 0, 7], "rotation": 90, "texture": "#2"},
				"south": {"uv": [3, 16, 0, 0], "rotation": 90, "texture": "#2"},
				"west": {"uv": [3, 12, 0, 11], "rotation": 90, "texture": "#2"},
				"up": {"uv": [4, 16, 3, 0], "rotation": 90, "texture": "#2"},
				"down": {"uv": [16, 16, 15, 0], "rotation": 90, "texture": "#2"}
			}
		},
		{
			"from": [12.85, 1.25, 14.55],
			"to": [13.25, 1.65, 15.05],
			"rotation": {"angle": 0, "axis": "y", "origin": [25.75, 1.1, 14.05]},
			"faces": {
				"north": {"uv": [2, 12, 4, 14], "texture": "#4"},
				"east": {"uv": [2, 11, 3, 13], "texture": "#4"},
				"south": {"uv": [3, 16, 0, 0], "rotation": 90, "texture": "#2"},
				"west": {"uv": [3, 11, 4, 13], "texture": "#4"},
				"up": {"uv": [4, 12, 2, 13], "texture": "#4"},
				"down": {"uv": [2, 13, 4, 14], "texture": "#4"}
			}
		},
		{
			"from": [12.75, 2.45, 14.55],
			"to": [13.15, 2.85, 15.05],
			"rotation": {"angle": 0, "axis": "y", "origin": [25.65, 2.3, 14.05]},
			"faces": {
				"north": {"uv": [2, 12, 4, 14], "texture": "#4"},
				"east": {"uv": [2, 11, 3, 13], "texture": "#4"},
				"south": {"uv": [3, 16, 0, 0], "rotation": 90, "texture": "#2"},
				"west": {"uv": [3, 11, 4, 13], "texture": "#4"},
				"up": {"uv": [4, 12, 2, 13], "texture": "#4"},
				"down": {"uv": [2, 13, 4, 14], "texture": "#4"}
			}
		},
		{
			"from": [2.65, 1.15, 14.55],
			"to": [3.05, 1.55, 15.05],
			"rotation": {"angle": 0, "axis": "y", "origin": [15.55, 1, 14.05]},
			"faces": {
				"north": {"uv": [2, 12, 4, 14], "texture": "#4"},
				"east": {"uv": [2, 11, 3, 13], "texture": "#4"},
				"south": {"uv": [3, 16, 0, 0], "rotation": 90, "texture": "#2"},
				"west": {"uv": [3, 11, 4, 13], "texture": "#4"},
				"up": {"uv": [4, 12, 2, 13], "texture": "#4"},
				"down": {"uv": [2, 13, 4, 14], "texture": "#4"}
			}
		},
		{
			"from": [1, 4.75, 14.75],
			"to": [15, 7.25, 15.25],
			"rotation": {"angle": 0, "axis": "y", "origin": [16, 5, 14.25]},
			"faces": {
				"north": {"uv": [3, 16, 0, 0], "rotation": 90, "texture": "#2"},
				"east": {"uv": [3, 8, 0, 7], "rotation": 90, "texture": "#2"},
				"south": {"uv": [3, 16, 0, 0], "rotation": 90, "texture": "#2"},
				"west": {"uv": [3, 12, 0, 11], "rotation": 90, "texture": "#2"},
				"up": {"uv": [4, 16, 3, 0], "rotation": 90, "texture": "#2"},
				"down": {"uv": [16, 16, 15, 0], "rotation": 90, "texture": "#2"}
			}
		},
		{
			"from": [12.55, 5.15, 14.55],
			"to": [12.95, 5.55, 15.05],
			"rotation": {"angle": 0, "axis": "y", "origin": [25.45, 5, 14.05]},
			"faces": {
				"north": {"uv": [2, 12, 4, 14], "texture": "#4"},
				"east": {"uv": [2, 11, 3, 13], "texture": "#4"},
				"south": {"uv": [3, 16, 0, 0], "rotation": 90, "texture": "#2"},
				"west": {"uv": [3, 11, 4, 13], "texture": "#4"},
				"up": {"uv": [4, 12, 2, 13], "texture": "#4"},
				"down": {"uv": [2, 13, 4, 14], "texture": "#4"}
			}
		},
		{
			"from": [12.75, 6.35, 14.55],
			"to": [13.15, 6.75, 15.05],
			"rotation": {"angle": 0, "axis": "y", "origin": [25.65, 6.2, 14.05]},
			"faces": {
				"north": {"uv": [2, 12, 4, 14], "texture": "#4"},
				"east": {"uv": [2, 11, 3, 13], "texture": "#4"},
				"south": {"uv": [3, 16, 0, 0], "rotation": 90, "texture": "#2"},
				"west": {"uv": [3, 11, 4, 13], "texture": "#4"},
				"up": {"uv": [4, 12, 2, 13], "texture": "#4"},
				"down": {"uv": [2, 13, 4, 14], "texture": "#4"}
			}
		},
		{
			"from": [2.65, 6.15, 14.55],
			"to": [3.05, 6.55, 15.05],
			"rotation": {"angle": 0, "axis": "y", "origin": [15.55, 6, 14.05]},
			"faces": {
				"north": {"uv": [2, 12, 4, 14], "texture": "#4"},
				"east": {"uv": [2, 11, 3, 13], "texture": "#4"},
				"south": {"uv": [3, 16, 0, 0], "rotation": 90, "texture": "#2"},
				"west": {"uv": [3, 11, 4, 13], "texture": "#4"},
				"up": {"uv": [4, 12, 2, 13], "texture": "#4"},
				"down": {"uv": [2, 13, 4, 14], "texture": "#4"}
			}
		},
		{
			"from": [2.65, 5.25, 14.55],
			"to": [3.05, 5.65, 15.05],
			"rotation": {"angle": 0, "axis": "y", "origin": [15.55, 5.1, 14.05]},
			"faces": {
				"north": {"uv": [2, 12, 4, 14], "texture": "#4"},
				"east": {"uv": [2, 11, 3, 13], "texture": "#4"},
				"south": {"uv": [3, 16, 0, 0], "rotation": 90, "texture": "#2"},
				"west": {"uv": [3, 11, 4, 13], "texture": "#4"},
				"up": {"uv": [4, 12, 2, 13], "texture": "#4"},
				"down": {"uv": [2, 13, 4, 14], "texture": "#4"}
			}
		},
		{
			"from": [1, 8.75, 14.75],
			"to": [15, 11.25, 15.25],
			"rotation": {"angle": 0, "axis": "y", "origin": [16, 9, 14.25]},
			"faces": {
				"north": {"uv": [3, 16, 0, 0], "rotation": 90, "texture": "#2"},
				"east": {"uv": [3, 8, 0, 7], "rotation": 90, "texture": "#2"},
				"south": {"uv": [3, 16, 0, 0], "rotation": 90, "texture": "#2"},
				"west": {"uv": [3, 12, 0, 11], "rotation": 90, "texture": "#2"},
				"up": {"uv": [4, 16, 3, 0], "rotation": 90, "texture": "#2"},
				"down": {"uv": [16, 16, 15, 0], "rotation": 90, "texture": "#2"}
			}
		},
		{
			"from": [12.75, 10.45, 14.55],
			"to": [13.15, 10.85, 15.05],
			"rotation": {"angle": 0, "axis": "y", "origin": [25.65, 10.3, 14.05]},
			"faces": {
				"north": {"uv": [2, 12, 4, 14], "texture": "#4"},
				"east": {"uv": [2, 11, 3, 13], "texture": "#4"},
				"south": {"uv": [3, 16, 0, 0], "rotation": 90, "texture": "#2"},
				"west": {"uv": [3, 11, 4, 13], "texture": "#4"},
				"up": {"uv": [4, 12, 2, 13], "texture": "#4"},
				"down": {"uv": [2, 13, 4, 14], "texture": "#4"}
			}
		},
		{
			"from": [2.55, 10.25, 14.55],
			"to": [2.95, 10.65, 15.05],
			"rotation": {"angle": 0, "axis": "y", "origin": [15.45, 10.1, 14.05]},
			"faces": {
				"north": {"uv": [2, 12, 4, 14], "texture": "#4"},
				"east": {"uv": [2, 11, 3, 13], "texture": "#4"},
				"south": {"uv": [3, 16, 0, 0], "rotation": 90, "texture": "#2"},
				"west": {"uv": [3, 11, 4, 13], "texture": "#4"},
				"up": {"uv": [4, 12, 2, 13], "texture": "#4"},
				"down": {"uv": [2, 13, 4, 14], "texture": "#4"}
			}
		},
		{
			"from": [2.65, 9.15, 14.55],
			"to": [3.05, 9.55, 15.05],
			"rotation": {"angle": 0, "axis": "y", "origin": [15.55, 9, 14.05]},
			"faces": {
				"north": {"uv": [2, 12, 4, 14], "texture": "#4"},
				"east": {"uv": [2, 11, 3, 13], "texture": "#4"},
				"south": {"uv": [3, 16, 0, 0], "rotation": 90, "texture": "#2"},
				"west": {"uv": [3, 11, 4, 13], "texture": "#4"},
				"up": {"uv": [4, 12, 2, 13], "texture": "#4"},
				"down": {"uv": [2, 13, 4, 14], "texture": "#4"}
			}
		},
		{
			"from": [1, 12.75, 14.75],
			"to": [15, 15.25, 15.25],
			"rotation": {"angle": 0, "axis": "y", "origin": [16, 13, 14.25]},
			"faces": {
				"north": {"uv": [3, 16, 0, 0], "rotation": 90, "texture": "#2"},
				"east": {"uv": [3, 8, 0, 7], "rotation": 90, "texture": "#2"},
				"south": {"uv": [3, 16, 0, 0], "rotation": 90, "texture": "#2"},
				"west": {"uv": [3, 12, 0, 11], "rotation": 90, "texture": "#2"},
				"up": {"uv": [4, 16, 3, 0], "rotation": 90, "texture": "#2"},
				"down": {"uv": [16, 16, 15, 0], "rotation": 90, "texture": "#2"}
			}
		},
		{
			"from": [12.75, 14.45, 14.55],
			"to": [13.15, 14.85, 15.05],
			"rotation": {"angle": 0, "axis": "y", "origin": [25.65, 14.3, 14.05]},
			"faces": {
				"north": {"uv": [2, 12, 4, 14], "texture": "#4"},
				"east": {"uv": [2, 11, 3, 13], "texture": "#4"},
				"south": {"uv": [3, 16, 0, 0], "rotation": 90, "texture": "#2"},
				"west": {"uv": [3, 11, 4, 13], "texture": "#4"},
				"up": {"uv": [4, 12, 2, 13], "texture": "#4"},
				"down": {"uv": [2, 13, 4, 14], "texture": "#4"}
			}
		},
		{
			"from": [2.65, 14.45, 14.55],
			"to": [3.05, 14.85, 15.05],
			"rotation": {"angle": 0, "axis": "y", "origin": [15.55, 14.3, 14.05]},
			"faces": {
				"north": {"uv": [2, 12, 4, 14], "texture": "#4"},
				"east": {"uv": [2, 11, 3, 13], "texture": "#4"},
				"south": {"uv": [3, 16, 0, 0], "rotation": 90, "texture": "#2"},
				"west": {"uv": [3, 11, 4, 13], "texture": "#4"},
				"up": {"uv": [4, 12, 2, 13], "texture": "#4"},
				"down": {"uv": [2, 13, 4, 14], "texture": "#4"}
			}
		},
		{
			"from": [2.75, 13.46913, 14.38668],
			"to": [3.15, 13.86913, 14.58668],
			"rotation": {"angle": 0, "axis": "x", "origin": [2.95, 13.66913, 14.81168]},
			"faces": {
				"north": {"uv": [2, 12, 4, 14], "texture": "#4"},
				"east": {"uv": [2, 11, 3, 13], "texture": "#4"},
				"south": {"uv": [2, 12, 4, 14], "texture": "#4"},
				"west": {"uv": [3, 11, 4, 13], "texture": "#4"},
				"up": {"uv": [4, 12, 2, 13], "texture": "#4"},
				"down": {"uv": [2, 13, 4, 14], "texture": "#4"}
			}
		},
		{
			"from": [2.86, 13.57913, 14.41168],
			"to": [3.04, 13.75913, 15.16168],
			"rotation": {"angle": 0, "axis": "x", "origin": [2.95, 13.66913, 14.81168]},
			"faces": {
				"north": {"uv": [2, 12, 4, 14], "texture": "#4"},
				"east": {"uv": [2, 11, 3, 13], "texture": "#4"},
				"south": {"uv": [3, 16, 0, 0], "rotation": 90, "texture": "#4"},
				"west": {"uv": [3, 11, 4, 13], "texture": "#4"},
				"up": {"uv": [4, 12, 2, 13], "texture": "#4"},
				"down": {"uv": [2, 13, 4, 14], "texture": "#4"}
			}
		},
		{
			"from": [12.75, 9.26913, 14.48668],
			"to": [13.15, 9.66913, 14.68668],
			"rotation": {"angle": -22.5, "axis": "z", "origin": [12.95, 9.46913, 14.91168]},
			"faces": {
				"north": {"uv": [2, 12, 4, 14], "texture": "#4"},
				"east": {"uv": [2, 11, 3, 13], "texture": "#4"},
				"south": {"uv": [2, 12, 4, 14], "texture": "#4"},
				"west": {"uv": [3, 11, 4, 13], "texture": "#4"},
				"up": {"uv": [4, 12, 2, 13], "texture": "#4"},
				"down": {"uv": [2, 13, 4, 14], "texture": "#4"}
			}
		},
		{
			"from": [12.86, 9.37913, 14.51168],
			"to": [13.04, 9.55913, 15.26168],
			"rotation": {"angle": -22.5, "axis": "z", "origin": [12.95, 9.46913, 14.91168]},
			"faces": {
				"north": {"uv": [2, 12, 4, 14], "texture": "#4"},
				"east": {"uv": [2, 11, 3, 13], "texture": "#4"},
				"south": {"uv": [3, 16, 0, 0], "rotation": 90, "texture": "#4"},
				"west": {"uv": [3, 11, 4, 13], "texture": "#4"},
				"up": {"uv": [4, 12, 2, 13], "texture": "#4"},
				"down": {"uv": [2, 13, 4, 14], "texture": "#4"}
			}
		},
		{
			"from": [2.75, 2.26913, 14.38668],
			"to": [3.15, 2.66913, 14.58668],
			"rotation": {"angle": 22.5, "axis": "z", "origin": [2.95, 2.46913, 14.81168]},
			"faces": {
				"north": {"uv": [2, 12, 4, 14], "texture": "#4"},
				"east": {"uv": [2, 11, 3, 13], "texture": "#4"},
				"south": {"uv": [2, 12, 4, 14], "texture": "#4"},
				"west": {"uv": [3, 11, 4, 13], "texture": "#4"},
				"up": {"uv": [4, 12, 2, 13], "texture": "#4"},
				"down": {"uv": [2, 13, 4, 14], "texture": "#4"}
			}
		},
		{
			"from": [2.86, 2.37913, 14.41168],
			"to": [3.04, 2.55913, 15.16168],
			"rotation": {"angle": 22.5, "axis": "z", "origin": [2.95, 2.46913, 14.81168]},
			"faces": {
				"north": {"uv": [2, 12, 4, 14], "texture": "#4"},
				"east": {"uv": [2, 11, 3, 13], "texture": "#4"},
				"south": {"uv": [3, 16, 0, 0], "rotation": 90, "texture": "#4"},
				"west": {"uv": [3, 11, 4, 13], "texture": "#4"},
				"up": {"uv": [4, 12, 2, 13], "texture": "#4"},
				"down": {"uv": [2, 13, 4, 14], "texture": "#4"}
			}
		}
	],
	"groups": [
		0,
		1,
		{
			"name": "Board_1",
			"origin": [15.55, 1, 14.05],
			"color": 0,
			"children": [2, 3, 4, 5]
		},
		{
			"name": "Board_2",
			"origin": [15.55, 1, 14.05],
			"color": 0,
			"children": [6, 7, 8, 9, 10]
		},
		{
			"name": "Board_3",
			"origin": [15.55, 1, 14.05],
			"color": 0,
			"children": [11, 12, 13, 14]
		},
		{
			"name": "Board_4",
			"origin": [15.55, 1, 14.05],
			"color": 0,
			"children": [15, 16, 17]
		},
		{
			"name": "Bolt",
			"origin": [2.95, 6.54305, 14.40394],
			"color": 0,
			"children": [18, 19]
		},
		{
			"name": "Bolt",
			"origin": [2.95, 6.54305, 14.40394],
			"color": 0,
			"children": [20, 21]
		},
		{
			"name": "Bolt",
			"origin": [2.95, 6.54305, 14.40394],
			"color": 0,
			"children": [22, 23]
		}
	]
}