{
	"format_version": "1.21.6",
	"credit": "Made with Blockbench",
	"ambientocclusion": false,
	"textures": {
		"1": "block/oak_planks",
		"2": "block/stripped_oak_log",
		"4": "block/netherite_block",
		"particle": "block/ladder"
	},
	"elements": [
		{
			"from": [2, 0, 15.25],
			"to": [4, 16, 16],
			"rotation": {"angle": 0, "axis": "y", "origin": [2, 0, 15]},
			"faces": {
				"north": {"uv": [0, 1, 16, 3], "rotation": 90, "texture": "#1"},
				"east": {"uv": [0, 2, 16, 3], "rotation": 90, "texture": "#1"},
				"south": {"uv": [0, 0, 16, 2], "rotation": 90, "texture": "#1"},
				"west": {"uv": [0, 0, 16, 1], "rotation": 90, "texture": "#1"},
				"up": {"uv": [15, 0, 16, 2], "rotation": 90, "texture": "#1"},
				"down": {"uv": [0, 1, 1, 3], "rotation": 90, "texture": "#1"}
			}
		},
		{
			"from": [12, 0, 15.25],
			"to": [14, 16, 16],
			"rotation": {"angle": 0, "axis": "y", "origin": [12, 0, 15]},
			"faces": {
				"north": {"uv": [16, 2, 0, 0], "rotation": 90, "texture": "#1"},
				"east": {"uv": [0, 2, 16, 3], "rotation": 90, "texture": "#1"},
				"south": {"uv": [16, 3, 0, 1], "rotation": 90, "texture": "#1"},
				"west": {"uv": [0, 0, 16, 1], "rotation": 90, "texture": "#1"},
				"up": {"uv": [6, 0, 7, 2], "rotation": 90, "texture": "#1"},
				"down": {"uv": [2, 1, 3, 3], "rotation": 90, "texture": "#1"}
			}
		},
		{
			"from": [1, 0.75, 14.75],
			"to": [15, 3.25, 15.25],
			"rotation": {"angle": 0, "axis": "z", "origin": [16, 1, 14.25]},
			"faces": {
				"north": {"uv": [3, 16, 0, 0], "rotation": 90, "texture": "#2"},
				"east": {"uv": [3, 8, 0, 7], "rotation": 90, "texture": "#2"},
				"south": {"uv": [3, 16, 0, 0], "rotation": 90, "texture": "#2"},
				"west": {"uv": [3, 12, 0, 11], "rotation": 90, "texture": "#2"},
				"up": {"uv": [4, 16, 3, 0], "rotation": 90, "texture": "#2"},
				"down": {"uv": [16, 16, 15, 0], "rotation": 90, "texture": "#2"}
			}
		},
		{
			"from": [12.85, 1.15, 14.55],
			"to": [13.25, 1.55, 15.05],
			"rotation": {"angle": 0, "axis": "y", "origin": [25.75, 1, 14.05]},
			"faces": {
				"north": {"uv": [2, 12, 4, 14], "texture": "#4"},
				"east": {"uv": [2, 11, 3, 13], "texture": "#4"},
				"south": {"uv": [3, 16, 0, 0], "rotation": 90, "texture": "#2"},
				"west": {"uv": [3, 11, 4, 13], "texture": "#4"},
				"up": {"uv": [4, 12, 2, 13], "texture": "#4"},
				"down": {"uv": [2, 13, 4, 14], "texture": "#4"}
			}
		},
		{
			"from": [12.85, 2.25, 14.55],
			"to": [13.25, 2.65, 15.05],
			"rotation": {"angle": 0, "axis": "y", "origin": [25.75, 2.1, 14.05]},
			"faces": {
				"north": {"uv": [2, 12, 4, 14], "texture": "#4"},
				"east": {"uv": [2, 11, 3, 13], "texture": "#4"},
				"south": {"uv": [3, 16, 0, 0], "rotation": 90, "texture": "#2"},
				"west": {"uv": [3, 11, 4, 13], "texture": "#4"},
				"up": {"uv": [4, 12, 2, 13], "texture": "#4"},
				"down": {"uv": [2, 13, 4, 14], "texture": "#4"}
			}
		},
		{
			"from": [2.55, 2.45, 14.55],
			"to": [2.95, 2.85, 15.05],
			"rotation": {"angle": 0, "axis": "y", "origin": [15.45, 2.3, 14.05]},
			"faces": {
				"north": {"uv": [2, 12, 4, 14], "texture": "#4"},
				"east": {"uv": [2, 11, 3, 13], "texture": "#4"},
				"south": {"uv": [3, 16, 0, 0], "rotation": 90, "texture": "#2"},
				"west": {"uv": [3, 11, 4, 13], "texture": "#4"},
				"up": {"uv": [4, 12, 2, 13], "texture": "#4"},
				"down": {"uv": [2, 13, 4, 14], "texture": "#4"}
			}
		},
		{
			"from": [2.65, 1.35, 14.55],
			"to": [3.05, 1.75, 15.05],
			"rotation": {"angle": 0, "axis": "y", "origin": [15.55, 1.2, 14.05]},
			"faces": {
				"north": {"uv": [2, 12, 4, 14], "texture": "#4"},
				"east": {"uv": [2, 11, 3, 13], "texture": "#4"},
				"south": {"uv": [3, 16, 0, 0], "rotation": 90, "texture": "#2"},
				"west": {"uv": [3, 11, 4, 13], "texture": "#4"},
				"up": {"uv": [4, 12, 2, 13], "texture": "#4"},
				"down": {"uv": [2, 13, 4, 14], "texture": "#4"}
			}
		},
		{
			"from": [1, 4.75, 14.75],
			"to": [15, 7.25, 15.25],
			"rotation": {"angle": 0, "axis": "y", "origin": [16, 5, 14.25]},
			"faces": {
				"north": {"uv": [3, 16, 0, 0], "rotation": 90, "texture": "#2"},
				"east": {"uv": [3, 8, 0, 7], "rotation": 90, "texture": "#2"},
				"south": {"uv": [3, 16, 0, 0], "rotation": 90, "texture": "#2"},
				"west": {"uv": [3, 12, 0, 11], "rotation": 90, "texture": "#2"},
				"up": {"uv": [4, 16, 3, 0], "rotation": 90, "texture": "#2"},
				"down": {"uv": [16, 16, 15, 0], "rotation": 90, "texture": "#2"}
			}
		},
		{
			"from": [12.75, 5.05, 14.55],
			"to": [13.15, 5.45, 15.05],
			"rotation": {"angle": 0, "axis": "y", "origin": [25.65, 4.9, 14.05]},
			"faces": {
				"north": {"uv": [2, 12, 4, 14], "texture": "#4"},
				"east": {"uv": [2, 11, 3, 13], "texture": "#4"},
				"south": {"uv": [3, 16, 0, 0], "rotation": 90, "texture": "#2"},
				"west": {"uv": [3, 11, 4, 13], "texture": "#4"},
				"up": {"uv": [4, 12, 2, 13], "texture": "#4"},
				"down": {"uv": [2, 13, 4, 14], "texture": "#4"}
			}
		},
		{
			"from": [2.75, 6.35, 14.55],
			"to": [3.15, 6.75, 15.05],
			"rotation": {"angle": 0, "axis": "y", "origin": [15.65, 6.2, 14.05]},
			"faces": {
				"north": {"uv": [2, 12, 4, 14], "texture": "#4"},
				"east": {"uv": [2, 11, 3, 13], "texture": "#4"},
				"south": {"uv": [3, 16, 0, 0], "rotation": 90, "texture": "#2"},
				"west": {"uv": [3, 11, 4, 13], "texture": "#4"},
				"up": {"uv": [4, 12, 2, 13], "texture": "#4"},
				"down": {"uv": [2, 13, 4, 14], "texture": "#4"}
			}
		},
		{
			"from": [2.65, 5.15, 14.55],
			"to": [3.05, 5.55, 15.05],
			"rotation": {"angle": 0, "axis": "y", "origin": [15.55, 5, 14.05]},
			"faces": {
				"north": {"uv": [2, 12, 4, 14], "texture": "#4"},
				"east": {"uv": [2, 11, 3, 13], "texture": "#4"},
				"south": {"uv": [3, 16, 0, 0], "rotation": 90, "texture": "#2"},
				"west": {"uv": [3, 11, 4, 13], "texture": "#4"},
				"up": {"uv": [4, 12, 2, 13], "texture": "#4"},
				"down": {"uv": [2, 13, 4, 14], "texture": "#4"}
			}
		},
		{
			"from": [1, 8.75, 14.75],
			"to": [15, 11.25, 15.25],
			"rotation": {"angle": 0, "axis": "y", "origin": [16, 9, 14.25]},
			"faces": {
				"north": {"uv": [3, 16, 0, 0], "rotation": 90, "texture": "#2"},
				"east": {"uv": [3, 8, 0, 7], "rotation": 90, "texture": "#2"},
				"south": {"uv": [3, 16, 0, 0], "rotation": 90, "texture": "#2"},
				"west": {"uv": [3, 12, 0, 11], "rotation": 90, "texture": "#2"},
				"up": {"uv": [4, 16, 3, 0], "rotation": 90, "texture": "#2"},
				"down": {"uv": [16, 16, 15, 0], "rotation": 90, "texture": "#2"}
			}
		},
		{
			"from": [12.6, 9.15, 14.55],
			"to": [13, 9.55, 15.05],
			"rotation": {"angle": 0, "axis": "y", "origin": [25.5, 9, 14.05]},
			"faces": {
				"north": {"uv": [2, 12, 4, 14], "texture": "#4"},
				"east": {"uv": [2, 11, 3, 13], "texture": "#4"},
				"south": {"uv": [3, 16, 0, 0], "rotation": 90, "texture": "#2"},
				"west": {"uv": [3, 11, 4, 13], "texture": "#4"},
				"up": {"uv": [4, 12, 2, 13], "texture": "#4"},
				"down": {"uv": [2, 13, 4, 14], "texture": "#4"}
			}
		},
		{
			"from": [12.85, 10.45, 14.55],
			"to": [13.25, 10.85, 15.05],
			"rotation": {"angle": 0, "axis": "y", "origin": [25.75, 10.3, 14.05]},
			"faces": {
				"north": {"uv": [2, 12, 4, 14], "texture": "#4"},
				"east": {"uv": [2, 11, 3, 13], "texture": "#4"},
				"south": {"uv": [3, 16, 0, 0], "rotation": 90, "texture": "#2"},
				"west": {"uv": [3, 11, 4, 13], "texture": "#4"},
				"up": {"uv": [4, 12, 2, 13], "texture": "#4"},
				"down": {"uv": [2, 13, 4, 14], "texture": "#4"}
			}
		},
		{
			"from": [2.85, 10.45, 14.55],
			"to": [3.25, 10.85, 15.05],
			"rotation": {"angle": 0, "axis": "y", "origin": [15.75, 10.3, 14.05]},
			"faces": {
				"north": {"uv": [2, 12, 4, 14], "texture": "#4"},
				"east": {"uv": [2, 11, 3, 13], "texture": "#4"},
				"south": {"uv": [3, 16, 0, 0], "rotation": 90, "texture": "#2"},
				"west": {"uv": [3, 11, 4, 13], "texture": "#4"},
				"up": {"uv": [4, 12, 2, 13], "texture": "#4"},
				"down": {"uv": [2, 13, 4, 14], "texture": "#4"}
			}
		},
		{
			"from": [2.75, 9.25, 14.55],
			"to": [3.15, 9.65, 15.05],
			"rotation": {"angle": 0, "axis": "y", "origin": [15.65, 9.1, 14.05]},
			"faces": {
				"north": {"uv": [2, 12, 4, 14], "texture": "#4"},
				"east": {"uv": [2, 11, 3, 13], "texture": "#4"},
				"south": {"uv": [3, 16, 0, 0], "rotation": 90, "texture": "#2"},
				"west": {"uv": [3, 11, 4, 13], "texture": "#4"},
				"up": {"uv": [4, 12, 2, 13], "texture": "#4"},
				"down": {"uv": [2, 13, 4, 14], "texture": "#4"}
			}
		},
		{
			"from": [1, 12.75, 14.75],
			"to": [15, 15.25, 15.25],
			"rotation": {"angle": 0, "axis": "y", "origin": [16, 13, 14.25]},
			"faces": {
				"north": {"uv": [3, 16, 0, 0], "rotation": 90, "texture": "#2"},
				"east": {"uv": [3, 8, 0, 7], "rotation": 90, "texture": "#2"},
				"south": {"uv": [3, 16, 0, 0], "rotation": 90, "texture": "#2"},
				"west": {"uv": [3, 12, 0, 11], "rotation": 90, "texture": "#2"},
				"up": {"uv": [4, 16, 3, 0], "rotation": 90, "texture": "#2"},
				"down": {"uv": [16, 16, 15, 0], "rotation": 90, "texture": "#2"}
			}
		},
		{
			"from": [12.65, 13.05, 14.55],
			"to": [13.05, 13.45, 15.05],
			"rotation": {"angle": 0, "axis": "y", "origin": [25.55, 12.9, 14.05]},
			"faces": {
				"north": {"uv": [2, 12, 4, 14], "texture": "#4"},
				"east": {"uv": [2, 11, 3, 13], "texture": "#4"},
				"south": {"uv": [3, 16, 0, 0], "rotation": 90, "texture": "#2"},
				"west": {"uv": [3, 11, 4, 13], "texture": "#4"},
				"up": {"uv": [4, 12, 2, 13], "texture": "#4"},
				"down": {"uv": [2, 13, 4, 14], "texture": "#4"}
			}
		},
		{
			"from": [12.85, 14.15, 14.55],
			"to": [13.25, 14.55, 15.05],
			"rotation": {"angle": 0, "axis": "y", "origin": [25.75, 14, 14.05]},
			"faces": {
				"north": {"uv": [2, 12, 4, 14], "texture": "#4"},
				"east": {"uv": [2, 11, 3, 13], "texture": "#4"},
				"south": {"uv": [3, 16, 0, 0], "rotation": 90, "texture": "#2"},
				"west": {"uv": [3, 11, 4, 13], "texture": "#4"},
				"up": {"uv": [4, 12, 2, 13], "texture": "#4"},
				"down": {"uv": [2, 13, 4, 14], "texture": "#4"}
			}
		},
		{
			"from": [2.65, 14.45, 14.55],
			"to": [3.05, 14.85, 15.05],
			"rotation": {"angle": 0, "axis": "y", "origin": [15.55, 14.3, 14.05]},
			"faces": {
				"north": {"uv": [2, 12, 4, 14], "texture": "#4"},
				"east": {"uv": [2, 11, 3, 13], "texture": "#4"},
				"south": {"uv": [3, 16, 0, 0], "rotation": 90, "texture": "#2"},
				"west": {"uv": [3, 11, 4, 13], "texture": "#4"},
				"up": {"uv": [4, 12, 2, 13], "texture": "#4"},
				"down": {"uv": [2, 13, 4, 14], "texture": "#4"}
			}
		},
		{
			"from": [2.55, 13.15, 14.55],
			"to": [2.95, 13.55, 15.05],
			"rotation": {"angle": 0, "axis": "y", "origin": [15.45, 13, 14.05]},
			"faces": {
				"north": {"uv": [2, 12, 4, 14], "texture": "#4"},
				"east": {"uv": [2, 11, 3, 13], "texture": "#4"},
				"south": {"uv": [3, 16, 0, 0], "rotation": 90, "texture": "#2"},
				"west": {"uv": [3, 11, 4, 13], "texture": "#4"},
				"up": {"uv": [4, 12, 2, 13], "texture": "#4"},
				"down": {"uv": [2, 13, 4, 14], "texture": "#4"}
			}
		},
		{
			"from": [12.75, 6.46913, 14.33668],
			"to": [13.15, 6.86913, 14.53668],
			"rotation": {"angle": 22.5, "axis": "y", "origin": [12.95, 6.66913, 14.76168]},
			"faces": {
				"north": {"uv": [2, 12, 4, 14], "texture": "#4"},
				"east": {"uv": [2, 11, 3, 13], "texture": "#4"},
				"south": {"uv": [2, 12, 4, 14], "texture": "#4"},
				"west": {"uv": [3, 11, 4, 13], "texture": "#4"},
				"up": {"uv": [4, 12, 2, 13], "texture": "#4"},
				"down": {"uv": [2, 13, 4, 14], "texture": "#4"}
			}
		},
		{
			"from": [12.86, 6.57913, 14.36168],
			"to": [13.04, 6.75913, 15.11168],
			"rotation": {"angle": 22.5, "axis": "y", "origin": [12.95, 6.66913, 14.76168]},
			"faces": {
				"north": {"uv": [2, 12, 4, 14], "texture": "#4"},
				"east": {"uv": [2, 11, 3, 13], "texture": "#4"},
				"south": {"uv": [3, 16, 0, 0], "rotation": 90, "texture": "#4"},
				"west": {"uv": [3, 11, 4, 13], "texture": "#4"},
				"up": {"uv": [4, 12, 2, 13], "texture": "#4"},
				"down": {"uv": [2, 13, 4, 14], "texture": "#4"}
			}
		}
	],
	"groups": [
		0,
		1,
		{
			"name": "Board_1",
			"origin": [15.55, 1, 14.05],
			"color": 0,
			"children": [2, 3, 4, 5, 6]
		},
		{
			"name": "Board_2",
			"origin": [15.55, 1, 14.05],
			"color": 0,
			"children": [7, 8, 9, 10]
		},
		{
			"name": "Board_3",
			"origin": [15.55, 1, 14.05],
			"color": 0,
			"children": [11, 12, 13, 14, 15]
		},
		{
			"name": "Board_4",
			"origin": [15.55, 1, 14.05],
			"color": 0,
			"children": [16, 17, 18, 19, 20]
		},
		{
			"name": "Bolt",
			"origin": [2.95, 6.54305, 14.40394],
			"color": 0,
			"children": [21, 22]
		}
	]
}