{
	"format_version": "1.21.6",
	"credit": "Made with Blockbench",
	"ambientocclusion": false,
	"textures": {
		"1": "block/oak_planks",
		"2": "block/stripped_oak_log",
		"4": "block/netherite_block",
		"particle": "block/ladder"
	},
	"elements": [
		{
			"from": [2, 0, 15.25],
			"to": [4, 16, 16],
			"rotation": {"angle": 0, "axis": "y", "origin": [2, 0, 15]},
			"faces": {
				"north": {"uv": [0, 1, 16, 3], "rotation": 90, "texture": "#1"},
				"east": {"uv": [0, 2, 16, 3], "rotation": 90, "texture": "#1"},
				"south": {"uv": [0, 0, 16, 2], "rotation": 90, "texture": "#1"},
				"west": {"uv": [0, 0, 16, 1], "rotation": 90, "texture": "#1"},
				"up": {"uv": [15, 0, 16, 2], "rotation": 90, "texture": "#1"},
				"down": {"uv": [0, 1, 1, 3], "rotation": 90, "texture": "#1"}
			}
		},
		{
			"from": [12, 0, 15.25],
			"to": [14, 16, 16],
			"rotation": {"angle": 0, "axis": "y", "origin": [12, 0, 15]},
			"faces": {
				"north": {"uv": [16, 2, 0, 0], "rotation": 90, "texture": "#1"},
				"east": {"uv": [0, 2, 16, 3], "rotation": 90, "texture": "#1"},
				"south": {"uv": [16, 3, 0, 1], "rotation": 90, "texture": "#1"},
				"west": {"uv": [0, 0, 16, 1], "rotation": 90, "texture": "#1"},
				"up": {"uv": [6, 0, 7, 2], "rotation": 90, "texture": "#1"},
				"down": {"uv": [2, 1, 3, 3], "rotation": 90, "texture": "#1"}
			}
		},
		{
			"from": [1, 0.75, 14.75],
			"to": [15, 3.25, 15.25],
			"rotation": {"angle": 0, "axis": "z", "origin": [16, 1, 14.25]},
			"faces": {
				"north": {"uv": [3, 16, 0, 0], "rotation": 90, "texture": "#2"},
				"east": {"uv": [3, 8, 0, 7], "rotation": 90, "texture": "#2"},
				"south": {"uv": [3, 16, 0, 0], "rotation": 90, "texture": "#2"},
				"west": {"uv": [3, 12, 0, 11], "rotation": 90, "texture": "#2"},
				"up": {"uv": [4, 16, 3, 0], "rotation": 90, "texture": "#2"},
				"down": {"uv": [16, 16, 15, 0], "rotation": 90, "texture": "#2"}
			}
		},
		{
			"from": [12.85, 1.15, 14.55],
			"to": [13.25, 1.55, 15.05],
			"rotation": {"angle": 0, "axis": "y", "origin": [25.75, 1, 14.05]},
			"faces": {
				"north": {"uv": [2, 12, 4, 14], "texture": "#4"},
				"east": {"uv": [2, 11, 3, 13], "texture": "#4"},
				"south": {"uv": [3, 16, 0, 0], "rotation": 90, "texture": "#2"},
				"west": {"uv": [3, 11, 4, 13], "texture": "#4"},
				"up": {"uv": [4, 12, 2, 13], "texture": "#4"},
				"down": {"uv": [2, 13, 4, 14], "texture": "#4"}
			}
		},
		{
			"from": [12.75, 2.45, 14.55],
			"to": [13.15, 2.85, 15.05],
			"rotation": {"angle": 0, "axis": "y", "origin": [25.65, 2.3, 14.05]},
			"faces": {
				"north": {"uv": [2, 12, 4, 14], "texture": "#4"},
				"east": {"uv": [2, 11, 3, 13], "texture": "#4"},
				"south": {"uv": [3, 16, 0, 0], "rotation": 90, "texture": "#2"},
				"west": {"uv": [3, 11, 4, 13], "texture": "#4"},
				"up": {"uv": [4, 12, 2, 13], "texture": "#4"},
				"down": {"uv": [2, 13, 4, 14], "texture": "#4"}
			}
		},
		{
			"from": [2.75, 2.45, 14.55],
			"to": [3.15, 2.85, 15.05],
			"rotation": {"angle": 0, "axis": "y", "origin": [15.65, 2.3, 14.05]},
			"faces": {
				"north": {"uv": [2, 12, 4, 14], "texture": "#4"},
				"east": {"uv": [2, 11, 3, 13], "texture": "#4"},
				"south": {"uv": [3, 16, 0, 0], "rotation": 90, "texture": "#2"},
				"west": {"uv": [3, 11, 4, 13], "texture": "#4"},
				"up": {"uv": [4, 12, 2, 13], "texture": "#4"},
				"down": {"uv": [2, 13, 4, 14], "texture": "#4"}
			}
		},
		{
			"from": [2.65, 1.15, 14.55],
			"to": [3.05, 1.55, 15.05],
			"rotation": {"angle": 0, "axis": "y", "origin": [15.55, 1, 14.05]},
			"faces": {
				"north": {"uv": [2, 12, 4, 14], "texture": "#4"},
				"east": {"uv": [2, 11, 3, 13], "texture": "#4"},
				"south": {"uv": [3, 16, 0, 0], "rotation": 90, "texture": "#2"},
				"west": {"uv": [3, 11, 4, 13], "texture": "#4"},
				"up": {"uv": [4, 12, 2, 13], "texture": "#4"},
				"down": {"uv": [2, 13, 4, 14], "texture": "#4"}
			}
		},
		{
			"from": [1, 4.75, 14.65],
			"to": [6, 7.25, 15.15],
			"rotation": {"angle": -22.5, "axis": "z", "origin": [3.5, 6, 14.9]},
			"faces": {
				"north": {"uv": [3, 6, 0, 0], "rotation": 90, "texture": "#2"},
				"east": {"uv": [3, 8, 0, 7], "rotation": 90, "texture": "#2"},
				"south": {"uv": [3, 6, 0, 0], "rotation": 90, "texture": "#2"},
				"west": {"uv": [3, 12, 0, 11], "rotation": 90, "texture": "#2"},
				"up": {"uv": [6, 6, 5, 0], "rotation": 90, "texture": "#2"},
				"down": {"uv": [6, 6, 5, 0], "rotation": 90, "texture": "#2"}
			}
		},
		{
			"from": [7, 4.75, 14.65],
			"to": [14, 7.25, 15.15],
			"rotation": {"angle": 0, "axis": "z", "origin": [11.5, 6, 14.9]},
			"faces": {
				"north": {"uv": [3, 16, 0, 8], "rotation": 90, "texture": "#2"},
				"east": {"uv": [3, 8, 0, 7], "rotation": 90, "texture": "#2"},
				"south": {"uv": [3, 16, 0, 8], "rotation": 90, "texture": "#2"},
				"west": {"uv": [3, 12, 0, 11], "rotation": 90, "texture": "#2"},
				"up": {"uv": [6, 6, 5, 0], "rotation": 90, "texture": "#2"},
				"down": {"uv": [6, 6, 5, 0], "rotation": 90, "texture": "#2"}
			}
		},
		{
			"from": [5.2, 6.4, 14.75],
			"to": [7, 7.25, 15.05],
			"rotation": {"angle": 0, "axis": "y", "origin": [11.5, 6, 14.9]},
			"faces": {
				"north": {"uv": [3, 10, 2, 8], "rotation": 90, "texture": "#2"},
				"east": {"uv": [3, 8, 0, 7], "rotation": 90, "texture": "#2"},
				"south": {"uv": [3, 8, 2, 10], "rotation": 90, "texture": "#2"},
				"west": {"uv": [3, 9, 2, 8], "rotation": 90, "texture": "#2"},
				"up": {"uv": [3, 9, 2, 8], "rotation": 90, "texture": "#2"},
				"down": {"uv": [9, 9, 8, 8], "rotation": 90, "texture": "#2"}
			}
		},
		{
			"from": [4.75679, 4.02674, 14.85],
			"to": [6.55679, 4.62674, 15.05],
			"rotation": {"angle": -45, "axis": "z", "origin": [6.05108, 4.29226, 14.95]},
			"faces": {
				"north": {"uv": [3, 10, 2, 8], "rotation": 270, "texture": "#2"},
				"east": {"uv": [3, 9, 2, 8], "rotation": 270, "texture": "#2"},
				"south": {"uv": [3, 10, 2, 8], "rotation": 270, "texture": "#2"},
				"west": {"uv": [3, 8, 0, 7], "rotation": 270, "texture": "#2"},
				"up": {"uv": [9, 9, 8, 8], "rotation": 270, "texture": "#2"},
				"down": {"uv": [3, 9, 2, 8], "rotation": 270, "texture": "#2"}
			}
		},
		{
			"from": [6.87599, 3.28932, 14.8],
			"to": [7.47599, 3.93932, 15.1],
			"rotation": {"angle": 22.5, "axis": "z", "origin": [7.14151, 3.54503, 14.9]},
			"faces": {
				"north": {"uv": [3, 10, 2, 9], "rotation": 180, "texture": "#2"},
				"east": {"uv": [3, 10, 2, 9], "rotation": 180, "texture": "#2"},
				"south": {"uv": [3, 10, 2, 9], "rotation": 180, "texture": "#2"},
				"west": {"uv": [3, 9, 2, 8], "texture": "#2"},
				"up": {"uv": [3, 8, 0, 7], "texture": "#2"},
				"down": {"uv": [3, 9, 2, 8], "texture": "#2"}
			}
		},
		{
			"from": [4.97677, 6.47897, 14.75],
			"to": [5.57677, 7.12897, 15.05],
			"rotation": {"angle": 45, "axis": "z", "origin": [5.24229, 6.73468, 14.85]},
			"faces": {
				"north": {"uv": [3, 10, 2, 9], "rotation": 180, "texture": "#2"},
				"east": {"uv": [9, 9, 8, 8], "texture": "#2"},
				"south": {"uv": [3, 10, 2, 9], "rotation": 180, "texture": "#2"},
				"west": {"uv": [3, 9, 2, 8], "texture": "#2"},
				"up": {"uv": [3, 10, 2, 9], "rotation": 180, "texture": "#2"},
				"down": {"uv": [3, 9, 2, 8], "texture": "#2"}
			}
		},
		{
			"from": [5.50216, 3.68452, 14.8],
			"to": [7.30216, 4.53452, 15.1],
			"rotation": {"angle": -22.5, "axis": "z", "origin": [6.05108, 4.29226, 14.95]},
			"faces": {
				"north": {"uv": [3, 10, 2, 8], "rotation": 270, "texture": "#2"},
				"east": {"uv": [3, 9, 2, 8], "rotation": 270, "texture": "#2"},
				"south": {"uv": [3, 8, 2, 10], "rotation": 270, "texture": "#2"},
				"west": {"uv": [3, 8, 0, 7], "rotation": 270, "texture": "#2"},
				"up": {"uv": [9, 9, 8, 8], "rotation": 270, "texture": "#2"},
				"down": {"uv": [3, 9, 2, 8], "rotation": 270, "texture": "#2"}
			}
		},
		{
			"from": [4.40216, 3.18452, 15],
			"to": [6.20216, 3.33452, 15.1],
			"rotation": {"angle": 0, "axis": "z", "origin": [4.95108, 3.79226, 14.95]},
			"faces": {
				"north": {"uv": [3, 10, 2, 8], "rotation": 270, "texture": "#2"},
				"east": {"uv": [3, 9, 2, 8], "rotation": 270, "texture": "#2"},
				"south": {"uv": [3, 8, 2, 10], "rotation": 270, "texture": "#2"},
				"west": {"uv": [3, 8, 0, 7], "rotation": 270, "texture": "#2"},
				"up": {"uv": [9, 9, 8, 8], "rotation": 270, "texture": "#2"},
				"down": {"uv": [3, 9, 2, 8], "rotation": 270, "texture": "#2"}
			}
		},
		{
			"from": [4.00216, 3.18452, 14.8],
			"to": [5.80216, 3.33452, 14.9],
			"rotation": {"angle": -22.5, "axis": "x", "origin": [4.90216, 3.25952, 14.85]},
			"faces": {
				"north": {"uv": [3, 10, 2, 8], "rotation": 270, "texture": "#2"},
				"east": {"uv": [3, 9, 2, 8], "rotation": 270, "texture": "#2"},
				"south": {"uv": [3, 8, 2, 10], "rotation": 270, "texture": "#2"},
				"west": {"uv": [3, 8, 0, 7], "rotation": 270, "texture": "#2"},
				"up": {"uv": [9, 9, 8, 8], "rotation": 270, "texture": "#2"},
				"down": {"uv": [3, 9, 2, 8], "rotation": 270, "texture": "#2"}
			}
		},
		{
			"from": [7.90216, 3.18452, 15],
			"to": [9.70216, 3.33452, 15.1],
			"rotation": {"angle": -45, "axis": "x", "origin": [8.80216, 3.25952, 15.05]},
			"faces": {
				"north": {"uv": [3, 10, 2, 8], "rotation": 270, "texture": "#2"},
				"east": {"uv": [3, 9, 2, 8], "rotation": 270, "texture": "#2"},
				"south": {"uv": [3, 8, 2, 10], "rotation": 270, "texture": "#2"},
				"west": {"uv": [3, 8, 0, 7], "rotation": 270, "texture": "#2"},
				"up": {"uv": [9, 9, 8, 8], "rotation": 270, "texture": "#2"},
				"down": {"uv": [3, 9, 2, 8], "rotation": 270, "texture": "#2"}
			}
		},
		{
			"from": [7.50216, 3.18452, 14.8],
			"to": [9.30216, 3.33452, 14.9],
			"rotation": {"angle": 22.5, "axis": "x", "origin": [8.40216, 3.25952, 14.85]},
			"faces": {
				"north": {"uv": [3, 10, 2, 8], "rotation": 270, "texture": "#2"},
				"east": {"uv": [3, 9, 2, 8], "rotation": 270, "texture": "#2"},
				"south": {"uv": [3, 8, 2, 10], "rotation": 270, "texture": "#2"},
				"west": {"uv": [3, 8, 0, 7], "rotation": 270, "texture": "#2"},
				"up": {"uv": [9, 9, 8, 8], "rotation": 270, "texture": "#2"},
				"down": {"uv": [3, 9, 2, 8], "rotation": 270, "texture": "#2"}
			}
		},
		{
			"from": [5.95, 6.15, 14.8],
			"to": [7.75, 6.75, 15],
			"rotation": {"angle": -22.5, "axis": "z", "origin": [6.85, 6.575, 14.9]},
			"faces": {
				"north": {"uv": [3, 10, 2, 8], "rotation": 90, "texture": "#2"},
				"east": {"uv": [3, 8, 0, 7], "rotation": 90, "texture": "#2"},
				"south": {"uv": [3, 10, 2, 8], "rotation": 90, "texture": "#2"},
				"west": {"uv": [3, 9, 2, 8], "rotation": 90, "texture": "#2"},
				"up": {"uv": [3, 9, 2, 8], "rotation": 90, "texture": "#2"},
				"down": {"uv": [9, 9, 8, 8], "rotation": 90, "texture": "#2"}
			}
		},
		{
			"from": [12.55, 5.15, 14.45],
			"to": [12.95, 5.55, 14.95],
			"rotation": {"angle": 0, "axis": "z", "origin": [7.9, 6, 14.8]},
			"faces": {
				"north": {"uv": [2, 12, 4, 14], "texture": "#4"},
				"east": {"uv": [2, 11, 3, 13], "texture": "#4"},
				"south": {"uv": [3, 16, 0, 0], "rotation": 90, "texture": "#2"},
				"west": {"uv": [3, 11, 4, 13], "texture": "#4"},
				"up": {"uv": [4, 12, 2, 13], "texture": "#4"},
				"down": {"uv": [2, 13, 4, 14], "texture": "#4"}
			}
		},
		{
			"from": [3.15, 6.7, 14.45],
			"to": [3.55, 7.1, 14.95],
			"rotation": {"angle": 0, "axis": "z", "origin": [8.4, 6.25, 14.8]},
			"faces": {
				"north": {"uv": [2, 12, 4, 14], "texture": "#4"},
				"east": {"uv": [2, 11, 3, 13], "texture": "#4"},
				"south": {"uv": [3, 16, 0, 0], "rotation": 90, "texture": "#2"},
				"west": {"uv": [3, 11, 4, 13], "texture": "#4"},
				"up": {"uv": [4, 12, 2, 13], "texture": "#4"},
				"down": {"uv": [2, 13, 4, 14], "texture": "#4"}
			}
		},
		{
			"from": [1, 8.75, 14.75],
			"to": [15, 11.25, 15.25],
			"rotation": {"angle": 0, "axis": "y", "origin": [16, 9, 14.25]},
			"faces": {
				"north": {"uv": [3, 16, 0, 0], "rotation": 90, "texture": "#2"},
				"east": {"uv": [3, 8, 0, 7], "rotation": 90, "texture": "#2"},
				"south": {"uv": [3, 16, 0, 0], "rotation": 90, "texture": "#2"},
				"west": {"uv": [3, 12, 0, 11], "rotation": 90, "texture": "#2"},
				"up": {"uv": [4, 16, 3, 0], "rotation": 90, "texture": "#2"},
				"down": {"uv": [16, 16, 15, 0], "rotation": 90, "texture": "#2"}
			}
		},
		{
			"from": [12.7, 9.15, 14.55],
			"to": [13.1, 9.55, 15.05],
			"rotation": {"angle": 0, "axis": "y", "origin": [25.6, 9, 14.05]},
			"faces": {
				"north": {"uv": [2, 12, 4, 14], "texture": "#4"},
				"east": {"uv": [2, 11, 3, 13], "texture": "#4"},
				"south": {"uv": [3, 16, 0, 0], "rotation": 90, "texture": "#2"},
				"west": {"uv": [3, 11, 4, 13], "texture": "#4"},
				"up": {"uv": [4, 12, 2, 13], "texture": "#4"},
				"down": {"uv": [2, 13, 4, 14], "texture": "#4"}
			}
		},
		{
			"from": [12.75, 10.45, 14.55],
			"to": [13.15, 10.85, 15.05],
			"rotation": {"angle": 0, "axis": "y", "origin": [25.65, 10.3, 14.05]},
			"faces": {
				"north": {"uv": [2, 12, 4, 14], "texture": "#4"},
				"east": {"uv": [2, 11, 3, 13], "texture": "#4"},
				"south": {"uv": [3, 16, 0, 0], "rotation": 90, "texture": "#2"},
				"west": {"uv": [3, 11, 4, 13], "texture": "#4"},
				"up": {"uv": [4, 12, 2, 13], "texture": "#4"},
				"down": {"uv": [2, 13, 4, 14], "texture": "#4"}
			}
		},
		{
			"from": [2.55, 10.45, 14.55],
			"to": [2.95, 10.85, 15.05],
			"rotation": {"angle": 0, "axis": "y", "origin": [15.45, 10.3, 14.05]},
			"faces": {
				"north": {"uv": [2, 12, 4, 14], "texture": "#4"},
				"east": {"uv": [2, 11, 3, 13], "texture": "#4"},
				"south": {"uv": [3, 16, 0, 0], "rotation": 90, "texture": "#2"},
				"west": {"uv": [3, 11, 4, 13], "texture": "#4"},
				"up": {"uv": [4, 12, 2, 13], "texture": "#4"},
				"down": {"uv": [2, 13, 4, 14], "texture": "#4"}
			}
		},
		{
			"from": [2.65, 9.15, 14.55],
			"to": [3.05, 9.55, 15.05],
			"rotation": {"angle": 0, "axis": "y", "origin": [15.55, 9, 14.05]},
			"faces": {
				"north": {"uv": [2, 12, 4, 14], "texture": "#4"},
				"east": {"uv": [2, 11, 3, 13], "texture": "#4"},
				"south": {"uv": [3, 16, 0, 0], "rotation": 90, "texture": "#2"},
				"west": {"uv": [3, 11, 4, 13], "texture": "#4"},
				"up": {"uv": [4, 12, 2, 13], "texture": "#4"},
				"down": {"uv": [2, 13, 4, 14], "texture": "#4"}
			}
		},
		{
			"from": [1, 12.75, 14.75],
			"to": [15, 15.25, 15.25],
			"rotation": {"angle": 0, "axis": "y", "origin": [16, 13, 14.25]},
			"faces": {
				"north": {"uv": [3, 16, 0, 0], "rotation": 90, "texture": "#2"},
				"east": {"uv": [3, 8, 0, 7], "rotation": 90, "texture": "#2"},
				"south": {"uv": [3, 16, 0, 0], "rotation": 90, "texture": "#2"},
				"west": {"uv": [3, 12, 0, 11], "rotation": 90, "texture": "#2"},
				"up": {"uv": [4, 16, 3, 0], "rotation": 90, "texture": "#2"},
				"down": {"uv": [16, 16, 15, 0], "rotation": 90, "texture": "#2"}
			}
		},
		{
			"from": [12.65, 13.15, 14.55],
			"to": [13.05, 13.55, 15.05],
			"rotation": {"angle": 0, "axis": "y", "origin": [25.55, 13, 14.05]},
			"faces": {
				"north": {"uv": [2, 12, 4, 14], "texture": "#4"},
				"east": {"uv": [2, 11, 3, 13], "texture": "#4"},
				"south": {"uv": [3, 16, 0, 0], "rotation": 90, "texture": "#2"},
				"west": {"uv": [3, 11, 4, 13], "texture": "#4"},
				"up": {"uv": [4, 12, 2, 13], "texture": "#4"},
				"down": {"uv": [2, 13, 4, 14], "texture": "#4"}
			}
		},
		{
			"from": [12.75, 14.45, 14.55],
			"to": [13.15, 14.85, 15.05],
			"rotation": {"angle": 0, "axis": "y", "origin": [25.65, 14.3, 14.05]},
			"faces": {
				"north": {"uv": [2, 12, 4, 14], "texture": "#4"},
				"east": {"uv": [2, 11, 3, 13], "texture": "#4"},
				"south": {"uv": [3, 16, 0, 0], "rotation": 90, "texture": "#2"},
				"west": {"uv": [3, 11, 4, 13], "texture": "#4"},
				"up": {"uv": [4, 12, 2, 13], "texture": "#4"},
				"down": {"uv": [2, 13, 4, 14], "texture": "#4"}
			}
		},
		{
			"from": [2.65, 14.45, 14.55],
			"to": [3.05, 14.85, 15.05],
			"rotation": {"angle": 0, "axis": "y", "origin": [15.55, 14.3, 14.05]},
			"faces": {
				"north": {"uv": [2, 12, 4, 14], "texture": "#4"},
				"east": {"uv": [2, 11, 3, 13], "texture": "#4"},
				"south": {"uv": [3, 16, 0, 0], "rotation": 90, "texture": "#2"},
				"west": {"uv": [3, 11, 4, 13], "texture": "#4"},
				"up": {"uv": [4, 12, 2, 13], "texture": "#4"},
				"down": {"uv": [2, 13, 4, 14], "texture": "#4"}
			}
		},
		{
			"from": [4.275, 3.21913, 14.81168],
			"to": [4.475, 3.61913, 15.21168],
			"rotation": {"angle": 22.5, "axis": "z", "origin": [4.05, 3.41913, 15.01168]},
			"faces": {
				"north": {"uv": [3, 11, 4, 13], "texture": "#4"},
				"east": {"uv": [2, 12, 4, 14], "texture": "#4"},
				"south": {"uv": [2, 11, 3, 13], "texture": "#4"},
				"west": {"uv": [2, 12, 4, 14], "texture": "#4"},
				"up": {"uv": [4, 12, 2, 13], "rotation": 90, "texture": "#4"},
				"down": {"uv": [2, 13, 4, 14], "rotation": 270, "texture": "#4"}
			}
		},
		{
			"from": [3.7, 3.32913, 14.92168],
			"to": [4.45, 3.50913, 15.10168],
			"rotation": {"angle": 22.5, "axis": "z", "origin": [4.05, 3.41913, 15.01168]},
			"faces": {
				"north": {"uv": [3, 11, 4, 13], "texture": "#4"},
				"east": {"uv": [2, 12, 4, 14], "texture": "#4"},
				"south": {"uv": [2, 11, 3, 13], "texture": "#4"},
				"west": {"uv": [3, 16, 0, 0], "rotation": 90, "texture": "#4"},
				"up": {"uv": [4, 12, 2, 13], "rotation": 90, "texture": "#4"},
				"down": {"uv": [2, 13, 4, 14], "rotation": 270, "texture": "#4"}
			}
		},
		{
			"from": [12.75, 6.46913, 14.08668],
			"to": [13.15, 6.86913, 14.28668],
			"rotation": {"angle": 22.5, "axis": "z", "origin": [12.95, 6.66913, 14.51168]},
			"faces": {
				"north": {"uv": [2, 12, 4, 14], "texture": "#4"},
				"east": {"uv": [2, 11, 3, 13], "texture": "#4"},
				"south": {"uv": [2, 12, 4, 14], "texture": "#4"},
				"west": {"uv": [3, 11, 4, 13], "texture": "#4"},
				"up": {"uv": [4, 12, 2, 13], "texture": "#4"},
				"down": {"uv": [2, 13, 4, 14], "texture": "#4"}
			}
		},
		{
			"from": [12.86, 6.57913, 14.11168],
			"to": [13.04, 6.75913, 14.86168],
			"rotation": {"angle": 0, "axis": "y", "origin": [12.95, 6.66913, 14.51168]},
			"faces": {
				"north": {"uv": [2, 12, 4, 14], "texture": "#4"},
				"east": {"uv": [2, 11, 3, 13], "texture": "#4"},
				"south": {"uv": [3, 16, 0, 0], "rotation": 90, "texture": "#4"},
				"west": {"uv": [3, 11, 4, 13], "texture": "#4"},
				"up": {"uv": [4, 12, 2, 13], "texture": "#4"},
				"down": {"uv": [2, 13, 4, 14], "texture": "#4"}
			}
		},
		{
			"from": [2.75, 13.46913, 14.08668],
			"to": [3.15, 13.86913, 14.28668],
			"rotation": {"angle": 22.5, "axis": "x", "origin": [2.95, 13.66913, 14.51168]},
			"faces": {
				"north": {"uv": [2, 12, 4, 14], "texture": "#4"},
				"east": {"uv": [2, 11, 3, 13], "texture": "#4"},
				"south": {"uv": [2, 12, 4, 14], "texture": "#4"},
				"west": {"uv": [3, 11, 4, 13], "texture": "#4"},
				"up": {"uv": [4, 12, 2, 13], "texture": "#4"},
				"down": {"uv": [2, 13, 4, 14], "texture": "#4"}
			}
		},
		{
			"from": [2.86, 13.57913, 14.11168],
			"to": [3.04, 13.75913, 14.86168],
			"rotation": {"angle": 22.5, "axis": "x", "origin": [2.95, 13.66913, 14.51168]},
			"faces": {
				"north": {"uv": [2, 12, 4, 14], "texture": "#4"},
				"east": {"uv": [2, 11, 3, 13], "texture": "#4"},
				"south": {"uv": [3, 16, 0, 0], "rotation": 90, "texture": "#4"},
				"west": {"uv": [3, 11, 4, 13], "texture": "#4"},
				"up": {"uv": [4, 12, 2, 13], "texture": "#4"},
				"down": {"uv": [2, 13, 4, 14], "texture": "#4"}
			}
		}
	],
	"groups": [
		0,
		1,
		{
			"name": "Board_1",
			"origin": [15.55, 1, 14.05],
			"color": 0,
			"children": [2, 3, 4, 5, 6]
		},
		{
			"name": "Board_2",
			"origin": [15.55, 1, 14.05],
			"color": 0,
			"children": [7, 8, 9, 10, 11, 12, 13, 14, 15, 16, 17, 18, 19, 20]
		},
		{
			"name": "Board_3",
			"origin": [15.55, 1, 14.05],
			"color": 0,
			"children": [21, 22, 23, 24, 25]
		},
		{
			"name": "Board_4",
			"origin": [15.55, 1, 14.05],
			"color": 0,
			"children": [26, 27, 28, 29]
		},
		{
			"name": "Bolt",
			"origin": [2.95, 6.54305, 14.40394],
			"color": 0,
			"children": [30, 31]
		},
		{
			"name": "Bolt",
			"origin": [2.95, 6.54305, 14.40394],
			"color": 0,
			"children": [32, 33]
		},
		{
			"name": "Bolt",
			"origin": [2.95, 6.54305, 14.40394],
			"color": 0,
			"children": [34, 35]
		}
	]
}