{
	"format_version": "1.21.6",
	"credit": "Made with Blockbench",
	"parent": "minecraft:block/cube_all",
	"textures": {
		"1": "block/lapis_ore",
		"particle": "block/lapis_ore"
	},
	"elements": [
		{
			"from": [0, 0, 0],
			"to": [16, 16, 16],
			"faces": {
				"north": {"uv": [0, 0, 16, 16], "texture": "#1", "cullface": "north"},
				"east": {"uv": [0, 0, 16, 16], "texture": "#1", "cullface": "east"},
				"south": {"uv": [0, 0, 16, 16], "texture": "#1", "cullface": "south"},
				"west": {"uv": [0, 0, 16, 16], "texture": "#1", "cullface": "west"},
				"up": {"uv": [0, 0, 16, 16], "texture": "#1", "cullface": "up"},
				"down": {"uv": [0, 0, 16, 16], "texture": "#1", "cullface": "down"}
			}
		},
		{
			"from": [5, 2, -0.15],
			"to": [8, 4, 2],
			"light_emission": 15,
			"rotation": {"angle": 0, "axis": "y", "origin": [8, 8, 8]},
			"faces": {
				"north": {"uv": [8, 12, 11, 14], "texture": "#1", "cullface": "north"},
				"east": {"uv": [11, 12, 8, 14], "texture": "#1", "cullface": "north"},
				"south": {"uv": [0, 0, 3, 2], "texture": "#1", "cullface": "north"},
				"west": {"uv": [11, 12, 8, 14], "texture": "#1", "cullface": "north"},
				"up": {"uv": [11, 12, 8, 14], "texture": "#1", "cullface": "north"},
				"down": {"uv": [11, 12, 8, 14], "texture": "#1", "cullface": "north"}
			}
		},
		{
			"from": [4, 6, -0.25],
			"to": [7, 8, 2],
			"light_emission": 15,
			"rotation": {"angle": 0, "axis": "y", "origin": [8, 8, 8]},
			"faces": {
				"north": {"uv": [9, 8, 12, 10], "texture": "#1", "cullface": "north"},
				"east": {"uv": [12, 8, 9, 10], "texture": "#1", "cullface": "north"},
				"south": {"uv": [0, 0, 3, 2], "texture": "#1", "cullface": "north"},
				"west": {"uv": [12, 8, 9, 10], "texture": "#1", "cullface": "north"},
				"up": {"uv": [12, 8, 9, 10], "texture": "#1", "cullface": "north"},
				"down": {"uv": [12, 8, 9, 10], "texture": "#1", "cullface": "north"}
			}
		},
		{
			"from": [9, 1, -0.25],
			"to": [12, 3, 2],
			"light_emission": 15,
			"rotation": {"angle": 0, "axis": "y", "origin": [8, 8, 8]},
			"faces": {
				"north": {"uv": [4, 13, 7, 15], "texture": "#1", "cullface": "north"},
				"east": {"uv": [7, 13, 4, 15], "texture": "#1", "cullface": "north"},
				"south": {"uv": [0, 0, 3, 2], "texture": "#1", "cullface": "north"},
				"west": {"uv": [7, 13, 4, 15], "texture": "#1", "cullface": "north"},
				"up": {"uv": [7, 13, 4, 15], "texture": "#1", "cullface": "north"},
				"down": {"uv": [7, 13, 4, 15], "texture": "#1", "cullface": "north"}
			}
		},
		{
			"from": [11, 4, -0.25],
			"to": [14, 5, 2],
			"light_emission": 15,
			"rotation": {"angle": 0, "axis": "y", "origin": [8, 8, 8]},
			"faces": {
				"north": {"uv": [2, 11, 5, 12], "texture": "#1", "cullface": "north"},
				"east": {"uv": [5, 11, 2, 12], "texture": "#1", "cullface": "north"},
				"south": {"uv": [0, 0, 3, 2], "texture": "#1", "cullface": "north"},
				"west": {"uv": [5, 11, 2, 12], "texture": "#1", "cullface": "north"},
				"up": {"uv": [5, 11, 2, 12], "texture": "#1", "cullface": "north"},
				"down": {"uv": [5, 11, 2, 12], "texture": "#1", "cullface": "north"}
			}
		},
		{
			"from": [8, 9, -0.35],
			"to": [13, 10, 2],
			"light_emission": 15,
			"rotation": {"angle": 0, "axis": "y", "origin": [8, 8, 8]},
			"faces": {
				"north": {"uv": [3, 6, 8, 7], "texture": "#1", "cullface": "north"},
				"east": {"uv": [8, 6, 3, 7], "texture": "#1", "cullface": "north"},
				"south": {"uv": [0, 0, 3, 2], "texture": "#1", "cullface": "north"},
				"west": {"uv": [8, 6, 3, 7], "texture": "#1", "cullface": "north"},
				"up": {"uv": [8, 6, 3, 7], "texture": "#1", "cullface": "north"},
				"down": {"uv": [8, 6, 3, 7], "texture": "#1", "cullface": "north"}
			}
		},
		{
			"from": [10, 13, -0.35],
			"to": [14, 14, 2],
			"light_emission": 15,
			"rotation": {"angle": 0, "axis": "y", "origin": [8, 8, 8]},
			"faces": {
				"north": {"uv": [2, 2, 6, 3], "texture": "#1", "cullface": "north"},
				"east": {"uv": [6, 2, 2, 3], "texture": "#1", "cullface": "north"},
				"south": {"uv": [0, 0, 3, 2], "texture": "#1", "cullface": "north"},
				"west": {"uv": [6, 2, 2, 3], "texture": "#1", "cullface": "north"},
				"up": {"uv": [6, 2, 2, 3], "texture": "#1", "cullface": "north"},
				"down": {"uv": [6, 2, 2, 3], "texture": "#1", "cullface": "north"}
			}
		},
		{
			"from": [9, 10, -0.15],
			"to": [11, 11, 2],
			"light_emission": 15,
			"rotation": {"angle": 0, "axis": "y", "origin": [8, 8, 8]},
			"faces": {
				"north": {"uv": [5, 5, 7, 6], "texture": "#1", "cullface": "north"},
				"east": {"uv": [7, 5, 5, 6], "texture": "#1", "cullface": "north"},
				"south": {"uv": [0, 0, 3, 2], "texture": "#1", "cullface": "north"},
				"west": {"uv": [7, 5, 5, 6], "texture": "#1", "cullface": "north"},
				"up": {"uv": [7, 5, 5, 6], "texture": "#1", "cullface": "north"},
				"down": {"uv": [7, 5, 5, 6], "texture": "#1", "cullface": "north"}
			}
		},
		{
			"from": [7, 12, -0.15],
			"to": [9, 13, 2],
			"light_emission": 15,
			"rotation": {"angle": 0, "axis": "y", "origin": [8, 8, 8]},
			"faces": {
				"north": {"uv": [7, 5, 5, 6], "texture": "#1", "cullface": "north"},
				"east": {"uv": [5, 5, 7, 6], "texture": "#1", "cullface": "north"},
				"south": {"uv": [3, 0, 0, 2], "texture": "#1", "cullface": "north"},
				"west": {"uv": [5, 5, 7, 6], "texture": "#1", "cullface": "north"},
				"up": {"uv": [5, 5, 7, 6], "texture": "#1", "cullface": "north"},
				"down": {"uv": [5, 5, 7, 6], "texture": "#1", "cullface": "north"}
			}
		},
		{
			"from": [2, 13, -0.15],
			"to": [4, 14, 2],
			"light_emission": 15,
			"rotation": {"angle": 0, "axis": "y", "origin": [8, 8, 8]},
			"faces": {
				"north": {"uv": [12, 2, 14, 3], "texture": "#1", "cullface": "north"},
				"east": {"uv": [14, 2, 12, 3], "texture": "#1", "cullface": "north"},
				"south": {"uv": [0, 0, 3, 2], "texture": "#1", "cullface": "north"},
				"west": {"uv": [14, 2, 12, 3], "texture": "#1", "cullface": "north"},
				"up": {"uv": [14, 2, 12, 3], "texture": "#1", "cullface": "north"},
				"down": {"uv": [14, 2, 12, 3], "texture": "#1", "cullface": "north"}
			}
		},
		{
			"from": [5, 5, -0.35],
			"to": [8, 7, 1.9],
			"light_emission": 15,
			"rotation": {"angle": 0, "axis": "y", "origin": [8, 8, 8]},
			"faces": {
				"north": {"uv": [8, 9, 11, 11], "texture": "#1", "cullface": "north"},
				"east": {"uv": [11, 9, 8, 11], "texture": "#1", "cullface": "north"},
				"south": {"uv": [0, 0, 3, 2], "texture": "#1", "cullface": "north"},
				"west": {"uv": [11, 9, 8, 11], "texture": "#1", "cullface": "north"},
				"up": {"uv": [11, 9, 8, 11], "texture": "#1", "cullface": "north"},
				"down": {"uv": [11, 9, 8, 11], "texture": "#1", "cullface": "north"}
			}
		},
		{
			"from": [13, 7, -0.25],
			"to": [15, 9, 1.9],
			"light_emission": 15,
			"rotation": {"angle": 0, "axis": "y", "origin": [8, 8, 8]},
			"faces": {
				"north": {"uv": [1, 7, 3, 9], "texture": "#1", "cullface": "north"},
				"east": {"uv": [3, 7, 1, 9], "texture": "#1", "cullface": "north"},
				"south": {"uv": [0, 0, 3, 2], "texture": "#1", "cullface": "north"},
				"west": {"uv": [3, 7, 1, 9], "texture": "#1", "cullface": "north"},
				"up": {"uv": [3, 7, 1, 9], "texture": "#1", "cullface": "north"},
				"down": {"uv": [3, 7, 1, 9], "texture": "#1", "cullface": "north"}
			}
		},
		{
			"from": [4, 9, -0.45],
			"to": [6, 11, 1.9],
			"light_emission": 15,
			"rotation": {"angle": 0, "axis": "y", "origin": [8, 8, 8]},
			"faces": {
				"north": {"uv": [10, 5, 12, 7], "texture": "#1", "cullface": "north"},
				"east": {"uv": [12, 5, 10, 7], "texture": "#1", "cullface": "north"},
				"south": {"uv": [0, 0, 3, 2], "texture": "#1", "cullface": "north"},
				"west": {"uv": [12, 5, 10, 7], "texture": "#1", "cullface": "north"},
				"up": {"uv": [12, 5, 10, 7], "texture": "#1", "cullface": "north"},
				"down": {"uv": [12, 5, 10, 7], "texture": "#1", "cullface": "north"}
			}
		},
		{
			"from": [1, 3, -0.35],
			"to": [3, 6, 1.9],
			"light_emission": 15,
			"rotation": {"angle": 0, "axis": "y", "origin": [8, 8, 8]},
			"faces": {
				"north": {"uv": [13, 10, 15, 13], "texture": "#1", "cullface": "north"},
				"east": {"uv": [15, 10, 13, 13], "texture": "#1", "cullface": "north"},
				"south": {"uv": [0, 0, 3, 2], "rotation": 90, "texture": "#1", "cullface": "north"},
				"west": {"uv": [15, 10, 13, 13], "texture": "#1", "cullface": "north"},
				"up": {"uv": [15, 10, 13, 13], "texture": "#1", "cullface": "north"},
				"down": {"uv": [15, 10, 13, 13], "texture": "#1", "cullface": "north"}
			}
		},
		{
			"from": [2, 6, -0.25],
			"to": [3, 7, 1.9],
			"light_emission": 15,
			"rotation": {"angle": 0, "axis": "y", "origin": [8, 8, 8]},
			"faces": {
				"north": {"uv": [13, 9, 14, 10], "texture": "#1", "cullface": "north"},
				"east": {"uv": [13, 9, 14, 10], "texture": "#1", "cullface": "north"},
				"south": {"uv": [0, 0, 3, 2], "rotation": 90, "texture": "#1", "cullface": "north"},
				"west": {"uv": [13, 9, 14, 10], "texture": "#1", "cullface": "north"},
				"up": {"uv": [13, 9, 14, 10], "texture": "#1", "cullface": "north"},
				"down": {"uv": [13, 9, 14, 10], "texture": "#1", "cullface": "north"}
			}
		},
		{
			"from": [10, 12, -0.25],
			"to": [11, 13, 1.9],
			"light_emission": 15,
			"rotation": {"angle": 0, "axis": "y", "origin": [8, 8, 8]},
			"faces": {
				"north": {"uv": [5, 3, 6, 4], "texture": "#1", "cullface": "north"},
				"east": {"uv": [13, 9, 14, 10], "texture": "#1", "cullface": "north"},
				"south": {"uv": [0, 0, 3, 2], "rotation": 90, "texture": "#1", "cullface": "north"},
				"west": {"uv": [13, 9, 14, 10], "texture": "#1", "cullface": "north"},
				"up": {"uv": [5, 3, 6, 4], "texture": "#1", "cullface": "north"},
				"down": {"uv": [13, 9, 14, 10], "texture": "#1", "cullface": "north"}
			}
		},
		{
			"from": [10, 3, -0.15],
			"to": [11, 4, 2],
			"light_emission": 15,
			"rotation": {"angle": 0, "axis": "y", "origin": [8, 8, 8]},
			"faces": {
				"north": {"uv": [5, 12, 6, 13], "texture": "#1", "cullface": "north"},
				"east": {"uv": [5, 12, 6, 13], "texture": "#1", "cullface": "north"},
				"south": {"uv": [0, 0, 3, 2], "rotation": 90, "texture": "#1", "cullface": "north"},
				"west": {"uv": [5, 12, 6, 13], "texture": "#1", "cullface": "north"},
				"up": {"uv": [5, 12, 6, 13], "texture": "#1", "cullface": "north"},
				"down": {"uv": [5, 12, 6, 13], "texture": "#1", "cullface": "north"}
			}
		},
		{
			"from": [11, 5, -0.15],
			"to": [12, 6, 2],
			"light_emission": 15,
			"rotation": {"angle": 0, "axis": "y", "origin": [8, 8, 8]},
			"faces": {
				"north": {"uv": [4, 10, 5, 11], "texture": "#1", "cullface": "north"},
				"east": {"uv": [4, 10, 5, 11], "texture": "#1", "cullface": "north"},
				"south": {"uv": [0, 0, 3, 2], "rotation": 90, "texture": "#1", "cullface": "north"},
				"west": {"uv": [4, 10, 5, 11], "texture": "#1", "cullface": "north"},
				"up": {"uv": [4, 10, 5, 11], "texture": "#1", "cullface": "north"},
				"down": {"uv": [4, 10, 5, 11], "texture": "#1", "cullface": "north"}
			}
		},
		{
			"from": [8, 6, -0.35],
			"to": [9, 8, 1.9],
			"light_emission": 15,
			"rotation": {"angle": 0, "axis": "y", "origin": [8, 8, 8]},
			"faces": {
				"north": {"uv": [7, 8, 8, 10], "texture": "#1", "cullface": "north"},
				"east": {"uv": [7, 8, 8, 10], "texture": "#1", "cullface": "north"},
				"south": {"uv": [0, 0, 3, 2], "texture": "#1", "cullface": "north"},
				"west": {"uv": [7, 8, 8, 10], "texture": "#1", "cullface": "north"},
				"up": {"uv": [7, 8, 8, 10], "texture": "#1", "cullface": "north"},
				"down": {"uv": [7, 8, 8, 10], "texture": "#1", "cullface": "north"}
			}
		},
		{
			"from": [8, 2, 14],
			"to": [11, 4, 16.15],
			"light_emission": 15,
			"rotation": {"angle": 0, "axis": "y", "origin": [8, 8, 8]},
			"faces": {
				"north": {"uv": [0, 0, 3, 2], "texture": "#1", "cullface": "south"},
				"east": {"uv": [11, 12, 8, 14], "texture": "#1", "cullface": "south"},
				"south": {"uv": [8, 12, 11, 14], "texture": "#1", "cullface": "south"},
				"west": {"uv": [11, 12, 8, 14], "texture": "#1", "cullface": "south"},
				"up": {"uv": [8, 14, 11, 12], "texture": "#1", "cullface": "south"},
				"down": {"uv": [8, 14, 11, 12], "texture": "#1", "cullface": "south"}
			}
		},
		{
			"from": [9, 6, 14],
			"to": [12, 8, 16.25],
			"light_emission": 15,
			"rotation": {"angle": 0, "axis": "y", "origin": [8, 8, 8]},
			"faces": {
				"north": {"uv": [0, 0, 3, 2], "texture": "#1", "cullface": "south"},
				"east": {"uv": [12, 8, 9, 10], "texture": "#1", "cullface": "south"},
				"south": {"uv": [9, 8, 12, 10], "texture": "#1", "cullface": "south"},
				"west": {"uv": [12, 8, 9, 10], "texture": "#1", "cullface": "south"},
				"up": {"uv": [9, 10, 12, 8], "texture": "#1", "cullface": "south"},
				"down": {"uv": [9, 10, 12, 8], "texture": "#1", "cullface": "south"}
			}
		},
		{
			"from": [4, 1, 14],
			"to": [7, 3, 16.25],
			"light_emission": 15,
			"rotation": {"angle": 0, "axis": "y", "origin": [8, 8, 8]},
			"faces": {
				"north": {"uv": [0, 0, 3, 2], "texture": "#1", "cullface": "south"},
				"east": {"uv": [7, 13, 4, 15], "texture": "#1", "cullface": "south"},
				"south": {"uv": [4, 13, 7, 15], "texture": "#1", "cullface": "south"},
				"west": {"uv": [7, 13, 4, 15], "texture": "#1", "cullface": "south"},
				"up": {"uv": [4, 15, 7, 13], "texture": "#1", "cullface": "south"},
				"down": {"uv": [4, 15, 7, 13], "texture": "#1", "cullface": "south"}
			}
		},
		{
			"from": [2, 4, 14],
			"to": [5, 5, 16.25],
			"light_emission": 15,
			"rotation": {"angle": 0, "axis": "y", "origin": [8, 8, 8]},
			"faces": {
				"north": {"uv": [0, 0, 3, 2], "texture": "#1", "cullface": "south"},
				"east": {"uv": [5, 11, 2, 12], "texture": "#1", "cullface": "south"},
				"south": {"uv": [2, 11, 5, 12], "texture": "#1", "cullface": "south"},
				"west": {"uv": [5, 11, 2, 12], "texture": "#1", "cullface": "south"},
				"up": {"uv": [2, 12, 5, 11], "texture": "#1", "cullface": "south"},
				"down": {"uv": [2, 12, 5, 11], "texture": "#1", "cullface": "south"}
			}
		},
		{
			"from": [3, 9, 14],
			"to": [8, 10, 16.35],
			"light_emission": 15,
			"rotation": {"angle": 0, "axis": "y", "origin": [8, 8, 8]},
			"faces": {
				"north": {"uv": [0, 0, 3, 2], "texture": "#1", "cullface": "south"},
				"east": {"uv": [8, 6, 3, 7], "texture": "#1", "cullface": "south"},
				"south": {"uv": [3, 6, 8, 7], "texture": "#1", "cullface": "south"},
				"west": {"uv": [8, 6, 3, 7], "texture": "#1", "cullface": "south"},
				"up": {"uv": [3, 7, 8, 6], "texture": "#1", "cullface": "south"},
				"down": {"uv": [3, 7, 8, 6], "texture": "#1", "cullface": "south"}
			}
		},
		{
			"from": [2, 13, 14],
			"to": [6, 14, 16.35],
			"light_emission": 15,
			"rotation": {"angle": 0, "axis": "y", "origin": [8, 8, 8]},
			"faces": {
				"north": {"uv": [0, 0, 3, 2], "texture": "#1", "cullface": "south"},
				"east": {"uv": [6, 2, 2, 3], "texture": "#1", "cullface": "south"},
				"south": {"uv": [2, 2, 6, 3], "texture": "#1", "cullface": "south"},
				"west": {"uv": [6, 2, 2, 3], "texture": "#1", "cullface": "south"},
				"up": {"uv": [2, 3, 6, 2], "texture": "#1", "cullface": "south"},
				"down": {"uv": [2, 3, 6, 2], "texture": "#1", "cullface": "south"}
			}
		},
		{
			"from": [5, 10, 14],
			"to": [7, 11, 16.15],
			"light_emission": 15,
			"rotation": {"angle": 0, "axis": "y", "origin": [8, 8, 8]},
			"faces": {
				"north": {"uv": [0, 0, 3, 2], "texture": "#1", "cullface": "south"},
				"east": {"uv": [7, 5, 5, 6], "texture": "#1", "cullface": "south"},
				"south": {"uv": [5, 5, 7, 6], "texture": "#1", "cullface": "south"},
				"west": {"uv": [7, 5, 5, 6], "texture": "#1", "cullface": "south"},
				"up": {"uv": [5, 6, 7, 5], "texture": "#1", "cullface": "south"},
				"down": {"uv": [5, 6, 7, 5], "texture": "#1", "cullface": "south"}
			}
		},
		{
			"from": [7, 12, 14],
			"to": [9, 13, 16.15],
			"light_emission": 15,
			"rotation": {"angle": 0, "axis": "y", "origin": [8, 8, 8]},
			"faces": {
				"north": {"uv": [3, 0, 0, 2], "texture": "#1", "cullface": "south"},
				"east": {"uv": [5, 5, 7, 6], "texture": "#1", "cullface": "south"},
				"south": {"uv": [7, 5, 5, 6], "texture": "#1", "cullface": "south"},
				"west": {"uv": [5, 5, 7, 6], "texture": "#1", "cullface": "south"},
				"up": {"uv": [7, 6, 5, 5], "texture": "#1", "cullface": "south"},
				"down": {"uv": [7, 6, 5, 5], "texture": "#1", "cullface": "south"}
			}
		},
		{
			"from": [12, 13, 14],
			"to": [14, 14, 16.15],
			"light_emission": 15,
			"rotation": {"angle": 0, "axis": "y", "origin": [8, 8, 8]},
			"faces": {
				"north": {"uv": [0, 0, 3, 2], "texture": "#1", "cullface": "south"},
				"east": {"uv": [14, 2, 12, 3], "texture": "#1", "cullface": "south"},
				"south": {"uv": [12, 2, 14, 3], "texture": "#1", "cullface": "south"},
				"west": {"uv": [14, 2, 12, 3], "texture": "#1", "cullface": "south"},
				"up": {"uv": [12, 3, 14, 2], "texture": "#1", "cullface": "south"},
				"down": {"uv": [12, 3, 14, 2], "texture": "#1", "cullface": "south"}
			}
		},
		{
			"from": [8, 5, 14.1],
			"to": [11, 7, 16.35],
			"light_emission": 15,
			"rotation": {"angle": 0, "axis": "y", "origin": [8, 8, 8]},
			"faces": {
				"north": {"uv": [0, 0, 3, 2], "texture": "#1", "cullface": "south"},
				"east": {"uv": [11, 9, 8, 11], "texture": "#1", "cullface": "south"},
				"south": {"uv": [8, 9, 11, 11], "texture": "#1", "cullface": "south"},
				"west": {"uv": [11, 9, 8, 11], "texture": "#1", "cullface": "south"},
				"up": {"uv": [8, 11, 11, 9], "texture": "#1", "cullface": "south"},
				"down": {"uv": [8, 11, 11, 9], "texture": "#1", "cullface": "south"}
			}
		},
		{
			"from": [1, 7, 14.1],
			"to": [3, 9, 16.25],
			"light_emission": 15,
			"rotation": {"angle": 0, "axis": "y", "origin": [8, 8, 8]},
			"faces": {
				"north": {"uv": [0, 0, 3, 2], "texture": "#1", "cullface": "south"},
				"east": {"uv": [3, 7, 1, 9], "texture": "#1", "cullface": "south"},
				"south": {"uv": [1, 7, 3, 9], "texture": "#1", "cullface": "south"},
				"west": {"uv": [3, 7, 1, 9], "texture": "#1", "cullface": "south"},
				"up": {"uv": [1, 9, 3, 7], "texture": "#1", "cullface": "south"},
				"down": {"uv": [1, 9, 3, 7], "texture": "#1", "cullface": "south"}
			}
		},
		{
			"from": [10, 9, 14.1],
			"to": [12, 11, 16.45],
			"light_emission": 15,
			"rotation": {"angle": 0, "axis": "y", "origin": [8, 8, 8]},
			"faces": {
				"north": {"uv": [0, 0, 3, 2], "texture": "#1", "cullface": "south"},
				"east": {"uv": [12, 5, 10, 7], "texture": "#1", "cullface": "south"},
				"south": {"uv": [10, 5, 12, 7], "texture": "#1", "cullface": "south"},
				"west": {"uv": [12, 5, 10, 7], "texture": "#1", "cullface": "south"},
				"up": {"uv": [10, 7, 12, 5], "texture": "#1", "cullface": "south"},
				"down": {"uv": [10, 7, 12, 5], "texture": "#1", "cullface": "south"}
			}
		},
		{
			"from": [13, 3, 14.1],
			"to": [15, 6, 16.35],
			"light_emission": 15,
			"rotation": {"angle": 0, "axis": "y", "origin": [8, 8, 8]},
			"faces": {
				"north": {"uv": [0, 0, 3, 2], "rotation": 90, "texture": "#1", "cullface": "south"},
				"east": {"uv": [15, 10, 13, 13], "texture": "#1", "cullface": "south"},
				"south": {"uv": [13, 10, 15, 13], "texture": "#1", "cullface": "south"},
				"west": {"uv": [15, 10, 13, 13], "texture": "#1", "cullface": "south"},
				"up": {"uv": [13, 13, 15, 10], "texture": "#1", "cullface": "south"},
				"down": {"uv": [13, 13, 15, 10], "texture": "#1", "cullface": "south"}
			}
		},
		{
			"from": [13, 6, 14.1],
			"to": [14, 7, 16.25],
			"light_emission": 15,
			"rotation": {"angle": 0, "axis": "y", "origin": [8, 8, 8]},
			"faces": {
				"north": {"uv": [0, 0, 3, 2], "rotation": 90, "texture": "#1", "cullface": "south"},
				"east": {"uv": [13, 9, 14, 10], "texture": "#1", "cullface": "south"},
				"south": {"uv": [13, 9, 14, 10], "texture": "#1", "cullface": "south"},
				"west": {"uv": [13, 9, 14, 10], "texture": "#1", "cullface": "south"},
				"up": {"uv": [14, 10, 13, 9], "texture": "#1", "cullface": "south"},
				"down": {"uv": [14, 10, 13, 9], "texture": "#1", "cullface": "south"}
			}
		},
		{
			"from": [5, 12, 14.1],
			"to": [6, 13, 16.25],
			"light_emission": 15,
			"rotation": {"angle": 0, "axis": "y", "origin": [8, 8, 8]},
			"faces": {
				"north": {"uv": [0, 0, 3, 2], "rotation": 90, "texture": "#1", "cullface": "south"},
				"east": {"uv": [13, 9, 14, 10], "texture": "#1", "cullface": "south"},
				"south": {"uv": [5, 3, 6, 4], "texture": "#1", "cullface": "south"},
				"west": {"uv": [13, 9, 14, 10], "texture": "#1", "cullface": "south"},
				"up": {"uv": [6, 4, 5, 3], "texture": "#1", "cullface": "south"},
				"down": {"uv": [14, 10, 13, 9], "texture": "#1", "cullface": "south"}
			}
		},
		{
			"from": [5, 3, 14],
			"to": [6, 4, 16.15],
			"light_emission": 15,
			"rotation": {"angle": 0, "axis": "y", "origin": [8, 8, 8]},
			"faces": {
				"north": {"uv": [0, 0, 3, 2], "rotation": 90, "texture": "#1", "cullface": "south"},
				"east": {"uv": [5, 12, 6, 13], "texture": "#1", "cullface": "south"},
				"south": {"uv": [5, 12, 6, 13], "texture": "#1", "cullface": "south"},
				"west": {"uv": [5, 12, 6, 13], "texture": "#1", "cullface": "south"},
				"up": {"uv": [6, 13, 5, 12], "texture": "#1", "cullface": "south"},
				"down": {"uv": [6, 13, 5, 12], "texture": "#1", "cullface": "south"}
			}
		},
		{
			"from": [4, 5, 14],
			"to": [5, 6, 16.15],
			"light_emission": 15,
			"rotation": {"angle": 0, "axis": "y", "origin": [8, 8, 8]},
			"faces": {
				"north": {"uv": [0, 0, 3, 2], "rotation": 90, "texture": "#1", "cullface": "south"},
				"east": {"uv": [4, 10, 5, 11], "texture": "#1", "cullface": "south"},
				"south": {"uv": [4, 10, 5, 11], "texture": "#1", "cullface": "south"},
				"west": {"uv": [4, 10, 5, 11], "texture": "#1", "cullface": "south"},
				"up": {"uv": [5, 11, 4, 10], "texture": "#1", "cullface": "south"},
				"down": {"uv": [5, 11, 4, 10], "texture": "#1", "cullface": "south"}
			}
		},
		{
			"from": [7, 6, 14.1],
			"to": [8, 8, 16.35],
			"light_emission": 15,
			"rotation": {"angle": 0, "axis": "y", "origin": [8, 8, 8]},
			"faces": {
				"north": {"uv": [0, 0, 3, 2], "texture": "#1", "cullface": "south"},
				"east": {"uv": [7, 8, 8, 10], "texture": "#1", "cullface": "south"},
				"south": {"uv": [7, 8, 8, 10], "texture": "#1", "cullface": "south"},
				"west": {"uv": [7, 8, 8, 10], "texture": "#1", "cullface": "south"},
				"up": {"uv": [8, 10, 7, 8], "texture": "#1", "cullface": "south"},
				"down": {"uv": [8, 10, 7, 8], "texture": "#1", "cullface": "south"}
			}
		},
		{
			"from": [-0.15, 2, 8],
			"to": [2, 4, 11],
			"light_emission": 15,
			"rotation": {"angle": 0, "axis": "y", "origin": [8, 8, 8]},
			"faces": {
				"north": {"uv": [11, 12, 8, 14], "texture": "#1", "cullface": "west"},
				"east": {"uv": [0, 0, 3, 2], "texture": "#1", "cullface": "west"},
				"south": {"uv": [11, 12, 8, 14], "texture": "#1", "cullface": "west"},
				"west": {"uv": [8, 12, 11, 14], "texture": "#1", "cullface": "west"},
				"up": {"uv": [8, 14, 11, 12], "rotation": 90, "texture": "#1", "cullface": "west"},
				"down": {"uv": [8, 14, 11, 12], "rotation": 270, "texture": "#1", "cullface": "west"}
			}
		},
		{
			"from": [-0.25, 6, 9],
			"to": [2, 8, 12],
			"light_emission": 15,
			"rotation": {"angle": 0, "axis": "y", "origin": [8, 8, 8]},
			"faces": {
				"north": {"uv": [12, 8, 9, 10], "texture": "#1", "cullface": "west"},
				"east": {"uv": [0, 0, 3, 2], "texture": "#1", "cullface": "west"},
				"south": {"uv": [12, 8, 9, 10], "texture": "#1", "cullface": "west"},
				"west": {"uv": [9, 8, 12, 10], "texture": "#1", "cullface": "west"},
				"up": {"uv": [9, 10, 12, 8], "rotation": 90, "texture": "#1", "cullface": "west"},
				"down": {"uv": [9, 10, 12, 8], "rotation": 270, "texture": "#1", "cullface": "west"}
			}
		},
		{
			"from": [-0.25, 1, 4],
			"to": [2, 3, 7],
			"light_emission": 15,
			"rotation": {"angle": 0, "axis": "y", "origin": [8, 8, 8]},
			"faces": {
				"north": {"uv": [7, 13, 4, 15], "texture": "#1", "cullface": "west"},
				"east": {"uv": [0, 0, 3, 2], "texture": "#1", "cullface": "west"},
				"south": {"uv": [7, 13, 4, 15], "texture": "#1", "cullface": "west"},
				"west": {"uv": [4, 13, 7, 15], "texture": "#1", "cullface": "west"},
				"up": {"uv": [4, 15, 7, 13], "rotation": 90, "texture": "#1", "cullface": "west"},
				"down": {"uv": [4, 15, 7, 13], "rotation": 270, "texture": "#1", "cullface": "west"}
			}
		},
		{
			"from": [-0.25, 4, 2],
			"to": [2, 5, 5],
			"light_emission": 15,
			"rotation": {"angle": 0, "axis": "y", "origin": [8, 8, 8]},
			"faces": {
				"north": {"uv": [5, 11, 2, 12], "texture": "#1", "cullface": "west"},
				"east": {"uv": [0, 0, 3, 2], "texture": "#1", "cullface": "west"},
				"south": {"uv": [5, 11, 2, 12], "texture": "#1", "cullface": "west"},
				"west": {"uv": [2, 11, 5, 12], "texture": "#1", "cullface": "west"},
				"up": {"uv": [2, 12, 5, 11], "rotation": 90, "texture": "#1", "cullface": "west"},
				"down": {"uv": [2, 12, 5, 11], "rotation": 270, "texture": "#1", "cullface": "west"}
			}
		},
		{
			"from": [-0.35, 9, 3],
			"to": [2, 10, 8],
			"light_emission": 15,
			"rotation": {"angle": 0, "axis": "y", "origin": [8, 8, 8]},
			"faces": {
				"north": {"uv": [8, 6, 3, 7], "texture": "#1", "cullface": "west"},
				"east": {"uv": [0, 0, 3, 2], "texture": "#1", "cullface": "west"},
				"south": {"uv": [8, 6, 3, 7], "texture": "#1", "cullface": "west"},
				"west": {"uv": [3, 6, 8, 7], "texture": "#1", "cullface": "west"},
				"up": {"uv": [3, 7, 8, 6], "rotation": 90, "texture": "#1", "cullface": "west"},
				"down": {"uv": [3, 7, 8, 6], "rotation": 270, "texture": "#1", "cullface": "west"}
			}
		},
		{
			"from": [-0.35, 13, 2],
			"to": [2, 14, 6],
			"light_emission": 15,
			"rotation": {"angle": 0, "axis": "y", "origin": [8, 8, 8]},
			"faces": {
				"north": {"uv": [6, 2, 2, 3], "texture": "#1", "cullface": "west"},
				"east": {"uv": [0, 0, 3, 2], "texture": "#1", "cullface": "west"},
				"south": {"uv": [6, 2, 2, 3], "texture": "#1", "cullface": "west"},
				"west": {"uv": [2, 2, 6, 3], "texture": "#1", "cullface": "west"},
				"up": {"uv": [2, 3, 6, 2], "rotation": 90, "texture": "#1", "cullface": "west"},
				"down": {"uv": [2, 3, 6, 2], "rotation": 270, "texture": "#1", "cullface": "west"}
			}
		},
		{
			"from": [-0.15, 10, 5],
			"to": [2, 11, 7],
			"light_emission": 15,
			"rotation": {"angle": 0, "axis": "y", "origin": [8, 8, 8]},
			"faces": {
				"north": {"uv": [7, 5, 5, 6], "texture": "#1", "cullface": "west"},
				"east": {"uv": [0, 0, 3, 2], "texture": "#1", "cullface": "west"},
				"south": {"uv": [7, 5, 5, 6], "texture": "#1", "cullface": "west"},
				"west": {"uv": [5, 5, 7, 6], "texture": "#1", "cullface": "west"},
				"up": {"uv": [5, 6, 7, 5], "rotation": 90, "texture": "#1", "cullface": "west"},
				"down": {"uv": [5, 6, 7, 5], "rotation": 270, "texture": "#1", "cullface": "west"}
			}
		},
		{
			"from": [-0.15, 12, 7],
			"to": [2, 13, 9],
			"light_emission": 15,
			"rotation": {"angle": 0, "axis": "y", "origin": [8, 8, 8]},
			"faces": {
				"north": {"uv": [5, 5, 7, 6], "texture": "#1", "cullface": "west"},
				"east": {"uv": [3, 0, 0, 2], "texture": "#1", "cullface": "west"},
				"south": {"uv": [5, 5, 7, 6], "texture": "#1", "cullface": "west"},
				"west": {"uv": [7, 5, 5, 6], "texture": "#1", "cullface": "west"},
				"up": {"uv": [7, 6, 5, 5], "rotation": 90, "texture": "#1", "cullface": "west"},
				"down": {"uv": [7, 6, 5, 5], "rotation": 270, "texture": "#1", "cullface": "west"}
			}
		},
		{
			"from": [-0.15, 13, 12],
			"to": [2, 14, 14],
			"light_emission": 15,
			"rotation": {"angle": 0, "axis": "y", "origin": [8, 8, 8]},
			"faces": {
				"north": {"uv": [14, 2, 12, 3], "texture": "#1", "cullface": "west"},
				"east": {"uv": [0, 0, 3, 2], "texture": "#1", "cullface": "west"},
				"south": {"uv": [14, 2, 12, 3], "texture": "#1", "cullface": "west"},
				"west": {"uv": [12, 2, 14, 3], "texture": "#1", "cullface": "west"},
				"up": {"uv": [12, 3, 14, 2], "rotation": 90, "texture": "#1", "cullface": "west"},
				"down": {"uv": [12, 3, 14, 2], "rotation": 270, "texture": "#1", "cullface": "west"}
			}
		},
		{
			"from": [-0.35, 5, 8],
			"to": [1.9, 7, 11],
			"light_emission": 15,
			"rotation": {"angle": 0, "axis": "y", "origin": [8, 8, 8]},
			"faces": {
				"north": {"uv": [11, 9, 8, 11], "texture": "#1", "cullface": "west"},
				"east": {"uv": [0, 0, 3, 2], "texture": "#1", "cullface": "west"},
				"south": {"uv": [11, 9, 8, 11], "texture": "#1", "cullface": "west"},
				"west": {"uv": [8, 9, 11, 11], "texture": "#1", "cullface": "west"},
				"up": {"uv": [8, 11, 11, 9], "rotation": 90, "texture": "#1", "cullface": "west"},
				"down": {"uv": [8, 11, 11, 9], "rotation": 270, "texture": "#1", "cullface": "west"}
			}
		},
		{
			"from": [-0.25, 7, 1],
			"to": [1.9, 9, 3],
			"light_emission": 15,
			"rotation": {"angle": 0, "axis": "y", "origin": [8, 8, 8]},
			"faces": {
				"north": {"uv": [3, 7, 1, 9], "texture": "#1", "cullface": "west"},
				"east": {"uv": [0, 0, 3, 2], "texture": "#1", "cullface": "west"},
				"south": {"uv": [3, 7, 1, 9], "texture": "#1", "cullface": "west"},
				"west": {"uv": [1, 7, 3, 9], "texture": "#1", "cullface": "west"},
				"up": {"uv": [1, 9, 3, 7], "rotation": 90, "texture": "#1", "cullface": "west"},
				"down": {"uv": [1, 9, 3, 7], "rotation": 270, "texture": "#1", "cullface": "west"}
			}
		},
		{
			"from": [-0.45, 9, 10],
			"to": [1.9, 11, 12],
			"light_emission": 15,
			"rotation": {"angle": 0, "axis": "y", "origin": [8, 8, 8]},
			"faces": {
				"north": {"uv": [12, 5, 10, 7], "texture": "#1", "cullface": "west"},
				"east": {"uv": [0, 0, 3, 2], "texture": "#1", "cullface": "west"},
				"south": {"uv": [12, 5, 10, 7], "texture": "#1", "cullface": "west"},
				"west": {"uv": [10, 5, 12, 7], "texture": "#1", "cullface": "west"},
				"up": {"uv": [10, 7, 12, 5], "rotation": 90, "texture": "#1", "cullface": "west"},
				"down": {"uv": [10, 7, 12, 5], "rotation": 270, "texture": "#1", "cullface": "west"}
			}
		},
		{
			"from": [-0.35, 3, 13],
			"to": [1.9, 6, 15],
			"light_emission": 15,
			"rotation": {"angle": 0, "axis": "y", "origin": [8, 8, 8]},
			"faces": {
				"north": {"uv": [15, 10, 13, 13], "texture": "#1", "cullface": "west"},
				"east": {"uv": [0, 0, 3, 2], "rotation": 90, "texture": "#1", "cullface": "west"},
				"south": {"uv": [15, 10, 13, 13], "texture": "#1", "cullface": "west"},
				"west": {"uv": [13, 10, 15, 13], "texture": "#1", "cullface": "west"},
				"up": {"uv": [13, 13, 15, 10], "rotation": 90, "texture": "#1", "cullface": "west"},
				"down": {"uv": [13, 13, 15, 10], "rotation": 270, "texture": "#1", "cullface": "west"}
			}
		},
		{
			"from": [-0.25, 6, 13],
			"to": [1.9, 7, 14],
			"light_emission": 15,
			"rotation": {"angle": 0, "axis": "y", "origin": [8, 8, 8]},
			"faces": {
				"north": {"uv": [13, 9, 14, 10], "texture": "#1", "cullface": "west"},
				"east": {"uv": [0, 0, 3, 2], "rotation": 90, "texture": "#1", "cullface": "west"},
				"south": {"uv": [13, 9, 14, 10], "texture": "#1", "cullface": "west"},
				"west": {"uv": [13, 9, 14, 10], "texture": "#1", "cullface": "west"},
				"up": {"uv": [14, 10, 13, 9], "rotation": 90, "texture": "#1", "cullface": "west"},
				"down": {"uv": [14, 10, 13, 9], "rotation": 270, "texture": "#1", "cullface": "west"}
			}
		},
		{
			"from": [-0.25, 12, 5],
			"to": [1.9, 13, 6],
			"light_emission": 15,
			"rotation": {"angle": 0, "axis": "y", "origin": [8, 8, 8]},
			"faces": {
				"north": {"uv": [13, 9, 14, 10], "texture": "#1", "cullface": "west"},
				"east": {"uv": [0, 0, 3, 2], "rotation": 90, "texture": "#1", "cullface": "west"},
				"south": {"uv": [13, 9, 14, 10], "texture": "#1", "cullface": "west"},
				"west": {"uv": [5, 3, 6, 4], "texture": "#1", "cullface": "west"},
				"up": {"uv": [6, 4, 5, 3], "rotation": 90, "texture": "#1", "cullface": "west"},
				"down": {"uv": [14, 10, 13, 9], "rotation": 270, "texture": "#1", "cullface": "west"}
			}
		},
		{
			"from": [-0.15, 3, 5],
			"to": [2, 4, 6],
			"light_emission": 15,
			"rotation": {"angle": 0, "axis": "y", "origin": [8, 8, 8]},
			"faces": {
				"north": {"uv": [5, 12, 6, 13], "texture": "#1", "cullface": "west"},
				"east": {"uv": [0, 0, 3, 2], "rotation": 90, "texture": "#1", "cullface": "west"},
				"south": {"uv": [5, 12, 6, 13], "texture": "#1", "cullface": "west"},
				"west": {"uv": [5, 12, 6, 13], "texture": "#1", "cullface": "west"},
				"up": {"uv": [6, 13, 5, 12], "rotation": 90, "texture": "#1", "cullface": "west"},
				"down": {"uv": [6, 13, 5, 12], "rotation": 270, "texture": "#1", "cullface": "west"}
			}
		},
		{
			"from": [-0.15, 5, 4],
			"to": [2, 6, 5],
			"light_emission": 15,
			"rotation": {"angle": 0, "axis": "y", "origin": [8, 8, 8]},
			"faces": {
				"north": {"uv": [4, 10, 5, 11], "texture": "#1", "cullface": "west"},
				"east": {"uv": [0, 0, 3, 2], "rotation": 90, "texture": "#1", "cullface": "west"},
				"south": {"uv": [4, 10, 5, 11], "texture": "#1", "cullface": "west"},
				"west": {"uv": [4, 10, 5, 11], "texture": "#1", "cullface": "west"},
				"up": {"uv": [5, 11, 4, 10], "rotation": 90, "texture": "#1", "cullface": "west"},
				"down": {"uv": [5, 11, 4, 10], "rotation": 270, "texture": "#1", "cullface": "west"}
			}
		},
		{
			"from": [-0.35, 6, 7],
			"to": [1.9, 8, 8],
			"light_emission": 15,
			"rotation": {"angle": 0, "axis": "y", "origin": [8, 8, 8]},
			"faces": {
				"north": {"uv": [7, 8, 8, 10], "texture": "#1", "cullface": "west"},
				"east": {"uv": [0, 0, 3, 2], "texture": "#1", "cullface": "west"},
				"south": {"uv": [7, 8, 8, 10], "texture": "#1", "cullface": "west"},
				"west": {"uv": [7, 8, 8, 10], "texture": "#1", "cullface": "west"},
				"up": {"uv": [8, 10, 7, 8], "rotation": 90, "texture": "#1", "cullface": "west"},
				"down": {"uv": [8, 10, 7, 8], "rotation": 270, "texture": "#1", "cullface": "west"}
			}
		},
		{
			"from": [14, 2, 5],
			"to": [16.15, 4, 8],
			"light_emission": 15,
			"rotation": {"angle": 0, "axis": "y", "origin": [8, 8, 8]},
			"faces": {
				"north": {"uv": [11, 12, 8, 14], "texture": "#1", "cullface": "east"},
				"east": {"uv": [8, 12, 11, 14], "texture": "#1", "cullface": "east"},
				"south": {"uv": [11, 12, 8, 14], "texture": "#1", "cullface": "east"},
				"west": {"uv": [0, 0, 3, 2], "texture": "#1", "cullface": "east"},
				"up": {"uv": [11, 12, 8, 14], "rotation": 90, "texture": "#1", "cullface": "east"},
				"down": {"uv": [11, 12, 8, 14], "rotation": 270, "texture": "#1", "cullface": "east"}
			}
		},
		{
			"from": [14, 6, 4],
			"to": [16.25, 8, 7],
			"light_emission": 15,
			"rotation": {"angle": 0, "axis": "y", "origin": [8, 8, 8]},
			"faces": {
				"north": {"uv": [12, 8, 9, 10], "texture": "#1", "cullface": "east"},
				"east": {"uv": [9, 8, 12, 10], "texture": "#1", "cullface": "east"},
				"south": {"uv": [12, 8, 9, 10], "texture": "#1", "cullface": "east"},
				"west": {"uv": [0, 0, 3, 2], "texture": "#1", "cullface": "east"},
				"up": {"uv": [12, 8, 9, 10], "rotation": 90, "texture": "#1", "cullface": "east"},
				"down": {"uv": [12, 8, 9, 10], "rotation": 270, "texture": "#1", "cullface": "east"}
			}
		},
		{
			"from": [14, 1, 9],
			"to": [16.25, 3, 12],
			"light_emission": 15,
			"rotation": {"angle": 0, "axis": "y", "origin": [8, 8, 8]},
			"faces": {
				"north": {"uv": [7, 13, 4, 15], "texture": "#1", "cullface": "east"},
				"east": {"uv": [4, 13, 7, 15], "texture": "#1", "cullface": "east"},
				"south": {"uv": [7, 13, 4, 15], "texture": "#1", "cullface": "east"},
				"west": {"uv": [0, 0, 3, 2], "texture": "#1", "cullface": "east"},
				"up": {"uv": [7, 13, 4, 15], "rotation": 90, "texture": "#1", "cullface": "east"},
				"down": {"uv": [7, 13, 4, 15], "rotation": 270, "texture": "#1", "cullface": "east"}
			}
		},
		{
			"from": [14, 4, 11],
			"to": [16.25, 5, 14],
			"light_emission": 15,
			"rotation": {"angle": 0, "axis": "y", "origin": [8, 8, 8]},
			"faces": {
				"north": {"uv": [5, 11, 2, 12], "texture": "#1", "cullface": "east"},
				"east": {"uv": [2, 11, 5, 12], "texture": "#1", "cullface": "east"},
				"south": {"uv": [5, 11, 2, 12], "texture": "#1", "cullface": "east"},
				"west": {"uv": [0, 0, 3, 2], "texture": "#1", "cullface": "east"},
				"up": {"uv": [5, 11, 2, 12], "rotation": 90, "texture": "#1", "cullface": "east"},
				"down": {"uv": [5, 11, 2, 12], "rotation": 270, "texture": "#1", "cullface": "east"}
			}
		},
		{
			"from": [14, 9, 8],
			"to": [16.35, 10, 13],
			"light_emission": 15,
			"rotation": {"angle": 0, "axis": "y", "origin": [8, 8, 8]},
			"faces": {
				"north": {"uv": [8, 6, 3, 7], "texture": "#1", "cullface": "east"},
				"east": {"uv": [3, 6, 8, 7], "texture": "#1", "cullface": "east"},
				"south": {"uv": [8, 6, 3, 7], "texture": "#1", "cullface": "east"},
				"west": {"uv": [0, 0, 3, 2], "texture": "#1", "cullface": "east"},
				"up": {"uv": [8, 6, 3, 7], "rotation": 90, "texture": "#1", "cullface": "east"},
				"down": {"uv": [8, 6, 3, 7], "rotation": 270, "texture": "#1", "cullface": "east"}
			}
		},
		{
			"from": [14, 13, 10],
			"to": [16.35, 14, 14],
			"light_emission": 15,
			"rotation": {"angle": 0, "axis": "y", "origin": [8, 8, 8]},
			"faces": {
				"north": {"uv": [6, 2, 2, 3], "texture": "#1", "cullface": "east"},
				"east": {"uv": [2, 2, 6, 3], "texture": "#1", "cullface": "east"},
				"south": {"uv": [6, 2, 2, 3], "texture": "#1", "cullface": "east"},
				"west": {"uv": [0, 0, 3, 2], "texture": "#1", "cullface": "east"},
				"up": {"uv": [6, 2, 2, 3], "rotation": 90, "texture": "#1", "cullface": "east"},
				"down": {"uv": [6, 2, 2, 3], "rotation": 270, "texture": "#1", "cullface": "east"}
			}
		},
		{
			"from": [14, 10, 9],
			"to": [16.15, 11, 11],
			"light_emission": 15,
			"rotation": {"angle": 0, "axis": "y", "origin": [8, 8, 8]},
			"faces": {
				"north": {"uv": [7, 5, 5, 6], "texture": "#1", "cullface": "east"},
				"east": {"uv": [5, 5, 7, 6], "texture": "#1", "cullface": "east"},
				"south": {"uv": [7, 5, 5, 6], "texture": "#1", "cullface": "east"},
				"west": {"uv": [0, 0, 3, 2], "texture": "#1", "cullface": "east"},
				"up": {"uv": [7, 5, 5, 6], "rotation": 90, "texture": "#1", "cullface": "east"},
				"down": {"uv": [7, 5, 5, 6], "rotation": 270, "texture": "#1", "cullface": "east"}
			}
		},
		{
			"from": [14, 12, 7],
			"to": [16.15, 13, 9],
			"light_emission": 15,
			"rotation": {"angle": 0, "axis": "y", "origin": [8, 8, 8]},
			"faces": {
				"north": {"uv": [5, 5, 7, 6], "texture": "#1", "cullface": "east"},
				"east": {"uv": [7, 5, 5, 6], "texture": "#1", "cullface": "east"},
				"south": {"uv": [5, 5, 7, 6], "texture": "#1", "cullface": "east"},
				"west": {"uv": [3, 0, 0, 2], "texture": "#1", "cullface": "east"},
				"up": {"uv": [5, 5, 7, 6], "rotation": 90, "texture": "#1", "cullface": "east"},
				"down": {"uv": [5, 5, 7, 6], "rotation": 270, "texture": "#1", "cullface": "east"}
			}
		},
		{
			"from": [14, 13, 2],
			"to": [16.15, 14, 4],
			"light_emission": 15,
			"rotation": {"angle": 0, "axis": "y", "origin": [8, 8, 8]},
			"faces": {
				"north": {"uv": [14, 2, 12, 3], "texture": "#1", "cullface": "east"},
				"east": {"uv": [12, 2, 14, 3], "texture": "#1", "cullface": "east"},
				"south": {"uv": [14, 2, 12, 3], "texture": "#1", "cullface": "east"},
				"west": {"uv": [0, 0, 3, 2], "texture": "#1", "cullface": "east"},
				"up": {"uv": [14, 2, 12, 3], "rotation": 90, "texture": "#1", "cullface": "east"},
				"down": {"uv": [14, 2, 12, 3], "rotation": 270, "texture": "#1", "cullface": "east"}
			}
		},
		{
			"from": [14.1, 5, 5],
			"to": [16.35, 7, 8],
			"light_emission": 15,
			"rotation": {"angle": 0, "axis": "y", "origin": [8, 8, 8]},
			"faces": {
				"north": {"uv": [11, 9, 8, 11], "texture": "#1", "cullface": "east"},
				"east": {"uv": [8, 9, 11, 11], "texture": "#1", "cullface": "east"},
				"south": {"uv": [11, 9, 8, 11], "texture": "#1", "cullface": "east"},
				"west": {"uv": [0, 0, 3, 2], "texture": "#1", "cullface": "east"},
				"up": {"uv": [11, 9, 8, 11], "rotation": 90, "texture": "#1", "cullface": "east"},
				"down": {"uv": [11, 9, 8, 11], "rotation": 270, "texture": "#1", "cullface": "east"}
			}
		},
		{
			"from": [14.1, 7, 13],
			"to": [16.25, 9, 15],
			"light_emission": 15,
			"rotation": {"angle": 0, "axis": "y", "origin": [8, 8, 8]},
			"faces": {
				"north": {"uv": [3, 7, 1, 9], "texture": "#1", "cullface": "east"},
				"east": {"uv": [1, 7, 3, 9], "texture": "#1", "cullface": "east"},
				"south": {"uv": [3, 7, 1, 9], "texture": "#1", "cullface": "east"},
				"west": {"uv": [0, 0, 3, 2], "texture": "#1", "cullface": "east"},
				"up": {"uv": [3, 7, 1, 9], "rotation": 90, "texture": "#1", "cullface": "east"},
				"down": {"uv": [3, 7, 1, 9], "rotation": 270, "texture": "#1", "cullface": "east"}
			}
		},
		{
			"from": [14.1, 9, 4],
			"to": [16.45, 11, 6],
			"light_emission": 15,
			"rotation": {"angle": 0, "axis": "y", "origin": [8, 8, 8]},
			"faces": {
				"north": {"uv": [12, 5, 10, 7], "texture": "#1", "cullface": "east"},
				"east": {"uv": [10, 5, 12, 7], "texture": "#1", "cullface": "east"},
				"south": {"uv": [12, 5, 10, 7], "texture": "#1", "cullface": "east"},
				"west": {"uv": [0, 0, 3, 2], "texture": "#1", "cullface": "east"},
				"up": {"uv": [12, 5, 10, 7], "rotation": 90, "texture": "#1", "cullface": "east"},
				"down": {"uv": [12, 5, 10, 7], "rotation": 270, "texture": "#1", "cullface": "east"}
			}
		},
		{
			"from": [14.1, 3, 1],
			"to": [16.35, 6, 3],
			"light_emission": 15,
			"rotation": {"angle": 0, "axis": "y", "origin": [8, 8, 8]},
			"faces": {
				"north": {"uv": [15, 10, 13, 13], "texture": "#1", "cullface": "east"},
				"east": {"uv": [13, 10, 15, 13], "texture": "#1", "cullface": "east"},
				"south": {"uv": [15, 10, 13, 13], "texture": "#1", "cullface": "east"},
				"west": {"uv": [0, 0, 3, 2], "rotation": 90, "texture": "#1", "cullface": "east"},
				"up": {"uv": [15, 10, 13, 13], "rotation": 90, "texture": "#1", "cullface": "east"},
				"down": {"uv": [15, 10, 13, 13], "rotation": 270, "texture": "#1", "cullface": "east"}
			}
		},
		{
			"from": [14.1, 6, 2],
			"to": [16.25, 7, 3],
			"light_emission": 15,
			"rotation": {"angle": 0, "axis": "y", "origin": [8, 8, 8]},
			"faces": {
				"north": {"uv": [13, 9, 14, 10], "texture": "#1", "cullface": "east"},
				"east": {"uv": [13, 9, 14, 10], "texture": "#1", "cullface": "east"},
				"south": {"uv": [13, 9, 14, 10], "texture": "#1", "cullface": "east"},
				"west": {"uv": [0, 0, 3, 2], "rotation": 90, "texture": "#1", "cullface": "east"},
				"up": {"uv": [13, 9, 14, 10], "rotation": 90, "texture": "#1", "cullface": "east"},
				"down": {"uv": [13, 9, 14, 10], "rotation": 270, "texture": "#1", "cullface": "east"}
			}
		},
		{
			"from": [14.1, 12, 10],
			"to": [16.25, 13, 11],
			"light_emission": 15,
			"rotation": {"angle": 0, "axis": "y", "origin": [8, 8, 8]},
			"faces": {
				"north": {"uv": [13, 9, 14, 10], "texture": "#1", "cullface": "east"},
				"east": {"uv": [5, 3, 6, 4], "texture": "#1", "cullface": "east"},
				"south": {"uv": [13, 9, 14, 10], "texture": "#1", "cullface": "east"},
				"west": {"uv": [0, 0, 3, 2], "rotation": 90, "texture": "#1", "cullface": "east"},
				"up": {"uv": [5, 3, 6, 4], "rotation": 90, "texture": "#1", "cullface": "east"},
				"down": {"uv": [13, 9, 14, 10], "rotation": 270, "texture": "#1", "cullface": "east"}
			}
		},
		{
			"from": [14, 3, 10],
			"to": [16.15, 4, 11],
			"light_emission": 15,
			"rotation": {"angle": 0, "axis": "y", "origin": [8, 8, 8]},
			"faces": {
				"north": {"uv": [5, 12, 6, 13], "texture": "#1", "cullface": "east"},
				"east": {"uv": [5, 12, 6, 13], "texture": "#1", "cullface": "east"},
				"south": {"uv": [5, 12, 6, 13], "texture": "#1", "cullface": "east"},
				"west": {"uv": [0, 0, 3, 2], "rotation": 90, "texture": "#1", "cullface": "east"},
				"up": {"uv": [5, 12, 6, 13], "rotation": 90, "texture": "#1", "cullface": "east"},
				"down": {"uv": [5, 12, 6, 13], "rotation": 270, "texture": "#1", "cullface": "east"}
			}
		},
		{
			"from": [14, 5, 11],
			"to": [16.15, 6, 12],
			"light_emission": 15,
			"rotation": {"angle": 0, "axis": "y", "origin": [8, 8, 8]},
			"faces": {
				"north": {"uv": [4, 10, 5, 11], "texture": "#1", "cullface": "east"},
				"east": {"uv": [4, 10, 5, 11], "texture": "#1", "cullface": "east"},
				"south": {"uv": [4, 10, 5, 11], "texture": "#1", "cullface": "east"},
				"west": {"uv": [0, 0, 3, 2], "rotation": 90, "texture": "#1", "cullface": "east"},
				"up": {"uv": [4, 10, 5, 11], "rotation": 90, "texture": "#1", "cullface": "east"},
				"down": {"uv": [4, 10, 5, 11], "rotation": 270, "texture": "#1", "cullface": "east"}
			}
		},
		{
			"from": [14.1, 6, 8],
			"to": [16.35, 8, 9],
			"light_emission": 15,
			"rotation": {"angle": 0, "axis": "y", "origin": [8, 8, 8]},
			"faces": {
				"north": {"uv": [7, 8, 8, 10], "texture": "#1", "cullface": "east"},
				"east": {"uv": [7, 8, 8, 10], "texture": "#1", "cullface": "east"},
				"south": {"uv": [7, 8, 8, 10], "texture": "#1", "cullface": "east"},
				"west": {"uv": [0, 0, 3, 2], "texture": "#1", "cullface": "east"},
				"up": {"uv": [7, 8, 8, 10], "rotation": 90, "texture": "#1", "cullface": "east"},
				"down": {"uv": [7, 8, 8, 10], "rotation": 270, "texture": "#1", "cullface": "east"}
			}
		},
		{
			"from": [8, 14, 12],
			"to": [11, 16.15, 14],
			"light_emission": 15,
			"rotation": {"angle": 0, "axis": "y", "origin": [8, 8, 8]},
			"faces": {
				"north": {"uv": [8, 14, 11, 12], "rotation": 180, "texture": "#1", "cullface": "up"},
				"east": {"uv": [11, 12, 8, 14], "rotation": 90, "texture": "#1", "cullface": "up"},
				"south": {"uv": [8, 14, 11, 12], "texture": "#1", "cullface": "up"},
				"west": {"uv": [11, 12, 8, 14], "rotation": 270, "texture": "#1", "cullface": "up"},
				"up": {"uv": [8, 12, 11, 14], "texture": "#1", "cullface": "up"},
				"down": {"uv": [0, 0, 3, 2], "rotation": 180, "texture": "#1", "cullface": "up"}
			}
		},
		{
			"from": [9, 14, 8],
			"to": [12, 16.25, 10],
			"light_emission": 15,
			"rotation": {"angle": 0, "axis": "y", "origin": [8, 8, 8]},
			"faces": {
				"north": {"uv": [9, 10, 12, 8], "rotation": 180, "texture": "#1", "cullface": "up"},
				"east": {"uv": [12, 8, 9, 10], "rotation": 90, "texture": "#1", "cullface": "up"},
				"south": {"uv": [9, 10, 12, 8], "texture": "#1", "cullface": "up"},
				"west": {"uv": [12, 8, 9, 10], "rotation": 270, "texture": "#1", "cullface": "up"},
				"up": {"uv": [9, 8, 12, 10], "texture": "#1", "cullface": "up"},
				"down": {"uv": [0, 0, 3, 2], "rotation": 180, "texture": "#1", "cullface": "up"}
			}
		},
		{
			"from": [4, 14, 13],
			"to": [7, 16.25, 15],
			"light_emission": 15,
			"rotation": {"angle": 0, "axis": "y", "origin": [8, 8, 8]},
			"faces": {
				"north": {"uv": [4, 15, 7, 13], "rotation": 180, "texture": "#1", "cullface": "up"},
				"east": {"uv": [7, 13, 4, 15], "rotation": 90, "texture": "#1", "cullface": "up"},
				"south": {"uv": [4, 15, 7, 13], "texture": "#1", "cullface": "up"},
				"west": {"uv": [7, 13, 4, 15], "rotation": 270, "texture": "#1", "cullface": "up"},
				"up": {"uv": [4, 13, 7, 15], "texture": "#1", "cullface": "up"},
				"down": {"uv": [0, 0, 3, 2], "rotation": 180, "texture": "#1", "cullface": "up"}
			}
		},
		{
			"from": [2, 14, 11],
			"to": [5, 16.25, 12],
			"light_emission": 15,
			"rotation": {"angle": 0, "axis": "y", "origin": [8, 8, 8]},
			"faces": {
				"north": {"uv": [2, 12, 5, 11], "rotation": 180, "texture": "#1", "cullface": "up"},
				"east": {"uv": [5, 11, 2, 12], "rotation": 90, "texture": "#1", "cullface": "up"},
				"south": {"uv": [2, 12, 5, 11], "texture": "#1", "cullface": "up"},
				"west": {"uv": [5, 11, 2, 12], "rotation": 270, "texture": "#1", "cullface": "up"},
				"up": {"uv": [2, 11, 5, 12], "texture": "#1", "cullface": "up"},
				"down": {"uv": [0, 0, 3, 2], "rotation": 180, "texture": "#1", "cullface": "up"}
			}
		},
		{
			"from": [3, 14, 6],
			"to": [8, 16.35, 7],
			"light_emission": 15,
			"rotation": {"angle": 0, "axis": "y", "origin": [8, 8, 8]},
			"faces": {
				"north": {"uv": [3, 7, 8, 6], "rotation": 180, "texture": "#1", "cullface": "up"},
				"east": {"uv": [8, 6, 3, 7], "rotation": 90, "texture": "#1", "cullface": "up"},
				"south": {"uv": [3, 7, 8, 6], "texture": "#1", "cullface": "up"},
				"west": {"uv": [8, 6, 3, 7], "rotation": 270, "texture": "#1", "cullface": "up"},
				"up": {"uv": [3, 6, 8, 7], "texture": "#1", "cullface": "up"},
				"down": {"uv": [0, 0, 3, 2], "rotation": 180, "texture": "#1", "cullface": "up"}
			}
		},
		{
			"from": [2, 14, 2],
			"to": [6, 16.35, 3],
			"light_emission": 15,
			"rotation": {"angle": 0, "axis": "y", "origin": [8, 8, 8]},
			"faces": {
				"north": {"uv": [2, 3, 6, 2], "rotation": 180, "texture": "#1", "cullface": "up"},
				"east": {"uv": [6, 2, 2, 3], "rotation": 90, "texture": "#1", "cullface": "up"},
				"south": {"uv": [2, 3, 6, 2], "texture": "#1", "cullface": "up"},
				"west": {"uv": [6, 2, 2, 3], "rotation": 270, "texture": "#1", "cullface": "up"},
				"up": {"uv": [2, 2, 6, 3], "texture": "#1", "cullface": "up"},
				"down": {"uv": [0, 0, 3, 2], "rotation": 180, "texture": "#1", "cullface": "up"}
			}
		},
		{
			"from": [5, 14, 5],
			"to": [7, 16.15, 6],
			"light_emission": 15,
			"rotation": {"angle": 0, "axis": "y", "origin": [8, 8, 8]},
			"faces": {
				"north": {"uv": [5, 6, 7, 5], "rotation": 180, "texture": "#1", "cullface": "up"},
				"east": {"uv": [7, 5, 5, 6], "rotation": 90, "texture": "#1", "cullface": "up"},
				"south": {"uv": [5, 6, 7, 5], "texture": "#1", "cullface": "up"},
				"west": {"uv": [7, 5, 5, 6], "rotation": 270, "texture": "#1", "cullface": "up"},
				"up": {"uv": [5, 5, 7, 6], "texture": "#1", "cullface": "up"},
				"down": {"uv": [0, 0, 3, 2], "rotation": 180, "texture": "#1", "cullface": "up"}
			}
		},
		{
			"from": [7, 14, 3],
			"to": [9, 16.15, 4],
			"light_emission": 15,
			"rotation": {"angle": 0, "axis": "y", "origin": [8, 8, 8]},
			"faces": {
				"north": {"uv": [7, 6, 5, 5], "rotation": 180, "texture": "#1", "cullface": "up"},
				"east": {"uv": [5, 5, 7, 6], "rotation": 90, "texture": "#1", "cullface": "up"},
				"south": {"uv": [7, 6, 5, 5], "texture": "#1", "cullface": "up"},
				"west": {"uv": [5, 5, 7, 6], "rotation": 270, "texture": "#1", "cullface": "up"},
				"up": {"uv": [7, 5, 5, 6], "texture": "#1", "cullface": "up"},
				"down": {"uv": [3, 0, 0, 2], "rotation": 180, "texture": "#1", "cullface": "up"}
			}
		},
		{
			"from": [12, 14, 2],
			"to": [14, 16.15, 3],
			"light_emission": 15,
			"rotation": {"angle": 0, "axis": "y", "origin": [8, 8, 8]},
			"faces": {
				"north": {"uv": [12, 3, 14, 2], "rotation": 180, "texture": "#1", "cullface": "up"},
				"east": {"uv": [14, 2, 12, 3], "rotation": 90, "texture": "#1", "cullface": "up"},
				"south": {"uv": [12, 3, 14, 2], "texture": "#1", "cullface": "up"},
				"west": {"uv": [14, 2, 12, 3], "rotation": 270, "texture": "#1", "cullface": "up"},
				"up": {"uv": [12, 2, 14, 3], "texture": "#1", "cullface": "up"},
				"down": {"uv": [0, 0, 3, 2], "rotation": 180, "texture": "#1", "cullface": "up"}
			}
		},
		{
			"from": [8, 14.1, 9],
			"to": [11, 16.35, 11],
			"light_emission": 15,
			"rotation": {"angle": 0, "axis": "y", "origin": [8, 8, 8]},
			"faces": {
				"north": {"uv": [8, 11, 11, 9], "rotation": 180, "texture": "#1", "cullface": "up"},
				"east": {"uv": [11, 9, 8, 11], "rotation": 90, "texture": "#1", "cullface": "up"},
				"south": {"uv": [8, 11, 11, 9], "texture": "#1", "cullface": "up"},
				"west": {"uv": [11, 9, 8, 11], "rotation": 270, "texture": "#1", "cullface": "up"},
				"up": {"uv": [8, 9, 11, 11], "texture": "#1", "cullface": "up"},
				"down": {"uv": [0, 0, 3, 2], "rotation": 180, "texture": "#1", "cullface": "up"}
			}
		},
		{
			"from": [1, 14.1, 7],
			"to": [3, 16.25, 9],
			"light_emission": 15,
			"rotation": {"angle": 0, "axis": "y", "origin": [8, 8, 8]},
			"faces": {
				"north": {"uv": [1, 9, 3, 7], "rotation": 180, "texture": "#1", "cullface": "up"},
				"east": {"uv": [3, 7, 1, 9], "rotation": 90, "texture": "#1", "cullface": "up"},
				"south": {"uv": [1, 9, 3, 7], "texture": "#1", "cullface": "up"},
				"west": {"uv": [3, 7, 1, 9], "rotation": 270, "texture": "#1", "cullface": "up"},
				"up": {"uv": [1, 7, 3, 9], "texture": "#1", "cullface": "up"},
				"down": {"uv": [0, 0, 3, 2], "rotation": 180, "texture": "#1", "cullface": "up"}
			}
		},
		{
			"from": [10, 14.1, 5],
			"to": [12, 16.45, 7],
			"light_emission": 15,
			"rotation": {"angle": 0, "axis": "y", "origin": [8, 8, 8]},
			"faces": {
				"north": {"uv": [10, 7, 12, 5], "rotation": 180, "texture": "#1", "cullface": "up"},
				"east": {"uv": [12, 5, 10, 7], "rotation": 90, "texture": "#1", "cullface": "up"},
				"south": {"uv": [10, 7, 12, 5], "texture": "#1", "cullface": "up"},
				"west": {"uv": [12, 5, 10, 7], "rotation": 270, "texture": "#1", "cullface": "up"},
				"up": {"uv": [10, 5, 12, 7], "texture": "#1", "cullface": "up"},
				"down": {"uv": [0, 0, 3, 2], "rotation": 180, "texture": "#1", "cullface": "up"}
			}
		},
		{
			"from": [13, 14.1, 10],
			"to": [15, 16.35, 13],
			"light_emission": 15,
			"rotation": {"angle": 0, "axis": "y", "origin": [8, 8, 8]},
			"faces": {
				"north": {"uv": [13, 13, 15, 10], "rotation": 180, "texture": "#1", "cullface": "up"},
				"east": {"uv": [15, 10, 13, 13], "rotation": 90, "texture": "#1", "cullface": "up"},
				"south": {"uv": [13, 13, 15, 10], "texture": "#1", "cullface": "up"},
				"west": {"uv": [15, 10, 13, 13], "rotation": 270, "texture": "#1", "cullface": "up"},
				"up": {"uv": [13, 10, 15, 13], "texture": "#1", "cullface": "up"},
				"down": {"uv": [0, 0, 3, 2], "rotation": 270, "texture": "#1", "cullface": "up"}
			}
		},
		{
			"from": [13, 14.1, 9],
			"to": [14, 16.25, 10],
			"light_emission": 15,
			"rotation": {"angle": 0, "axis": "y", "origin": [8, 8, 8]},
			"faces": {
				"north": {"uv": [14, 10, 13, 9], "rotation": 180, "texture": "#1", "cullface": "up"},
				"east": {"uv": [13, 9, 14, 10], "rotation": 90, "texture": "#1", "cullface": "up"},
				"south": {"uv": [14, 10, 13, 9], "texture": "#1", "cullface": "up"},
				"west": {"uv": [13, 9, 14, 10], "rotation": 270, "texture": "#1", "cullface": "up"},
				"up": {"uv": [13, 9, 14, 10], "texture": "#1", "cullface": "up"},
				"down": {"uv": [0, 0, 3, 2], "rotation": 270, "texture": "#1", "cullface": "up"}
			}
		},
		{
			"from": [5, 14.1, 3],
			"to": [6, 16.25, 4],
			"light_emission": 15,
			"rotation": {"angle": 0, "axis": "y", "origin": [8, 8, 8]},
			"faces": {
				"north": {"uv": [6, 4, 5, 3], "rotation": 180, "texture": "#1", "cullface": "up"},
				"east": {"uv": [13, 9, 14, 10], "rotation": 90, "texture": "#1", "cullface": "up"},
				"south": {"uv": [14, 10, 13, 9], "texture": "#1", "cullface": "up"},
				"west": {"uv": [13, 9, 14, 10], "rotation": 270, "texture": "#1", "cullface": "up"},
				"up": {"uv": [5, 3, 6, 4], "texture": "#1", "cullface": "up"},
				"down": {"uv": [0, 0, 3, 2], "rotation": 270, "texture": "#1", "cullface": "up"}
			}
		},
		{
			"from": [5, 14, 12],
			"to": [6, 16.15, 13],
			"light_emission": 15,
			"rotation": {"angle": 0, "axis": "y", "origin": [8, 8, 8]},
			"faces": {
				"north": {"uv": [6, 13, 5, 12], "rotation": 180, "texture": "#1", "cullface": "up"},
				"east": {"uv": [5, 12, 6, 13], "rotation": 90, "texture": "#1", "cullface": "up"},
				"south": {"uv": [6, 13, 5, 12], "texture": "#1", "cullface": "up"},
				"west": {"uv": [5, 12, 6, 13], "rotation": 270, "texture": "#1", "cullface": "up"},
				"up": {"uv": [5, 12, 6, 13], "texture": "#1", "cullface": "up"},
				"down": {"uv": [0, 0, 3, 2], "rotation": 270, "texture": "#1", "cullface": "up"}
			}
		},
		{
			"from": [4, 14, 10],
			"to": [5, 16.15, 11],
			"light_emission": 15,
			"rotation": {"angle": 0, "axis": "y", "origin": [8, 8, 8]},
			"faces": {
				"north": {"uv": [5, 11, 4, 10], "rotation": 180, "texture": "#1", "cullface": "up"},
				"east": {"uv": [4, 10, 5, 11], "rotation": 90, "texture": "#1", "cullface": "up"},
				"south": {"uv": [5, 11, 4, 10], "texture": "#1", "cullface": "up"},
				"west": {"uv": [4, 10, 5, 11], "rotation": 270, "texture": "#1", "cullface": "up"},
				"up": {"uv": [4, 10, 5, 11], "texture": "#1", "cullface": "up"},
				"down": {"uv": [0, 0, 3, 2], "rotation": 270, "texture": "#1", "cullface": "up"}
			}
		},
		{
			"from": [7, 14.1, 8],
			"to": [8, 16.35, 10],
			"light_emission": 15,
			"rotation": {"angle": 0, "axis": "y", "origin": [8, 8, 8]},
			"faces": {
				"north": {"uv": [8, 10, 7, 8], "rotation": 180, "texture": "#1", "cullface": "up"},
				"east": {"uv": [7, 8, 8, 10], "rotation": 90, "texture": "#1", "cullface": "up"},
				"south": {"uv": [8, 10, 7, 8], "texture": "#1", "cullface": "up"},
				"west": {"uv": [7, 8, 8, 10], "rotation": 270, "texture": "#1", "cullface": "up"},
				"up": {"uv": [7, 8, 8, 10], "texture": "#1", "cullface": "up"},
				"down": {"uv": [0, 0, 3, 2], "rotation": 180, "texture": "#1", "cullface": "up"}
			}
		},
		{
			"from": [8, -0.15, 2],
			"to": [11, 2, 4],
			"light_emission": 15,
			"rotation": {"angle": 0, "axis": "y", "origin": [8, 8, 8]},
			"faces": {
				"north": {"uv": [11, 12, 8, 14], "texture": "#1", "cullface": "down"},
				"east": {"uv": [8, 14, 11, 12], "rotation": 90, "texture": "#1", "cullface": "down"},
				"south": {"uv": [11, 12, 8, 14], "rotation": 180, "texture": "#1", "cullface": "down"},
				"west": {"uv": [8, 14, 11, 12], "rotation": 270, "texture": "#1", "cullface": "down"},
				"up": {"uv": [0, 0, 3, 2], "rotation": 180, "texture": "#1", "cullface": "down"},
				"down": {"uv": [8, 12, 11, 14], "texture": "#1", "cullface": "down"}
			}
		},
		{
			"from": [9, -0.25, 6],
			"to": [12, 2, 8],
			"light_emission": 15,
			"rotation": {"angle": 0, "axis": "y", "origin": [8, 8, 8]},
			"faces": {
				"north": {"uv": [12, 8, 9, 10], "texture": "#1", "cullface": "down"},
				"east": {"uv": [9, 10, 12, 8], "rotation": 90, "texture": "#1", "cullface": "down"},
				"south": {"uv": [12, 8, 9, 10], "rotation": 180, "texture": "#1", "cullface": "down"},
				"west": {"uv": [9, 10, 12, 8], "rotation": 270, "texture": "#1", "cullface": "down"},
				"up": {"uv": [0, 0, 3, 2], "rotation": 180, "texture": "#1", "cullface": "down"},
				"down": {"uv": [9, 8, 12, 10], "texture": "#1", "cullface": "down"}
			}
		},
		{
			"from": [4, -0.25, 1],
			"to": [7, 2, 3],
			"light_emission": 15,
			"rotation": {"angle": 0, "axis": "y", "origin": [8, 8, 8]},
			"faces": {
				"north": {"uv": [7, 13, 4, 15], "texture": "#1", "cullface": "down"},
				"east": {"uv": [4, 15, 7, 13], "rotation": 90, "texture": "#1", "cullface": "down"},
				"south": {"uv": [7, 13, 4, 15], "rotation": 180, "texture": "#1", "cullface": "down"},
				"west": {"uv": [4, 15, 7, 13], "rotation": 270, "texture": "#1", "cullface": "down"},
				"up": {"uv": [0, 0, 3, 2], "rotation": 180, "texture": "#1", "cullface": "down"},
				"down": {"uv": [4, 13, 7, 15], "texture": "#1", "cullface": "down"}
			}
		},
		{
			"from": [2, -0.25, 4],
			"to": [5, 2, 5],
			"light_emission": 15,
			"rotation": {"angle": 0, "axis": "y", "origin": [8, 8, 8]},
			"faces": {
				"north": {"uv": [5, 11, 2, 12], "texture": "#1", "cullface": "down"},
				"east": {"uv": [2, 12, 5, 11], "rotation": 90, "texture": "#1", "cullface": "down"},
				"south": {"uv": [5, 11, 2, 12], "rotation": 180, "texture": "#1", "cullface": "down"},
				"west": {"uv": [2, 12, 5, 11], "rotation": 270, "texture": "#1", "cullface": "down"},
				"up": {"uv": [0, 0, 3, 2], "rotation": 180, "texture": "#1", "cullface": "down"},
				"down": {"uv": [2, 11, 5, 12], "texture": "#1", "cullface": "down"}
			}
		},
		{
			"from": [3, -0.35, 9],
			"to": [8, 2, 10],
			"light_emission": 15,
			"rotation": {"angle": 0, "axis": "y", "origin": [8, 8, 8]},
			"faces": {
				"north": {"uv": [8, 6, 3, 7], "texture": "#1", "cullface": "down"},
				"east": {"uv": [3, 7, 8, 6], "rotation": 90, "texture": "#1", "cullface": "down"},
				"south": {"uv": [8, 6, 3, 7], "rotation": 180, "texture": "#1", "cullface": "down"},
				"west": {"uv": [3, 7, 8, 6], "rotation": 270, "texture": "#1", "cullface": "down"},
				"up": {"uv": [0, 0, 3, 2], "rotation": 180, "texture": "#1", "cullface": "down"},
				"down": {"uv": [3, 6, 8, 7], "texture": "#1", "cullface": "down"}
			}
		},
		{
			"from": [2, -0.35, 13],
			"to": [6, 2, 14],
			"light_emission": 15,
			"rotation": {"angle": 0, "axis": "y", "origin": [8, 8, 8]},
			"faces": {
				"north": {"uv": [6, 2, 2, 3], "texture": "#1", "cullface": "down"},
				"east": {"uv": [2, 3, 6, 2], "rotation": 90, "texture": "#1", "cullface": "down"},
				"south": {"uv": [6, 2, 2, 3], "rotation": 180, "texture": "#1", "cullface": "down"},
				"west": {"uv": [2, 3, 6, 2], "rotation": 270, "texture": "#1", "cullface": "down"},
				"up": {"uv": [0, 0, 3, 2], "rotation": 180, "texture": "#1", "cullface": "down"},
				"down": {"uv": [2, 2, 6, 3], "texture": "#1", "cullface": "down"}
			}
		},
		{
			"from": [5, -0.15, 10],
			"to": [7, 2, 11],
			"light_emission": 15,
			"rotation": {"angle": 0, "axis": "y", "origin": [8, 8, 8]},
			"faces": {
				"north": {"uv": [7, 5, 5, 6], "texture": "#1", "cullface": "down"},
				"east": {"uv": [5, 6, 7, 5], "rotation": 90, "texture": "#1", "cullface": "down"},
				"south": {"uv": [7, 5, 5, 6], "rotation": 180, "texture": "#1", "cullface": "down"},
				"west": {"uv": [5, 6, 7, 5], "rotation": 270, "texture": "#1", "cullface": "down"},
				"up": {"uv": [0, 0, 3, 2], "rotation": 180, "texture": "#1", "cullface": "down"},
				"down": {"uv": [5, 5, 7, 6], "texture": "#1", "cullface": "down"}
			}
		},
		{
			"from": [7, -0.15, 12],
			"to": [9, 2, 13],
			"light_emission": 15,
			"rotation": {"angle": 0, "axis": "y", "origin": [8, 8, 8]},
			"faces": {
				"north": {"uv": [5, 5, 7, 6], "texture": "#1", "cullface": "down"},
				"east": {"uv": [7, 6, 5, 5], "rotation": 90, "texture": "#1", "cullface": "down"},
				"south": {"uv": [5, 5, 7, 6], "rotation": 180, "texture": "#1", "cullface": "down"},
				"west": {"uv": [7, 6, 5, 5], "rotation": 270, "texture": "#1", "cullface": "down"},
				"up": {"uv": [3, 0, 0, 2], "rotation": 180, "texture": "#1", "cullface": "down"},
				"down": {"uv": [7, 5, 5, 6], "texture": "#1", "cullface": "down"}
			}
		},
		{
			"from": [12, -0.15, 13],
			"to": [14, 2, 14],
			"light_emission": 15,
			"rotation": {"angle": 0, "axis": "y", "origin": [8, 8, 8]},
			"faces": {
				"north": {"uv": [14, 2, 12, 3], "texture": "#1", "cullface": "down"},
				"east": {"uv": [12, 3, 14, 2], "rotation": 90, "texture": "#1", "cullface": "down"},
				"south": {"uv": [14, 2, 12, 3], "rotation": 180, "texture": "#1", "cullface": "down"},
				"west": {"uv": [12, 3, 14, 2], "rotation": 270, "texture": "#1", "cullface": "down"},
				"up": {"uv": [0, 0, 3, 2], "rotation": 180, "texture": "#1", "cullface": "down"},
				"down": {"uv": [12, 2, 14, 3], "texture": "#1", "cullface": "down"}
			}
		},
		{
			"from": [8, -0.35, 5],
			"to": [11, 1.9, 7],
			"light_emission": 15,
			"rotation": {"angle": 0, "axis": "y", "origin": [8, 8, 8]},
			"faces": {
				"north": {"uv": [11, 9, 8, 11], "texture": "#1", "cullface": "down"},
				"east": {"uv": [8, 11, 11, 9], "rotation": 90, "texture": "#1", "cullface": "down"},
				"south": {"uv": [11, 9, 8, 11], "rotation": 180, "texture": "#1", "cullface": "down"},
				"west": {"uv": [8, 11, 11, 9], "rotation": 270, "texture": "#1", "cullface": "down"},
				"up": {"uv": [0, 0, 3, 2], "rotation": 180, "texture": "#1", "cullface": "down"},
				"down": {"uv": [8, 9, 11, 11], "texture": "#1", "cullface": "down"}
			}
		},
		{
			"from": [1, -0.25, 7],
			"to": [3, 1.9, 9],
			"light_emission": 15,
			"rotation": {"angle": 0, "axis": "y", "origin": [8, 8, 8]},
			"faces": {
				"north": {"uv": [3, 7, 1, 9], "texture": "#1", "cullface": "down"},
				"east": {"uv": [1, 9, 3, 7], "rotation": 90, "texture": "#1", "cullface": "down"},
				"south": {"uv": [3, 7, 1, 9], "rotation": 180, "texture": "#1", "cullface": "down"},
				"west": {"uv": [1, 9, 3, 7], "rotation": 270, "texture": "#1", "cullface": "down"},
				"up": {"uv": [0, 0, 3, 2], "rotation": 180, "texture": "#1", "cullface": "down"},
				"down": {"uv": [1, 7, 3, 9], "texture": "#1", "cullface": "down"}
			}
		},
		{
			"from": [10, -0.45, 9],
			"to": [12, 1.9, 11],
			"light_emission": 15,
			"rotation": {"angle": 0, "axis": "y", "origin": [8, 8, 8]},
			"faces": {
				"north": {"uv": [12, 5, 10, 7], "texture": "#1", "cullface": "down"},
				"east": {"uv": [10, 7, 12, 5], "rotation": 90, "texture": "#1", "cullface": "down"},
				"south": {"uv": [12, 5, 10, 7], "rotation": 180, "texture": "#1", "cullface": "down"},
				"west": {"uv": [10, 7, 12, 5], "rotation": 270, "texture": "#1", "cullface": "down"},
				"up": {"uv": [0, 0, 3, 2], "rotation": 180, "texture": "#1", "cullface": "down"},
				"down": {"uv": [10, 5, 12, 7], "texture": "#1", "cullface": "down"}
			}
		},
		{
			"from": [13, -0.35, 3],
			"to": [15, 1.9, 6],
			"light_emission": 15,
			"rotation": {"angle": 0, "axis": "y", "origin": [8, 8, 8]},
			"faces": {
				"north": {"uv": [15, 10, 13, 13], "texture": "#1", "cullface": "down"},
				"east": {"uv": [13, 13, 15, 10], "rotation": 90, "texture": "#1", "cullface": "down"},
				"south": {"uv": [15, 10, 13, 13], "rotation": 180, "texture": "#1", "cullface": "down"},
				"west": {"uv": [13, 13, 15, 10], "rotation": 270, "texture": "#1", "cullface": "down"},
				"up": {"uv": [0, 0, 3, 2], "rotation": 270, "texture": "#1", "cullface": "down"},
				"down": {"uv": [13, 10, 15, 13], "texture": "#1", "cullface": "down"}
			}
		},
		{
			"from": [13, -0.25, 6],
			"to": [14, 1.9, 7],
			"light_emission": 15,
			"rotation": {"angle": 0, "axis": "y", "origin": [8, 8, 8]},
			"faces": {
				"north": {"uv": [13, 9, 14, 10], "texture": "#1", "cullface": "down"},
				"east": {"uv": [14, 10, 13, 9], "rotation": 90, "texture": "#1", "cullface": "down"},
				"south": {"uv": [13, 9, 14, 10], "rotation": 180, "texture": "#1", "cullface": "down"},
				"west": {"uv": [14, 10, 13, 9], "rotation": 270, "texture": "#1", "cullface": "down"},
				"up": {"uv": [0, 0, 3, 2], "rotation": 270, "texture": "#1", "cullface": "down"},
				"down": {"uv": [13, 9, 14, 10], "texture": "#1", "cullface": "down"}
			}
		},
		{
			"from": [5, -0.25, 12],
			"to": [6, 1.9, 13],
			"light_emission": 15,
			"rotation": {"angle": 0, "axis": "y", "origin": [8, 8, 8]},
			"faces": {
				"north": {"uv": [13, 9, 14, 10], "texture": "#1", "cullface": "down"},
				"east": {"uv": [14, 10, 13, 9], "rotation": 90, "texture": "#1", "cullface": "down"},
				"south": {"uv": [5, 3, 6, 4], "rotation": 180, "texture": "#1", "cullface": "down"},
				"west": {"uv": [14, 10, 13, 9], "rotation": 270, "texture": "#1", "cullface": "down"},
				"up": {"uv": [0, 0, 3, 2], "rotation": 270, "texture": "#1", "cullface": "down"},
				"down": {"uv": [5, 3, 6, 4], "texture": "#1", "cullface": "down"}
			}
		},
		{
			"from": [5, -0.15, 3],
			"to": [6, 2, 4],
			"light_emission": 15,
			"rotation": {"angle": 0, "axis": "y", "origin": [8, 8, 8]},
			"faces": {
				"north": {"uv": [5, 12, 6, 13], "texture": "#1", "cullface": "down"},
				"east": {"uv": [6, 13, 5, 12], "rotation": 90, "texture": "#1", "cullface": "down"},
				"south": {"uv": [5, 12, 6, 13], "rotation": 180, "texture": "#1", "cullface": "down"},
				"west": {"uv": [6, 13, 5, 12], "rotation": 270, "texture": "#1", "cullface": "down"},
				"up": {"uv": [0, 0, 3, 2], "rotation": 270, "texture": "#1", "cullface": "down"},
				"down": {"uv": [5, 12, 6, 13], "texture": "#1", "cullface": "down"}
			}
		},
		{
			"from": [4, -0.15, 5],
			"to": [5, 2, 6],
			"light_emission": 15,
			"rotation": {"angle": 0, "axis": "y", "origin": [8, 8, 8]},
			"faces": {
				"north": {"uv": [4, 10, 5, 11], "texture": "#1", "cullface": "down"},
				"east": {"uv": [5, 11, 4, 10], "rotation": 90, "texture": "#1", "cullface": "down"},
				"south": {"uv": [4, 10, 5, 11], "rotation": 180, "texture": "#1", "cullface": "down"},
				"west": {"uv": [5, 11, 4, 10], "rotation": 270, "texture": "#1", "cullface": "down"},
				"up": {"uv": [0, 0, 3, 2], "rotation": 270, "texture": "#1", "cullface": "down"},
				"down": {"uv": [4, 10, 5, 11], "texture": "#1", "cullface": "down"}
			}
		},
		{
			"from": [7, -0.35, 6],
			"to": [8, 1.9, 8],
			"light_emission": 15,
			"rotation": {"angle": 0, "axis": "y", "origin": [8, 8, 8]},
			"faces": {
				"north": {"uv": [7, 8, 8, 10], "texture": "#1", "cullface": "down"},
				"east": {"uv": [8, 10, 7, 8], "rotation": 90, "texture": "#1", "cullface": "down"},
				"south": {"uv": [7, 8, 8, 10], "rotation": 180, "texture": "#1", "cullface": "down"},
				"west": {"uv": [8, 10, 7, 8], "rotation": 270, "texture": "#1", "cullface": "down"},
				"up": {"uv": [0, 0, 3, 2], "rotation": 180, "texture": "#1", "cullface": "down"},
				"down": {"uv": [7, 8, 8, 10], "texture": "#1", "cullface": "down"}
			}
		}
	],
	"groups": [
		0,
		{
			"name": "The ORES",
			"origin": [8, 6, -0.1],
			"color": 0,
			"children": [1, 2, 3, 4, 5, 6, 7, 8, 9, 10, 11, 12, 13, 14, 15, 16, 17, 18]
		},
		{
			"name": "The ORES",
			"origin": [8, 6, -0.1],
			"color": 0,
			"children": [19, 20, 21, 22, 23, 24, 25, 26, 27, 28, 29, 30, 31, 32, 33, 34, 35, 36]
		},
		{
			"name": "The ORES",
			"origin": [8, 6, -0.1],
			"color": 0,
			"children": [37, 38, 39, 40, 41, 42, 43, 44, 45, 46, 47, 48, 49, 50, 51, 52, 53, 54]
		},
		{
			"name": "The ORES",
			"origin": [8, 6, -0.1],
			"color": 0,
			"children": [55, 56, 57, 58, 59, 60, 61, 62, 63, 64, 65, 66, 67, 68, 69, 70, 71, 72]
		},
		{
			"name": "The ORES",
			"origin": [8, 6, -0.1],
			"color": 0,
			"children": [73, 74, 75, 76, 77, 78, 79, 80, 81, 82, 83, 84, 85, 86, 87, 88, 89, 90]
		},
		{
			"name": "The ORES",
			"origin": [8, 6, -0.1],
			"color": 0,
			"children": [91, 92, 93, 94, 95, 96, 97, 98, 99, 100, 101, 102, 103, 104, 105, 106, 107, 108]
		}
	]
}