{
	"format_version": "1.21.6",
	"credit": "Made with Blockbench",
	"parent": "block/block",
	"textures": {
		"6": "block/cratography_table_map",
		"7": "block/lectern_easter_egg",
		"bottom": "block/oak_planks",
		"base": "block/lectern_base",
		"front": "block/lectern_front",
		"particle": "block/lectern_sides",
		"sides": "block/lectern_sides",
		"top": "block/lectern_top"
	},
	"elements": [
		{
			"from": [0, 0, 0],
			"to": [16, 2, 16],
			"faces": {
				"north": {"uv": [0, 14, 16, 16], "texture": "#base", "cullface": "north"},
				"east": {"uv": [0, 6, 16, 8], "texture": "#base", "cullface": "east"},
				"south": {"uv": [0, 6, 16, 8], "texture": "#base", "cullface": "south"},
				"west": {"uv": [0, 6, 16, 8], "texture": "#base", "cullface": "west"},
				"up": {"uv": [0, 0, 16, 16], "rotation": 180, "texture": "#base"},
				"down": {"uv": [0, 0, 16, 16], "texture": "#bottom", "cullface": "down"}
			}
		},
		{
			"from": [4, 8, 4],
			"to": [12, 15, 12],
			"faces": {
				"north": {"uv": [0, 0, 8, 7], "texture": "#front"},
				"east": {"uv": [2, 16, 9, 8], "rotation": 90, "texture": "#sides"},
				"south": {"uv": [8, 3, 16, 10], "texture": "#front"},
				"west": {"uv": [2, 8, 9, 16], "rotation": 90, "texture": "#sides"}
			}
		},
		{
			"from": [0.0125, 12, 3],
			"to": [15.9875, 16, 16],
			"rotation": {"angle": -22.5, "axis": "x", "origin": [8, 8, 8]},
			"faces": {
				"north": {"uv": [0, 0, 16, 4], "texture": "#sides"},
				"east": {"uv": [0, 4, 13, 8], "texture": "#sides"},
				"south": {"uv": [0, 4, 16, 8], "texture": "#sides"},
				"west": {"uv": [0, 4, 13, 8], "texture": "#sides"},
				"up": {"uv": [0, 1, 16, 14], "rotation": 180, "texture": "#top"},
				"down": {"uv": [0, 0, 16, 13], "texture": "#bottom"}
			}
		},
		{
			"from": [5, 8, 4],
			"to": [11, 8, 12],
			"rotation": {"angle": 0, "axis": "y", "origin": [4, 8, 4]},
			"faces": {
				"north": {"uv": [0, 0, 6.75, 1], "texture": "#missing"},
				"east": {"uv": [0, 0, 9, 1], "texture": "#missing"},
				"south": {"uv": [0, 0, 6.75, 1], "texture": "#missing"},
				"west": {"uv": [0, 0, 9, 1], "texture": "#missing"},
				"up": {"uv": [0, 0, 6, 8], "texture": "#missing"},
				"down": {"uv": [1, 0, 7, 5], "rotation": 180, "texture": "#front"}
			}
		},
		{
			"from": [5, 1.95, 4],
			"to": [11, 2.05, 12],
			"rotation": {"angle": 0, "axis": "z", "origin": [11, 2.05, 4]},
			"faces": {
				"north": {"uv": [1, 0, 7, 3], "texture": "#front"},
				"east": {"uv": [0, 0, 10, 1], "rotation": 180, "texture": "#missing"},
				"south": {"uv": [0, 0, 8.75, 1], "rotation": 180, "texture": "#missing"},
				"west": {"uv": [0, 0, 10, 1], "rotation": 180, "texture": "#missing"},
				"up": {"uv": [1, 0, 7, 5], "texture": "#front"},
				"down": {"uv": [0, 0, 7, 8], "rotation": 180, "texture": "#missing"}
			}
		},
		{
			"from": [4, 2, 11],
			"to": [12, 8, 12],
			"rotation": {"angle": 0, "axis": "x", "origin": [4, 8, 11]},
			"faces": {
				"north": {"uv": [1, 0, 7, 5], "rotation": 180, "texture": "#front"},
				"east": {"uv": [10, 16, 16, 15], "rotation": 90, "texture": "#sides"},
				"south": {"uv": [8, 10, 16, 16], "texture": "#front"},
				"west": {"uv": [10, 16, 16, 15], "rotation": 90, "texture": "#sides"},
				"up": {"uv": [0, 0, 7, 1], "rotation": 180, "texture": "#bottom"},
				"down": {"uv": [0, 0, 7, 1], "texture": "#bottom"}
			}
		},
		{
			"from": [4, 2, 4],
			"to": [5, 8, 11],
			"rotation": {"angle": 0, "axis": "y", "origin": [5, 8, 4]},
			"faces": {
				"north": {"uv": [7, 7, 8, 14], "texture": "#front"},
				"east": {"uv": [1, 0, 7, 5], "rotation": 180, "texture": "#front"},
				"south": {"uv": [10, 16, 16, 15], "rotation": 90, "texture": "#sides"},
				"west": {"uv": [9, 9, 16, 16], "rotation": 90, "texture": "#sides"},
				"up": {"uv": [0, 0, 7, 1], "rotation": 270, "texture": "#bottom"},
				"down": {"uv": [0, 0, 7, 1], "rotation": 270, "texture": "#bottom"}
			}
		},
		{
			"from": [11, 2, 4],
			"to": [12, 8, 11],
			"rotation": {"angle": 0, "axis": "y", "origin": [11, 8, 4]},
			"faces": {
				"north": {"uv": [8, 7, 7, 14], "texture": "#front"},
				"east": {"uv": [9, 16, 16, 9], "rotation": 90, "texture": "#sides"},
				"south": {"uv": [10, 15, 16, 16], "rotation": 90, "texture": "#sides"},
				"west": {"uv": [1, 0, 7, 5], "rotation": 180, "texture": "#front"},
				"up": {"uv": [0, 1, 7, 0], "rotation": 270, "texture": "#bottom"},
				"down": {"uv": [0, 1, 7, 0], "rotation": 270, "texture": "#bottom"}
			}
		},
		{
			"from": [8.95, 2, 4.3],
			"to": [10.95, 6.1, 4.5],
			"rotation": {"angle": 0, "axis": "y", "origin": [8.95, 2, 4.3]},
			"faces": {
				"north": {"uv": [2, 8, 4, 12], "texture": "#front"},
				"east": {"uv": [2, 8, 3, 12], "texture": "#front"},
				"south": {"uv": [2, 8, 4, 12], "texture": "#front"},
				"west": {"uv": [3, 8, 4, 12], "texture": "#front"},
				"up": {"uv": [2, 8, 4, 9], "texture": "#front"},
				"down": {"uv": [2, 8, 4, 9], "texture": "#front"}
			}
		},
		{
			"from": [8.95, 2, 4.5],
			"to": [9.15, 6.1, 7.6],
			"rotation": {"angle": 0, "axis": "y", "origin": [8.95, 2, 6.5]},
			"faces": {
				"north": {"uv": [2, 8, 3, 12], "texture": "#front"},
				"east": {"uv": [2, 8, 4, 12], "texture": "#front"},
				"south": {"uv": [3, 8, 4, 12], "texture": "#front"},
				"west": {"uv": [2, 8, 4, 12], "texture": "#front"},
				"up": {"uv": [2, 8, 4, 9], "rotation": 270, "texture": "#front"},
				"down": {"uv": [2, 8, 4, 9], "rotation": 90, "texture": "#front"}
			}
		},
		{
			"from": [10.75, 2, 4.5],
			"to": [10.95, 6.1, 7.6],
			"rotation": {"angle": 0, "axis": "y", "origin": [10.75, 2, 6.5]},
			"faces": {
				"north": {"uv": [2, 8, 3, 12], "texture": "#front"},
				"east": {"uv": [2, 8, 4, 12], "texture": "#front"},
				"south": {"uv": [3, 8, 4, 12], "texture": "#front"},
				"west": {"uv": [2, 8, 4, 12], "texture": "#front"},
				"up": {"uv": [2, 8, 4, 9], "rotation": 270, "texture": "#front"},
				"down": {"uv": [2, 8, 4, 9], "rotation": 90, "texture": "#front"}
			}
		},
		{
			"from": [9.15, 2.2, 4.5],
			"to": [10.75, 5.9, 7.5],
			"rotation": {"angle": 0, "axis": "y", "origin": [8.95, 2, 4.5]},
			"faces": {
				"north": {"uv": [0, 0, 1.6, 3.6], "texture": "#missing"},
				"east": {"uv": [0, 0, 3, 3.6], "texture": "#missing"},
				"south": {"uv": [9, 6, 9.6, 10], "texture": "#6"},
				"west": {"uv": [0, 0, 3, 3.6], "texture": "#missing"},
				"up": {"uv": [1, 10, 1.6, 13], "texture": "#6"},
				"down": {"uv": [11, 9, 11.6, 12], "texture": "#6"}
			}
		},
		{
			"from": [6.28574, 2.09269, 8.06397],
			"to": [9.21426, 2.80732, 8.20689],
			"rotation": {"angle": -22.5, "axis": "y", "origin": [7.75, 2.45, 8.725]},
			"faces": {
				"north": {"uv": [5, 12, 6, 16], "rotation": 270, "texture": "#base"},
				"east": {"uv": [1, 8, 2, 9], "rotation": 90, "texture": "#front"},
				"south": {"uv": [1, 8, 2, 12], "rotation": 90, "texture": "#front"},
				"west": {"uv": [1, 11, 2, 12], "rotation": 90, "texture": "#front"},
				"up": {"uv": [5, 12, 6, 16], "rotation": 270, "texture": "#base"},
				"down": {"uv": [5, 12, 6, 16], "rotation": 270, "texture": "#base"}
			}
		},
		{
			"from": [6.28574, 2.66439, 8.20689],
			"to": [9.21426, 2.80732, 10.42225],
			"rotation": {"angle": -22.5, "axis": "y", "origin": [7.75, 2.45, 8.725]},
			"faces": {
				"north": {"uv": [2, 8, 3, 12], "rotation": 270, "texture": "#front"},
				"east": {"uv": [5, 12, 6, 16], "rotation": 270, "texture": "#base"},
				"south": {"uv": [1, 8, 2, 12], "rotation": 90, "texture": "#front"},
				"west": {"uv": [5, 12, 6, 16], "rotation": 270, "texture": "#base"},
				"up": {"uv": [0, 0, 16, 16], "rotation": 90, "texture": "#7"},
				"down": {"uv": [1, 8, 2, 12], "rotation": 90, "texture": "#front"}
			}
		},
		{
			"from": [6.28574, 2.09269, 8.20689],
			"to": [9.21426, 2.23561, 10.42225],
			"rotation": {"angle": -22.5, "axis": "y", "origin": [7.75, 2.45, 8.725]},
			"faces": {
				"north": {"uv": [2, 8, 3, 12], "rotation": 270, "texture": "#front"},
				"east": {"uv": [5, 12, 6, 16], "rotation": 270, "texture": "#base"},
				"south": {"uv": [1, 8, 2, 12], "rotation": 90, "texture": "#front"},
				"west": {"uv": [1, 10, 2, 12], "rotation": 90, "texture": "#front"},
				"up": {"uv": [5, 12, 6, 16], "rotation": 270, "texture": "#base"},
				"down": {"uv": [5, 12, 6, 16], "rotation": 270, "texture": "#base"}
			}
		},
		{
			"from": [6.42867, 2.23561, 8.20689],
			"to": [9.07133, 2.66439, 10.35078],
			"rotation": {"angle": -22.5, "axis": "y", "origin": [7.75, 2.45, 8.725]},
			"faces": {
				"north": {"uv": [0, 0, 1.6, 3.6], "rotation": 270, "texture": "#missing"},
				"east": {"uv": [1, 10, 1.6, 13], "rotation": 90, "texture": "#6"},
				"south": {"uv": [9, 6, 9.6, 10], "rotation": 90, "texture": "#6"},
				"west": {"uv": [11, 9, 11.6, 12], "rotation": 90, "texture": "#6"},
				"up": {"uv": [0, 0, 3, 3.6], "rotation": 90, "texture": "#missing"},
				"down": {"uv": [0, 0, 3, 3.6], "rotation": 90, "texture": "#missing"}
			}
		},
		{
			"from": [5.98272, 2.07415, 4.08055],
			"to": [7.71728, 5.72585, 4.26313],
			"rotation": {"angle": 0, "axis": "y", "origin": [5.89143, 2.07415, 4.08055]},
			"faces": {
				"north": {"uv": [4, 8, 6, 12], "texture": "#front"},
				"east": {"uv": [5, 8, 6, 12], "texture": "#front"},
				"south": {"uv": [4, 8, 6, 12], "texture": "#front"},
				"west": {"uv": [4, 8, 5, 12], "texture": "#front"},
				"up": {"uv": [4, 8, 6, 9], "texture": "#front"},
				"down": {"uv": [4, 8, 6, 9], "texture": "#front"}
			}
		},
		{
			"from": [5.98272, 2.07415, 4.26313],
			"to": [6.16531, 5.72585, 7.09319],
			"rotation": {"angle": 0, "axis": "y", "origin": [5.98272, 2.07415, 6.08898]},
			"faces": {
				"north": {"uv": [2, 8, 3, 12], "texture": "#front"},
				"east": {"uv": [4, 8, 6, 12], "texture": "#front"},
				"south": {"uv": [4, 8, 5, 12], "texture": "#front"},
				"west": {"uv": [4, 8, 6, 12], "texture": "#front"},
				"up": {"uv": [4, 8, 6, 9], "rotation": 270, "texture": "#front"},
				"down": {"uv": [4, 8, 6, 9], "rotation": 90, "texture": "#front"}
			}
		},
		{
			"from": [7.53469, 2.07415, 4.26313],
			"to": [7.71728, 5.72585, 7.09319],
			"rotation": {"angle": 0, "axis": "y", "origin": [7.53469, 2.07415, 6.08898]},
			"faces": {
				"north": {"uv": [2, 8, 3, 12], "texture": "#front"},
				"east": {"uv": [4, 8, 6, 12], "texture": "#front"},
				"south": {"uv": [5, 8, 6, 12], "texture": "#front"},
				"west": {"uv": [4, 8, 6, 12], "texture": "#front"},
				"up": {"uv": [4, 8, 6, 9], "rotation": 270, "texture": "#front"},
				"down": {"uv": [4, 8, 6, 9], "rotation": 90, "texture": "#front"}
			}
		},
		{
			"from": [6.16531, 2.25674, 4.26313],
			"to": [7.53469, 5.54326, 7.0019],
			"rotation": {"angle": 0, "axis": "y", "origin": [5.89143, 2.07415, 4.26313]},
			"faces": {
				"north": {"uv": [0, 0, 1.6, 3.6], "texture": "#missing"},
				"east": {"uv": [0, 0, 3, 3.6], "texture": "#missing"},
				"south": {"uv": [9, 6, 9.6, 10], "texture": "#6"},
				"west": {"uv": [0, 0, 3, 3.6], "texture": "#missing"},
				"up": {"uv": [1, 10, 1.6, 13], "texture": "#6"},
				"down": {"uv": [11, 9, 11.6, 12], "texture": "#6"}
			}
		},
		{
			"from": [5.155, 2.02, 4.88675],
			"to": [5.845, 4.78, 5.02475],
			"rotation": {"angle": 0, "axis": "y", "origin": [4.465, 2.02, 4.88675]},
			"faces": {
				"north": {"uv": [6, 9, 7, 12], "texture": "#front"},
				"east": {"uv": [6, 9, 7, 12], "texture": "#front"},
				"south": {"uv": [6, 9, 7, 12], "texture": "#front"},
				"west": {"uv": [6, 9, 7, 12], "texture": "#front"},
				"up": {"uv": [6, 11, 7, 12], "texture": "#front"},
				"down": {"uv": [6, 11, 7, 12], "texture": "#front"}
			}
		},
		{
			"from": [5.155, 2.02, 5.02475],
			"to": [5.293, 4.78, 7.16375],
			"rotation": {"angle": 0, "axis": "y", "origin": [5.155, 2.02, 6.40475]},
			"faces": {
				"north": {"uv": [2, 8, 3, 12], "texture": "#front"},
				"east": {"uv": [6, 9, 7, 12], "texture": "#front"},
				"south": {"uv": [6, 9, 7, 12], "texture": "#front"},
				"west": {"uv": [6, 9, 7, 12], "texture": "#front"},
				"up": {"uv": [6, 9, 7, 12], "texture": "#front"},
				"down": {"uv": [6, 9, 7, 12], "texture": "#front"}
			}
		},
		{
			"from": [5.707, 2.02, 5.02475],
			"to": [5.845, 4.78, 7.16375],
			"rotation": {"angle": 0, "axis": "y", "origin": [5.707, 2.02, 6.40475]},
			"faces": {
				"north": {"uv": [2, 8, 3, 12], "texture": "#front"},
				"east": {"uv": [6, 9, 7, 12], "texture": "#front"},
				"south": {"uv": [6, 9, 7, 12], "texture": "#front"},
				"west": {"uv": [6, 9, 7, 12], "texture": "#front"},
				"up": {"uv": [6, 9, 7, 12], "texture": "#front"},
				"down": {"uv": [6, 9, 7, 12], "texture": "#front"}
			}
		},
		{
			"from": [5.293, 2.158, 5.02475],
			"to": [5.707, 4.642, 7.09475],
			"rotation": {"angle": 0, "axis": "y", "origin": [4.465, 2.02, 5.02475]},
			"faces": {
				"north": {"uv": [0, 0, 1.6, 3.6], "texture": "#missing"},
				"east": {"uv": [0, 0, 3, 3.6], "texture": "#missing"},
				"south": {"uv": [9, 6, 9.6, 10], "texture": "#6"},
				"west": {"uv": [0, 0, 3, 3.6], "texture": "#missing"},
				"up": {"uv": [1, 10, 1.6, 13], "texture": "#6"},
				"down": {"uv": [11, 9, 11.6, 12], "texture": "#6"}
			}
		},
		{
			"from": [7.83955, 1.9582, 4.48067],
			"to": [8.86045, 6.1418, 4.68485],
			"rotation": {"angle": 0, "axis": "y", "origin": [6.81865, 1.9582, 4.48067]},
			"faces": {
				"north": {"uv": [1, 8, 2, 12], "texture": "#front"},
				"east": {"uv": [1, 8, 2, 12], "texture": "#front"},
				"south": {"uv": [1, 8, 2, 12], "texture": "#front"},
				"west": {"uv": [1, 8, 2, 12], "texture": "#front"},
				"up": {"uv": [1, 8, 2, 9], "texture": "#front"},
				"down": {"uv": [1, 11, 2, 12], "texture": "#front"}
			}
		},
		{
			"from": [7.83955, 1.9582, 4.68485],
			"to": [8.04373, 6.1418, 7.84964],
			"rotation": {"angle": 0, "axis": "y", "origin": [7.83955, 1.9582, 6.72665]},
			"faces": {
				"north": {"uv": [2, 8, 3, 12], "texture": "#front"},
				"east": {"uv": [1, 8, 2, 12], "texture": "#front"},
				"south": {"uv": [1, 8, 2, 12], "texture": "#front"},
				"west": {"uv": [1, 8, 2, 12], "texture": "#front"},
				"up": {"uv": [1, 10, 2, 12], "texture": "#front"},
				"down": {"uv": [1, 10, 2, 12], "texture": "#front"}
			}
		},
		{
			"from": [8.65627, 1.9582, 4.68485],
			"to": [8.86045, 6.1418, 7.84964],
			"rotation": {"angle": 0, "axis": "y", "origin": [8.65627, 1.9582, 6.72665]},
			"faces": {
				"north": {"uv": [2, 8, 3, 12], "texture": "#front"},
				"east": {"uv": [1, 8, 2, 12], "texture": "#front"},
				"south": {"uv": [1, 8, 2, 12], "texture": "#front"},
				"west": {"uv": [1, 8, 2, 12], "texture": "#front"},
				"up": {"uv": [1, 10, 2, 12], "texture": "#front"},
				"down": {"uv": [1, 10, 2, 12], "texture": "#front"}
			}
		},
		{
			"from": [8.04373, 2.16238, 4.68485],
			"to": [8.65627, 5.93762, 7.74755],
			"rotation": {"angle": 0, "axis": "y", "origin": [6.81865, 1.9582, 4.68485]},
			"faces": {
				"north": {"uv": [0, 0, 1.6, 3.6], "texture": "#missing"},
				"east": {"uv": [0, 0, 3, 3.6], "texture": "#missing"},
				"south": {"uv": [9, 6, 9.6, 10], "texture": "#6"},
				"west": {"uv": [0, 0, 3, 3.6], "texture": "#missing"},
				"up": {"uv": [1, 10, 1.6, 13], "texture": "#6"},
				"down": {"uv": [11, 9, 11.6, 12], "texture": "#6"}
			}
		}
	],
	"display": {
		"firstperson_righthand": {
			"rotation": [0, 135, 0],
			"scale": [0.4, 0.4, 0.4]
		}
	},
	"groups": [
		0,
		1,
		2,
		3,
		4,
		5,
		6,
		7,
		{
			"name": "BOOK BROWN",
			"origin": [-4, 0, 0.2],
			"color": 0,
			"children": [8, 9, 10, 11]
		},
		{
			"name": "Winnie The Poo BOOK RED",
			"origin": [-4, 0, 0.2],
			"color": 0,
			"children": [12, 13, 14, 15]
		},
		{
			"name": "BOOK GREEN",
			"origin": [-4, 0, 0.2],
			"color": 0,
			"children": [16, 17, 18, 19]
		},
		{
			"name": "BOOK BLUE",
			"origin": [-4, 0, 0.2],
			"color": 0,
			"children": [20, 21, 22, 23]
		},
		{
			"name": "BOOK RED",
			"origin": [-4, 0, 0.2],
			"color": 0,
			"children": [24, 25, 26, 27]
		}
	]
}