{
	"format_version": "1.21.6",
	"credit": "Made with Blockbench",
	"ambientocclusion": false,
	"textures": {
		"2": "block/netherite_block",
		"3": "block/redstone_block",
		"particle": "block/cobblestone",
		"base": "block/cobblestone",
		"lever": "block/lever"
	},
	"elements": [
		{
			"from": [5, -0.02, 4],
			"to": [6.75, 2.98, 12],
			"faces": {
				"north": {"uv": [5, 0, 7, 3], "texture": "#base"},
				"east": {"uv": [4, 0, 12, 3], "texture": "#base"},
				"south": {"uv": [5, 0, 7, 3], "texture": "#base"},
				"west": {"uv": [4, 0, 12, 3], "texture": "#base"},
				"up": {"uv": [5, 4, 7, 12], "texture": "#base"},
				"down": {"uv": [5, 4, 7, 12], "texture": "#base", "cullface": "down"}
			}
		},
		{
			"from": [6.75, -0.02, 5],
			"to": [9.25, 0.48, 11],
			"rotation": {"angle": 0, "axis": "y", "origin": [1.75, 0, 0]},
			"faces": {
				"north": {"uv": [7, 0, 9, 3], "texture": "#base"},
				"east": {"uv": [4, 0, 12, 3], "texture": "#base"},
				"south": {"uv": [5, 0, 7, 3], "texture": "#base"},
				"west": {"uv": [4, 0, 12, 3], "texture": "#base"},
				"up": {"uv": [0, 3, 1, 9], "texture": "#3"},
				"down": {"uv": [7, 5, 9, 11], "texture": "#base", "cullface": "down"}
			}
		},
		{
			"from": [9.25, -0.02, 4],
			"to": [11, 2.98, 12],
			"rotation": {"angle": 0, "axis": "y", "origin": [16, 0, 0]},
			"faces": {
				"north": {"uv": [9, 0, 11, 3], "texture": "#base"},
				"east": {"uv": [12, 0, 4, 3], "texture": "#base"},
				"south": {"uv": [9, 0, 11, 3], "texture": "#base"},
				"west": {"uv": [12, 0, 4, 3], "texture": "#base"},
				"up": {"uv": [9, 4, 11, 12], "texture": "#base"},
				"down": {"uv": [9, 4, 11, 12], "texture": "#base", "cullface": "down"}
			}
		},
		{
			"from": [6.75, -0.02, 11],
			"to": [9.25, 2.98, 12],
			"rotation": {"angle": 0, "axis": "y", "origin": [16, 0, 0]},
			"faces": {
				"north": {"uv": [9, 0, 11, 3], "texture": "#base"},
				"east": {"uv": [12, 0, 4, 3], "texture": "#base"},
				"south": {"uv": [7, 0, 9, 3], "texture": "#base"},
				"west": {"uv": [12, 0, 4, 3], "texture": "#base"},
				"up": {"uv": [7, 11, 9, 12], "texture": "#base"},
				"down": {"uv": [7, 11, 9, 12], "texture": "#base", "cullface": "down"}
			}
		},
		{
			"from": [6.75, -0.02, 4],
			"to": [9.25, 2.98, 5],
			"rotation": {"angle": 0, "axis": "y", "origin": [16, 0, 16]},
			"faces": {
				"north": {"uv": [9, 0, 7, 3], "texture": "#base"},
				"east": {"uv": [4, 0, 12, 3], "texture": "#base"},
				"south": {"uv": [11, 0, 9, 3], "texture": "#base"},
				"west": {"uv": [4, 0, 12, 3], "texture": "#base"},
				"up": {"uv": [7, 12, 9, 11], "texture": "#base"},
				"down": {"uv": [7, 12, 9, 11], "texture": "#base", "cullface": "down"}
			}
		},
		{
			"from": [6.75, -0.02, 6.25],
			"to": [9.25, 2.98, 7.25],
			"rotation": {"angle": -45, "axis": "x", "origin": [8, 0, 6.25]},
			"faces": {
				"north": {"uv": [9, 0, 7, 3], "texture": "#base"},
				"east": {"uv": [4, 0, 12, 3], "texture": "#base"},
				"south": {"uv": [11, 0, 9, 3], "texture": "#base"},
				"west": {"uv": [4, 0, 12, 3], "texture": "#base"},
				"up": {"uv": [7, 12, 9, 11], "texture": "#base"},
				"down": {"uv": [7, 12, 9, 11], "texture": "#base", "cullface": "down"}
			}
		},
		{
			"from": [6.75, -0.02, 8.75],
			"to": [9.25, 2.98, 9.75],
			"rotation": {"angle": 45, "axis": "x", "origin": [8, 0, 9.75]},
			"faces": {
				"north": {"uv": [9, 0, 11, 3], "texture": "#base"},
				"east": {"uv": [12, 0, 4, 3], "texture": "#base"},
				"south": {"uv": [7, 0, 9, 3], "texture": "#base"},
				"west": {"uv": [12, 0, 4, 3], "texture": "#base"},
				"up": {"uv": [7, 11, 9, 12], "texture": "#base"},
				"down": {"uv": [7, 11, 9, 12], "texture": "#base", "cullface": "down"}
			}
		},
		{
			"from": [6.5, 1, 7.75],
			"to": [9.5, 1.5, 8.25],
			"rotation": {"angle": 0, "axis": "y", "origin": [8, 1.25, 8]},
			"faces": {
				"north": {"uv": [0, 0, 3, 0.5], "texture": "#2"},
				"east": {"uv": [0, 0, 0.5, 0.5], "texture": "#2"},
				"south": {"uv": [0, 0, 3, 0.5], "texture": "#2"},
				"west": {"uv": [0, 0, 0.5, 0.5], "texture": "#2"},
				"up": {"uv": [0, 0, 3, 0.5], "texture": "#2"},
				"down": {"uv": [0, 0, 3, 0.5], "texture": "#2"}
			}
		},
		{
			"from": [7, 0.75, 7],
			"to": [9, 10, 9],
			"rotation": {"angle": -45, "axis": "x", "origin": [8, 1.25, 8]},
			"faces": {
				"north": {"uv": [7, 6, 9, 16], "texture": "#lever"},
				"east": {"uv": [7, 6, 9, 16], "texture": "#lever"},
				"south": {"uv": [7, 6, 9, 16], "texture": "#lever"},
				"west": {"uv": [7, 6, 9, 16], "texture": "#lever"},
				"up": {"uv": [7, 6, 9, 8], "texture": "#lever"},
				"down": {"uv": [7, 14, 9, 16], "texture": "#lever"}
			}
		},
		{
			"from": [7.05, 0.20355, 7.66066],
			"to": [8.95, 1.60355, 9.06066],
			"rotation": {"angle": 0, "axis": "x", "origin": [7, 1.60355, 7.06066]},
			"faces": {
				"north": {"uv": [7, 10, 9, 12], "rotation": 180, "texture": "#lever"},
				"east": {"uv": [7, 10, 9, 12], "rotation": 270, "texture": "#lever"},
				"south": {"uv": [7, 10, 9, 12], "texture": "#lever"},
				"west": {"uv": [7, 10, 9, 12], "rotation": 90, "texture": "#lever"},
				"up": {"uv": [7, 10, 9, 12], "rotation": 180, "texture": "#lever"},
				"down": {"uv": [7, 10, 9, 12], "texture": "#lever"}
			}
		},
		{
			"from": [6.75, 5.02297, 1.56282],
			"to": [9.25, 7.27297, 4.06282],
			"rotation": {"angle": -45, "axis": "x", "origin": [7, 6.02297, 1.81282]},
			"faces": {
				"north": {"uv": [7, 6, 9, 8], "texture": "#lever"},
				"east": {"uv": [7, 6, 9, 8], "texture": "#lever"},
				"south": {"uv": [7, 6, 9, 8], "texture": "#lever"},
				"west": {"uv": [7, 6, 9, 8], "texture": "#lever"},
				"up": {"uv": [7, 6, 9, 8], "texture": "#lever"},
				"down": {"uv": [7, 6, 9, 8], "texture": "#lever"}
			}
		}
	],
	"display": {
		"thirdperson_righthand": {
			"rotation": [74, 0, 0],
			"translation": [0, 2.75, 4.75],
			"scale": [0.55, 0.55, 0.55]
		},
		"thirdperson_lefthand": {
			"rotation": [74, 0, 0],
			"translation": [0, 2.75, 4.75],
			"scale": [0.55, 0.55, 0.55]
		},
		"firstperson_righthand": {
			"rotation": [0, 45, 0],
			"translation": [1.5, 2.75, 0],
			"scale": [0.4, 0.4, 0.4]
		},
		"firstperson_lefthand": {
			"rotation": [0, 45, 0],
			"translation": [1.5, 2.75, 0],
			"scale": [0.4, 0.4, 0.4]
		},
		"ground": {
			"translation": [0, 2, 0],
			"scale": [0.5, 0.5, 0.5]
		},
		"gui": {
			"rotation": [30, -135, 0],
			"translation": [0, 4.5, 0]
		},
		"head": {
			"rotation": [0, -180, 0],
			"translation": [0, 14.25, 0]
		},
		"fixed": {
			"rotation": [-90, 0, 0],
			"translation": [0, 0, -7]
		}
	},
	"groups": [
		0,
		1,
		2,
		3,
		4,
		5,
		6,
		7,
		{
			"name": "LEVER",
			"origin": [7, 1.60355, 7.06066],
			"color": 0,
			"children": [8, 9, 10]
		}
	]
}