{
	"format_version": "1.21.6",
	"credit": "Made with Blockbench",
	"ambientocclusion": false,
	"textures": {
		"2": "block/netherite_block",
		"particle": "block/cobblestone",
		"base": "block/cobblestone",
		"lever": "block/lever"
	},
	"elements": [
		{
			"from": [5, -0.02, 4],
			"to": [6.75, 2.98, 12],
			"faces": {
				"north": {"uv": [5, 0, 7, 3], "texture": "#base"},
				"east": {"uv": [4, 0, 12, 3], "texture": "#base"},
				"south": {"uv": [5, 0, 7, 3], "texture": "#base"},
				"west": {"uv": [4, 0, 12, 3], "texture": "#base"},
				"up": {"uv": [5, 4, 7, 12], "texture": "#base"},
				"down": {"uv": [5, 4, 7, 12], "texture": "#base", "cullface": "down"}
			}
		},
		{
			"from": [6.75, -0.02, 5],
			"to": [9.25, 0.48, 11],
			"rotation": {"angle": 0, "axis": "y", "origin": [1.75, 0, 0]},
			"faces": {
				"north": {"uv": [7, 0, 9, 3], "texture": "#base"},
				"east": {"uv": [4, 0, 12, 3], "texture": "#base"},
				"south": {"uv": [5, 0, 7, 3], "texture": "#base"},
				"west": {"uv": [4, 0, 12, 3], "texture": "#base"},
				"up": {"uv": [0, 3, 1, 9], "texture": "#2"},
				"down": {"uv": [7, 5, 9, 11], "texture": "#base", "cullface": "down"}
			}
		},
		{
			"from": [9.25, -0.02, 4],
			"to": [11, 2.98, 12],
			"rotation": {"angle": 0, "axis": "y", "origin": [16, 0, 0]},
			"faces": {
				"north": {"uv": [9, 0, 11, 3], "texture": "#base"},
				"east": {"uv": [12, 0, 4, 3], "texture": "#base"},
				"south": {"uv": [9, 0, 11, 3], "texture": "#base"},
				"west": {"uv": [12, 0, 4, 3], "texture": "#base"},
				"up": {"uv": [9, 4, 11, 12], "texture": "#base"},
				"down": {"uv": [9, 4, 11, 12], "texture": "#base", "cullface": "down"}
			}
		},
		{
			"from": [6.75, -0.02, 11],
			"to": [9.25, 2.98, 12],
			"rotation": {"angle": 0, "axis": "y", "origin": [16, 0, 0]},
			"faces": {
				"north": {"uv": [9, 0, 11, 3], "texture": "#base"},
				"east": {"uv": [12, 0, 4, 3], "texture": "#base"},
				"south": {"uv": [7, 0, 9, 3], "texture": "#base"},
				"west": {"uv": [12, 0, 4, 3], "texture": "#base"},
				"up": {"uv": [7, 11, 9, 12], "texture": "#base"},
				"down": {"uv": [7, 11, 9, 12], "texture": "#base", "cullface": "down"}
			}
		},
		{
			"from": [6.75, -0.02, 4],
			"to": [9.25, 2.98, 5],
			"rotation": {"angle": 0, "axis": "y", "origin": [16, 0, 16]},
			"faces": {
				"north": {"uv": [9, 0, 7, 3], "texture": "#base"},
				"east": {"uv": [4, 0, 12, 3], "texture": "#base"},
				"south": {"uv": [11, 0, 9, 3], "texture": "#base"},
				"west": {"uv": [4, 0, 12, 3], "texture": "#base"},
				"up": {"uv": [7, 12, 9, 11], "texture": "#base"},
				"down": {"uv": [7, 12, 9, 11], "texture": "#base", "cullface": "down"}
			}
		},
		{
			"from": [6.75, -0.02, 6.25],
			"to": [9.25, 2.98, 7.25],
			"rotation": {"angle": -45, "axis": "x", "origin": [8, 0, 6.25]},
			"faces": {
				"north": {"uv": [9, 0, 7, 3], "texture": "#base"},
				"east": {"uv": [4, 0, 12, 3], "texture": "#base"},
				"south": {"uv": [11, 0, 9, 3], "texture": "#base"},
				"west": {"uv": [4, 0, 12, 3], "texture": "#base"},
				"up": {"uv": [7, 12, 9, 11], "texture": "#base"},
				"down": {"uv": [7, 12, 9, 11], "texture": "#base", "cullface": "down"}
			}
		},
		{
			"from": [6.75, -0.02, 8.75],
			"to": [9.25, 2.98, 9.75],
			"rotation": {"angle": 45, "axis": "x", "origin": [8, 0, 9.75]},
			"faces": {
				"north": {"uv": [9, 0, 11, 3], "texture": "#base"},
				"east": {"uv": [12, 0, 4, 3], "texture": "#base"},
				"south": {"uv": [7, 0, 9, 3], "texture": "#base"},
				"west": {"uv": [12, 0, 4, 3], "texture": "#base"},
				"up": {"uv": [7, 11, 9, 12], "texture": "#base"},
				"down": {"uv": [7, 11, 9, 12], "texture": "#base", "cullface": "down"}
			}
		},
		{
			"from": [6.5, 1, 7.75],
			"to": [9.5, 1.5, 8.25],
			"rotation": {"angle": 0, "axis": "y", "origin": [8, 1.25, 8]},
			"faces": {
				"north": {"uv": [0, 0, 3, 0.5], "texture": "#2"},
				"east": {"uv": [0, 0, 0.5, 0.5], "texture": "#2"},
				"south": {"uv": [0, 0, 3, 0.5], "texture": "#2"},
				"west": {"uv": [0, 0, 0.5, 0.5], "texture": "#2"},
				"up": {"uv": [0, 0, 3, 0.5], "texture": "#2"},
				"down": {"uv": [0, 0, 3, 0.5], "texture": "#2"}
			}
		},
		{
			"from": [7, 0.75, 7],
			"to": [9, 10, 9],
			"rotation": {"angle": 45, "axis": "x", "origin": [8, 1.25, 8]},
			"faces": {
				"north": {"uv": [7, 6, 9, 16], "texture": "#lever"},
				"east": {"uv": [7, 6, 9, 16], "texture": "#lever"},
				"south": {"uv": [7, 6, 9, 16], "texture": "#lever"},
				"west": {"uv": [7, 6, 9, 16], "texture": "#lever"},
				"up": {"uv": [7, 6, 9, 8], "texture": "#lever"},
				"down": {"uv": [7, 14, 9, 16], "texture": "#lever"}
			}
		},
		{
			"from": [7.05, 0.18934, 6.95355],
			"to": [8.95, 1.58934, 8.35355],
			"rotation": {"angle": 0, "axis": "x", "origin": [8, 1.25, 8]},
			"faces": {
				"north": {"uv": [7, 10, 9, 12], "rotation": 180, "texture": "#lever"},
				"east": {"uv": [7, 10, 9, 12], "rotation": 180, "texture": "#lever"},
				"south": {"uv": [7, 10, 9, 12], "rotation": 180, "texture": "#lever"},
				"west": {"uv": [7, 10, 9, 12], "rotation": 180, "texture": "#lever"},
				"up": {"uv": [7, 10, 9, 12], "texture": "#lever"},
				"down": {"uv": [7, 10, 9, 12], "texture": "#lever"}
			}
		},
		{
			"from": [6.75, 8, 6.75],
			"to": [9.25, 10.25, 9.25],
			"rotation": {"angle": 45, "axis": "x", "origin": [8, 1.25, 8]},
			"faces": {
				"north": {"uv": [7, 6, 9, 8], "texture": "#lever"},
				"east": {"uv": [7, 6, 9, 8], "texture": "#lever"},
				"south": {"uv": [7, 6, 9, 8], "texture": "#lever"},
				"west": {"uv": [7, 6, 9, 8], "texture": "#lever"},
				"up": {"uv": [7, 6, 9, 8], "texture": "#lever"},
				"down": {"uv": [7, 6, 9, 8], "texture": "#lever"}
			}
		}
	],
	"groups": [
		0,
		1,
		2,
		3,
		4,
		5,
		6,
		7,
		{
			"name": "LEVER",
			"origin": [7, 1.60355, 7.06066],
			"color": 0,
			"children": [8, 9, 10]
		}
	]
}