{
	"format_version": "1.21.6",
	"credit": "Made with Blockbench",
	"parent": "minecraft:block/orientable_with_bottom",
	"textures": {
		"bottom": "block/loom_bottom",
		"particle": "block/loom_front",
		"front": "block/loom_front",
		"side": "block/loom_side",
		"top": "block/loom_top"
	},
	"elements": [
		{
			"from": [14.5, 2, 1],
			"to": [15.5, 15, 15],
			"rotation": {"angle": 0, "axis": "y", "origin": [-0.5, 0, 0]},
			"faces": {
				"north": {"uv": [1, 1, 15, 2], "rotation": 90, "texture": "#side"},
				"east": {"uv": [1, 1, 15, 14], "texture": "#side"},
				"south": {"uv": [1, 1, 15, 2], "rotation": 90, "texture": "#side"},
				"west": {"uv": [1, 1, 15, 14], "texture": "#side"},
				"up": {"uv": [1, 1, 15, 2], "rotation": 90, "texture": "#side"},
				"down": {"uv": [1, 1, 15, 2], "rotation": 90, "texture": "#side"}
			}
		},
		{
			"from": [0.5, 2, 1],
			"to": [1.5, 15, 15],
			"rotation": {"angle": 0, "axis": "y", "origin": [-14.5, 0, 0]},
			"faces": {
				"north": {"uv": [1, 1, 15, 2], "rotation": 90, "texture": "#side"},
				"east": {"uv": [1, 1, 15, 14], "texture": "#side"},
				"south": {"uv": [1, 1, 15, 2], "rotation": 90, "texture": "#side"},
				"west": {"uv": [1, 1, 15, 14], "texture": "#side"},
				"up": {"uv": [1, 1, 15, 2], "rotation": 90, "texture": "#side"},
				"down": {"uv": [1, 1, 15, 2], "rotation": 90, "texture": "#side"}
			}
		},
		{
			"from": [1, 2, 14.5],
			"to": [15, 15, 15.5],
			"rotation": {"angle": 0, "axis": "y", "origin": [8, 8.5, 8]},
			"faces": {
				"north": {"uv": [1, 1, 15, 14], "texture": "#side"},
				"east": {"uv": [1, 1, 15, 2], "rotation": 90, "texture": "#side"},
				"south": {"uv": [1, 1, 15, 14], "texture": "#side"},
				"west": {"uv": [1, 1, 15, 2], "rotation": 90, "texture": "#side"},
				"up": {"uv": [1, 1, 15, 2], "texture": "#side"},
				"down": {"uv": [1, 1, 15, 2], "rotation": 180, "texture": "#side"}
			}
		},
		{
			"from": [0, 0, 1],
			"to": [16, 2, 16],
			"faces": {
				"north": {"uv": [0, 14, 16, 16], "texture": "#front"},
				"east": {"uv": [0, 14, 15, 16], "texture": "#side"},
				"south": {"uv": [0, 14, 16, 16], "texture": "#side"},
				"west": {"uv": [1, 14, 16, 16], "texture": "#side"},
				"up": {"uv": [0, 0, 16, 15], "texture": "#side"},
				"down": {"uv": [0, 0, 16, 15], "texture": "#bottom"}
			}
		},
		{
			"from": [1, 1, 1],
			"to": [15, 2.1, 15],
			"faces": {
				"north": {"uv": [0, 16, 16, 15], "texture": "#bottom"},
				"east": {"uv": [0, 14, 15, 16], "texture": "#side"},
				"south": {"uv": [0, 14, 16, 16], "texture": "#side"},
				"west": {"uv": [1, 14, 16, 16], "texture": "#side"},
				"up": {"uv": [0, 0, 16, 16], "texture": "#bottom"},
				"down": {"uv": [0, 0, 16, 16], "texture": "#bottom"}
			}
		},
		{
			"from": [1, 5.9, 1.1],
			"to": [15, 7, 15],
			"rotation": {"angle": 0, "axis": "x", "origin": [8, 6.45, 8.05]},
			"faces": {
				"north": {"uv": [0, 15, 16, 16], "texture": "#bottom"},
				"east": {"uv": [0, 16, 15, 14], "texture": "#side"},
				"south": {"uv": [0, 16, 16, 14], "texture": "#side"},
				"west": {"uv": [1, 16, 16, 14], "texture": "#side"},
				"up": {"uv": [0, 16, 16, 0], "texture": "#bottom"},
				"down": {"uv": [0, 0, 16, 16], "texture": "#bottom"}
			}
		},
		{
			"from": [1, 1, 13.9],
			"to": [15, 15, 15],
			"rotation": {"angle": 0, "axis": "x", "origin": [8, 8, 8]},
			"faces": {
				"north": {"uv": [0, 0, 16, 16], "rotation": 180, "texture": "#bottom"},
				"east": {"uv": [0, 14, 15, 16], "rotation": 90, "texture": "#side"},
				"south": {"uv": [0, 0, 16, 16], "texture": "#bottom"},
				"west": {"uv": [1, 14, 16, 16], "rotation": 270, "texture": "#side"},
				"up": {"uv": [0, 14, 16, 16], "texture": "#side"},
				"down": {"uv": [0, 16, 16, 15], "rotation": 180, "texture": "#bottom"}
			}
		},
		{
			"from": [1, 1, 1],
			"to": [2.1, 15, 15],
			"rotation": {"angle": 0, "axis": "z", "origin": [8, 8, 8]},
			"faces": {
				"north": {"uv": [0, 16, 16, 15], "rotation": 270, "texture": "#bottom"},
				"east": {"uv": [0, 0, 16, 16], "rotation": 90, "texture": "#bottom"},
				"south": {"uv": [0, 14, 16, 16], "rotation": 90, "texture": "#side"},
				"west": {"uv": [0, 0, 16, 16], "rotation": 90, "texture": "#bottom"},
				"up": {"uv": [1, 14, 16, 16], "rotation": 90, "texture": "#side"},
				"down": {"uv": [0, 14, 15, 16], "rotation": 90, "texture": "#side"}
			}
		},
		{
			"from": [13.9, 1, 1],
			"to": [15, 15, 15],
			"rotation": {"angle": 0, "axis": "z", "origin": [8, 8, 8]},
			"faces": {
				"north": {"uv": [0, 16, 16, 15], "rotation": 270, "texture": "#bottom"},
				"east": {"uv": [0, 16, 16, 0], "rotation": 90, "texture": "#bottom"},
				"south": {"uv": [0, 16, 16, 14], "rotation": 90, "texture": "#side"},
				"west": {"uv": [0, 16, 16, 0], "rotation": 90, "texture": "#bottom"},
				"up": {"uv": [1, 16, 16, 14], "rotation": 90, "texture": "#side"},
				"down": {"uv": [0, 16, 15, 14], "rotation": 90, "texture": "#side"}
			}
		},
		{
			"from": [0, 2, 0],
			"to": [1, 15, 1],
			"faces": {
				"north": {"uv": [15, 1, 16, 14], "texture": "#front"},
				"east": {"uv": [0, 1, 1, 14], "texture": "#side"},
				"south": {"uv": [0, 1, 1, 14], "texture": "#side"},
				"west": {"uv": [0, 1, 1, 14], "texture": "#side"},
				"up": {"uv": [0, 1, 1, 14], "texture": "#side"},
				"down": {"uv": [0, 1, 1, 14], "texture": "#side"}
			}
		},
		{
			"from": [0, 2, 15],
			"to": [1, 15, 16],
			"rotation": {"angle": 0, "axis": "y", "origin": [0, 0, 15]},
			"faces": {
				"north": {"uv": [15, 1, 16, 14], "texture": "#side"},
				"east": {"uv": [15, 1, 16, 14], "texture": "#side"},
				"south": {"uv": [15, 1, 16, 14], "texture": "#side"},
				"west": {"uv": [15, 1, 16, 14], "texture": "#side"},
				"up": {"uv": [0, 1, 1, 14], "texture": "#side"},
				"down": {"uv": [0, 1, 1, 14], "texture": "#side"}
			}
		},
		{
			"from": [0, 7, 1],
			"to": [1, 9, 15],
			"rotation": {"angle": 0, "axis": "y", "origin": [0, 0, 15]},
			"faces": {
				"north": {"uv": [15, 1, 16, 14], "texture": "#side"},
				"east": {"uv": [15, 1, 16, 14], "texture": "#side"},
				"south": {"uv": [15, 1, 16, 14], "texture": "#side"},
				"west": {"uv": [1, 7, 15, 9], "texture": "#side"},
				"up": {"uv": [1, 7, 15, 8], "rotation": 90, "texture": "#side"},
				"down": {"uv": [15, 8, 1, 9], "rotation": 90, "texture": "#side"}
			}
		},
		{
			"from": [15, 2, 15],
			"to": [16, 15, 16],
			"rotation": {"angle": 0, "axis": "y", "origin": [16, 0, 15]},
			"faces": {
				"north": {"uv": [16, 1, 15, 14], "texture": "#side"},
				"east": {"uv": [16, 1, 15, 14], "texture": "#side"},
				"south": {"uv": [16, 1, 15, 14], "texture": "#side"},
				"west": {"uv": [16, 1, 15, 14], "texture": "#side"},
				"up": {"uv": [1, 1, 0, 14], "texture": "#side"},
				"down": {"uv": [1, 1, 0, 14], "texture": "#side"}
			}
		},
		{
			"from": [15, 2, 0],
			"to": [16, 15, 1],
			"rotation": {"angle": 0, "axis": "y", "origin": [16, 0, 0]},
			"faces": {
				"north": {"uv": [16, 1, 15, 14], "texture": "#front"},
				"east": {"uv": [1, 1, 0, 14], "texture": "#side"},
				"south": {"uv": [1, 1, 0, 14], "texture": "#side"},
				"west": {"uv": [1, 1, 0, 14], "texture": "#side"},
				"up": {"uv": [1, 1, 0, 14], "texture": "#side"},
				"down": {"uv": [1, 1, 0, 14], "texture": "#side"}
			}
		},
		{
			"from": [15, 7, 1],
			"to": [16, 9, 15],
			"rotation": {"angle": 0, "axis": "y", "origin": [16, 0, 15]},
			"faces": {
				"north": {"uv": [16, 1, 15, 14], "texture": "#side"},
				"east": {"uv": [15, 7, 1, 9], "texture": "#side"},
				"south": {"uv": [16, 1, 15, 14], "texture": "#side"},
				"west": {"uv": [16, 1, 15, 14], "texture": "#side"},
				"up": {"uv": [1, 7, 15, 8], "rotation": 90, "texture": "#side"},
				"down": {"uv": [15, 9, 1, 8], "rotation": 90, "texture": "#side"}
			}
		},
		{
			"from": [15, 15, 0],
			"to": [16, 16, 16],
			"rotation": {"angle": 0, "axis": "y", "origin": [8, 15.5, 8]},
			"faces": {
				"north": {"uv": [1, 0, 0, 1], "texture": "#side"},
				"east": {"uv": [16, 0, 0, 1], "texture": "#side"},
				"south": {"uv": [16, 0, 15, 1], "texture": "#side"},
				"west": {"uv": [16, 1, 15, 14], "texture": "#side"},
				"up": {"uv": [16, 0, 15, 16], "texture": "#top"},
				"down": {"uv": [16, 0, 0, 1], "texture": "#side"}
			}
		},
		{
			"from": [0, 15, 0],
			"to": [1, 16, 16],
			"rotation": {"angle": 0, "axis": "y", "origin": [8, 15.5, 8]},
			"faces": {
				"north": {"uv": [0, 0, 1, 1], "texture": "#side"},
				"east": {"uv": [15, 1, 16, 14], "texture": "#side"},
				"south": {"uv": [15, 0, 16, 1], "texture": "#side"},
				"west": {"uv": [0, 0, 16, 1], "texture": "#side"},
				"up": {"uv": [0, 0, 1, 16], "texture": "#top"},
				"down": {"uv": [15, 8, 1, 9], "rotation": 90, "texture": "#side"}
			}
		},
		{
			"from": [1, 15, 15],
			"to": [15, 16, 16],
			"rotation": {"angle": 0, "axis": "y", "origin": [8, 15.5, 8]},
			"faces": {
				"north": {"uv": [15, 1, 16, 14], "texture": "#side"},
				"east": {"uv": [15, 0, 16, 1], "texture": "#side"},
				"south": {"uv": [1, 0, 15, 1], "texture": "#side"},
				"west": {"uv": [0, 0, 1, 1], "texture": "#side"},
				"up": {"uv": [1, 15, 15, 16], "rotation": 180, "texture": "#top"},
				"down": {"uv": [1, 0, 15, 1], "texture": "#side"}
			}
		},
		{
			"from": [0.75, 16.16789, 10.625],
			"to": [15.25, 16.91789, 11.375],
			"rotation": {"angle": 45, "axis": "x", "origin": [8, 16.54289, 11]},
			"faces": {
				"north": {"uv": [1, 15, 15, 16], "rotation": 180, "texture": "#top", "cullface": "up"},
				"east": {"uv": [15, 0, 16, 1], "texture": "#side", "cullface": "up"},
				"south": {"uv": [1, 0, 15, 1], "texture": "#side", "cullface": "up"},
				"west": {"uv": [0, 0, 1, 1], "texture": "#side", "cullface": "up"},
				"up": {"uv": [1, 15, 15, 16], "rotation": 180, "texture": "#top", "cullface": "up"},
				"down": {"uv": [1, 15, 15, 16], "rotation": 180, "texture": "#top", "cullface": "up"}
			}
		},
		{
			"from": [1, 18.79289, 13],
			"to": [15, 19.79289, 13.5],
			"rotation": {"angle": 45, "axis": "x", "origin": [8, 19.29289, 13]},
			"faces": {
				"north": {"uv": [1, 15, 15, 16], "rotation": 180, "texture": "#top", "cullface": "up"},
				"east": {"uv": [15, 0, 16, 1], "texture": "#side", "cullface": "up"},
				"south": {"uv": [1, 0, 15, 1], "texture": "#side", "cullface": "up"},
				"west": {"uv": [0, 0, 1, 1], "texture": "#side", "cullface": "up"},
				"up": {"uv": [1, 15, 15, 16], "rotation": 180, "texture": "#top", "cullface": "up"},
				"down": {"uv": [1, 15, 15, 16], "rotation": 180, "texture": "#top", "cullface": "up"}
			}
		},
		{
			"from": [1, 14, 12.8],
			"to": [15, 15.1, 15],
			"rotation": {"angle": 0, "axis": "y", "origin": [8, 15.5, 7]},
			"faces": {
				"north": {"uv": [3, 15, 15, 16], "rotation": 180, "texture": "#top"},
				"east": {"uv": [15, 0, 16, 1], "texture": "#side"},
				"south": {"uv": [1, 0, 15, 1], "texture": "#side"},
				"west": {"uv": [0, 0, 1, 1], "texture": "#side"},
				"up": {"uv": [3, 15, 15, 16], "rotation": 180, "texture": "#top"},
				"down": {"uv": [1, 0, 15, 1], "texture": "#side"}
			}
		},
		{
			"from": [0.1, 19.4, 12.33137],
			"to": [1, 20.8, 13.73137],
			"rotation": {"angle": -45, "axis": "x", "origin": [0.55, 20, 13.13137]},
			"faces": {
				"north": {"uv": [5, 7, 6, 9], "texture": "#side", "cullface": "up"},
				"east": {"uv": [5, 7, 7, 8], "texture": "#side", "cullface": "up"},
				"south": {"uv": [15, 7, 13, 8], "rotation": 90, "texture": "#side", "cullface": "up"},
				"west": {"uv": [5, 7, 7, 8], "texture": "#side", "cullface": "up"},
				"up": {"uv": [15, 7, 13, 8], "rotation": 90, "texture": "#side", "cullface": "up"},
				"down": {"uv": [1, 0, 15, 1], "texture": "#side", "cullface": "up"}
			}
		},
		{
			"from": [14.95, 16, 12],
			"to": [15.95, 17, 14],
			"rotation": {"angle": 0, "axis": "y", "origin": [8.95, 14.55, 13.1]},
			"faces": {
				"north": {"uv": [6, 8, 5, 9], "texture": "#side", "cullface": "up"},
				"east": {"uv": [7, 8, 5, 9], "texture": "#side", "cullface": "up"},
				"south": {"uv": [7, 8, 6, 9], "texture": "#side", "cullface": "up"},
				"west": {"uv": [7, 8, 5, 9], "texture": "#side", "cullface": "up"},
				"up": {"uv": [7, 7, 5, 8], "texture": "#side", "cullface": "up"},
				"down": {"uv": [15, 0, 1, 1], "texture": "#side", "cullface": "up"}
			}
		},
		{
			"from": [14.95, 17, 12],
			"to": [15.95, 18, 14],
			"rotation": {"angle": 0, "axis": "y", "origin": [8.95, 15.55, 13.1]},
			"faces": {
				"north": {"uv": [12, 8, 11, 9], "texture": "#side", "cullface": "up"},
				"east": {"uv": [13, 8, 11, 9], "texture": "#side", "cullface": "up"},
				"south": {"uv": [13, 8, 12, 9], "texture": "#side", "cullface": "up"},
				"west": {"uv": [13, 8, 11, 9], "texture": "#side", "cullface": "up"},
				"up": {"uv": [7, 7, 5, 8], "texture": "#side", "cullface": "up"},
				"down": {"uv": [15, 0, 1, 1], "texture": "#side", "cullface": "up"}
			}
		},
		{
			"from": [14.95, 18, 12],
			"to": [15.95, 20, 14],
			"rotation": {"angle": 0, "axis": "y", "origin": [8.95, 16.55, 13.1]},
			"faces": {
				"north": {"uv": [6, 7, 5, 9], "texture": "#side", "cullface": "up"},
				"east": {"uv": [13, 7, 11, 9], "texture": "#side", "cullface": "up"},
				"south": {"uv": [7, 7, 6, 9], "texture": "#side", "cullface": "up"},
				"west": {"uv": [7, 7, 5, 9], "texture": "#side", "cullface": "up"},
				"up": {"uv": [7, 7, 5, 8], "texture": "#side", "cullface": "up"},
				"down": {"uv": [15, 0, 1, 1], "texture": "#side", "cullface": "up"}
			}
		},
		{
			"from": [15, 19.4, 12.33137],
			"to": [15.9, 20.8, 13.73137],
			"rotation": {"angle": -45, "axis": "x", "origin": [15.45, 20, 13.13137]},
			"faces": {
				"north": {"uv": [6, 7, 5, 9], "texture": "#side", "cullface": "up"},
				"east": {"uv": [7, 7, 5, 8], "texture": "#side", "cullface": "up"},
				"south": {"uv": [15, 8, 13, 7], "rotation": 90, "texture": "#side", "cullface": "up"},
				"west": {"uv": [7, 7, 5, 8], "texture": "#side", "cullface": "up"},
				"up": {"uv": [15, 8, 13, 7], "rotation": 90, "texture": "#side", "cullface": "up"},
				"down": {"uv": [15, 0, 1, 1], "texture": "#side", "cullface": "up"}
			}
		},
		{
			"from": [0.05, 18, 12],
			"to": [1.05, 20, 14],
			"rotation": {"angle": 0, "axis": "y", "origin": [7.05, 16.55, 13.1]},
			"faces": {
				"north": {"uv": [5, 7, 6, 9], "texture": "#side", "cullface": "up"},
				"east": {"uv": [5, 7, 7, 9], "texture": "#side", "cullface": "up"},
				"south": {"uv": [6, 7, 7, 9], "texture": "#side", "cullface": "up"},
				"west": {"uv": [11, 7, 13, 9], "texture": "#side", "cullface": "up"},
				"up": {"uv": [5, 7, 7, 8], "texture": "#side", "cullface": "up"},
				"down": {"uv": [1, 0, 15, 1], "texture": "#side", "cullface": "up"}
			}
		},
		{
			"from": [0.05, 16, 12],
			"to": [1.05, 17, 14],
			"rotation": {"angle": 0, "axis": "y", "origin": [7.05, 14.55, 13.1]},
			"faces": {
				"north": {"uv": [5, 8, 6, 9], "texture": "#side", "cullface": "up"},
				"east": {"uv": [5, 8, 7, 9], "texture": "#side", "cullface": "up"},
				"south": {"uv": [6, 8, 7, 9], "texture": "#side", "cullface": "up"},
				"west": {"uv": [5, 8, 7, 9], "texture": "#side", "cullface": "up"},
				"up": {"uv": [5, 7, 7, 8], "texture": "#side", "cullface": "up"},
				"down": {"uv": [1, 0, 15, 1], "texture": "#side", "cullface": "up"}
			}
		},
		{
			"from": [0.05, 17, 12],
			"to": [1.05, 18, 14],
			"rotation": {"angle": 0, "axis": "y", "origin": [7.05, 15.55, 13.1]},
			"faces": {
				"north": {"uv": [11, 8, 12, 9], "texture": "#side", "cullface": "up"},
				"east": {"uv": [11, 8, 13, 9], "texture": "#side", "cullface": "up"},
				"south": {"uv": [12, 8, 13, 9], "texture": "#side", "cullface": "up"},
				"west": {"uv": [11, 8, 13, 9], "texture": "#side", "cullface": "up"},
				"up": {"uv": [5, 7, 7, 8], "texture": "#side", "cullface": "up"},
				"down": {"uv": [1, 0, 15, 1], "texture": "#side", "cullface": "up"}
			}
		},
		{
			"from": [0.05, 16, 4],
			"to": [1.05, 18.45, 6],
			"rotation": {"angle": 0, "axis": "y", "origin": [7.05, 17.4, 5.1]},
			"faces": {
				"north": {"uv": [5, 7, 6, 9], "texture": "#side", "cullface": "up"},
				"east": {"uv": [5, 7, 7, 9], "texture": "#side", "cullface": "up"},
				"south": {"uv": [6, 7, 7, 9], "texture": "#side", "cullface": "up"},
				"west": {"uv": [5, 7, 7, 9], "texture": "#side", "cullface": "up"},
				"up": {"uv": [5, 7, 7, 8], "texture": "#side", "cullface": "up"},
				"down": {"uv": [1, 0, 15, 1], "texture": "#side", "cullface": "up"}
			}
		},
		{
			"from": [15.183, 15.93347, 11.68285],
			"to": [15.75, 16.81547, 12.56485],
			"rotation": {"angle": -45, "axis": "x", "origin": [15.7815, 15.34474, 10.75117]},
			"faces": {
				"north": {"uv": [6, 7, 5, 9], "texture": "#side", "cullface": "up"},
				"east": {"uv": [7, 7, 5, 8], "texture": "#side", "cullface": "up"},
				"south": {"uv": [7, 7, 6, 9], "texture": "#side", "cullface": "up"},
				"west": {"uv": [7, 7, 5, 8], "texture": "#side", "cullface": "up"},
				"up": {"uv": [7, 9, 6, 7], "texture": "#side", "cullface": "up"},
				"down": {"uv": [15, 0, 1, 1], "texture": "#side", "cullface": "up"}
			}
		},
		{
			"from": [15.12, 15.5, 10.37],
			"to": [15.75, 17.0435, 11.63],
			"rotation": {"angle": 0, "axis": "y", "origin": [15.75, 15.5, 11]},
			"faces": {
				"north": {"uv": [6, 7, 5, 9], "texture": "#side", "cullface": "up"},
				"east": {"uv": [7, 7, 5, 9], "texture": "#side", "cullface": "up"},
				"south": {"uv": [7, 7, 6, 9], "texture": "#side", "cullface": "up"},
				"west": {"uv": [7, 7, 5, 9], "texture": "#side", "cullface": "up"},
				"up": {"uv": [7, 7, 5, 8], "texture": "#side", "cullface": "up"},
				"down": {"uv": [15, 0, 1, 1], "texture": "#side", "cullface": "up"}
			}
		},
		{
			"from": [0.17, 15.93347, 11.68285],
			"to": [0.737, 16.81547, 12.56485],
			"rotation": {"angle": -45, "axis": "x", "origin": [10.2185, 15.34474, 10.75117]},
			"faces": {
				"north": {"uv": [5, 7, 6, 9], "texture": "#side", "cullface": "up"},
				"east": {"uv": [5, 7, 7, 8], "texture": "#side", "cullface": "up"},
				"south": {"uv": [6, 7, 7, 9], "texture": "#side", "cullface": "up"},
				"west": {"uv": [5, 7, 7, 8], "texture": "#side", "cullface": "up"},
				"up": {"uv": [6, 9, 7, 7], "texture": "#side", "cullface": "up"},
				"down": {"uv": [1, 0, 15, 1], "texture": "#side", "cullface": "up"}
			}
		},
		{
			"from": [0.17, 15.5, 10.37],
			"to": [0.8, 17.0435, 11.63],
			"rotation": {"angle": 0, "axis": "y", "origin": [10.25, 15.5, 11]},
			"faces": {
				"north": {"uv": [5, 7, 6, 9], "texture": "#side", "cullface": "up"},
				"east": {"uv": [5, 7, 7, 9], "texture": "#side", "cullface": "up"},
				"south": {"uv": [6, 7, 7, 9], "texture": "#side", "cullface": "up"},
				"west": {"uv": [5, 7, 7, 9], "texture": "#side", "cullface": "up"},
				"up": {"uv": [5, 7, 7, 8], "texture": "#side", "cullface": "up"},
				"down": {"uv": [1, 0, 15, 1], "texture": "#side", "cullface": "up"}
			}
		},
		{
			"from": [0.1, 17.85, 4.33137],
			"to": [1, 19.25, 5.73137],
			"rotation": {"angle": -45, "axis": "x", "origin": [0.55, 18.45, 5.13137]},
			"faces": {
				"north": {"uv": [5, 7, 6, 9], "texture": "#side", "cullface": "up"},
				"east": {"uv": [5, 7, 7, 8], "texture": "#side", "cullface": "up"},
				"south": {"uv": [6, 7, 7, 9], "texture": "#side", "cullface": "up"},
				"west": {"uv": [5, 7, 7, 8], "texture": "#side", "cullface": "up"},
				"up": {"uv": [6, 9, 7, 7], "texture": "#side", "cullface": "up"},
				"down": {"uv": [1, 0, 15, 1], "texture": "#side", "cullface": "up"}
			}
		},
		{
			"from": [1, 16.85, 4.5],
			"to": [15, 17.95, 5.7],
			"rotation": {"angle": -45, "axis": "x", "origin": [8, 17.4, 5.1]},
			"faces": {
				"north": {"uv": [3, 15, 15, 16], "rotation": 180, "texture": "#top", "cullface": "up"},
				"east": {"uv": [15, 0, 16, 1], "texture": "#side", "cullface": "up"},
				"south": {"uv": [1, 0, 15, 1], "texture": "#side", "cullface": "up"},
				"west": {"uv": [0, 0, 1, 1], "texture": "#side", "cullface": "up"},
				"up": {"uv": [3, 15, 15, 16], "rotation": 180, "texture": "#top", "cullface": "up"},
				"down": {"uv": [1, 0, 15, 1], "texture": "#side", "cullface": "up"}
			}
		},
		{
			"from": [14.95, 16, 4],
			"to": [15.95, 18.45, 6],
			"rotation": {"angle": 0, "axis": "y", "origin": [8.95, 17.4, 5.1]},
			"faces": {
				"north": {"uv": [6, 7, 5, 9], "texture": "#side", "cullface": "up"},
				"east": {"uv": [7, 7, 5, 9], "texture": "#side", "cullface": "up"},
				"south": {"uv": [7, 7, 6, 9], "texture": "#side", "cullface": "up"},
				"west": {"uv": [7, 7, 5, 9], "texture": "#side", "cullface": "up"},
				"up": {"uv": [7, 7, 5, 8], "texture": "#side", "cullface": "up"},
				"down": {"uv": [15, 0, 1, 1], "texture": "#side", "cullface": "up"}
			}
		},
		{
			"from": [15, 17.85, 4.33137],
			"to": [15.9, 19.25, 5.73137],
			"rotation": {"angle": -45, "axis": "x", "origin": [15.45, 18.45, 5.13137]},
			"faces": {
				"north": {"uv": [6, 7, 5, 9], "texture": "#side", "cullface": "up"},
				"east": {"uv": [7, 7, 5, 8], "texture": "#side", "cullface": "up"},
				"south": {"uv": [7, 7, 6, 9], "texture": "#side", "cullface": "up"},
				"west": {"uv": [7, 7, 5, 8], "texture": "#side", "cullface": "up"},
				"up": {"uv": [7, 9, 6, 7], "texture": "#side", "cullface": "up"},
				"down": {"uv": [15, 0, 1, 1], "texture": "#side", "cullface": "up"}
			}
		},
		{
			"from": [1, 13, 0.7],
			"to": [15, 13, 13.2],
			"rotation": {"angle": -22.5, "axis": "x", "origin": [8, 13, 8]},
			"faces": {
				"north": {"uv": [0, 0, 13, 0], "texture": "#missing"},
				"east": {"uv": [0, 0, 9, 0], "texture": "#missing"},
				"south": {"uv": [0, 0, 13, 0], "texture": "#missing"},
				"west": {"uv": [0, 0, 9, 0], "texture": "#missing"},
				"up": {"uv": [1, 1, 15, 15], "texture": "#bottom"},
				"down": {"uv": [1, 1, 15, 15], "texture": "#bottom"}
			}
		},
		{
			"from": [2.2, 14, 0.7],
			"to": [13.8, 15.1, 1.7],
			"rotation": {"angle": 0, "axis": "y", "origin": [8, 15.5, 8.5]},
			"faces": {
				"north": {"uv": [15, 0, 1, 1], "texture": "#side"},
				"east": {"uv": [16, 0, 15, 1], "texture": "#side"},
				"south": {"uv": [15, 15, 3, 16], "rotation": 180, "texture": "#top"},
				"west": {"uv": [1, 0, 0, 1], "texture": "#side"},
				"up": {"uv": [3, 16, 15, 15], "rotation": 180, "texture": "#top"},
				"down": {"uv": [1, 1, 15, 0], "texture": "#side"}
			}
		},
		{
			"from": [1, 14, 1],
			"to": [2.2, 15.1, 12.8],
			"rotation": {"angle": 0, "axis": "y", "origin": [9, 15.5, 7]},
			"faces": {
				"north": {"uv": [0, 0, 1, 1], "texture": "#side"},
				"east": {"uv": [5, 15, 15, 16], "rotation": 180, "texture": "#top"},
				"south": {"uv": [15, 0, 16, 1], "texture": "#side"},
				"west": {"uv": [1, 0, 15, 1], "texture": "#side"},
				"up": {"uv": [5, 15, 15, 16], "rotation": 270, "texture": "#top"},
				"down": {"uv": [1, 0, 15, 1], "rotation": 270, "texture": "#side"}
			}
		},
		{
			"from": [13.8, 14, 0.6],
			"to": [15, 15.1, 12.8],
			"rotation": {"angle": 0, "axis": "y", "origin": [7, 15.5, 7]},
			"faces": {
				"north": {"uv": [15, 0, 16, 1], "texture": "#side"},
				"east": {"uv": [1, 0, 15, 1], "texture": "#side"},
				"south": {"uv": [0, 0, 1, 1], "texture": "#side"},
				"west": {"uv": [5, 15, 15, 16], "rotation": 180, "texture": "#top"},
				"up": {"uv": [5, 15, 15, 16], "rotation": 270, "texture": "#top"},
				"down": {"uv": [1, 0, 15, 1], "rotation": 90, "texture": "#side"}
			}
		},
		{
			"from": [1, 7, 15],
			"to": [15, 9, 16],
			"rotation": {"angle": 0, "axis": "y", "origin": [8, 8.25, 8]},
			"faces": {
				"north": {"uv": [15, 1, 16, 14], "texture": "#side"},
				"east": {"uv": [15, 1, 16, 14], "texture": "#side"},
				"south": {"uv": [1, 7, 15, 9], "texture": "#side"},
				"west": {"uv": [15, 1, 16, 14], "texture": "#side"},
				"up": {"uv": [1, 7, 15, 8], "texture": "#side"},
				"down": {"uv": [15, 8, 1, 9], "rotation": 180, "texture": "#side"}
			}
		},
		{
			"from": [0, 0, 0],
			"to": [1, 2, 1],
			"faces": {
				"north": {"uv": [15, 14, 16, 16], "texture": "#front"},
				"east": {"uv": [15, 14, 16, 16], "texture": "#front"},
				"south": {"uv": [0, 14, 1, 16], "texture": "#side"},
				"west": {"uv": [0, 14, 1, 16], "texture": "#side"},
				"up": {"uv": [15, 14, 16, 15], "texture": "#front"},
				"down": {"uv": [15, 15, 16, 16], "texture": "#bottom"}
			}
		},
		{
			"from": [15, 0, 0],
			"to": [16, 2, 1],
			"rotation": {"angle": 0, "axis": "y", "origin": [15, 0, 0]},
			"faces": {
				"north": {"uv": [15, 14, 16, 16], "texture": "#front"},
				"east": {"uv": [15, 14, 16, 16], "texture": "#front"},
				"south": {"uv": [0, 14, 1, 16], "texture": "#side"},
				"west": {"uv": [0, 14, 1, 16], "texture": "#side"},
				"up": {"uv": [15, 14, 16, 15], "texture": "#front"},
				"down": {"uv": [15, 15, 16, 16], "texture": "#bottom"}
			}
		},
		{
			"from": [1, 0, 0],
			"to": [15, 2, 1],
			"faces": {
				"north": {"uv": [1, 14, 15, 16], "texture": "#front"},
				"east": {"uv": [0, 0, 1, 1], "texture": "#front"},
				"south": {"uv": [0, 0, 14, 1], "texture": "#front"},
				"west": {"uv": [0, 0, 1, 1], "texture": "#front"},
				"up": {"uv": [1, 14, 15, 15], "texture": "#front"},
				"down": {"uv": [0, 0, 14, 1], "texture": "#bottom"}
			}
		},
		{
			"from": [1, 5, 0],
			"to": [15, 6, 1],
			"rotation": {"angle": 0, "axis": "y", "origin": [0, 5, 0]},
			"faces": {
				"north": {"uv": [1, 10, 15, 11], "texture": "#front"},
				"east": {"uv": [0, 0, 1, 1], "texture": "#front"},
				"south": {"uv": [0, 0, 14, 1], "texture": "#front"},
				"west": {"uv": [0, 0, 1, 1], "texture": "#front"},
				"up": {"uv": [1, 10, 15, 11], "texture": "#front"},
				"down": {"uv": [1, 10, 15, 11], "texture": "#front"}
			}
		},
		{
			"from": [1, 7, 0],
			"to": [15, 8, 1],
			"rotation": {"angle": 0, "axis": "y", "origin": [0, 7, 0]},
			"faces": {
				"north": {"uv": [1, 10, 15, 11], "texture": "#front"},
				"east": {"uv": [0, 0, 1, 1], "texture": "#front"},
				"south": {"uv": [1, 14, 15, 15], "texture": "#front"},
				"west": {"uv": [0, 0, 1, 1], "texture": "#front"},
				"up": {"uv": [1, 10, 15, 11], "texture": "#front"},
				"down": {"uv": [1, 10, 15, 11], "texture": "#front"}
			}
		},
		{
			"from": [2.2, 6.95, 0],
			"to": [13.8, 7, 1],
			"rotation": {"angle": 0, "axis": "y", "origin": [0, 7, 0]},
			"faces": {
				"north": {"uv": [3, 10, 13, 11], "texture": "#front"},
				"east": {"uv": [0, 0, 1, 1], "texture": "#front"},
				"south": {"uv": [1, 14, 15, 15], "texture": "#front"},
				"west": {"uv": [0, 0, 1, 1], "texture": "#front"},
				"up": {"uv": [1, 10, 15, 11], "texture": "#front"},
				"down": {"uv": [2, 10, 14, 11], "texture": "#front"}
			}
		},
		{
			"from": [3, 4.95, 0],
			"to": [13, 5, 1],
			"rotation": {"angle": 0, "axis": "y", "origin": [0, 5, 0]},
			"faces": {
				"north": {"uv": [3, 10, 13, 11], "texture": "#front"},
				"east": {"uv": [0, 0, 1, 1], "texture": "#front"},
				"south": {"uv": [1, 14, 15, 15], "texture": "#front"},
				"west": {"uv": [0, 0, 1, 1], "texture": "#front"},
				"up": {"uv": [1, 10, 15, 11], "texture": "#front"},
				"down": {"uv": [3, 10, 13, 11], "texture": "#front"}
			}
		},
		{
			"from": [1, 10, 0.6],
			"to": [15, 11, 1.1],
			"rotation": {"angle": 0, "axis": "y", "origin": [0, 10, 0.1]},
			"faces": {
				"north": {"uv": [1, 10, 15, 11], "texture": "#front"},
				"east": {"uv": [0, 0, 1, 1], "texture": "#front"},
				"south": {"uv": [1, 10, 15, 11], "texture": "#front"},
				"west": {"uv": [0, 0, 1, 1], "texture": "#front"},
				"up": {"uv": [1, 10, 15, 11], "texture": "#front"},
				"down": {"uv": [1, 10, 15, 11], "texture": "#front"}
			}
		},
		{
			"from": [1, 9.96967, 0.27322],
			"to": [15, 10.96967, 1.27322],
			"rotation": {"angle": 45, "axis": "x", "origin": [8, 10.46967, 0.52322]},
			"faces": {
				"north": {"uv": [1, 10, 15, 11], "texture": "#front"},
				"east": {"uv": [0, 0, 1, 1], "texture": "#front"},
				"south": {"uv": [1, 10, 15, 11], "texture": "#front"},
				"west": {"uv": [0, 0, 1, 1], "texture": "#front"},
				"up": {"uv": [1, 10, 15, 11], "texture": "#front"},
				"down": {"uv": [1, 10, 15, 11], "texture": "#front"}
			}
		},
		{
			"from": [1, 11, 0.6],
			"to": [15, 12, 1.6],
			"rotation": {"angle": 0, "axis": "y", "origin": [0, 11, 0.6]},
			"faces": {
				"north": {"uv": [1, 8, 15, 9], "texture": "#front"},
				"east": {"uv": [0, 0, 1, 1], "texture": "#front"},
				"south": {"uv": [15, 8, 1, 9], "texture": "#front"},
				"west": {"uv": [0, 0, 1, 1], "texture": "#front"},
				"up": {"uv": [1, 10, 15, 11], "texture": "#front"},
				"down": {"uv": [1, 10, 15, 11], "texture": "#front"}
			}
		},
		{
			"from": [1, 12, 0.6],
			"to": [15, 13, 1.6],
			"rotation": {"angle": 0, "axis": "y", "origin": [0, 12, 0.6]},
			"faces": {
				"north": {"uv": [15, 8, 1, 9], "texture": "#front"},
				"east": {"uv": [0, 0, 1, 1], "texture": "#front"},
				"south": {"uv": [1, 14, 15, 15], "texture": "#front"},
				"west": {"uv": [0, 0, 1, 1], "texture": "#front"},
				"up": {"uv": [1, 10, 15, 11], "texture": "#front"},
				"down": {"uv": [1, 10, 15, 11], "texture": "#front"}
			}
		},
		{
			"from": [1, 13, 0.6],
			"to": [15, 15, 1.6],
			"rotation": {"angle": 0, "axis": "y", "origin": [0, 13, 0.6]},
			"faces": {
				"north": {"uv": [15, 8, 1, 9], "texture": "#front"},
				"east": {"uv": [0, 0, 1, 1], "texture": "#front"},
				"south": {"uv": [15, 14, 1, 15], "texture": "#front"},
				"west": {"uv": [0, 0, 1, 1], "texture": "#front"},
				"up": {"uv": [1, 10, 15, 11], "texture": "#front"},
				"down": {"uv": [1, 10, 15, 11], "texture": "#front"}
			}
		},
		{
			"from": [1, 14.15, 0.75],
			"to": [15, 15.15, 0.85],
			"rotation": {"angle": -22.5, "axis": "x", "origin": [0, 14.15, 0.75]},
			"faces": {
				"north": {"uv": [15, 8, 1, 9], "texture": "#front"},
				"east": {"uv": [0, 0, 1, 1], "texture": "#front"},
				"south": {"uv": [15, 8, 1, 9], "texture": "#front"},
				"west": {"uv": [0, 0, 1, 1], "texture": "#front"},
				"up": {"uv": [1, 10, 15, 11], "texture": "#front"},
				"down": {"uv": [1, 10, 15, 11], "texture": "#front"}
			}
		},
		{
			"from": [1, 15.15, 0.75],
			"to": [15, 16.15, 0.85],
			"rotation": {"angle": -22.5, "axis": "x", "origin": [0, 14.15, 0.75]},
			"faces": {
				"north": {"uv": [1, 14, 15, 15], "texture": "#front"},
				"east": {"uv": [0, 0, 1, 1], "texture": "#front"},
				"south": {"uv": [15, 8, 1, 9], "texture": "#front"},
				"west": {"uv": [0, 0, 1, 1], "texture": "#front"},
				"up": {"uv": [1, 10, 15, 11], "texture": "#front"},
				"down": {"uv": [1, 10, 15, 11], "texture": "#front"}
			}
		},
		{
			"from": [1, 15.3511, 1.42052],
			"to": [15, 16.5511, 1.52052],
			"rotation": {"angle": -45, "axis": "x", "origin": [0, 14.5511, 1.42052]},
			"faces": {
				"north": {"uv": [1, 14, 15, 15], "texture": "#front"},
				"east": {"uv": [0, 0, 1, 1], "texture": "#front"},
				"south": {"uv": [15, 8, 1, 9], "texture": "#front"},
				"west": {"uv": [0, 0, 1, 1], "texture": "#front"},
				"up": {"uv": [1, 10, 15, 11], "texture": "#front"},
				"down": {"uv": [1, 10, 15, 11], "texture": "#front"}
			}
		},
		{
			"from": [2.2, 6, 1],
			"to": [13.8, 7, 2],
			"rotation": {"angle": 0, "axis": "y", "origin": [0, 6, 1]},
			"faces": {
				"north": {"uv": [2, 9, 14, 10], "texture": "#front"},
				"east": {"uv": [0, 0, 1, 1], "texture": "#front"},
				"south": {"uv": [1, 10, 15, 11], "texture": "#front"},
				"west": {"uv": [0, 0, 1, 1], "texture": "#front"},
				"up": {"uv": [1, 10, 15, 11], "texture": "#front"},
				"down": {"uv": [1, 10, 15, 11], "texture": "#front"}
			}
		},
		{
			"from": [13.8, 6, 0],
			"to": [15, 7, 1],
			"rotation": {"angle": 0, "axis": "y", "origin": [0, 7, 0]},
			"faces": {
				"north": {"uv": [1, 10, 2, 11], "texture": "#front"},
				"east": {"uv": [1, 10, 2, 11], "texture": "#front"},
				"south": {"uv": [1, 10, 2, 11], "texture": "#front"},
				"west": {"uv": [1, 10, 2, 11], "texture": "#front"},
				"up": {"uv": [1, 10, 15, 11], "texture": "#front"},
				"down": {"uv": [1, 10, 2, 11], "texture": "#front"}
			}
		},
		{
			"from": [1, 6, 0],
			"to": [2.2, 7, 1],
			"rotation": {"angle": 0, "axis": "y", "origin": [-12.8, 7, 0]},
			"faces": {
				"north": {"uv": [1, 10, 2, 11], "texture": "#front"},
				"east": {"uv": [1, 10, 2, 11], "texture": "#front"},
				"south": {"uv": [1, 10, 2, 11], "texture": "#front"},
				"west": {"uv": [1, 10, 2, 11], "texture": "#front"},
				"up": {"uv": [1, 10, 15, 11], "texture": "#front"},
				"down": {"uv": [1, 10, 2, 11], "texture": "#front"}
			}
		},
		{
			"from": [1, 2, 0],
			"to": [3, 5, 1],
			"rotation": {"angle": 0, "axis": "y", "origin": [1, 2, 0]},
			"faces": {
				"north": {"uv": [14, 8, 16, 11], "texture": "#front"},
				"east": {"uv": [14, 9, 15, 11], "texture": "#front"},
				"south": {"uv": [14, 9, 16, 11], "texture": "#front"},
				"west": {"uv": [0, 0, 2, 2], "texture": "#front"},
				"up": {"uv": [14, 9, 16, 10], "texture": "#front"},
				"down": {"uv": [0, 0, 2, 2], "texture": "#front"}
			}
		},
		{
			"from": [13, 2, 0],
			"to": [15, 5, 1],
			"rotation": {"angle": 0, "axis": "y", "origin": [15, 2, 0]},
			"faces": {
				"north": {"uv": [16, 8, 14, 11], "texture": "#front"},
				"east": {"uv": [2, 0, 0, 2], "texture": "#front"},
				"south": {"uv": [16, 9, 14, 11], "texture": "#front"},
				"west": {"uv": [15, 9, 14, 11], "texture": "#front"},
				"up": {"uv": [16, 9, 14, 10], "texture": "#front"},
				"down": {"uv": [2, 0, 0, 2], "texture": "#front"}
			}
		},
		{
			"from": [0.99134, 8, 0.54078],
			"to": [2.19134, 10, 1.74078],
			"rotation": {"angle": -22.5, "axis": "y", "origin": [0.99134, 8, 0.54078]},
			"faces": {
				"north": {"uv": [1, 2, 2, 4], "texture": "#bottom"},
				"east": {"uv": [0, 0, 1.2, 2], "texture": "#missing"},
				"south": {"uv": [0, 0, 1.2, 2], "texture": "#missing"},
				"west": {"uv": [0, 0, 1.2, 2], "texture": "#missing"},
				"up": {"uv": [0, 0, 1.2, 1.2], "texture": "#missing"},
				"down": {"uv": [0, 0, 1.2, 1.2], "texture": "#missing"}
			}
		},
		{
			"from": [13.80866, 8, 0.54078],
			"to": [15.00866, 10, 1.74078],
			"rotation": {"angle": 22.5, "axis": "y", "origin": [15.00866, 8, 0.54078]},
			"faces": {
				"north": {"uv": [2, 2, 1, 4], "texture": "#bottom"},
				"east": {"uv": [1.2, 0, 0, 2], "texture": "#missing"},
				"south": {"uv": [1.2, 0, 0, 2], "texture": "#missing"},
				"west": {"uv": [1.2, 0, 0, 2], "texture": "#missing"},
				"up": {"uv": [1.2, 0, 0, 1.2], "texture": "#missing"},
				"down": {"uv": [1.2, 0, 0, 1.2], "texture": "#missing"}
			}
		},
		{
			"from": [2.25, 10.25, -0.1],
			"to": [3.25, 16.1, -0.05],
			"rotation": {"angle": 0, "axis": "y", "origin": [2.25, 16, -0.1]},
			"faces": {
				"north": {"uv": [13, 0, 14, 6], "texture": "#front"},
				"east": {"uv": [13, 0, 14, 8], "texture": "#front"},
				"south": {"uv": [13, 0, 14, 8], "texture": "#front"},
				"west": {"uv": [13, 0, 14, 8], "texture": "#front"},
				"up": {"uv": [13, 0, 14, 1], "texture": "#front"},
				"down": {"uv": [13, 7, 14, 8], "texture": "#front"}
			}
		},
		{
			"from": [2.25, 6.40761, -0.06173],
			"to": [3.25, 10.25761, -0.01173],
			"rotation": {"angle": -22.5, "axis": "x", "origin": [2.25, 10.15761, -0.06173]},
			"faces": {
				"north": {"uv": [13, 0, 14, 8], "texture": "#front"},
				"east": {"uv": [13, 0, 14, 8], "texture": "#front"},
				"south": {"uv": [13, 0, 14, 8], "texture": "#front"},
				"west": {"uv": [13, 0, 14, 8], "texture": "#front"},
				"up": {"uv": [13, 0, 14, 1], "texture": "#front"},
				"down": {"uv": [13, 7, 14, 8], "texture": "#front"}
			}
		},
		{
			"from": [3.75, 7.65761, 0.83827],
			"to": [4.75, 7.70761, 8.93827],
			"rotation": {"angle": 0, "axis": "x", "origin": [3.75, 7.65761, 0.93827]},
			"faces": {
				"north": {"uv": [13, 0, 14, 1], "rotation": 180, "texture": "#front"},
				"east": {"uv": [13, 0, 14, 8], "rotation": 90, "texture": "#front"},
				"south": {"uv": [13, 7, 14, 8], "texture": "#front"},
				"west": {"uv": [13, 0, 14, 8], "rotation": 270, "texture": "#front"},
				"up": {"uv": [13, 0, 14, 8], "texture": "#front"},
				"down": {"uv": [13, 0, 14, 8], "rotation": 180, "texture": "#front"}
			}
		},
		{
			"from": [5.25, 7.65761, 0.83827],
			"to": [6.25, 7.70761, 8.93827],
			"rotation": {"angle": 0, "axis": "y", "origin": [5.25, 7.65761, 0.93827]},
			"faces": {
				"north": {"uv": [13, 0, 14, 1], "rotation": 180, "texture": "#front"},
				"east": {"uv": [13, 0, 14, 8], "rotation": 90, "texture": "#front"},
				"south": {"uv": [13, 7, 14, 8], "texture": "#front"},
				"west": {"uv": [13, 0, 14, 8], "rotation": 270, "texture": "#front"},
				"up": {"uv": [13, 0, 14, 8], "texture": "#front"},
				"down": {"uv": [13, 0, 14, 8], "rotation": 180, "texture": "#front"}
			}
		},
		{
			"from": [6.75, 7.65761, 0.83827],
			"to": [7.75, 7.70761, 8.93827],
			"rotation": {"angle": 0, "axis": "y", "origin": [6.75, 7.65761, 0.93827]},
			"faces": {
				"north": {"uv": [13, 0, 14, 1], "rotation": 180, "texture": "#front"},
				"east": {"uv": [13, 0, 14, 8], "rotation": 90, "texture": "#front"},
				"south": {"uv": [13, 7, 14, 8], "texture": "#front"},
				"west": {"uv": [13, 0, 14, 8], "rotation": 270, "texture": "#front"},
				"up": {"uv": [13, 0, 14, 8], "texture": "#front"},
				"down": {"uv": [13, 0, 14, 8], "rotation": 180, "texture": "#front"}
			}
		},
		{
			"from": [8.25, 7.65761, 0.83827],
			"to": [9.25, 7.70761, 8.93827],
			"rotation": {"angle": 0, "axis": "y", "origin": [8.25, 7.65761, 0.93827]},
			"faces": {
				"north": {"uv": [13, 0, 14, 1], "rotation": 180, "texture": "#front"},
				"east": {"uv": [13, 0, 14, 8], "rotation": 90, "texture": "#front"},
				"south": {"uv": [13, 7, 14, 8], "texture": "#front"},
				"west": {"uv": [13, 0, 14, 8], "rotation": 270, "texture": "#front"},
				"up": {"uv": [13, 0, 14, 8], "texture": "#front"},
				"down": {"uv": [13, 0, 14, 8], "rotation": 180, "texture": "#front"}
			}
		},
		{
			"from": [9.75, 7.65761, 0.83827],
			"to": [10.75, 7.70761, 8.93827],
			"rotation": {"angle": 0, "axis": "y", "origin": [9.75, 7.65761, 0.93827]},
			"faces": {
				"north": {"uv": [13, 0, 14, 1], "rotation": 180, "texture": "#front"},
				"east": {"uv": [13, 0, 14, 8], "rotation": 90, "texture": "#front"},
				"south": {"uv": [13, 7, 14, 8], "texture": "#front"},
				"west": {"uv": [13, 0, 14, 8], "rotation": 270, "texture": "#front"},
				"up": {"uv": [13, 0, 14, 8], "texture": "#front"},
				"down": {"uv": [13, 0, 14, 8], "rotation": 180, "texture": "#front"}
			}
		},
		{
			"from": [11.25, 7.65761, 0.83827],
			"to": [12.25, 7.70761, 8.93827],
			"rotation": {"angle": 0, "axis": "y", "origin": [11.25, 7.65761, 0.93827]},
			"faces": {
				"north": {"uv": [13, 0, 14, 1], "rotation": 180, "texture": "#front"},
				"east": {"uv": [13, 0, 14, 8], "rotation": 90, "texture": "#front"},
				"south": {"uv": [13, 7, 14, 8], "texture": "#front"},
				"west": {"uv": [13, 0, 14, 8], "rotation": 270, "texture": "#front"},
				"up": {"uv": [13, 0, 14, 8], "texture": "#front"},
				"down": {"uv": [13, 0, 14, 8], "rotation": 180, "texture": "#front"}
			}
		},
		{
			"from": [12.75, 7.65761, 0.83827],
			"to": [13.75, 7.70761, 8.93827],
			"rotation": {"angle": 0, "axis": "y", "origin": [12.75, 7.65761, 0.93827]},
			"faces": {
				"north": {"uv": [13, 0, 14, 1], "rotation": 180, "texture": "#front"},
				"east": {"uv": [13, 0, 14, 8], "rotation": 90, "texture": "#front"},
				"south": {"uv": [13, 7, 14, 8], "texture": "#front"},
				"west": {"uv": [13, 0, 14, 8], "rotation": 270, "texture": "#front"},
				"up": {"uv": [13, 0, 14, 8], "texture": "#front"},
				"down": {"uv": [13, 0, 14, 8], "rotation": 180, "texture": "#front"}
			}
		},
		{
			"from": [2.25, 18.25424, 5.27795],
			"to": [3.25, 18.30424, 11.42795],
			"rotation": {"angle": 22.5, "axis": "x", "origin": [2.25, 18.25424, 5.37795]},
			"faces": {
				"north": {"uv": [13, 0, 14, 1], "rotation": 180, "texture": "#front", "cullface": "up"},
				"east": {"uv": [13, 0, 14, 8], "rotation": 90, "texture": "#front", "cullface": "up"},
				"south": {"uv": [13, 7, 14, 8], "texture": "#front", "cullface": "up"},
				"west": {"uv": [13, 0, 14, 8], "rotation": 270, "texture": "#front", "cullface": "up"},
				"up": {"uv": [13, 0, 14, 8], "texture": "#front", "cullface": "up"},
				"down": {"uv": [13, 0, 14, 6], "rotation": 180, "texture": "#front", "cullface": "up"}
			}
		},
		{
			"from": [2.25, 16.57794, 11.56757],
			"to": [3.25, 19.22794, 11.61757],
			"rotation": {"angle": 22.5, "axis": "x", "origin": [2.25, 16.57794, 11.56757]},
			"faces": {
				"north": {"uv": [13, 0, 14, 3], "rotation": 180, "texture": "#front", "cullface": "up"},
				"east": {"uv": [13, 0, 14, 8], "rotation": 180, "texture": "#front", "cullface": "up"},
				"south": {"uv": [13, 0, 14, 6], "rotation": 180, "texture": "#front", "cullface": "up"},
				"west": {"uv": [13, 0, 14, 8], "rotation": 180, "texture": "#front", "cullface": "up"},
				"up": {"uv": [13, 7, 14, 8], "texture": "#front", "cullface": "up"},
				"down": {"uv": [13, 0, 14, 1], "texture": "#front", "cullface": "up"}
			}
		},
		{
			"from": [2.25, 6.0022, 12.76965],
			"to": [3.25, 19.6522, 12.81965],
			"rotation": {"angle": 22.5, "axis": "x", "origin": [2.25, 17.0022, 12.76965]},
			"faces": {
				"north": {"uv": [13, 0, 14, 3], "rotation": 180, "texture": "#front", "cullface": "up"},
				"east": {"uv": [13, 0, 14, 8], "rotation": 180, "texture": "#front", "cullface": "up"},
				"south": {"uv": [13, 0, 14, 6], "rotation": 180, "texture": "#front", "cullface": "up"},
				"west": {"uv": [13, 0, 14, 8], "rotation": 180, "texture": "#front", "cullface": "up"},
				"up": {"uv": [13, 7, 14, 8], "texture": "#front", "cullface": "up"},
				"down": {"uv": [13, 0, 14, 1], "texture": "#front", "cullface": "up"}
			}
		},
		{
			"from": [2.25, 16.17371, 12.58522],
			"to": [3.25, 17.07371, 12.63522],
			"rotation": {"angle": 45, "axis": "x", "origin": [2.25, 18.05424, 11.52795]},
			"faces": {
				"north": {"uv": [13, 0, 14, 1], "rotation": 180, "texture": "#front", "cullface": "up"},
				"east": {"uv": [13, 0, 14, 8], "rotation": 180, "texture": "#front", "cullface": "up"},
				"south": {"uv": [13, 0, 14, 1], "rotation": 180, "texture": "#front", "cullface": "up"},
				"west": {"uv": [13, 0, 14, 8], "rotation": 180, "texture": "#front", "cullface": "up"},
				"up": {"uv": [13, 7, 14, 8], "texture": "#front", "cullface": "up"},
				"down": {"uv": [13, 0, 14, 1], "texture": "#front", "cullface": "up"}
			}
		},
		{
			"from": [2.25, 19.23925, 14.23192],
			"to": [3.25, 20.33925, 14.28192],
			"rotation": {"angle": 45, "axis": "x", "origin": [2.25, 21.11978, 13.17465]},
			"faces": {
				"north": {"uv": [13, 0, 14, 1], "rotation": 180, "texture": "#front", "cullface": "up"},
				"east": {"uv": [13, 0, 14, 8], "rotation": 180, "texture": "#front", "cullface": "up"},
				"south": {"uv": [13, 0, 14, 1], "rotation": 180, "texture": "#front", "cullface": "up"},
				"west": {"uv": [13, 0, 14, 8], "rotation": 180, "texture": "#front", "cullface": "up"},
				"up": {"uv": [13, 7, 14, 8], "texture": "#front", "cullface": "up"},
				"down": {"uv": [13, 0, 14, 1], "texture": "#front", "cullface": "up"}
			}
		},
		{
			"from": [2.25, 18.16621, 13.6025],
			"to": [3.25, 18.21621, 14.2025],
			"rotation": {"angle": 45, "axis": "x", "origin": [2.25, 19.27348, 15.48303]},
			"faces": {
				"north": {"uv": [13, 0, 14, 1], "rotation": 180, "texture": "#front", "cullface": "up"},
				"east": {"uv": [13, 0, 14, 8], "rotation": 90, "texture": "#front", "cullface": "up"},
				"south": {"uv": [13, 7, 14, 8], "texture": "#front", "cullface": "up"},
				"west": {"uv": [13, 0, 14, 8], "rotation": 270, "texture": "#front", "cullface": "up"},
				"up": {"uv": [13, 0, 14, 1], "texture": "#front", "cullface": "up"},
				"down": {"uv": [13, 0, 14, 1], "rotation": 180, "texture": "#front", "cullface": "up"}
			}
		},
		{
			"from": [2.25, 16.09207, -0.08848],
			"to": [3.25, 16.14207, 5.76152],
			"rotation": {"angle": -22.5, "axis": "x", "origin": [2.25, 16.09207, 0.01152]},
			"faces": {
				"north": {"uv": [13, 0, 14, 1], "rotation": 180, "texture": "#front", "cullface": "up"},
				"east": {"uv": [13, 0, 14, 8], "rotation": 90, "texture": "#front", "cullface": "up"},
				"south": {"uv": [13, 7, 14, 8], "texture": "#front", "cullface": "up"},
				"west": {"uv": [13, 0, 14, 8], "rotation": 270, "texture": "#front", "cullface": "up"},
				"up": {"uv": [13, 0, 14, 8], "texture": "#front", "cullface": "up"},
				"down": {"uv": [13, 0, 14, 6], "rotation": 180, "texture": "#front", "cullface": "up"}
			}
		},
		{
			"from": [3.75, 10.25, -0.1],
			"to": [4.75, 16.1, -0.05],
			"rotation": {"angle": 0, "axis": "y", "origin": [3.75, 16, -0.1]},
			"faces": {
				"north": {"uv": [13, 0, 14, 6], "texture": "#front"},
				"east": {"uv": [13, 0, 14, 8], "texture": "#front"},
				"south": {"uv": [13, 0, 14, 8], "texture": "#front"},
				"west": {"uv": [13, 0, 14, 8], "texture": "#front"},
				"up": {"uv": [13, 0, 14, 1], "texture": "#front"},
				"down": {"uv": [13, 7, 14, 8], "texture": "#front"}
			}
		},
		{
			"from": [3.75, 6.40761, -0.06173],
			"to": [4.75, 10.25761, -0.01173],
			"rotation": {"angle": -22.5, "axis": "x", "origin": [3.75, 10.15761, -0.06173]},
			"faces": {
				"north": {"uv": [13, 0, 14, 8], "texture": "#front"},
				"east": {"uv": [13, 0, 14, 8], "texture": "#front"},
				"south": {"uv": [13, 0, 14, 8], "texture": "#front"},
				"west": {"uv": [13, 0, 14, 8], "texture": "#front"},
				"up": {"uv": [13, 0, 14, 1], "texture": "#front"},
				"down": {"uv": [13, 7, 14, 8], "texture": "#front"}
			}
		},
		{
			"from": [3.75, 18.25424, 5.27795],
			"to": [4.75, 18.30424, 11.42795],
			"rotation": {"angle": 22.5, "axis": "x", "origin": [3.75, 18.25424, 5.37795]},
			"faces": {
				"north": {"uv": [13, 0, 14, 1], "rotation": 180, "texture": "#front", "cullface": "up"},
				"east": {"uv": [13, 0, 14, 8], "rotation": 90, "texture": "#front", "cullface": "up"},
				"south": {"uv": [13, 7, 14, 8], "texture": "#front", "cullface": "up"},
				"west": {"uv": [13, 0, 14, 8], "rotation": 270, "texture": "#front", "cullface": "up"},
				"up": {"uv": [13, 0, 14, 8], "texture": "#front", "cullface": "up"},
				"down": {"uv": [13, 0, 14, 6], "rotation": 180, "texture": "#front", "cullface": "up"}
			}
		},
		{
			"from": [3.75, 16.57794, 11.56757],
			"to": [4.75, 19.22794, 11.61757],
			"rotation": {"angle": 22.5, "axis": "x", "origin": [3.75, 16.57794, 11.56757]},
			"faces": {
				"north": {"uv": [13, 0, 14, 3], "rotation": 180, "texture": "#front", "cullface": "up"},
				"east": {"uv": [13, 0, 14, 8], "rotation": 180, "texture": "#front", "cullface": "up"},
				"south": {"uv": [13, 0, 14, 6], "rotation": 180, "texture": "#front", "cullface": "up"},
				"west": {"uv": [13, 0, 14, 8], "rotation": 180, "texture": "#front", "cullface": "up"},
				"up": {"uv": [13, 7, 14, 8], "texture": "#front", "cullface": "up"},
				"down": {"uv": [13, 0, 14, 1], "texture": "#front", "cullface": "up"}
			}
		},
		{
			"from": [3.75, 6.0022, 12.76965],
			"to": [4.75, 19.6522, 12.81965],
			"rotation": {"angle": 22.5, "axis": "x", "origin": [3.75, 17.0022, 12.76965]},
			"faces": {
				"north": {"uv": [13, 0, 14, 3], "rotation": 180, "texture": "#front", "cullface": "up"},
				"east": {"uv": [13, 0, 14, 8], "rotation": 180, "texture": "#front", "cullface": "up"},
				"south": {"uv": [13, 0, 14, 6], "rotation": 180, "texture": "#front", "cullface": "up"},
				"west": {"uv": [13, 0, 14, 8], "rotation": 180, "texture": "#front", "cullface": "up"},
				"up": {"uv": [13, 7, 14, 8], "texture": "#front", "cullface": "up"},
				"down": {"uv": [13, 0, 14, 1], "texture": "#front", "cullface": "up"}
			}
		},
		{
			"from": [3.75, 16.17371, 12.58522],
			"to": [4.75, 17.07371, 12.63522],
			"rotation": {"angle": 45, "axis": "x", "origin": [3.75, 18.05424, 11.52795]},
			"faces": {
				"north": {"uv": [13, 0, 14, 1], "rotation": 180, "texture": "#front", "cullface": "up"},
				"east": {"uv": [13, 0, 14, 8], "rotation": 180, "texture": "#front", "cullface": "up"},
				"south": {"uv": [13, 0, 14, 1], "rotation": 180, "texture": "#front", "cullface": "up"},
				"west": {"uv": [13, 0, 14, 8], "rotation": 180, "texture": "#front", "cullface": "up"},
				"up": {"uv": [13, 7, 14, 8], "texture": "#front", "cullface": "up"},
				"down": {"uv": [13, 0, 14, 1], "texture": "#front", "cullface": "up"}
			}
		},
		{
			"from": [3.75, 19.23925, 14.23192],
			"to": [4.75, 20.33925, 14.28192],
			"rotation": {"angle": 45, "axis": "x", "origin": [3.75, 21.11978, 13.17465]},
			"faces": {
				"north": {"uv": [13, 0, 14, 1], "rotation": 180, "texture": "#front", "cullface": "up"},
				"east": {"uv": [13, 0, 14, 8], "rotation": 180, "texture": "#front", "cullface": "up"},
				"south": {"uv": [13, 0, 14, 1], "rotation": 180, "texture": "#front", "cullface": "up"},
				"west": {"uv": [13, 0, 14, 8], "rotation": 180, "texture": "#front", "cullface": "up"},
				"up": {"uv": [13, 7, 14, 8], "texture": "#front", "cullface": "up"},
				"down": {"uv": [13, 0, 14, 1], "texture": "#front", "cullface": "up"}
			}
		},
		{
			"from": [3.75, 18.16621, 13.6025],
			"to": [4.75, 18.21621, 14.2025],
			"rotation": {"angle": 45, "axis": "x", "origin": [3.75, 19.27348, 15.48303]},
			"faces": {
				"north": {"uv": [13, 0, 14, 1], "rotation": 180, "texture": "#front", "cullface": "up"},
				"east": {"uv": [13, 0, 14, 8], "rotation": 90, "texture": "#front", "cullface": "up"},
				"south": {"uv": [13, 7, 14, 8], "texture": "#front", "cullface": "up"},
				"west": {"uv": [13, 0, 14, 8], "rotation": 270, "texture": "#front", "cullface": "up"},
				"up": {"uv": [13, 0, 14, 1], "texture": "#front", "cullface": "up"},
				"down": {"uv": [13, 0, 14, 1], "rotation": 180, "texture": "#front", "cullface": "up"}
			}
		},
		{
			"from": [3.75, 16.09207, -0.08848],
			"to": [4.75, 16.14207, 5.76152],
			"rotation": {"angle": -22.5, "axis": "x", "origin": [3.75, 16.09207, 0.01152]},
			"faces": {
				"north": {"uv": [13, 0, 14, 1], "rotation": 180, "texture": "#front", "cullface": "up"},
				"east": {"uv": [13, 0, 14, 8], "rotation": 90, "texture": "#front", "cullface": "up"},
				"south": {"uv": [13, 7, 14, 8], "texture": "#front", "cullface": "up"},
				"west": {"uv": [13, 0, 14, 8], "rotation": 270, "texture": "#front", "cullface": "up"},
				"up": {"uv": [13, 0, 14, 8], "texture": "#front", "cullface": "up"},
				"down": {"uv": [13, 0, 14, 6], "rotation": 180, "texture": "#front", "cullface": "up"}
			}
		},
		{
			"from": [2.25, 7.65761, 0.83827],
			"to": [3.25, 7.70761, 8.93827],
			"rotation": {"angle": 0, "axis": "y", "origin": [2.25, 7.65761, 0.93827]},
			"faces": {
				"north": {"uv": [13, 0, 14, 1], "rotation": 180, "texture": "#front"},
				"east": {"uv": [13, 0, 14, 8], "rotation": 90, "texture": "#front"},
				"south": {"uv": [13, 7, 14, 8], "texture": "#front"},
				"west": {"uv": [13, 0, 14, 8], "rotation": 270, "texture": "#front"},
				"up": {"uv": [13, 0, 14, 8], "texture": "#front"},
				"down": {"uv": [13, 0, 14, 8], "rotation": 180, "texture": "#front"}
			}
		},
		{
			"from": [12.75, 13.00761, 0.83827],
			"to": [13.75, 13.05761, 12.13827],
			"rotation": {"angle": -22.5, "axis": "x", "origin": [8, 13.03261, 7.88827]},
			"faces": {
				"north": {"uv": [13, 0, 14, 1], "rotation": 180, "texture": "#front"},
				"east": {"uv": [13, 0, 14, 8], "rotation": 90, "texture": "#front"},
				"south": {"uv": [13, 7, 14, 8], "texture": "#front"},
				"west": {"uv": [13, 0, 14, 8], "rotation": 270, "texture": "#front"},
				"up": {"uv": [13, 0, 14, 8], "texture": "#front"},
				"down": {"uv": [13, 0, 14, 8], "rotation": 180, "texture": "#front"}
			}
		},
		{
			"from": [11.25, 13.00761, 0.83827],
			"to": [12.25, 13.05761, 12.13827],
			"rotation": {"angle": -22.5, "axis": "x", "origin": [8, 13.03261, 7.88827]},
			"faces": {
				"north": {"uv": [13, 0, 14, 1], "rotation": 180, "texture": "#front"},
				"east": {"uv": [13, 0, 14, 8], "rotation": 90, "texture": "#front"},
				"south": {"uv": [13, 7, 14, 8], "texture": "#front"},
				"west": {"uv": [13, 0, 14, 8], "rotation": 270, "texture": "#front"},
				"up": {"uv": [13, 0, 14, 8], "texture": "#front"},
				"down": {"uv": [13, 0, 14, 8], "rotation": 180, "texture": "#front"}
			}
		},
		{
			"from": [9.75, 13.00761, 0.83827],
			"to": [10.75, 13.05761, 12.13827],
			"rotation": {"angle": -22.5, "axis": "x", "origin": [8, 13.03261, 7.88827]},
			"faces": {
				"north": {"uv": [13, 0, 14, 1], "rotation": 180, "texture": "#front"},
				"east": {"uv": [13, 0, 14, 8], "rotation": 90, "texture": "#front"},
				"south": {"uv": [13, 7, 14, 8], "texture": "#front"},
				"west": {"uv": [13, 0, 14, 8], "rotation": 270, "texture": "#front"},
				"up": {"uv": [13, 0, 14, 8], "texture": "#front"},
				"down": {"uv": [13, 0, 14, 8], "rotation": 180, "texture": "#front"}
			}
		},
		{
			"from": [8.25, 13.00761, 0.83827],
			"to": [9.25, 13.05761, 12.13827],
			"rotation": {"angle": -22.5, "axis": "x", "origin": [8, 13.03261, 7.88827]},
			"faces": {
				"north": {"uv": [13, 0, 14, 1], "rotation": 180, "texture": "#front"},
				"east": {"uv": [13, 0, 14, 8], "rotation": 90, "texture": "#front"},
				"south": {"uv": [13, 7, 14, 8], "texture": "#front"},
				"west": {"uv": [13, 0, 14, 8], "rotation": 270, "texture": "#front"},
				"up": {"uv": [13, 0, 14, 8], "texture": "#front"},
				"down": {"uv": [13, 0, 14, 8], "rotation": 180, "texture": "#front"}
			}
		},
		{
			"from": [6.75, 13.00761, 0.83827],
			"to": [7.75, 13.05761, 12.13827],
			"rotation": {"angle": -22.5, "axis": "x", "origin": [8, 13.03261, 7.88827]},
			"faces": {
				"north": {"uv": [13, 0, 14, 1], "rotation": 180, "texture": "#front"},
				"east": {"uv": [13, 0, 14, 8], "rotation": 90, "texture": "#front"},
				"south": {"uv": [13, 7, 14, 8], "texture": "#front"},
				"west": {"uv": [13, 0, 14, 8], "rotation": 270, "texture": "#front"},
				"up": {"uv": [13, 0, 14, 8], "texture": "#front"},
				"down": {"uv": [13, 0, 14, 8], "rotation": 180, "texture": "#front"}
			}
		},
		{
			"from": [5.25, 13.00761, 0.83827],
			"to": [6.25, 13.05761, 12.13827],
			"rotation": {"angle": -22.5, "axis": "x", "origin": [8, 13.03261, 7.88827]},
			"faces": {
				"north": {"uv": [13, 0, 14, 1], "rotation": 180, "texture": "#front"},
				"east": {"uv": [13, 0, 14, 8], "rotation": 90, "texture": "#front"},
				"south": {"uv": [13, 7, 14, 8], "texture": "#front"},
				"west": {"uv": [13, 0, 14, 8], "rotation": 270, "texture": "#front"},
				"up": {"uv": [13, 0, 14, 8], "texture": "#front"},
				"down": {"uv": [13, 0, 14, 8], "rotation": 180, "texture": "#front"}
			}
		},
		{
			"from": [3.75, 13.00761, 0.83827],
			"to": [4.75, 13.05761, 12.13827],
			"rotation": {"angle": -22.5, "axis": "x", "origin": [8, 13.03261, 7.88827]},
			"faces": {
				"north": {"uv": [13, 0, 14, 1], "rotation": 180, "texture": "#front"},
				"east": {"uv": [13, 0, 14, 8], "rotation": 90, "texture": "#front"},
				"south": {"uv": [13, 7, 14, 8], "texture": "#front"},
				"west": {"uv": [13, 0, 14, 8], "rotation": 270, "texture": "#front"},
				"up": {"uv": [13, 0, 14, 8], "texture": "#front"},
				"down": {"uv": [13, 0, 14, 8], "rotation": 180, "texture": "#front"}
			}
		},
		{
			"from": [2.25, 13.00761, 0.83827],
			"to": [3.25, 13.05761, 12.13827],
			"rotation": {"angle": -22.5, "axis": "x", "origin": [8, 13.03261, 7.88827]},
			"faces": {
				"north": {"uv": [13, 0, 14, 1], "rotation": 180, "texture": "#front"},
				"east": {"uv": [13, 0, 14, 8], "rotation": 90, "texture": "#front"},
				"south": {"uv": [13, 7, 14, 8], "texture": "#front"},
				"west": {"uv": [13, 0, 14, 8], "rotation": 270, "texture": "#front"},
				"up": {"uv": [13, 0, 14, 8], "texture": "#front"},
				"down": {"uv": [13, 0, 14, 8], "rotation": 180, "texture": "#front"}
			}
		},
		{
			"from": [6.75, 10.25, -0.1],
			"to": [7.75, 16.1, -0.05],
			"rotation": {"angle": 0, "axis": "y", "origin": [6.75, 16, -0.1]},
			"faces": {
				"north": {"uv": [13, 0, 14, 6], "texture": "#front"},
				"east": {"uv": [13, 0, 14, 8], "texture": "#front"},
				"south": {"uv": [13, 0, 14, 8], "texture": "#front"},
				"west": {"uv": [13, 0, 14, 8], "texture": "#front"},
				"up": {"uv": [13, 0, 14, 1], "texture": "#front"},
				"down": {"uv": [13, 7, 14, 8], "texture": "#front"}
			}
		},
		{
			"from": [6.75, 6.40761, -0.06173],
			"to": [7.75, 10.25761, -0.01173],
			"rotation": {"angle": -22.5, "axis": "x", "origin": [6.75, 10.15761, -0.06173]},
			"faces": {
				"north": {"uv": [13, 0, 14, 8], "texture": "#front"},
				"east": {"uv": [13, 0, 14, 8], "texture": "#front"},
				"south": {"uv": [13, 0, 14, 8], "texture": "#front"},
				"west": {"uv": [13, 0, 14, 8], "texture": "#front"},
				"up": {"uv": [13, 0, 14, 1], "texture": "#front"},
				"down": {"uv": [13, 7, 14, 8], "texture": "#front"}
			}
		},
		{
			"from": [6.75, 18.25424, 5.27795],
			"to": [7.75, 18.30424, 11.42795],
			"rotation": {"angle": 22.5, "axis": "x", "origin": [6.75, 18.25424, 5.37795]},
			"faces": {
				"north": {"uv": [13, 0, 14, 1], "rotation": 180, "texture": "#front", "cullface": "up"},
				"east": {"uv": [13, 0, 14, 8], "rotation": 90, "texture": "#front", "cullface": "up"},
				"south": {"uv": [13, 7, 14, 8], "texture": "#front", "cullface": "up"},
				"west": {"uv": [13, 0, 14, 8], "rotation": 270, "texture": "#front", "cullface": "up"},
				"up": {"uv": [13, 0, 14, 8], "texture": "#front", "cullface": "up"},
				"down": {"uv": [13, 0, 14, 6], "rotation": 180, "texture": "#front", "cullface": "up"}
			}
		},
		{
			"from": [6.75, 16.57794, 11.56757],
			"to": [7.75, 19.22794, 11.61757],
			"rotation": {"angle": 22.5, "axis": "x", "origin": [6.75, 16.57794, 11.56757]},
			"faces": {
				"north": {"uv": [13, 0, 14, 3], "rotation": 180, "texture": "#front", "cullface": "up"},
				"east": {"uv": [13, 0, 14, 8], "rotation": 180, "texture": "#front", "cullface": "up"},
				"south": {"uv": [13, 0, 14, 6], "rotation": 180, "texture": "#front", "cullface": "up"},
				"west": {"uv": [13, 0, 14, 8], "rotation": 180, "texture": "#front", "cullface": "up"},
				"up": {"uv": [13, 7, 14, 8], "texture": "#front", "cullface": "up"},
				"down": {"uv": [13, 0, 14, 1], "texture": "#front", "cullface": "up"}
			}
		},
		{
			"from": [6.75, 6.0022, 12.76965],
			"to": [7.75, 19.6522, 12.81965],
			"rotation": {"angle": 22.5, "axis": "x", "origin": [6.75, 17.0022, 12.76965]},
			"faces": {
				"north": {"uv": [13, 0, 14, 3], "rotation": 180, "texture": "#front", "cullface": "up"},
				"east": {"uv": [13, 0, 14, 8], "rotation": 180, "texture": "#front", "cullface": "up"},
				"south": {"uv": [13, 0, 14, 6], "rotation": 180, "texture": "#front", "cullface": "up"},
				"west": {"uv": [13, 0, 14, 8], "rotation": 180, "texture": "#front", "cullface": "up"},
				"up": {"uv": [13, 7, 14, 8], "texture": "#front", "cullface": "up"},
				"down": {"uv": [13, 0, 14, 1], "texture": "#front", "cullface": "up"}
			}
		},
		{
			"from": [6.75, 16.17371, 12.58522],
			"to": [7.75, 17.07371, 12.63522],
			"rotation": {"angle": 45, "axis": "x", "origin": [6.75, 18.05424, 11.52795]},
			"faces": {
				"north": {"uv": [13, 0, 14, 1], "rotation": 180, "texture": "#front", "cullface": "up"},
				"east": {"uv": [13, 0, 14, 8], "rotation": 180, "texture": "#front", "cullface": "up"},
				"south": {"uv": [13, 0, 14, 1], "rotation": 180, "texture": "#front", "cullface": "up"},
				"west": {"uv": [13, 0, 14, 8], "rotation": 180, "texture": "#front", "cullface": "up"},
				"up": {"uv": [13, 7, 14, 8], "texture": "#front", "cullface": "up"},
				"down": {"uv": [13, 0, 14, 1], "texture": "#front", "cullface": "up"}
			}
		},
		{
			"from": [6.75, 19.23925, 14.23192],
			"to": [7.75, 20.33925, 14.28192],
			"rotation": {"angle": 45, "axis": "x", "origin": [6.75, 21.11978, 13.17465]},
			"faces": {
				"north": {"uv": [13, 0, 14, 1], "rotation": 180, "texture": "#front", "cullface": "up"},
				"east": {"uv": [13, 0, 14, 8], "rotation": 180, "texture": "#front", "cullface": "up"},
				"south": {"uv": [13, 0, 14, 1], "rotation": 180, "texture": "#front", "cullface": "up"},
				"west": {"uv": [13, 0, 14, 8], "rotation": 180, "texture": "#front", "cullface": "up"},
				"up": {"uv": [13, 7, 14, 8], "texture": "#front", "cullface": "up"},
				"down": {"uv": [13, 0, 14, 1], "texture": "#front", "cullface": "up"}
			}
		},
		{
			"from": [6.75, 18.16621, 13.6025],
			"to": [7.75, 18.21621, 14.2025],
			"rotation": {"angle": 45, "axis": "x", "origin": [6.75, 19.27348, 15.48303]},
			"faces": {
				"north": {"uv": [13, 0, 14, 1], "rotation": 180, "texture": "#front", "cullface": "up"},
				"east": {"uv": [13, 0, 14, 8], "rotation": 90, "texture": "#front", "cullface": "up"},
				"south": {"uv": [13, 7, 14, 8], "texture": "#front", "cullface": "up"},
				"west": {"uv": [13, 0, 14, 8], "rotation": 270, "texture": "#front", "cullface": "up"},
				"up": {"uv": [13, 0, 14, 1], "texture": "#front", "cullface": "up"},
				"down": {"uv": [13, 0, 14, 1], "rotation": 180, "texture": "#front", "cullface": "up"}
			}
		},
		{
			"from": [6.75, 16.09207, -0.08848],
			"to": [7.75, 16.14207, 5.76152],
			"rotation": {"angle": -22.5, "axis": "x", "origin": [6.75, 16.09207, 0.01152]},
			"faces": {
				"north": {"uv": [13, 0, 14, 1], "rotation": 180, "texture": "#front", "cullface": "up"},
				"east": {"uv": [13, 0, 14, 8], "rotation": 90, "texture": "#front", "cullface": "up"},
				"south": {"uv": [13, 7, 14, 8], "texture": "#front", "cullface": "up"},
				"west": {"uv": [13, 0, 14, 8], "rotation": 270, "texture": "#front", "cullface": "up"},
				"up": {"uv": [13, 0, 14, 8], "texture": "#front", "cullface": "up"},
				"down": {"uv": [13, 0, 14, 6], "rotation": 180, "texture": "#front", "cullface": "up"}
			}
		},
		{
			"from": [5.25, 10.25, -0.1],
			"to": [6.25, 16.1, -0.05],
			"rotation": {"angle": 0, "axis": "y", "origin": [5.25, 16, -0.1]},
			"faces": {
				"north": {"uv": [13, 0, 14, 6], "texture": "#front"},
				"east": {"uv": [13, 0, 14, 8], "texture": "#front"},
				"south": {"uv": [13, 0, 14, 8], "texture": "#front"},
				"west": {"uv": [13, 0, 14, 8], "texture": "#front"},
				"up": {"uv": [13, 0, 14, 1], "texture": "#front"},
				"down": {"uv": [13, 7, 14, 8], "texture": "#front"}
			}
		},
		{
			"from": [5.25, 6.40761, -0.06173],
			"to": [6.25, 10.25761, -0.01173],
			"rotation": {"angle": -22.5, "axis": "x", "origin": [5.25, 10.15761, -0.06173]},
			"faces": {
				"north": {"uv": [13, 0, 14, 8], "texture": "#front"},
				"east": {"uv": [13, 0, 14, 8], "texture": "#front"},
				"south": {"uv": [13, 0, 14, 8], "texture": "#front"},
				"west": {"uv": [13, 0, 14, 8], "texture": "#front"},
				"up": {"uv": [13, 0, 14, 1], "texture": "#front"},
				"down": {"uv": [13, 7, 14, 8], "texture": "#front"}
			}
		},
		{
			"from": [5.25, 18.25424, 5.27795],
			"to": [6.25, 18.30424, 11.42795],
			"rotation": {"angle": 22.5, "axis": "x", "origin": [5.25, 18.25424, 5.37795]},
			"faces": {
				"north": {"uv": [13, 0, 14, 1], "rotation": 180, "texture": "#front", "cullface": "up"},
				"east": {"uv": [13, 0, 14, 8], "rotation": 90, "texture": "#front", "cullface": "up"},
				"south": {"uv": [13, 7, 14, 8], "texture": "#front", "cullface": "up"},
				"west": {"uv": [13, 0, 14, 8], "rotation": 270, "texture": "#front", "cullface": "up"},
				"up": {"uv": [13, 0, 14, 8], "texture": "#front", "cullface": "up"},
				"down": {"uv": [13, 0, 14, 6], "rotation": 180, "texture": "#front", "cullface": "up"}
			}
		},
		{
			"from": [5.25, 16.57794, 11.56757],
			"to": [6.25, 19.22794, 11.61757],
			"rotation": {"angle": 22.5, "axis": "x", "origin": [5.25, 16.57794, 11.56757]},
			"faces": {
				"north": {"uv": [13, 0, 14, 3], "rotation": 180, "texture": "#front", "cullface": "up"},
				"east": {"uv": [13, 0, 14, 8], "rotation": 180, "texture": "#front", "cullface": "up"},
				"south": {"uv": [13, 0, 14, 6], "rotation": 180, "texture": "#front", "cullface": "up"},
				"west": {"uv": [13, 0, 14, 8], "rotation": 180, "texture": "#front", "cullface": "up"},
				"up": {"uv": [13, 7, 14, 8], "texture": "#front", "cullface": "up"},
				"down": {"uv": [13, 0, 14, 1], "texture": "#front", "cullface": "up"}
			}
		},
		{
			"from": [5.25, 6.0022, 12.76965],
			"to": [6.25, 19.6522, 12.81965],
			"rotation": {"angle": 22.5, "axis": "x", "origin": [5.25, 17.0022, 12.76965]},
			"faces": {
				"north": {"uv": [13, 0, 14, 3], "rotation": 180, "texture": "#front", "cullface": "up"},
				"east": {"uv": [13, 0, 14, 8], "rotation": 180, "texture": "#front", "cullface": "up"},
				"south": {"uv": [13, 0, 14, 6], "rotation": 180, "texture": "#front", "cullface": "up"},
				"west": {"uv": [13, 0, 14, 8], "rotation": 180, "texture": "#front", "cullface": "up"},
				"up": {"uv": [13, 7, 14, 8], "texture": "#front", "cullface": "up"},
				"down": {"uv": [13, 0, 14, 1], "texture": "#front", "cullface": "up"}
			}
		},
		{
			"from": [5.25, 16.17371, 12.58522],
			"to": [6.25, 17.07371, 12.63522],
			"rotation": {"angle": 45, "axis": "x", "origin": [5.25, 18.05424, 11.52795]},
			"faces": {
				"north": {"uv": [13, 0, 14, 1], "rotation": 180, "texture": "#front", "cullface": "up"},
				"east": {"uv": [13, 0, 14, 8], "rotation": 180, "texture": "#front", "cullface": "up"},
				"south": {"uv": [13, 0, 14, 1], "rotation": 180, "texture": "#front", "cullface": "up"},
				"west": {"uv": [13, 0, 14, 8], "rotation": 180, "texture": "#front", "cullface": "up"},
				"up": {"uv": [13, 7, 14, 8], "texture": "#front", "cullface": "up"},
				"down": {"uv": [13, 0, 14, 1], "texture": "#front", "cullface": "up"}
			}
		},
		{
			"from": [5.25, 19.23925, 14.23192],
			"to": [6.25, 20.33925, 14.28192],
			"rotation": {"angle": 45, "axis": "x", "origin": [5.25, 21.11978, 13.17465]},
			"faces": {
				"north": {"uv": [13, 0, 14, 1], "rotation": 180, "texture": "#front", "cullface": "up"},
				"east": {"uv": [13, 0, 14, 8], "rotation": 180, "texture": "#front", "cullface": "up"},
				"south": {"uv": [13, 0, 14, 1], "rotation": 180, "texture": "#front", "cullface": "up"},
				"west": {"uv": [13, 0, 14, 8], "rotation": 180, "texture": "#front", "cullface": "up"},
				"up": {"uv": [13, 7, 14, 8], "texture": "#front", "cullface": "up"},
				"down": {"uv": [13, 0, 14, 1], "texture": "#front", "cullface": "up"}
			}
		},
		{
			"from": [5.25, 18.16621, 13.6025],
			"to": [6.25, 18.21621, 14.2025],
			"rotation": {"angle": 45, "axis": "x", "origin": [5.25, 19.27348, 15.48303]},
			"faces": {
				"north": {"uv": [13, 0, 14, 1], "rotation": 180, "texture": "#front", "cullface": "up"},
				"east": {"uv": [13, 0, 14, 8], "rotation": 90, "texture": "#front", "cullface": "up"},
				"south": {"uv": [13, 7, 14, 8], "texture": "#front", "cullface": "up"},
				"west": {"uv": [13, 0, 14, 8], "rotation": 270, "texture": "#front", "cullface": "up"},
				"up": {"uv": [13, 0, 14, 1], "texture": "#front", "cullface": "up"},
				"down": {"uv": [13, 0, 14, 1], "rotation": 180, "texture": "#front", "cullface": "up"}
			}
		},
		{
			"from": [5.25, 16.09207, -0.08848],
			"to": [6.25, 16.14207, 5.76152],
			"rotation": {"angle": -22.5, "axis": "x", "origin": [5.25, 16.09207, 0.01152]},
			"faces": {
				"north": {"uv": [13, 0, 14, 1], "rotation": 180, "texture": "#front", "cullface": "up"},
				"east": {"uv": [13, 0, 14, 8], "rotation": 90, "texture": "#front", "cullface": "up"},
				"south": {"uv": [13, 7, 14, 8], "texture": "#front", "cullface": "up"},
				"west": {"uv": [13, 0, 14, 8], "rotation": 270, "texture": "#front", "cullface": "up"},
				"up": {"uv": [13, 0, 14, 8], "texture": "#front", "cullface": "up"},
				"down": {"uv": [13, 0, 14, 6], "rotation": 180, "texture": "#front", "cullface": "up"}
			}
		},
		{
			"from": [12.75, 10.25, -0.1],
			"to": [13.75, 16.1, -0.05],
			"rotation": {"angle": 0, "axis": "y", "origin": [12.75, 16, -0.1]},
			"faces": {
				"north": {"uv": [13, 0, 14, 6], "texture": "#front"},
				"east": {"uv": [13, 0, 14, 8], "texture": "#front"},
				"south": {"uv": [13, 0, 14, 8], "texture": "#front"},
				"west": {"uv": [13, 0, 14, 8], "texture": "#front"},
				"up": {"uv": [13, 0, 14, 1], "texture": "#front"},
				"down": {"uv": [13, 7, 14, 8], "texture": "#front"}
			}
		},
		{
			"from": [12.75, 6.40761, -0.06173],
			"to": [13.75, 10.25761, -0.01173],
			"rotation": {"angle": -22.5, "axis": "x", "origin": [12.75, 10.15761, -0.06173]},
			"faces": {
				"north": {"uv": [13, 0, 14, 8], "texture": "#front"},
				"east": {"uv": [13, 0, 14, 8], "texture": "#front"},
				"south": {"uv": [13, 0, 14, 8], "texture": "#front"},
				"west": {"uv": [13, 0, 14, 8], "texture": "#front"},
				"up": {"uv": [13, 0, 14, 1], "texture": "#front"},
				"down": {"uv": [13, 7, 14, 8], "texture": "#front"}
			}
		},
		{
			"from": [12.75, 18.25424, 5.27795],
			"to": [13.75, 18.30424, 11.42795],
			"rotation": {"angle": 22.5, "axis": "x", "origin": [12.75, 18.25424, 5.37795]},
			"faces": {
				"north": {"uv": [13, 0, 14, 1], "rotation": 180, "texture": "#front", "cullface": "up"},
				"east": {"uv": [13, 0, 14, 8], "rotation": 90, "texture": "#front", "cullface": "up"},
				"south": {"uv": [13, 7, 14, 8], "texture": "#front", "cullface": "up"},
				"west": {"uv": [13, 0, 14, 8], "rotation": 270, "texture": "#front", "cullface": "up"},
				"up": {"uv": [13, 0, 14, 8], "texture": "#front", "cullface": "up"},
				"down": {"uv": [13, 0, 14, 6], "rotation": 180, "texture": "#front", "cullface": "up"}
			}
		},
		{
			"from": [12.75, 16.57794, 11.56757],
			"to": [13.75, 19.22794, 11.61757],
			"rotation": {"angle": 22.5, "axis": "x", "origin": [12.75, 16.57794, 11.56757]},
			"faces": {
				"north": {"uv": [13, 0, 14, 3], "rotation": 180, "texture": "#front", "cullface": "up"},
				"east": {"uv": [13, 0, 14, 8], "rotation": 180, "texture": "#front", "cullface": "up"},
				"south": {"uv": [13, 0, 14, 6], "rotation": 180, "texture": "#front", "cullface": "up"},
				"west": {"uv": [13, 0, 14, 8], "rotation": 180, "texture": "#front", "cullface": "up"},
				"up": {"uv": [13, 7, 14, 8], "texture": "#front", "cullface": "up"},
				"down": {"uv": [13, 0, 14, 1], "texture": "#front", "cullface": "up"}
			}
		},
		{
			"from": [12.75, 6.0022, 12.76965],
			"to": [13.75, 19.6522, 12.81965],
			"rotation": {"angle": 22.5, "axis": "x", "origin": [12.75, 17.0022, 12.76965]},
			"faces": {
				"north": {"uv": [13, 0, 14, 3], "rotation": 180, "texture": "#front", "cullface": "up"},
				"east": {"uv": [13, 0, 14, 8], "rotation": 180, "texture": "#front", "cullface": "up"},
				"south": {"uv": [13, 0, 14, 6], "rotation": 180, "texture": "#front", "cullface": "up"},
				"west": {"uv": [13, 0, 14, 8], "rotation": 180, "texture": "#front", "cullface": "up"},
				"up": {"uv": [13, 7, 14, 8], "texture": "#front", "cullface": "up"},
				"down": {"uv": [13, 0, 14, 1], "texture": "#front", "cullface": "up"}
			}
		},
		{
			"from": [12.75, 16.17371, 12.58522],
			"to": [13.75, 17.07371, 12.63522],
			"rotation": {"angle": 45, "axis": "x", "origin": [12.75, 18.05424, 11.52795]},
			"faces": {
				"north": {"uv": [13, 0, 14, 1], "rotation": 180, "texture": "#front", "cullface": "up"},
				"east": {"uv": [13, 0, 14, 8], "rotation": 180, "texture": "#front", "cullface": "up"},
				"south": {"uv": [13, 0, 14, 1], "rotation": 180, "texture": "#front", "cullface": "up"},
				"west": {"uv": [13, 0, 14, 8], "rotation": 180, "texture": "#front", "cullface": "up"},
				"up": {"uv": [13, 7, 14, 8], "texture": "#front", "cullface": "up"},
				"down": {"uv": [13, 0, 14, 1], "texture": "#front", "cullface": "up"}
			}
		},
		{
			"from": [12.75, 19.23925, 14.23192],
			"to": [13.75, 20.33925, 14.28192],
			"rotation": {"angle": 45, "axis": "x", "origin": [12.75, 21.11978, 13.17465]},
			"faces": {
				"north": {"uv": [13, 0, 14, 1], "rotation": 180, "texture": "#front", "cullface": "up"},
				"east": {"uv": [13, 0, 14, 8], "rotation": 180, "texture": "#front", "cullface": "up"},
				"south": {"uv": [13, 0, 14, 1], "rotation": 180, "texture": "#front", "cullface": "up"},
				"west": {"uv": [13, 0, 14, 8], "rotation": 180, "texture": "#front", "cullface": "up"},
				"up": {"uv": [13, 7, 14, 8], "texture": "#front", "cullface": "up"},
				"down": {"uv": [13, 0, 14, 1], "texture": "#front", "cullface": "up"}
			}
		},
		{
			"from": [12.75, 18.16621, 13.6025],
			"to": [13.75, 18.21621, 14.2025],
			"rotation": {"angle": 45, "axis": "x", "origin": [12.75, 19.27348, 15.48303]},
			"faces": {
				"north": {"uv": [13, 0, 14, 1], "rotation": 180, "texture": "#front", "cullface": "up"},
				"east": {"uv": [13, 0, 14, 8], "rotation": 90, "texture": "#front", "cullface": "up"},
				"south": {"uv": [13, 7, 14, 8], "texture": "#front", "cullface": "up"},
				"west": {"uv": [13, 0, 14, 8], "rotation": 270, "texture": "#front", "cullface": "up"},
				"up": {"uv": [13, 0, 14, 1], "texture": "#front", "cullface": "up"},
				"down": {"uv": [13, 0, 14, 1], "rotation": 180, "texture": "#front", "cullface": "up"}
			}
		},
		{
			"from": [12.75, 16.09207, -0.08848],
			"to": [13.75, 16.14207, 5.76152],
			"rotation": {"angle": -22.5, "axis": "x", "origin": [12.75, 16.09207, 0.01152]},
			"faces": {
				"north": {"uv": [13, 0, 14, 1], "rotation": 180, "texture": "#front", "cullface": "up"},
				"east": {"uv": [13, 0, 14, 8], "rotation": 90, "texture": "#front", "cullface": "up"},
				"south": {"uv": [13, 7, 14, 8], "texture": "#front", "cullface": "up"},
				"west": {"uv": [13, 0, 14, 8], "rotation": 270, "texture": "#front", "cullface": "up"},
				"up": {"uv": [13, 0, 14, 8], "texture": "#front", "cullface": "up"},
				"down": {"uv": [13, 0, 14, 6], "rotation": 180, "texture": "#front", "cullface": "up"}
			}
		},
		{
			"from": [11.25, 10.25, -0.1],
			"to": [12.25, 16.1, -0.05],
			"rotation": {"angle": 0, "axis": "y", "origin": [11.25, 16, -0.1]},
			"faces": {
				"north": {"uv": [13, 0, 14, 6], "texture": "#front"},
				"east": {"uv": [13, 0, 14, 8], "texture": "#front"},
				"south": {"uv": [13, 0, 14, 8], "texture": "#front"},
				"west": {"uv": [13, 0, 14, 8], "texture": "#front"},
				"up": {"uv": [13, 0, 14, 1], "texture": "#front"},
				"down": {"uv": [13, 7, 14, 8], "texture": "#front"}
			}
		},
		{
			"from": [11.25, 6.40761, -0.06173],
			"to": [12.25, 10.25761, -0.01173],
			"rotation": {"angle": -22.5, "axis": "x", "origin": [11.25, 10.15761, -0.06173]},
			"faces": {
				"north": {"uv": [13, 0, 14, 8], "texture": "#front"},
				"east": {"uv": [13, 0, 14, 8], "texture": "#front"},
				"south": {"uv": [13, 0, 14, 8], "texture": "#front"},
				"west": {"uv": [13, 0, 14, 8], "texture": "#front"},
				"up": {"uv": [13, 0, 14, 1], "texture": "#front"},
				"down": {"uv": [13, 7, 14, 8], "texture": "#front"}
			}
		},
		{
			"from": [11.25, 18.25424, 5.27795],
			"to": [12.25, 18.30424, 11.42795],
			"rotation": {"angle": 22.5, "axis": "x", "origin": [11.25, 18.25424, 5.37795]},
			"faces": {
				"north": {"uv": [13, 0, 14, 1], "rotation": 180, "texture": "#front", "cullface": "up"},
				"east": {"uv": [13, 0, 14, 8], "rotation": 90, "texture": "#front", "cullface": "up"},
				"south": {"uv": [13, 7, 14, 8], "texture": "#front", "cullface": "up"},
				"west": {"uv": [13, 0, 14, 8], "rotation": 270, "texture": "#front", "cullface": "up"},
				"up": {"uv": [13, 0, 14, 8], "texture": "#front", "cullface": "up"},
				"down": {"uv": [13, 0, 14, 6], "rotation": 180, "texture": "#front", "cullface": "up"}
			}
		},
		{
			"from": [11.25, 16.57794, 11.56757],
			"to": [12.25, 19.22794, 11.61757],
			"rotation": {"angle": 22.5, "axis": "x", "origin": [11.25, 16.57794, 11.56757]},
			"faces": {
				"north": {"uv": [13, 0, 14, 3], "rotation": 180, "texture": "#front", "cullface": "up"},
				"east": {"uv": [13, 0, 14, 8], "rotation": 180, "texture": "#front", "cullface": "up"},
				"south": {"uv": [13, 0, 14, 6], "rotation": 180, "texture": "#front", "cullface": "up"},
				"west": {"uv": [13, 0, 14, 8], "rotation": 180, "texture": "#front", "cullface": "up"},
				"up": {"uv": [13, 7, 14, 8], "texture": "#front", "cullface": "up"},
				"down": {"uv": [13, 0, 14, 1], "texture": "#front", "cullface": "up"}
			}
		},
		{
			"from": [11.25, 6.0022, 12.76965],
			"to": [12.25, 19.6522, 12.81965],
			"rotation": {"angle": 22.5, "axis": "x", "origin": [11.25, 17.0022, 12.76965]},
			"faces": {
				"north": {"uv": [13, 0, 14, 3], "rotation": 180, "texture": "#front", "cullface": "up"},
				"east": {"uv": [13, 0, 14, 8], "rotation": 180, "texture": "#front", "cullface": "up"},
				"south": {"uv": [13, 0, 14, 6], "rotation": 180, "texture": "#front", "cullface": "up"},
				"west": {"uv": [13, 0, 14, 8], "rotation": 180, "texture": "#front", "cullface": "up"},
				"up": {"uv": [13, 7, 14, 8], "texture": "#front", "cullface": "up"},
				"down": {"uv": [13, 0, 14, 1], "texture": "#front", "cullface": "up"}
			}
		},
		{
			"from": [11.25, 16.17371, 12.58522],
			"to": [12.25, 17.07371, 12.63522],
			"rotation": {"angle": 45, "axis": "x", "origin": [11.25, 18.05424, 11.52795]},
			"faces": {
				"north": {"uv": [13, 0, 14, 1], "rotation": 180, "texture": "#front", "cullface": "up"},
				"east": {"uv": [13, 0, 14, 8], "rotation": 180, "texture": "#front", "cullface": "up"},
				"south": {"uv": [13, 0, 14, 1], "rotation": 180, "texture": "#front", "cullface": "up"},
				"west": {"uv": [13, 0, 14, 8], "rotation": 180, "texture": "#front", "cullface": "up"},
				"up": {"uv": [13, 7, 14, 8], "texture": "#front", "cullface": "up"},
				"down": {"uv": [13, 0, 14, 1], "texture": "#front", "cullface": "up"}
			}
		},
		{
			"from": [11.25, 19.23925, 14.23192],
			"to": [12.25, 20.33925, 14.28192],
			"rotation": {"angle": 45, "axis": "x", "origin": [11.25, 21.11978, 13.17465]},
			"faces": {
				"north": {"uv": [13, 0, 14, 1], "rotation": 180, "texture": "#front", "cullface": "up"},
				"east": {"uv": [13, 0, 14, 8], "rotation": 180, "texture": "#front", "cullface": "up"},
				"south": {"uv": [13, 0, 14, 1], "rotation": 180, "texture": "#front", "cullface": "up"},
				"west": {"uv": [13, 0, 14, 8], "rotation": 180, "texture": "#front", "cullface": "up"},
				"up": {"uv": [13, 7, 14, 8], "texture": "#front", "cullface": "up"},
				"down": {"uv": [13, 0, 14, 1], "texture": "#front", "cullface": "up"}
			}
		},
		{
			"from": [11.25, 18.16621, 13.6025],
			"to": [12.25, 18.21621, 14.2025],
			"rotation": {"angle": 45, "axis": "x", "origin": [11.25, 19.27348, 15.48303]},
			"faces": {
				"north": {"uv": [13, 0, 14, 1], "rotation": 180, "texture": "#front", "cullface": "up"},
				"east": {"uv": [13, 0, 14, 8], "rotation": 90, "texture": "#front", "cullface": "up"},
				"south": {"uv": [13, 7, 14, 8], "texture": "#front", "cullface": "up"},
				"west": {"uv": [13, 0, 14, 8], "rotation": 270, "texture": "#front", "cullface": "up"},
				"up": {"uv": [13, 0, 14, 1], "texture": "#front", "cullface": "up"},
				"down": {"uv": [13, 0, 14, 1], "rotation": 180, "texture": "#front", "cullface": "up"}
			}
		},
		{
			"from": [11.25, 16.09207, -0.08848],
			"to": [12.25, 16.14207, 5.76152],
			"rotation": {"angle": -22.5, "axis": "x", "origin": [11.25, 16.09207, 0.01152]},
			"faces": {
				"north": {"uv": [13, 0, 14, 1], "rotation": 180, "texture": "#front", "cullface": "up"},
				"east": {"uv": [13, 0, 14, 8], "rotation": 90, "texture": "#front", "cullface": "up"},
				"south": {"uv": [13, 7, 14, 8], "texture": "#front", "cullface": "up"},
				"west": {"uv": [13, 0, 14, 8], "rotation": 270, "texture": "#front", "cullface": "up"},
				"up": {"uv": [13, 0, 14, 8], "texture": "#front", "cullface": "up"},
				"down": {"uv": [13, 0, 14, 6], "rotation": 180, "texture": "#front", "cullface": "up"}
			}
		},
		{
			"from": [8.25, 10.25, -0.1],
			"to": [9.25, 16.1, -0.05],
			"rotation": {"angle": 0, "axis": "y", "origin": [8.25, 16, -0.1]},
			"faces": {
				"north": {"uv": [13, 0, 14, 6], "texture": "#front"},
				"east": {"uv": [13, 0, 14, 8], "texture": "#front"},
				"south": {"uv": [13, 0, 14, 8], "texture": "#front"},
				"west": {"uv": [13, 0, 14, 8], "texture": "#front"},
				"up": {"uv": [13, 0, 14, 1], "texture": "#front"},
				"down": {"uv": [13, 7, 14, 8], "texture": "#front"}
			}
		},
		{
			"from": [8.25, 6.40761, -0.06173],
			"to": [9.25, 10.25761, -0.01173],
			"rotation": {"angle": -22.5, "axis": "x", "origin": [8.25, 10.15761, -0.06173]},
			"faces": {
				"north": {"uv": [13, 0, 14, 8], "texture": "#front"},
				"east": {"uv": [13, 0, 14, 8], "texture": "#front"},
				"south": {"uv": [13, 0, 14, 8], "texture": "#front"},
				"west": {"uv": [13, 0, 14, 8], "texture": "#front"},
				"up": {"uv": [13, 0, 14, 1], "texture": "#front"},
				"down": {"uv": [13, 7, 14, 8], "texture": "#front"}
			}
		},
		{
			"from": [8.25, 18.25424, 5.27795],
			"to": [9.25, 18.30424, 11.42795],
			"rotation": {"angle": 22.5, "axis": "x", "origin": [8.25, 18.25424, 5.37795]},
			"faces": {
				"north": {"uv": [13, 0, 14, 1], "rotation": 180, "texture": "#front", "cullface": "up"},
				"east": {"uv": [13, 0, 14, 8], "rotation": 90, "texture": "#front", "cullface": "up"},
				"south": {"uv": [13, 7, 14, 8], "texture": "#front", "cullface": "up"},
				"west": {"uv": [13, 0, 14, 8], "rotation": 270, "texture": "#front", "cullface": "up"},
				"up": {"uv": [13, 0, 14, 8], "texture": "#front", "cullface": "up"},
				"down": {"uv": [13, 0, 14, 6], "rotation": 180, "texture": "#front", "cullface": "up"}
			}
		},
		{
			"from": [8.25, 16.57794, 11.56757],
			"to": [9.25, 19.22794, 11.61757],
			"rotation": {"angle": 22.5, "axis": "x", "origin": [8.25, 16.57794, 11.56757]},
			"faces": {
				"north": {"uv": [13, 0, 14, 3], "rotation": 180, "texture": "#front", "cullface": "up"},
				"east": {"uv": [13, 0, 14, 8], "rotation": 180, "texture": "#front", "cullface": "up"},
				"south": {"uv": [13, 0, 14, 6], "rotation": 180, "texture": "#front", "cullface": "up"},
				"west": {"uv": [13, 0, 14, 8], "rotation": 180, "texture": "#front", "cullface": "up"},
				"up": {"uv": [13, 7, 14, 8], "texture": "#front", "cullface": "up"},
				"down": {"uv": [13, 0, 14, 1], "texture": "#front", "cullface": "up"}
			}
		},
		{
			"from": [8.25, 6.0022, 12.76965],
			"to": [9.25, 19.6522, 12.81965],
			"rotation": {"angle": 22.5, "axis": "x", "origin": [8.25, 17.0022, 12.76965]},
			"faces": {
				"north": {"uv": [13, 0, 14, 3], "rotation": 180, "texture": "#front", "cullface": "up"},
				"east": {"uv": [13, 0, 14, 8], "rotation": 180, "texture": "#front", "cullface": "up"},
				"south": {"uv": [13, 0, 14, 6], "rotation": 180, "texture": "#front", "cullface": "up"},
				"west": {"uv": [13, 0, 14, 8], "rotation": 180, "texture": "#front", "cullface": "up"},
				"up": {"uv": [13, 7, 14, 8], "texture": "#front", "cullface": "up"},
				"down": {"uv": [13, 0, 14, 1], "texture": "#front", "cullface": "up"}
			}
		},
		{
			"from": [8.25, 16.17371, 12.58522],
			"to": [9.25, 17.07371, 12.63522],
			"rotation": {"angle": 45, "axis": "x", "origin": [8.25, 18.05424, 11.52795]},
			"faces": {
				"north": {"uv": [13, 0, 14, 1], "rotation": 180, "texture": "#front", "cullface": "up"},
				"east": {"uv": [13, 0, 14, 8], "rotation": 180, "texture": "#front", "cullface": "up"},
				"south": {"uv": [13, 0, 14, 1], "rotation": 180, "texture": "#front", "cullface": "up"},
				"west": {"uv": [13, 0, 14, 8], "rotation": 180, "texture": "#front", "cullface": "up"},
				"up": {"uv": [13, 7, 14, 8], "texture": "#front", "cullface": "up"},
				"down": {"uv": [13, 0, 14, 1], "texture": "#front", "cullface": "up"}
			}
		},
		{
			"from": [8.25, 19.23925, 14.23192],
			"to": [9.25, 20.33925, 14.28192],
			"rotation": {"angle": 45, "axis": "x", "origin": [8.25, 21.11978, 13.17465]},
			"faces": {
				"north": {"uv": [13, 0, 14, 1], "rotation": 180, "texture": "#front", "cullface": "up"},
				"east": {"uv": [13, 0, 14, 8], "rotation": 180, "texture": "#front", "cullface": "up"},
				"south": {"uv": [13, 0, 14, 1], "rotation": 180, "texture": "#front", "cullface": "up"},
				"west": {"uv": [13, 0, 14, 8], "rotation": 180, "texture": "#front", "cullface": "up"},
				"up": {"uv": [13, 7, 14, 8], "texture": "#front", "cullface": "up"},
				"down": {"uv": [13, 0, 14, 1], "texture": "#front", "cullface": "up"}
			}
		},
		{
			"from": [8.25, 18.16621, 13.6025],
			"to": [9.25, 18.21621, 14.2025],
			"rotation": {"angle": 45, "axis": "x", "origin": [8.25, 19.27348, 15.48303]},
			"faces": {
				"north": {"uv": [13, 0, 14, 1], "rotation": 180, "texture": "#front", "cullface": "up"},
				"east": {"uv": [13, 0, 14, 8], "rotation": 90, "texture": "#front", "cullface": "up"},
				"south": {"uv": [13, 7, 14, 8], "texture": "#front", "cullface": "up"},
				"west": {"uv": [13, 0, 14, 8], "rotation": 270, "texture": "#front", "cullface": "up"},
				"up": {"uv": [13, 0, 14, 1], "texture": "#front", "cullface": "up"},
				"down": {"uv": [13, 0, 14, 1], "rotation": 180, "texture": "#front", "cullface": "up"}
			}
		},
		{
			"from": [8.25, 16.09207, -0.08848],
			"to": [9.25, 16.14207, 5.76152],
			"rotation": {"angle": -22.5, "axis": "x", "origin": [8.25, 16.09207, 0.01152]},
			"faces": {
				"north": {"uv": [13, 0, 14, 1], "rotation": 180, "texture": "#front", "cullface": "up"},
				"east": {"uv": [13, 0, 14, 8], "rotation": 90, "texture": "#front", "cullface": "up"},
				"south": {"uv": [13, 7, 14, 8], "texture": "#front", "cullface": "up"},
				"west": {"uv": [13, 0, 14, 8], "rotation": 270, "texture": "#front", "cullface": "up"},
				"up": {"uv": [13, 0, 14, 8], "texture": "#front", "cullface": "up"},
				"down": {"uv": [13, 0, 14, 6], "rotation": 180, "texture": "#front", "cullface": "up"}
			}
		},
		{
			"from": [9.75, 10.25, -0.1],
			"to": [10.75, 16.1, -0.05],
			"rotation": {"angle": 0, "axis": "y", "origin": [9.75, 16, -0.1]},
			"faces": {
				"north": {"uv": [13, 0, 14, 6], "texture": "#front"},
				"east": {"uv": [13, 0, 14, 8], "texture": "#front"},
				"south": {"uv": [13, 0, 14, 8], "texture": "#front"},
				"west": {"uv": [13, 0, 14, 8], "texture": "#front"},
				"up": {"uv": [13, 0, 14, 1], "texture": "#front"},
				"down": {"uv": [13, 7, 14, 8], "texture": "#front"}
			}
		},
		{
			"from": [9.75, 6.40761, -0.06173],
			"to": [10.75, 10.25761, -0.01173],
			"rotation": {"angle": -22.5, "axis": "x", "origin": [9.75, 10.15761, -0.06173]},
			"faces": {
				"north": {"uv": [13, 0, 14, 8], "texture": "#front"},
				"east": {"uv": [13, 0, 14, 8], "texture": "#front"},
				"south": {"uv": [13, 0, 14, 8], "texture": "#front"},
				"west": {"uv": [13, 0, 14, 8], "texture": "#front"},
				"up": {"uv": [13, 0, 14, 1], "texture": "#front"},
				"down": {"uv": [13, 7, 14, 8], "texture": "#front"}
			}
		},
		{
			"from": [9.75, 18.25424, 5.27795],
			"to": [10.75, 18.30424, 11.42795],
			"rotation": {"angle": 22.5, "axis": "x", "origin": [9.75, 18.25424, 5.37795]},
			"faces": {
				"north": {"uv": [13, 0, 14, 1], "rotation": 180, "texture": "#front", "cullface": "up"},
				"east": {"uv": [13, 0, 14, 8], "rotation": 90, "texture": "#front", "cullface": "up"},
				"south": {"uv": [13, 7, 14, 8], "texture": "#front", "cullface": "up"},
				"west": {"uv": [13, 0, 14, 8], "rotation": 270, "texture": "#front", "cullface": "up"},
				"up": {"uv": [13, 0, 14, 8], "texture": "#front", "cullface": "up"},
				"down": {"uv": [13, 0, 14, 6], "rotation": 180, "texture": "#front", "cullface": "up"}
			}
		},
		{
			"from": [9.75, 16.57794, 11.56757],
			"to": [10.75, 19.22794, 11.61757],
			"rotation": {"angle": 22.5, "axis": "x", "origin": [9.75, 16.57794, 11.56757]},
			"faces": {
				"north": {"uv": [13, 0, 14, 3], "rotation": 180, "texture": "#front", "cullface": "up"},
				"east": {"uv": [13, 0, 14, 8], "rotation": 180, "texture": "#front", "cullface": "up"},
				"south": {"uv": [13, 0, 14, 6], "rotation": 180, "texture": "#front", "cullface": "up"},
				"west": {"uv": [13, 0, 14, 8], "rotation": 180, "texture": "#front", "cullface": "up"},
				"up": {"uv": [13, 7, 14, 8], "texture": "#front", "cullface": "up"},
				"down": {"uv": [13, 0, 14, 1], "texture": "#front", "cullface": "up"}
			}
		},
		{
			"from": [9.75, 6.0022, 12.76965],
			"to": [10.75, 19.6522, 12.81965],
			"rotation": {"angle": 22.5, "axis": "x", "origin": [9.75, 17.0022, 12.76965]},
			"faces": {
				"north": {"uv": [13, 0, 14, 3], "rotation": 180, "texture": "#front", "cullface": "up"},
				"east": {"uv": [13, 0, 14, 8], "rotation": 180, "texture": "#front", "cullface": "up"},
				"south": {"uv": [13, 0, 14, 6], "rotation": 180, "texture": "#front", "cullface": "up"},
				"west": {"uv": [13, 0, 14, 8], "rotation": 180, "texture": "#front", "cullface": "up"},
				"up": {"uv": [13, 7, 14, 8], "texture": "#front", "cullface": "up"},
				"down": {"uv": [13, 0, 14, 1], "texture": "#front", "cullface": "up"}
			}
		},
		{
			"from": [9.75, 16.17371, 12.58522],
			"to": [10.75, 17.07371, 12.63522],
			"rotation": {"angle": 45, "axis": "x", "origin": [9.75, 18.05424, 11.52795]},
			"faces": {
				"north": {"uv": [13, 0, 14, 1], "rotation": 180, "texture": "#front", "cullface": "up"},
				"east": {"uv": [13, 0, 14, 8], "rotation": 180, "texture": "#front", "cullface": "up"},
				"south": {"uv": [13, 0, 14, 1], "rotation": 180, "texture": "#front", "cullface": "up"},
				"west": {"uv": [13, 0, 14, 8], "rotation": 180, "texture": "#front", "cullface": "up"},
				"up": {"uv": [13, 7, 14, 8], "texture": "#front", "cullface": "up"},
				"down": {"uv": [13, 0, 14, 1], "texture": "#front", "cullface": "up"}
			}
		},
		{
			"from": [9.75, 19.23925, 14.23192],
			"to": [10.75, 20.33925, 14.28192],
			"rotation": {"angle": 45, "axis": "x", "origin": [9.75, 21.11978, 13.17465]},
			"faces": {
				"north": {"uv": [13, 0, 14, 1], "rotation": 180, "texture": "#front", "cullface": "up"},
				"east": {"uv": [13, 0, 14, 8], "rotation": 180, "texture": "#front", "cullface": "up"},
				"south": {"uv": [13, 0, 14, 1], "rotation": 180, "texture": "#front", "cullface": "up"},
				"west": {"uv": [13, 0, 14, 8], "rotation": 180, "texture": "#front", "cullface": "up"},
				"up": {"uv": [13, 7, 14, 8], "texture": "#front", "cullface": "up"},
				"down": {"uv": [13, 0, 14, 1], "texture": "#front", "cullface": "up"}
			}
		},
		{
			"from": [9.75, 18.16621, 13.6025],
			"to": [10.75, 18.21621, 14.2025],
			"rotation": {"angle": 45, "axis": "x", "origin": [9.75, 19.27348, 15.48303]},
			"faces": {
				"north": {"uv": [13, 0, 14, 1], "rotation": 180, "texture": "#front", "cullface": "up"},
				"east": {"uv": [13, 0, 14, 8], "rotation": 90, "texture": "#front", "cullface": "up"},
				"south": {"uv": [13, 7, 14, 8], "texture": "#front", "cullface": "up"},
				"west": {"uv": [13, 0, 14, 8], "rotation": 270, "texture": "#front", "cullface": "up"},
				"up": {"uv": [13, 0, 14, 1], "texture": "#front", "cullface": "up"},
				"down": {"uv": [13, 0, 14, 1], "rotation": 180, "texture": "#front", "cullface": "up"}
			}
		},
		{
			"from": [9.75, 16.09207, -0.08848],
			"to": [10.75, 16.14207, 5.76152],
			"rotation": {"angle": -22.5, "axis": "x", "origin": [9.75, 16.09207, 0.01152]},
			"faces": {
				"north": {"uv": [13, 0, 14, 1], "rotation": 180, "texture": "#front", "cullface": "up"},
				"east": {"uv": [13, 0, 14, 8], "rotation": 90, "texture": "#front", "cullface": "up"},
				"south": {"uv": [13, 7, 14, 8], "texture": "#front", "cullface": "up"},
				"west": {"uv": [13, 0, 14, 8], "rotation": 270, "texture": "#front", "cullface": "up"},
				"up": {"uv": [13, 0, 14, 8], "texture": "#front", "cullface": "up"},
				"down": {"uv": [13, 0, 14, 6], "rotation": 180, "texture": "#front", "cullface": "up"}
			}
		}
	],
	"display": {
		"thirdperson_righthand": {
			"rotation": [75, 45, 0],
			"translation": [0, 2.5, 0],
			"scale": [0.375, 0.375, 0.375]
		},
		"thirdperson_lefthand": {
			"rotation": [75, 45, 0],
			"translation": [0, 2.5, 0],
			"scale": [0.375, 0.375, 0.375]
		},
		"firstperson_righthand": {
			"rotation": [0, 46, 0],
			"scale": [0.4, 0.4, 0.4]
		},
		"firstperson_lefthand": {
			"rotation": [0, -135, 0],
			"scale": [0.4, 0.4, 0.4]
		},
		"ground": {
			"translation": [0, 3, 0],
			"scale": [0.25, 0.25, 0.25]
		},
		"gui": {
			"rotation": [30, -135, 0],
			"translation": [0, -0.75, 0],
			"scale": [0.605, 0.605, 0.605]
		},
		"fixed": {
			"scale": [0.5, 0.5, 0.5]
		}
	},
	"groups": [
		0,
		1,
		2,
		3,
		4,
		5,
		6,
		7,
		8,
		9,
		10,
		11,
		12,
		13,
		14,
		15,
		16,
		17,
		18,
		19,
		20,
		21,
		22,
		23,
		24,
		25,
		26,
		27,
		28,
		{
			"name": "Holding Thingy small",
			"origin": [15.5, 17.6, 7.13137],
			"color": 0,
			"children": [29, 30, 31, 32, 33, 34, 35, 36, 37, 38]
		},
		39,
		40,
		41,
		42,
		43,
		44,
		45,
		46,
		47,
		48,
		49,
		50,
		51,
		52,
		53,
		54,
		55,
		56,
		57,
		58,
		59,
		60,
		61,
		62,
		63,
		64,
		{
			"name": "STRING",
			"origin": [2, 10.15761, -0.06173],
			"color": 0,
			"children": [65, 66, 67, 68, 69, 70, 71, 72, 73, 74, 75, 76, 77, 78, 79, 80]
		},
		{
			"name": "STRING",
			"origin": [2, 10.15761, -0.06173],
			"color": 0,
			"children": [81, 82, 83, 84, 85, 86, 87, 88, 89, 90, 91, 92, 93, 94, 95, 96, 97, 98]
		},
		{
			"name": "STRING",
			"origin": [2, 10.15761, -0.06173],
			"color": 0,
			"children": [99, 100, 101, 102, 103, 104, 105, 106, 107]
		},
		{
			"name": "STRING",
			"origin": [2, 10.15761, -0.06173],
			"color": 0,
			"children": [108, 109, 110, 111, 112, 113, 114, 115, 116]
		},
		{
			"name": "STRING",
			"origin": [2, 10.15761, -0.06173],
			"color": 0,
			"children": [117, 118, 119, 120, 121, 122, 123, 124, 125]
		},
		{
			"name": "STRING",
			"origin": [2, 10.15761, -0.06173],
			"color": 0,
			"children": [126, 127, 128, 129, 130, 131, 132, 133, 134]
		},
		{
			"name": "STRING",
			"origin": [2, 10.15761, -0.06173],
			"color": 0,
			"children": [135, 136, 137, 138, 139, 140, 141, 142, 143]
		},
		{
			"name": "STRING",
			"origin": [2, 10.15761, -0.06173],
			"color": 0,
			"children": [144, 145, 146, 147, 148, 149, 150, 151, 152]
		}
	]
}