{
	"format_version": "1.21.6",
	"credit": "Made with Blockbench",
	"parent": "minecraft:block/cube_all",
	"textures": {
		"all": "block/nether_gold_ore"
	},
	"elements": [
		{
			"from": [0, 0, 0],
			"to": [16, 16, 16],
			"faces": {
				"north": {"uv": [0, 0, 16, 16], "texture": "#all", "cullface": "north"},
				"east": {"uv": [0, 0, 16, 16], "texture": "#all", "cullface": "east"},
				"south": {"uv": [0, 0, 16, 16], "texture": "#all", "cullface": "south"},
				"west": {"uv": [0, 0, 16, 16], "texture": "#all", "cullface": "west"},
				"up": {"uv": [0, 0, 16, 16], "texture": "#all", "cullface": "up"},
				"down": {"uv": [0, 0, 16, 16], "texture": "#all", "cullface": "down"}
			}
		},
		{
			"from": [3, 8, -0.25],
			"to": [5, 10, 2],
			"light_emission": 15,
			"rotation": {"angle": 0, "axis": "z", "origin": [8, 8, 8]},
			"faces": {
				"north": {"uv": [11, 6, 13, 8], "texture": "#all", "cullface": "north"},
				"east": {"uv": [13, 6, 11, 8], "texture": "#all", "cullface": "north"},
				"south": {"uv": [0, 0, 2, 2], "texture": "#all", "cullface": "north"},
				"west": {"uv": [13, 6, 11, 8], "texture": "#all", "cullface": "north"},
				"up": {"uv": [13, 6, 11, 8], "texture": "#all", "cullface": "north"},
				"down": {"uv": [13, 6, 11, 8], "texture": "#all", "cullface": "north"}
			}
		},
		{
			"from": [7, 2, -0.35],
			"to": [9, 4, 1.9],
			"light_emission": 15,
			"rotation": {"angle": 0, "axis": "y", "origin": [8, 2, 8]},
			"faces": {
				"north": {"uv": [7, 12, 9, 14], "texture": "#all", "cullface": "north"},
				"east": {"uv": [9, 12, 7, 14], "texture": "#all", "cullface": "north"},
				"south": {"uv": [0, 0, 2, 2], "texture": "#all", "cullface": "north"},
				"west": {"uv": [9, 12, 7, 14], "texture": "#all", "cullface": "north"},
				"up": {"uv": [9, 12, 7, 14], "texture": "#all", "cullface": "north"},
				"down": {"uv": [9, 12, 7, 14], "texture": "#all", "cullface": "north"}
			}
		},
		{
			"from": [11, 11, -0.45],
			"to": [13, 13, 1.8],
			"light_emission": 15,
			"rotation": {"angle": 0, "axis": "y", "origin": [8, 11, 8]},
			"faces": {
				"north": {"uv": [9, 12, 7, 14], "texture": "#all", "cullface": "north"},
				"east": {"uv": [7, 12, 9, 14], "texture": "#all", "cullface": "north"},
				"south": {"uv": [2, 0, 0, 2], "texture": "#all", "cullface": "north"},
				"west": {"uv": [7, 12, 9, 14], "texture": "#all", "cullface": "north"},
				"up": {"uv": [7, 12, 9, 14], "texture": "#all", "cullface": "north"},
				"down": {"uv": [7, 12, 9, 14], "texture": "#all", "cullface": "north"}
			}
		},
		{
			"from": [10, 12, -0.25],
			"to": [12, 14, 2],
			"light_emission": 15,
			"rotation": {"angle": 0, "axis": "y", "origin": [8, 12, 8]},
			"faces": {
				"north": {"uv": [4, 2, 6, 4], "texture": "#all", "cullface": "north"},
				"east": {"uv": [6, 2, 4, 4], "texture": "#all", "cullface": "north"},
				"south": {"uv": [2, 0, 0, 2], "texture": "#all", "cullface": "north"},
				"west": {"uv": [6, 2, 4, 4], "texture": "#all", "cullface": "north"},
				"up": {"uv": [4, 2, 6, 4], "texture": "#all", "cullface": "north"},
				"down": {"uv": [6, 2, 4, 4], "texture": "#all", "cullface": "north"}
			}
		},
		{
			"from": [6, 1, -0.25],
			"to": [7, 3, 1.9],
			"light_emission": 15,
			"rotation": {"angle": 0, "axis": "y", "origin": [8, 1, 8]},
			"faces": {
				"north": {"uv": [9, 13, 10, 15], "texture": "#all", "cullface": "north"},
				"east": {"uv": [9, 13, 10, 15], "texture": "#all", "cullface": "north"},
				"south": {"uv": [0, 0, 2, 2], "texture": "#all", "cullface": "north"},
				"west": {"uv": [9, 13, 10, 15], "texture": "#all", "cullface": "north"},
				"up": {"uv": [9, 13, 10, 15], "texture": "#all", "cullface": "north"},
				"down": {"uv": [9, 13, 10, 15], "texture": "#all", "cullface": "north"}
			}
		},
		{
			"from": [4, 10, -0.15],
			"to": [5, 11, 2],
			"light_emission": 15,
			"rotation": {"angle": 0, "axis": "y", "origin": [8, 10, 8]},
			"faces": {
				"north": {"uv": [11, 5, 12, 6], "texture": "#all", "cullface": "north"},
				"east": {"uv": [11, 5, 12, 6], "texture": "#all", "cullface": "north"},
				"south": {"uv": [0, 0, 2, 2], "texture": "#all", "cullface": "north"},
				"west": {"uv": [11, 5, 12, 6], "texture": "#all", "cullface": "north"},
				"up": {"uv": [11, 5, 12, 6], "texture": "#all", "cullface": "north"},
				"down": {"uv": [11, 5, 12, 6], "texture": "#all", "cullface": "north"}
			}
		},
		{
			"from": [14, 4, -0.25],
			"to": [15, 5, 1.9],
			"light_emission": 15,
			"rotation": {"angle": 0, "axis": "y", "origin": [8, 4, 8]},
			"faces": {
				"north": {"uv": [1, 11, 2, 12], "texture": "#all", "cullface": "north"},
				"east": {"uv": [1, 11, 2, 12], "texture": "#all", "cullface": "north"},
				"south": {"uv": [0, 0, 2, 2], "texture": "#all", "cullface": "north"},
				"west": {"uv": [1, 11, 2, 12], "texture": "#all", "cullface": "north"},
				"up": {"uv": [1, 11, 2, 12], "texture": "#all", "cullface": "north"},
				"down": {"uv": [1, 11, 2, 12], "texture": "#all", "cullface": "north"}
			}
		},
		{
			"from": [8, 7, -0.15],
			"to": [9, 8, 2],
			"light_emission": 15,
			"rotation": {"angle": 0, "axis": "y", "origin": [8, 7, 8]},
			"faces": {
				"north": {"uv": [1, 11, 2, 12], "texture": "#all", "cullface": "north"},
				"east": {"uv": [1, 11, 2, 12], "texture": "#all", "cullface": "north"},
				"south": {"uv": [0, 0, 2, 2], "texture": "#all", "cullface": "north"},
				"west": {"uv": [1, 11, 2, 12], "texture": "#all", "cullface": "north"},
				"up": {"uv": [1, 11, 2, 12], "texture": "#all", "cullface": "north"},
				"down": {"uv": [1, 11, 2, 12], "texture": "#all", "cullface": "north"}
			}
		},
		{
			"from": [6, 8, -0.35],
			"to": [8, 9, 2],
			"light_emission": 15,
			"rotation": {"angle": 0, "axis": "y", "origin": [8, 8, 8]},
			"faces": {
				"north": {"uv": [8, 7, 10, 8], "texture": "#all", "cullface": "north"},
				"east": {"uv": [10, 7, 8, 8], "texture": "#all", "cullface": "north"},
				"south": {"uv": [0, 0, 2, 2], "texture": "#all", "cullface": "north"},
				"west": {"uv": [10, 7, 8, 8], "texture": "#all", "cullface": "north"},
				"up": {"uv": [10, 7, 8, 8], "texture": "#all", "cullface": "north"},
				"down": {"uv": [10, 7, 8, 8], "texture": "#all", "cullface": "north"}
			}
		},
		{
			"from": [8, 4, -0.15],
			"to": [9, 5, 1.9],
			"light_emission": 15,
			"rotation": {"angle": 0, "axis": "y", "origin": [8, 4, 8]},
			"faces": {
				"north": {"uv": [7, 11, 8, 12], "texture": "#all", "cullface": "north"},
				"east": {"uv": [7, 11, 8, 12], "texture": "#all", "cullface": "north"},
				"south": {"uv": [0, 0, 2, 2], "texture": "#all", "cullface": "north"},
				"west": {"uv": [7, 11, 8, 12], "texture": "#all", "cullface": "north"},
				"up": {"uv": [7, 11, 8, 12], "texture": "#all", "cullface": "north"},
				"down": {"uv": [7, 11, 8, 12], "texture": "#all", "cullface": "north"}
			}
		},
		{
			"from": [11, 10, -0.25],
			"to": [12, 11, 1.9],
			"light_emission": 15,
			"rotation": {"angle": 0, "axis": "y", "origin": [8, 10, 8]},
			"faces": {
				"north": {"uv": [7, 11, 8, 12], "texture": "#all", "cullface": "north"},
				"east": {"uv": [7, 11, 8, 12], "texture": "#all", "cullface": "north"},
				"south": {"uv": [0, 0, 2, 2], "texture": "#all", "cullface": "north"},
				"west": {"uv": [7, 11, 8, 12], "texture": "#all", "cullface": "north"},
				"up": {"uv": [7, 11, 8, 12], "texture": "#all", "cullface": "north"},
				"down": {"uv": [7, 11, 8, 12], "texture": "#all", "cullface": "north"}
			}
		},
		{
			"from": [4, 12, -0.15],
			"to": [5, 13, 2],
			"light_emission": 15,
			"rotation": {"angle": 0, "axis": "y", "origin": [8, 12, 8]},
			"faces": {
				"north": {"uv": [7, 11, 8, 12], "texture": "#all", "cullface": "north"},
				"east": {"uv": [7, 11, 8, 12], "texture": "#all", "cullface": "north"},
				"south": {"uv": [0, 0, 2, 2], "texture": "#all", "cullface": "north"},
				"west": {"uv": [7, 11, 8, 12], "texture": "#all", "cullface": "north"},
				"up": {"uv": [7, 11, 8, 12], "texture": "#all", "cullface": "north"},
				"down": {"uv": [7, 11, 8, 12], "texture": "#all", "cullface": "north"}
			}
		},
		{
			"from": [5, 12, -0.45],
			"to": [6, 13, 1.7],
			"light_emission": 15,
			"rotation": {"angle": 0, "axis": "y", "origin": [8, 12, 8]},
			"faces": {
				"north": {"uv": [10, 3, 11, 4], "texture": "#all", "cullface": "north"},
				"east": {"uv": [10, 3, 11, 4], "texture": "#all", "cullface": "north"},
				"south": {"uv": [0, 0, 2, 2], "texture": "#all", "cullface": "north"},
				"west": {"uv": [10, 3, 11, 4], "texture": "#all", "cullface": "north"},
				"up": {"uv": [10, 3, 11, 4], "texture": "#all", "cullface": "north"},
				"down": {"uv": [10, 3, 11, 4], "texture": "#all", "cullface": "north"}
			}
		},
		{
			"from": [11, 6, -0.45],
			"to": [12, 7, 1.7],
			"light_emission": 15,
			"rotation": {"angle": 0, "axis": "y", "origin": [8, 6, 8]},
			"faces": {
				"north": {"uv": [4, 9, 5, 10], "texture": "#all", "cullface": "north"},
				"east": {"uv": [4, 9, 5, 10], "texture": "#all", "cullface": "north"},
				"south": {"uv": [0, 0, 2, 2], "texture": "#all", "cullface": "north"},
				"west": {"uv": [4, 9, 5, 10], "texture": "#all", "cullface": "north"},
				"up": {"uv": [4, 9, 5, 10], "texture": "#all", "cullface": "north"},
				"down": {"uv": [4, 9, 5, 10], "texture": "#all", "cullface": "north"}
			}
		},
		{
			"from": [11, 5, -0.25],
			"to": [12, 6, 1.9],
			"light_emission": 15,
			"rotation": {"angle": 0, "axis": "y", "origin": [8, 5, 8]},
			"faces": {
				"north": {"uv": [4, 10, 5, 11], "texture": "#all", "cullface": "north"},
				"east": {"uv": [4, 10, 5, 11], "texture": "#all", "cullface": "north"},
				"south": {"uv": [0, 0, 2, 2], "texture": "#all", "cullface": "north"},
				"west": {"uv": [4, 10, 5, 11], "texture": "#all", "cullface": "north"},
				"up": {"uv": [4, 10, 5, 11], "texture": "#all", "cullface": "north"},
				"down": {"uv": [4, 10, 5, 11], "texture": "#all", "cullface": "north"}
			}
		},
		{
			"from": [12, 6, -0.35],
			"to": [13, 7, 1.8],
			"light_emission": 15,
			"rotation": {"angle": 0, "axis": "y", "origin": [8, 6, 8]},
			"faces": {
				"north": {"uv": [3, 9, 4, 10], "texture": "#all", "cullface": "north"},
				"east": {"uv": [3, 9, 4, 10], "texture": "#all", "cullface": "north"},
				"south": {"uv": [0, 0, 2, 2], "texture": "#all", "cullface": "north"},
				"west": {"uv": [3, 9, 4, 10], "texture": "#all", "cullface": "north"},
				"up": {"uv": [3, 9, 4, 10], "texture": "#all", "cullface": "north"},
				"down": {"uv": [3, 9, 4, 10], "texture": "#all", "cullface": "north"}
			}
		},
		{
			"from": [5, 13, -0.25],
			"to": [6, 14, 1.9],
			"light_emission": 15,
			"rotation": {"angle": 0, "axis": "y", "origin": [8, 13, 8]},
			"faces": {
				"north": {"uv": [10, 2, 11, 3], "texture": "#all", "cullface": "north"},
				"east": {"uv": [10, 2, 11, 3], "texture": "#all", "cullface": "north"},
				"south": {"uv": [0, 0, 2, 2], "texture": "#all", "cullface": "north"},
				"west": {"uv": [10, 2, 11, 3], "texture": "#all", "cullface": "north"},
				"up": {"uv": [10, 2, 11, 3], "texture": "#all", "cullface": "north"},
				"down": {"uv": [10, 2, 11, 3], "texture": "#all", "cullface": "north"}
			}
		},
		{
			"from": [2, 5, -0.15],
			"to": [3, 6, 2],
			"light_emission": 15,
			"rotation": {"angle": 0, "axis": "y", "origin": [8, 5, 8]},
			"faces": {
				"north": {"uv": [1, 11, 2, 12], "texture": "#all", "cullface": "north"},
				"east": {"uv": [1, 11, 2, 12], "texture": "#all", "cullface": "north"},
				"south": {"uv": [0, 0, 2, 2], "texture": "#all", "cullface": "north"},
				"west": {"uv": [1, 11, 2, 12], "texture": "#all", "cullface": "north"},
				"up": {"uv": [1, 11, 2, 12], "texture": "#all", "cullface": "north"},
				"down": {"uv": [1, 11, 2, 12], "texture": "#all", "cullface": "north"}
			}
		},
		{
			"from": [3, 4, -0.15],
			"to": [4, 5, 2],
			"light_emission": 15,
			"rotation": {"angle": 0, "axis": "y", "origin": [8, 4, 8]},
			"faces": {
				"north": {"uv": [1, 11, 2, 12], "texture": "#all", "cullface": "north"},
				"east": {"uv": [1, 11, 2, 12], "texture": "#all", "cullface": "north"},
				"south": {"uv": [0, 0, 2, 2], "texture": "#all", "cullface": "north"},
				"west": {"uv": [1, 11, 2, 12], "texture": "#all", "cullface": "north"},
				"up": {"uv": [1, 11, 2, 12], "texture": "#all", "cullface": "north"},
				"down": {"uv": [1, 11, 2, 12], "texture": "#all", "cullface": "north"}
			}
		},
		{
			"from": [2, 4, -0.35],
			"to": [3, 5, 1.8],
			"light_emission": 15,
			"rotation": {"angle": 0, "axis": "y", "origin": [8, 4, 8]},
			"faces": {
				"north": {"uv": [13, 11, 14, 12], "texture": "#all", "cullface": "north"},
				"east": {"uv": [13, 11, 14, 12], "texture": "#all", "cullface": "north"},
				"south": {"uv": [0, 0, 2, 2], "texture": "#all", "cullface": "north"},
				"west": {"uv": [13, 11, 14, 12], "texture": "#all", "cullface": "north"},
				"up": {"uv": [13, 11, 14, 12], "texture": "#all", "cullface": "north"},
				"down": {"uv": [13, 11, 14, 12], "texture": "#all", "cullface": "north"}
			}
		},
		{
			"from": [11, 8, 14],
			"to": [13, 10, 16.25],
			"light_emission": 15,
			"rotation": {"angle": 0, "axis": "y", "origin": [8, 8, 8]},
			"faces": {
				"north": {"uv": [0, 0, 2, 2], "texture": "#all", "cullface": "south"},
				"east": {"uv": [13, 6, 11, 8], "texture": "#all", "cullface": "south"},
				"south": {"uv": [11, 6, 13, 8], "texture": "#all", "cullface": "south"},
				"west": {"uv": [13, 6, 11, 8], "texture": "#all", "cullface": "south"},
				"up": {"uv": [11, 8, 13, 6], "texture": "#all", "cullface": "south"},
				"down": {"uv": [11, 8, 13, 6], "texture": "#all", "cullface": "south"}
			}
		},
		{
			"from": [7, 2, 14.1],
			"to": [9, 4, 16.35],
			"light_emission": 15,
			"rotation": {"angle": 0, "axis": "y", "origin": [8, 2, 8]},
			"faces": {
				"north": {"uv": [0, 0, 2, 2], "texture": "#all", "cullface": "south"},
				"east": {"uv": [9, 12, 7, 14], "texture": "#all", "cullface": "south"},
				"south": {"uv": [7, 12, 9, 14], "texture": "#all", "cullface": "south"},
				"west": {"uv": [9, 12, 7, 14], "texture": "#all", "cullface": "south"},
				"up": {"uv": [7, 14, 9, 12], "texture": "#all", "cullface": "south"},
				"down": {"uv": [7, 14, 9, 12], "texture": "#all", "cullface": "south"}
			}
		},
		{
			"from": [3, 11, 14.2],
			"to": [5, 13, 16.45],
			"light_emission": 15,
			"rotation": {"angle": 0, "axis": "y", "origin": [8, 11, 8]},
			"faces": {
				"north": {"uv": [2, 0, 0, 2], "texture": "#all", "cullface": "south"},
				"east": {"uv": [7, 12, 9, 14], "texture": "#all", "cullface": "south"},
				"south": {"uv": [9, 12, 7, 14], "texture": "#all", "cullface": "south"},
				"west": {"uv": [7, 12, 9, 14], "texture": "#all", "cullface": "south"},
				"up": {"uv": [9, 14, 7, 12], "texture": "#all", "cullface": "south"},
				"down": {"uv": [9, 14, 7, 12], "texture": "#all", "cullface": "south"}
			}
		},
		{
			"from": [4, 12, 14],
			"to": [6, 14, 16.25],
			"light_emission": 15,
			"rotation": {"angle": 0, "axis": "y", "origin": [8, 12, 8]},
			"faces": {
				"north": {"uv": [2, 0, 0, 2], "texture": "#all", "cullface": "south"},
				"east": {"uv": [6, 2, 4, 4], "texture": "#all", "cullface": "south"},
				"south": {"uv": [4, 2, 6, 4], "texture": "#all", "cullface": "south"},
				"west": {"uv": [6, 2, 4, 4], "texture": "#all", "cullface": "south"},
				"up": {"uv": [6, 4, 4, 2], "texture": "#all", "cullface": "south"},
				"down": {"uv": [4, 4, 6, 2], "texture": "#all", "cullface": "south"}
			}
		},
		{
			"from": [9, 1, 14.1],
			"to": [10, 3, 16.25],
			"light_emission": 15,
			"rotation": {"angle": 0, "axis": "y", "origin": [8, 1, 8]},
			"faces": {
				"north": {"uv": [0, 0, 2, 2], "texture": "#all", "cullface": "south"},
				"east": {"uv": [9, 13, 10, 15], "texture": "#all", "cullface": "south"},
				"south": {"uv": [9, 13, 10, 15], "texture": "#all", "cullface": "south"},
				"west": {"uv": [9, 13, 10, 15], "texture": "#all", "cullface": "south"},
				"up": {"uv": [10, 15, 9, 13], "texture": "#all", "cullface": "south"},
				"down": {"uv": [10, 15, 9, 13], "texture": "#all", "cullface": "south"}
			}
		},
		{
			"from": [11, 10, 14],
			"to": [12, 11, 16.15],
			"light_emission": 15,
			"rotation": {"angle": 0, "axis": "y", "origin": [8, 10, 8]},
			"faces": {
				"north": {"uv": [0, 0, 2, 2], "texture": "#all", "cullface": "south"},
				"east": {"uv": [11, 5, 12, 6], "texture": "#all", "cullface": "south"},
				"south": {"uv": [11, 5, 12, 6], "texture": "#all", "cullface": "south"},
				"west": {"uv": [11, 5, 12, 6], "texture": "#all", "cullface": "south"},
				"up": {"uv": [12, 6, 11, 5], "texture": "#all", "cullface": "south"},
				"down": {"uv": [12, 6, 11, 5], "texture": "#all", "cullface": "south"}
			}
		},
		{
			"from": [1, 4, 14.1],
			"to": [2, 5, 16.25],
			"light_emission": 15,
			"rotation": {"angle": 0, "axis": "y", "origin": [8, 4, 8]},
			"faces": {
				"north": {"uv": [0, 0, 2, 2], "texture": "#all", "cullface": "south"},
				"east": {"uv": [1, 11, 2, 12], "texture": "#all", "cullface": "south"},
				"south": {"uv": [1, 11, 2, 12], "texture": "#all", "cullface": "south"},
				"west": {"uv": [1, 11, 2, 12], "texture": "#all", "cullface": "south"},
				"up": {"uv": [2, 12, 1, 11], "texture": "#all", "cullface": "south"},
				"down": {"uv": [2, 12, 1, 11], "texture": "#all", "cullface": "south"}
			}
		},
		{
			"from": [7, 7, 14],
			"to": [8, 8, 16.15],
			"light_emission": 15,
			"rotation": {"angle": 0, "axis": "y", "origin": [8, 7, 8]},
			"faces": {
				"north": {"uv": [0, 0, 2, 2], "texture": "#all", "cullface": "south"},
				"east": {"uv": [1, 11, 2, 12], "texture": "#all", "cullface": "south"},
				"south": {"uv": [1, 11, 2, 12], "texture": "#all", "cullface": "south"},
				"west": {"uv": [1, 11, 2, 12], "texture": "#all", "cullface": "south"},
				"up": {"uv": [2, 12, 1, 11], "texture": "#all", "cullface": "south"},
				"down": {"uv": [2, 12, 1, 11], "texture": "#all", "cullface": "south"}
			}
		},
		{
			"from": [8, 8, 14],
			"to": [10, 9, 16.35],
			"light_emission": 15,
			"rotation": {"angle": 0, "axis": "y", "origin": [8, 8, 8]},
			"faces": {
				"north": {"uv": [0, 0, 2, 2], "texture": "#all", "cullface": "south"},
				"east": {"uv": [10, 7, 8, 8], "texture": "#all", "cullface": "south"},
				"south": {"uv": [8, 7, 10, 8], "texture": "#all", "cullface": "south"},
				"west": {"uv": [10, 7, 8, 8], "texture": "#all", "cullface": "south"},
				"up": {"uv": [8, 8, 10, 7], "texture": "#all", "cullface": "south"},
				"down": {"uv": [8, 8, 10, 7], "texture": "#all", "cullface": "south"}
			}
		},
		{
			"from": [7, 4, 14.1],
			"to": [8, 5, 16.15],
			"light_emission": 15,
			"rotation": {"angle": 0, "axis": "y", "origin": [8, 4, 8]},
			"faces": {
				"north": {"uv": [0, 0, 2, 2], "texture": "#all", "cullface": "south"},
				"east": {"uv": [7, 11, 8, 12], "texture": "#all", "cullface": "south"},
				"south": {"uv": [7, 11, 8, 12], "texture": "#all", "cullface": "south"},
				"west": {"uv": [7, 11, 8, 12], "texture": "#all", "cullface": "south"},
				"up": {"uv": [8, 12, 7, 11], "texture": "#all", "cullface": "south"},
				"down": {"uv": [8, 12, 7, 11], "texture": "#all", "cullface": "south"}
			}
		},
		{
			"from": [4, 10, 14.1],
			"to": [5, 11, 16.25],
			"light_emission": 15,
			"rotation": {"angle": 0, "axis": "y", "origin": [8, 10, 8]},
			"faces": {
				"north": {"uv": [0, 0, 2, 2], "texture": "#all", "cullface": "south"},
				"east": {"uv": [7, 11, 8, 12], "texture": "#all", "cullface": "south"},
				"south": {"uv": [7, 11, 8, 12], "texture": "#all", "cullface": "south"},
				"west": {"uv": [7, 11, 8, 12], "texture": "#all", "cullface": "south"},
				"up": {"uv": [8, 12, 7, 11], "texture": "#all", "cullface": "south"},
				"down": {"uv": [8, 12, 7, 11], "texture": "#all", "cullface": "south"}
			}
		},
		{
			"from": [11, 12, 14],
			"to": [12, 13, 16.15],
			"light_emission": 15,
			"rotation": {"angle": 0, "axis": "y", "origin": [8, 12, 8]},
			"faces": {
				"north": {"uv": [0, 0, 2, 2], "texture": "#all", "cullface": "south"},
				"east": {"uv": [7, 11, 8, 12], "texture": "#all", "cullface": "south"},
				"south": {"uv": [7, 11, 8, 12], "texture": "#all", "cullface": "south"},
				"west": {"uv": [7, 11, 8, 12], "texture": "#all", "cullface": "south"},
				"up": {"uv": [8, 12, 7, 11], "texture": "#all", "cullface": "south"},
				"down": {"uv": [8, 12, 7, 11], "texture": "#all", "cullface": "south"}
			}
		},
		{
			"from": [10, 12, 14.3],
			"to": [11, 13, 16.45],
			"light_emission": 15,
			"rotation": {"angle": 0, "axis": "y", "origin": [8, 12, 8]},
			"faces": {
				"north": {"uv": [0, 0, 2, 2], "texture": "#all", "cullface": "south"},
				"east": {"uv": [10, 3, 11, 4], "texture": "#all", "cullface": "south"},
				"south": {"uv": [10, 3, 11, 4], "texture": "#all", "cullface": "south"},
				"west": {"uv": [10, 3, 11, 4], "texture": "#all", "cullface": "south"},
				"up": {"uv": [11, 4, 10, 3], "texture": "#all", "cullface": "south"},
				"down": {"uv": [11, 4, 10, 3], "texture": "#all", "cullface": "south"}
			}
		},
		{
			"from": [4, 6, 14.3],
			"to": [5, 7, 16.45],
			"light_emission": 15,
			"rotation": {"angle": 0, "axis": "y", "origin": [8, 6, 8]},
			"faces": {
				"north": {"uv": [0, 0, 2, 2], "texture": "#all", "cullface": "south"},
				"east": {"uv": [4, 9, 5, 10], "texture": "#all", "cullface": "south"},
				"south": {"uv": [4, 9, 5, 10], "texture": "#all", "cullface": "south"},
				"west": {"uv": [4, 9, 5, 10], "texture": "#all", "cullface": "south"},
				"up": {"uv": [5, 10, 4, 9], "texture": "#all", "cullface": "south"},
				"down": {"uv": [5, 10, 4, 9], "texture": "#all", "cullface": "south"}
			}
		},
		{
			"from": [4, 5, 14.1],
			"to": [5, 6, 16.25],
			"light_emission": 15,
			"rotation": {"angle": 0, "axis": "y", "origin": [8, 5, 8]},
			"faces": {
				"north": {"uv": [0, 0, 2, 2], "texture": "#all", "cullface": "south"},
				"east": {"uv": [4, 10, 5, 11], "texture": "#all", "cullface": "south"},
				"south": {"uv": [4, 10, 5, 11], "texture": "#all", "cullface": "south"},
				"west": {"uv": [4, 10, 5, 11], "texture": "#all", "cullface": "south"},
				"up": {"uv": [5, 11, 4, 10], "texture": "#all", "cullface": "south"},
				"down": {"uv": [5, 11, 4, 10], "texture": "#all", "cullface": "south"}
			}
		},
		{
			"from": [3, 6, 14.2],
			"to": [4, 7, 16.35],
			"light_emission": 15,
			"rotation": {"angle": 0, "axis": "y", "origin": [8, 6, 8]},
			"faces": {
				"north": {"uv": [0, 0, 2, 2], "texture": "#all", "cullface": "south"},
				"east": {"uv": [3, 9, 4, 10], "texture": "#all", "cullface": "south"},
				"south": {"uv": [3, 9, 4, 10], "texture": "#all", "cullface": "south"},
				"west": {"uv": [3, 9, 4, 10], "texture": "#all", "cullface": "south"},
				"up": {"uv": [4, 10, 3, 9], "texture": "#all", "cullface": "south"},
				"down": {"uv": [4, 10, 3, 9], "texture": "#all", "cullface": "south"}
			}
		},
		{
			"from": [10, 13, 14.1],
			"to": [11, 14, 16.25],
			"light_emission": 15,
			"rotation": {"angle": 0, "axis": "y", "origin": [8, 13, 8]},
			"faces": {
				"north": {"uv": [0, 0, 2, 2], "texture": "#all", "cullface": "south"},
				"east": {"uv": [10, 2, 11, 3], "texture": "#all", "cullface": "south"},
				"south": {"uv": [10, 2, 11, 3], "texture": "#all", "cullface": "south"},
				"west": {"uv": [10, 2, 11, 3], "texture": "#all", "cullface": "south"},
				"up": {"uv": [11, 3, 10, 2], "texture": "#all", "cullface": "south"},
				"down": {"uv": [11, 3, 10, 2], "texture": "#all", "cullface": "south"}
			}
		},
		{
			"from": [13, 5, 14],
			"to": [14, 6, 16.15],
			"light_emission": 15,
			"rotation": {"angle": 0, "axis": "y", "origin": [8, 5, 8]},
			"faces": {
				"north": {"uv": [0, 0, 2, 2], "texture": "#all", "cullface": "south"},
				"east": {"uv": [1, 11, 2, 12], "texture": "#all", "cullface": "south"},
				"south": {"uv": [1, 11, 2, 12], "texture": "#all", "cullface": "south"},
				"west": {"uv": [1, 11, 2, 12], "texture": "#all", "cullface": "south"},
				"up": {"uv": [2, 12, 1, 11], "texture": "#all", "cullface": "south"},
				"down": {"uv": [2, 12, 1, 11], "texture": "#all", "cullface": "south"}
			}
		},
		{
			"from": [12, 4, 14],
			"to": [13, 5, 16.15],
			"light_emission": 15,
			"rotation": {"angle": 0, "axis": "y", "origin": [8, 4, 8]},
			"faces": {
				"north": {"uv": [0, 0, 2, 2], "texture": "#all", "cullface": "south"},
				"east": {"uv": [1, 11, 2, 12], "texture": "#all", "cullface": "south"},
				"south": {"uv": [1, 11, 2, 12], "texture": "#all", "cullface": "south"},
				"west": {"uv": [1, 11, 2, 12], "texture": "#all", "cullface": "south"},
				"up": {"uv": [2, 12, 1, 11], "texture": "#all", "cullface": "south"},
				"down": {"uv": [2, 12, 1, 11], "texture": "#all", "cullface": "south"}
			}
		},
		{
			"from": [13, 4, 14.2],
			"to": [14, 5, 16.35],
			"light_emission": 15,
			"rotation": {"angle": 0, "axis": "y", "origin": [8, 4, 8]},
			"faces": {
				"north": {"uv": [0, 0, 2, 2], "texture": "#all", "cullface": "south"},
				"east": {"uv": [13, 11, 14, 12], "texture": "#all", "cullface": "south"},
				"south": {"uv": [13, 11, 14, 12], "texture": "#all", "cullface": "south"},
				"west": {"uv": [13, 11, 14, 12], "texture": "#all", "cullface": "south"},
				"up": {"uv": [14, 12, 13, 11], "texture": "#all", "cullface": "south"},
				"down": {"uv": [14, 12, 13, 11], "texture": "#all", "cullface": "south"}
			}
		},
		{
			"from": [-0.25, 8, 11],
			"to": [2, 10, 13],
			"light_emission": 15,
			"rotation": {"angle": 0, "axis": "y", "origin": [8, 8, 8]},
			"faces": {
				"north": {"uv": [13, 6, 11, 8], "texture": "#all", "cullface": "west"},
				"east": {"uv": [0, 0, 2, 2], "texture": "#all", "cullface": "west"},
				"south": {"uv": [13, 6, 11, 8], "texture": "#all", "cullface": "west"},
				"west": {"uv": [11, 6, 13, 8], "texture": "#all", "cullface": "west"},
				"up": {"uv": [11, 8, 13, 6], "rotation": 90, "texture": "#all", "cullface": "west"},
				"down": {"uv": [11, 8, 13, 6], "rotation": 270, "texture": "#all", "cullface": "west"}
			}
		},
		{
			"from": [-0.35, 2, 7],
			"to": [1.9, 4, 9],
			"light_emission": 15,
			"rotation": {"angle": 0, "axis": "y", "origin": [8, 2, 8]},
			"faces": {
				"north": {"uv": [9, 12, 7, 14], "texture": "#all", "cullface": "west"},
				"east": {"uv": [0, 0, 2, 2], "texture": "#all", "cullface": "west"},
				"south": {"uv": [9, 12, 7, 14], "texture": "#all", "cullface": "west"},
				"west": {"uv": [7, 12, 9, 14], "texture": "#all", "cullface": "west"},
				"up": {"uv": [7, 14, 9, 12], "rotation": 90, "texture": "#all", "cullface": "west"},
				"down": {"uv": [7, 14, 9, 12], "rotation": 270, "texture": "#all", "cullface": "west"}
			}
		},
		{
			"from": [-0.45, 11, 3],
			"to": [1.8, 13, 5],
			"light_emission": 15,
			"rotation": {"angle": 0, "axis": "y", "origin": [8, 11, 8]},
			"faces": {
				"north": {"uv": [7, 12, 9, 14], "texture": "#all", "cullface": "west"},
				"east": {"uv": [2, 0, 0, 2], "texture": "#all", "cullface": "west"},
				"south": {"uv": [7, 12, 9, 14], "texture": "#all", "cullface": "west"},
				"west": {"uv": [9, 12, 7, 14], "texture": "#all", "cullface": "west"},
				"up": {"uv": [9, 14, 7, 12], "rotation": 90, "texture": "#all", "cullface": "west"},
				"down": {"uv": [9, 14, 7, 12], "rotation": 270, "texture": "#all", "cullface": "west"}
			}
		},
		{
			"from": [-0.25, 12, 4],
			"to": [2, 14, 6],
			"light_emission": 15,
			"rotation": {"angle": 0, "axis": "y", "origin": [8, 12, 8]},
			"faces": {
				"north": {"uv": [6, 2, 4, 4], "texture": "#all", "cullface": "west"},
				"east": {"uv": [2, 0, 0, 2], "texture": "#all", "cullface": "west"},
				"south": {"uv": [6, 2, 4, 4], "texture": "#all", "cullface": "west"},
				"west": {"uv": [4, 2, 6, 4], "texture": "#all", "cullface": "west"},
				"up": {"uv": [6, 4, 4, 2], "rotation": 90, "texture": "#all", "cullface": "west"},
				"down": {"uv": [4, 4, 6, 2], "rotation": 270, "texture": "#all", "cullface": "west"}
			}
		},
		{
			"from": [-0.25, 1, 9],
			"to": [1.9, 3, 10],
			"light_emission": 15,
			"rotation": {"angle": 0, "axis": "y", "origin": [8, 1, 8]},
			"faces": {
				"north": {"uv": [9, 13, 10, 15], "texture": "#all", "cullface": "west"},
				"east": {"uv": [0, 0, 2, 2], "texture": "#all", "cullface": "west"},
				"south": {"uv": [9, 13, 10, 15], "texture": "#all", "cullface": "west"},
				"west": {"uv": [9, 13, 10, 15], "texture": "#all", "cullface": "west"},
				"up": {"uv": [10, 15, 9, 13], "rotation": 90, "texture": "#all", "cullface": "west"},
				"down": {"uv": [10, 15, 9, 13], "rotation": 270, "texture": "#all", "cullface": "west"}
			}
		},
		{
			"from": [-0.15, 10, 11],
			"to": [2, 11, 12],
			"light_emission": 15,
			"rotation": {"angle": 0, "axis": "y", "origin": [8, 10, 8]},
			"faces": {
				"north": {"uv": [11, 5, 12, 6], "texture": "#all", "cullface": "west"},
				"east": {"uv": [0, 0, 2, 2], "texture": "#all", "cullface": "west"},
				"south": {"uv": [11, 5, 12, 6], "texture": "#all", "cullface": "west"},
				"west": {"uv": [11, 5, 12, 6], "texture": "#all", "cullface": "west"},
				"up": {"uv": [12, 6, 11, 5], "rotation": 90, "texture": "#all", "cullface": "west"},
				"down": {"uv": [12, 6, 11, 5], "rotation": 270, "texture": "#all", "cullface": "west"}
			}
		},
		{
			"from": [-0.25, 4, 1],
			"to": [1.9, 5, 2],
			"light_emission": 15,
			"rotation": {"angle": 0, "axis": "y", "origin": [8, 4, 8]},
			"faces": {
				"north": {"uv": [1, 11, 2, 12], "texture": "#all", "cullface": "west"},
				"east": {"uv": [0, 0, 2, 2], "texture": "#all", "cullface": "west"},
				"south": {"uv": [1, 11, 2, 12], "texture": "#all", "cullface": "west"},
				"west": {"uv": [1, 11, 2, 12], "texture": "#all", "cullface": "west"},
				"up": {"uv": [2, 12, 1, 11], "rotation": 90, "texture": "#all", "cullface": "west"},
				"down": {"uv": [2, 12, 1, 11], "rotation": 270, "texture": "#all", "cullface": "west"}
			}
		},
		{
			"from": [-0.15, 7, 7],
			"to": [2, 8, 8],
			"light_emission": 15,
			"rotation": {"angle": 0, "axis": "y", "origin": [8, 7, 8]},
			"faces": {
				"north": {"uv": [1, 11, 2, 12], "texture": "#all", "cullface": "west"},
				"east": {"uv": [0, 0, 2, 2], "texture": "#all", "cullface": "west"},
				"south": {"uv": [1, 11, 2, 12], "texture": "#all", "cullface": "west"},
				"west": {"uv": [1, 11, 2, 12], "texture": "#all", "cullface": "west"},
				"up": {"uv": [2, 12, 1, 11], "rotation": 90, "texture": "#all", "cullface": "west"},
				"down": {"uv": [2, 12, 1, 11], "rotation": 270, "texture": "#all", "cullface": "west"}
			}
		},
		{
			"from": [-0.35, 8, 8],
			"to": [2, 9, 10],
			"light_emission": 15,
			"rotation": {"angle": 0, "axis": "y", "origin": [8, 8, 8]},
			"faces": {
				"north": {"uv": [10, 7, 8, 8], "texture": "#all", "cullface": "west"},
				"east": {"uv": [0, 0, 2, 2], "texture": "#all", "cullface": "west"},
				"south": {"uv": [10, 7, 8, 8], "texture": "#all", "cullface": "west"},
				"west": {"uv": [8, 7, 10, 8], "texture": "#all", "cullface": "west"},
				"up": {"uv": [8, 8, 10, 7], "rotation": 90, "texture": "#all", "cullface": "west"},
				"down": {"uv": [8, 8, 10, 7], "rotation": 270, "texture": "#all", "cullface": "west"}
			}
		},
		{
			"from": [-0.15, 4, 7],
			"to": [1.9, 5, 8],
			"light_emission": 15,
			"rotation": {"angle": 0, "axis": "y", "origin": [8, 4, 8]},
			"faces": {
				"north": {"uv": [7, 11, 8, 12], "texture": "#all", "cullface": "west"},
				"east": {"uv": [0, 0, 2, 2], "texture": "#all", "cullface": "west"},
				"south": {"uv": [7, 11, 8, 12], "texture": "#all", "cullface": "west"},
				"west": {"uv": [7, 11, 8, 12], "texture": "#all", "cullface": "west"},
				"up": {"uv": [8, 12, 7, 11], "rotation": 90, "texture": "#all", "cullface": "west"},
				"down": {"uv": [8, 12, 7, 11], "rotation": 270, "texture": "#all", "cullface": "west"}
			}
		},
		{
			"from": [-0.25, 10, 4],
			"to": [1.9, 11, 5],
			"light_emission": 15,
			"rotation": {"angle": 0, "axis": "y", "origin": [8, 10, 8]},
			"faces": {
				"north": {"uv": [7, 11, 8, 12], "texture": "#all", "cullface": "west"},
				"east": {"uv": [0, 0, 2, 2], "texture": "#all", "cullface": "west"},
				"south": {"uv": [7, 11, 8, 12], "texture": "#all", "cullface": "west"},
				"west": {"uv": [7, 11, 8, 12], "texture": "#all", "cullface": "west"},
				"up": {"uv": [8, 12, 7, 11], "rotation": 90, "texture": "#all", "cullface": "west"},
				"down": {"uv": [8, 12, 7, 11], "rotation": 270, "texture": "#all", "cullface": "west"}
			}
		},
		{
			"from": [-0.15, 12, 11],
			"to": [2, 13, 12],
			"light_emission": 15,
			"rotation": {"angle": 0, "axis": "y", "origin": [8, 12, 8]},
			"faces": {
				"north": {"uv": [7, 11, 8, 12], "texture": "#all", "cullface": "west"},
				"east": {"uv": [0, 0, 2, 2], "texture": "#all", "cullface": "west"},
				"south": {"uv": [7, 11, 8, 12], "texture": "#all", "cullface": "west"},
				"west": {"uv": [7, 11, 8, 12], "texture": "#all", "cullface": "west"},
				"up": {"uv": [8, 12, 7, 11], "rotation": 90, "texture": "#all", "cullface": "west"},
				"down": {"uv": [8, 12, 7, 11], "rotation": 270, "texture": "#all", "cullface": "west"}
			}
		},
		{
			"from": [-0.45, 12, 10],
			"to": [1.7, 13, 11],
			"light_emission": 15,
			"rotation": {"angle": 0, "axis": "y", "origin": [8, 12, 8]},
			"faces": {
				"north": {"uv": [10, 3, 11, 4], "texture": "#all", "cullface": "west"},
				"east": {"uv": [0, 0, 2, 2], "texture": "#all", "cullface": "west"},
				"south": {"uv": [10, 3, 11, 4], "texture": "#all", "cullface": "west"},
				"west": {"uv": [10, 3, 11, 4], "texture": "#all", "cullface": "west"},
				"up": {"uv": [11, 4, 10, 3], "rotation": 90, "texture": "#all", "cullface": "west"},
				"down": {"uv": [11, 4, 10, 3], "rotation": 270, "texture": "#all", "cullface": "west"}
			}
		},
		{
			"from": [-0.45, 6, 4],
			"to": [1.7, 7, 5],
			"light_emission": 15,
			"rotation": {"angle": 0, "axis": "y", "origin": [8, 6, 8]},
			"faces": {
				"north": {"uv": [4, 9, 5, 10], "texture": "#all", "cullface": "west"},
				"east": {"uv": [0, 0, 2, 2], "texture": "#all", "cullface": "west"},
				"south": {"uv": [4, 9, 5, 10], "texture": "#all", "cullface": "west"},
				"west": {"uv": [4, 9, 5, 10], "texture": "#all", "cullface": "west"},
				"up": {"uv": [5, 10, 4, 9], "rotation": 90, "texture": "#all", "cullface": "west"},
				"down": {"uv": [5, 10, 4, 9], "rotation": 270, "texture": "#all", "cullface": "west"}
			}
		},
		{
			"from": [-0.25, 5, 4],
			"to": [1.9, 6, 5],
			"light_emission": 15,
			"rotation": {"angle": 0, "axis": "y", "origin": [8, 5, 8]},
			"faces": {
				"north": {"uv": [4, 10, 5, 11], "texture": "#all", "cullface": "west"},
				"east": {"uv": [0, 0, 2, 2], "texture": "#all", "cullface": "west"},
				"south": {"uv": [4, 10, 5, 11], "texture": "#all", "cullface": "west"},
				"west": {"uv": [4, 10, 5, 11], "texture": "#all", "cullface": "west"},
				"up": {"uv": [5, 11, 4, 10], "rotation": 90, "texture": "#all", "cullface": "west"},
				"down": {"uv": [5, 11, 4, 10], "rotation": 270, "texture": "#all", "cullface": "west"}
			}
		},
		{
			"from": [-0.35, 6, 3],
			"to": [1.8, 7, 4],
			"light_emission": 15,
			"rotation": {"angle": 0, "axis": "y", "origin": [8, 6, 8]},
			"faces": {
				"north": {"uv": [3, 9, 4, 10], "texture": "#all", "cullface": "west"},
				"east": {"uv": [0, 0, 2, 2], "texture": "#all", "cullface": "west"},
				"south": {"uv": [3, 9, 4, 10], "texture": "#all", "cullface": "west"},
				"west": {"uv": [3, 9, 4, 10], "texture": "#all", "cullface": "west"},
				"up": {"uv": [4, 10, 3, 9], "rotation": 90, "texture": "#all", "cullface": "west"},
				"down": {"uv": [4, 10, 3, 9], "rotation": 270, "texture": "#all", "cullface": "west"}
			}
		},
		{
			"from": [-0.25, 13, 10],
			"to": [1.9, 14, 11],
			"light_emission": 15,
			"rotation": {"angle": 0, "axis": "y", "origin": [8, 13, 8]},
			"faces": {
				"north": {"uv": [10, 2, 11, 3], "texture": "#all", "cullface": "west"},
				"east": {"uv": [0, 0, 2, 2], "texture": "#all", "cullface": "west"},
				"south": {"uv": [10, 2, 11, 3], "texture": "#all", "cullface": "west"},
				"west": {"uv": [10, 2, 11, 3], "texture": "#all", "cullface": "west"},
				"up": {"uv": [11, 3, 10, 2], "rotation": 90, "texture": "#all", "cullface": "west"},
				"down": {"uv": [11, 3, 10, 2], "rotation": 270, "texture": "#all", "cullface": "west"}
			}
		},
		{
			"from": [-0.15, 5, 13],
			"to": [2, 6, 14],
			"light_emission": 15,
			"rotation": {"angle": 0, "axis": "y", "origin": [8, 5, 8]},
			"faces": {
				"north": {"uv": [1, 11, 2, 12], "texture": "#all", "cullface": "west"},
				"east": {"uv": [0, 0, 2, 2], "texture": "#all", "cullface": "west"},
				"south": {"uv": [1, 11, 2, 12], "texture": "#all", "cullface": "west"},
				"west": {"uv": [1, 11, 2, 12], "texture": "#all", "cullface": "west"},
				"up": {"uv": [2, 12, 1, 11], "rotation": 90, "texture": "#all", "cullface": "west"},
				"down": {"uv": [2, 12, 1, 11], "rotation": 270, "texture": "#all", "cullface": "west"}
			}
		},
		{
			"from": [-0.15, 4, 12],
			"to": [2, 5, 13],
			"light_emission": 15,
			"rotation": {"angle": 0, "axis": "y", "origin": [8, 4, 8]},
			"faces": {
				"north": {"uv": [1, 11, 2, 12], "texture": "#all", "cullface": "west"},
				"east": {"uv": [0, 0, 2, 2], "texture": "#all", "cullface": "west"},
				"south": {"uv": [1, 11, 2, 12], "texture": "#all", "cullface": "west"},
				"west": {"uv": [1, 11, 2, 12], "texture": "#all", "cullface": "west"},
				"up": {"uv": [2, 12, 1, 11], "rotation": 90, "texture": "#all", "cullface": "west"},
				"down": {"uv": [2, 12, 1, 11], "rotation": 270, "texture": "#all", "cullface": "west"}
			}
		},
		{
			"from": [-0.35, 4, 13],
			"to": [1.8, 5, 14],
			"light_emission": 15,
			"rotation": {"angle": 0, "axis": "y", "origin": [8, 4, 8]},
			"faces": {
				"north": {"uv": [13, 11, 14, 12], "texture": "#all", "cullface": "west"},
				"east": {"uv": [0, 0, 2, 2], "texture": "#all", "cullface": "west"},
				"south": {"uv": [13, 11, 14, 12], "texture": "#all", "cullface": "west"},
				"west": {"uv": [13, 11, 14, 12], "texture": "#all", "cullface": "west"},
				"up": {"uv": [14, 12, 13, 11], "rotation": 90, "texture": "#all", "cullface": "west"},
				"down": {"uv": [14, 12, 13, 11], "rotation": 270, "texture": "#all", "cullface": "west"}
			}
		},
		{
			"from": [14, 8, 3],
			"to": [16.25, 10, 5],
			"light_emission": 15,
			"rotation": {"angle": 0, "axis": "y", "origin": [8, 8, 8]},
			"faces": {
				"north": {"uv": [13, 6, 11, 8], "texture": "#all", "cullface": "east"},
				"east": {"uv": [11, 6, 13, 8], "texture": "#all", "cullface": "east"},
				"south": {"uv": [13, 6, 11, 8], "texture": "#all", "cullface": "east"},
				"west": {"uv": [0, 0, 2, 2], "texture": "#all", "cullface": "east"},
				"up": {"uv": [13, 6, 11, 8], "rotation": 90, "texture": "#all", "cullface": "east"},
				"down": {"uv": [13, 6, 11, 8], "rotation": 270, "texture": "#all", "cullface": "east"}
			}
		},
		{
			"from": [14.1, 2, 7],
			"to": [16.35, 4, 9],
			"light_emission": 15,
			"rotation": {"angle": 0, "axis": "y", "origin": [8, 2, 8]},
			"faces": {
				"north": {"uv": [9, 12, 7, 14], "texture": "#all", "cullface": "east"},
				"east": {"uv": [7, 12, 9, 14], "texture": "#all", "cullface": "east"},
				"south": {"uv": [9, 12, 7, 14], "texture": "#all", "cullface": "east"},
				"west": {"uv": [0, 0, 2, 2], "texture": "#all", "cullface": "east"},
				"up": {"uv": [9, 12, 7, 14], "rotation": 90, "texture": "#all", "cullface": "east"},
				"down": {"uv": [9, 12, 7, 14], "rotation": 270, "texture": "#all", "cullface": "east"}
			}
		},
		{
			"from": [14.2, 11, 11],
			"to": [16.45, 13, 13],
			"light_emission": 15,
			"rotation": {"angle": 0, "axis": "y", "origin": [8, 11, 8]},
			"faces": {
				"north": {"uv": [7, 12, 9, 14], "texture": "#all", "cullface": "east"},
				"east": {"uv": [9, 12, 7, 14], "texture": "#all", "cullface": "east"},
				"south": {"uv": [7, 12, 9, 14], "texture": "#all", "cullface": "east"},
				"west": {"uv": [2, 0, 0, 2], "texture": "#all", "cullface": "east"},
				"up": {"uv": [7, 12, 9, 14], "rotation": 90, "texture": "#all", "cullface": "east"},
				"down": {"uv": [7, 12, 9, 14], "rotation": 270, "texture": "#all", "cullface": "east"}
			}
		},
		{
			"from": [14, 12, 10],
			"to": [16.25, 14, 12],
			"light_emission": 15,
			"rotation": {"angle": 0, "axis": "y", "origin": [8, 12, 8]},
			"faces": {
				"north": {"uv": [6, 2, 4, 4], "texture": "#all", "cullface": "east"},
				"east": {"uv": [4, 2, 6, 4], "texture": "#all", "cullface": "east"},
				"south": {"uv": [6, 2, 4, 4], "texture": "#all", "cullface": "east"},
				"west": {"uv": [2, 0, 0, 2], "texture": "#all", "cullface": "east"},
				"up": {"uv": [4, 2, 6, 4], "rotation": 90, "texture": "#all", "cullface": "east"},
				"down": {"uv": [6, 2, 4, 4], "rotation": 270, "texture": "#all", "cullface": "east"}
			}
		},
		{
			"from": [14.1, 1, 6],
			"to": [16.25, 3, 7],
			"light_emission": 15,
			"rotation": {"angle": 0, "axis": "y", "origin": [8, 1, 8]},
			"faces": {
				"north": {"uv": [9, 13, 10, 15], "texture": "#all", "cullface": "east"},
				"east": {"uv": [9, 13, 10, 15], "texture": "#all", "cullface": "east"},
				"south": {"uv": [9, 13, 10, 15], "texture": "#all", "cullface": "east"},
				"west": {"uv": [0, 0, 2, 2], "texture": "#all", "cullface": "east"},
				"up": {"uv": [9, 13, 10, 15], "rotation": 90, "texture": "#all", "cullface": "east"},
				"down": {"uv": [9, 13, 10, 15], "rotation": 270, "texture": "#all", "cullface": "east"}
			}
		},
		{
			"from": [14, 10, 4],
			"to": [16.15, 11, 5],
			"light_emission": 15,
			"rotation": {"angle": 0, "axis": "y", "origin": [8, 10, 8]},
			"faces": {
				"north": {"uv": [11, 5, 12, 6], "texture": "#all", "cullface": "east"},
				"east": {"uv": [11, 5, 12, 6], "texture": "#all", "cullface": "east"},
				"south": {"uv": [11, 5, 12, 6], "texture": "#all", "cullface": "east"},
				"west": {"uv": [0, 0, 2, 2], "texture": "#all", "cullface": "east"},
				"up": {"uv": [11, 5, 12, 6], "rotation": 90, "texture": "#all", "cullface": "east"},
				"down": {"uv": [11, 5, 12, 6], "rotation": 270, "texture": "#all", "cullface": "east"}
			}
		},
		{
			"from": [14.1, 4, 14],
			"to": [16.25, 5, 15],
			"light_emission": 15,
			"rotation": {"angle": 0, "axis": "y", "origin": [8, 4, 8]},
			"faces": {
				"north": {"uv": [1, 11, 2, 12], "texture": "#all", "cullface": "east"},
				"east": {"uv": [1, 11, 2, 12], "texture": "#all", "cullface": "east"},
				"south": {"uv": [1, 11, 2, 12], "texture": "#all", "cullface": "east"},
				"west": {"uv": [0, 0, 2, 2], "texture": "#all", "cullface": "east"},
				"up": {"uv": [1, 11, 2, 12], "rotation": 90, "texture": "#all", "cullface": "east"},
				"down": {"uv": [1, 11, 2, 12], "rotation": 270, "texture": "#all", "cullface": "east"}
			}
		},
		{
			"from": [14, 7, 8],
			"to": [16.15, 8, 9],
			"light_emission": 15,
			"rotation": {"angle": 0, "axis": "y", "origin": [8, 7, 8]},
			"faces": {
				"north": {"uv": [1, 11, 2, 12], "texture": "#all", "cullface": "east"},
				"east": {"uv": [1, 11, 2, 12], "texture": "#all", "cullface": "east"},
				"south": {"uv": [1, 11, 2, 12], "texture": "#all", "cullface": "east"},
				"west": {"uv": [0, 0, 2, 2], "texture": "#all", "cullface": "east"},
				"up": {"uv": [1, 11, 2, 12], "rotation": 90, "texture": "#all", "cullface": "east"},
				"down": {"uv": [1, 11, 2, 12], "rotation": 270, "texture": "#all", "cullface": "east"}
			}
		},
		{
			"from": [14, 8, 6],
			"to": [16.35, 9, 8],
			"light_emission": 15,
			"rotation": {"angle": 0, "axis": "y", "origin": [8, 8, 8]},
			"faces": {
				"north": {"uv": [10, 7, 8, 8], "texture": "#all", "cullface": "east"},
				"east": {"uv": [8, 7, 10, 8], "texture": "#all", "cullface": "east"},
				"south": {"uv": [10, 7, 8, 8], "texture": "#all", "cullface": "east"},
				"west": {"uv": [0, 0, 2, 2], "texture": "#all", "cullface": "east"},
				"up": {"uv": [10, 7, 8, 8], "rotation": 90, "texture": "#all", "cullface": "east"},
				"down": {"uv": [10, 7, 8, 8], "rotation": 270, "texture": "#all", "cullface": "east"}
			}
		},
		{
			"from": [14.1, 4, 8],
			"to": [16.15, 5, 9],
			"light_emission": 15,
			"rotation": {"angle": 0, "axis": "y", "origin": [8, 4, 8]},
			"faces": {
				"north": {"uv": [7, 11, 8, 12], "texture": "#all", "cullface": "east"},
				"east": {"uv": [7, 11, 8, 12], "texture": "#all", "cullface": "east"},
				"south": {"uv": [7, 11, 8, 12], "texture": "#all", "cullface": "east"},
				"west": {"uv": [0, 0, 2, 2], "texture": "#all", "cullface": "east"},
				"up": {"uv": [7, 11, 8, 12], "rotation": 90, "texture": "#all", "cullface": "east"},
				"down": {"uv": [7, 11, 8, 12], "rotation": 270, "texture": "#all", "cullface": "east"}
			}
		},
		{
			"from": [14.1, 10, 11],
			"to": [16.25, 11, 12],
			"light_emission": 15,
			"rotation": {"angle": 0, "axis": "y", "origin": [8, 10, 8]},
			"faces": {
				"north": {"uv": [7, 11, 8, 12], "texture": "#all", "cullface": "east"},
				"east": {"uv": [7, 11, 8, 12], "texture": "#all", "cullface": "east"},
				"south": {"uv": [7, 11, 8, 12], "texture": "#all", "cullface": "east"},
				"west": {"uv": [0, 0, 2, 2], "texture": "#all", "cullface": "east"},
				"up": {"uv": [7, 11, 8, 12], "rotation": 90, "texture": "#all", "cullface": "east"},
				"down": {"uv": [7, 11, 8, 12], "rotation": 270, "texture": "#all", "cullface": "east"}
			}
		},
		{
			"from": [14, 12, 4],
			"to": [16.15, 13, 5],
			"light_emission": 15,
			"rotation": {"angle": 0, "axis": "y", "origin": [8, 12, 8]},
			"faces": {
				"north": {"uv": [7, 11, 8, 12], "texture": "#all", "cullface": "east"},
				"east": {"uv": [7, 11, 8, 12], "texture": "#all", "cullface": "east"},
				"south": {"uv": [7, 11, 8, 12], "texture": "#all", "cullface": "east"},
				"west": {"uv": [0, 0, 2, 2], "texture": "#all", "cullface": "east"},
				"up": {"uv": [7, 11, 8, 12], "rotation": 90, "texture": "#all", "cullface": "east"},
				"down": {"uv": [7, 11, 8, 12], "rotation": 270, "texture": "#all", "cullface": "east"}
			}
		},
		{
			"from": [14.3, 12, 5],
			"to": [16.45, 13, 6],
			"light_emission": 15,
			"rotation": {"angle": 0, "axis": "y", "origin": [8, 12, 8]},
			"faces": {
				"north": {"uv": [10, 3, 11, 4], "texture": "#all", "cullface": "east"},
				"east": {"uv": [10, 3, 11, 4], "texture": "#all", "cullface": "east"},
				"south": {"uv": [10, 3, 11, 4], "texture": "#all", "cullface": "east"},
				"west": {"uv": [0, 0, 2, 2], "texture": "#all", "cullface": "east"},
				"up": {"uv": [10, 3, 11, 4], "rotation": 90, "texture": "#all", "cullface": "east"},
				"down": {"uv": [10, 3, 11, 4], "rotation": 270, "texture": "#all", "cullface": "east"}
			}
		},
		{
			"from": [14.3, 6, 11],
			"to": [16.45, 7, 12],
			"light_emission": 15,
			"rotation": {"angle": 0, "axis": "y", "origin": [8, 6, 8]},
			"faces": {
				"north": {"uv": [4, 9, 5, 10], "texture": "#all", "cullface": "east"},
				"east": {"uv": [4, 9, 5, 10], "texture": "#all", "cullface": "east"},
				"south": {"uv": [4, 9, 5, 10], "texture": "#all", "cullface": "east"},
				"west": {"uv": [0, 0, 2, 2], "texture": "#all", "cullface": "east"},
				"up": {"uv": [4, 9, 5, 10], "rotation": 90, "texture": "#all", "cullface": "east"},
				"down": {"uv": [4, 9, 5, 10], "rotation": 270, "texture": "#all", "cullface": "east"}
			}
		},
		{
			"from": [14.1, 5, 11],
			"to": [16.25, 6, 12],
			"light_emission": 15,
			"rotation": {"angle": 0, "axis": "y", "origin": [8, 5, 8]},
			"faces": {
				"north": {"uv": [4, 10, 5, 11], "texture": "#all", "cullface": "east"},
				"east": {"uv": [4, 10, 5, 11], "texture": "#all", "cullface": "east"},
				"south": {"uv": [4, 10, 5, 11], "texture": "#all", "cullface": "east"},
				"west": {"uv": [0, 0, 2, 2], "texture": "#all", "cullface": "east"},
				"up": {"uv": [4, 10, 5, 11], "rotation": 90, "texture": "#all", "cullface": "east"},
				"down": {"uv": [4, 10, 5, 11], "rotation": 270, "texture": "#all", "cullface": "east"}
			}
		},
		{
			"from": [14.2, 6, 12],
			"to": [16.35, 7, 13],
			"light_emission": 15,
			"rotation": {"angle": 0, "axis": "y", "origin": [8, 6, 8]},
			"faces": {
				"north": {"uv": [3, 9, 4, 10], "texture": "#all", "cullface": "east"},
				"east": {"uv": [3, 9, 4, 10], "texture": "#all", "cullface": "east"},
				"south": {"uv": [3, 9, 4, 10], "texture": "#all", "cullface": "east"},
				"west": {"uv": [0, 0, 2, 2], "texture": "#all", "cullface": "east"},
				"up": {"uv": [3, 9, 4, 10], "rotation": 90, "texture": "#all", "cullface": "east"},
				"down": {"uv": [3, 9, 4, 10], "rotation": 270, "texture": "#all", "cullface": "east"}
			}
		},
		{
			"from": [14.1, 13, 5],
			"to": [16.25, 14, 6],
			"light_emission": 15,
			"rotation": {"angle": 0, "axis": "y", "origin": [8, 13, 8]},
			"faces": {
				"north": {"uv": [10, 2, 11, 3], "texture": "#all", "cullface": "east"},
				"east": {"uv": [10, 2, 11, 3], "texture": "#all", "cullface": "east"},
				"south": {"uv": [10, 2, 11, 3], "texture": "#all", "cullface": "east"},
				"west": {"uv": [0, 0, 2, 2], "texture": "#all", "cullface": "east"},
				"up": {"uv": [10, 2, 11, 3], "rotation": 90, "texture": "#all", "cullface": "east"},
				"down": {"uv": [10, 2, 11, 3], "rotation": 270, "texture": "#all", "cullface": "east"}
			}
		},
		{
			"from": [14, 5, 2],
			"to": [16.15, 6, 3],
			"light_emission": 15,
			"rotation": {"angle": 0, "axis": "y", "origin": [8, 5, 8]},
			"faces": {
				"north": {"uv": [1, 11, 2, 12], "texture": "#all", "cullface": "east"},
				"east": {"uv": [1, 11, 2, 12], "texture": "#all", "cullface": "east"},
				"south": {"uv": [1, 11, 2, 12], "texture": "#all", "cullface": "east"},
				"west": {"uv": [0, 0, 2, 2], "texture": "#all", "cullface": "east"},
				"up": {"uv": [1, 11, 2, 12], "rotation": 90, "texture": "#all", "cullface": "east"},
				"down": {"uv": [1, 11, 2, 12], "rotation": 270, "texture": "#all", "cullface": "east"}
			}
		},
		{
			"from": [14, 4, 3],
			"to": [16.15, 5, 4],
			"light_emission": 15,
			"rotation": {"angle": 0, "axis": "y", "origin": [8, 4, 8]},
			"faces": {
				"north": {"uv": [1, 11, 2, 12], "texture": "#all", "cullface": "east"},
				"east": {"uv": [1, 11, 2, 12], "texture": "#all", "cullface": "east"},
				"south": {"uv": [1, 11, 2, 12], "texture": "#all", "cullface": "east"},
				"west": {"uv": [0, 0, 2, 2], "texture": "#all", "cullface": "east"},
				"up": {"uv": [1, 11, 2, 12], "rotation": 90, "texture": "#all", "cullface": "east"},
				"down": {"uv": [1, 11, 2, 12], "rotation": 270, "texture": "#all", "cullface": "east"}
			}
		},
		{
			"from": [14.2, 4, 2],
			"to": [16.35, 5, 3],
			"light_emission": 15,
			"rotation": {"angle": 0, "axis": "y", "origin": [8, 4, 8]},
			"faces": {
				"north": {"uv": [13, 11, 14, 12], "texture": "#all", "cullface": "east"},
				"east": {"uv": [13, 11, 14, 12], "texture": "#all", "cullface": "east"},
				"south": {"uv": [13, 11, 14, 12], "texture": "#all", "cullface": "east"},
				"west": {"uv": [0, 0, 2, 2], "texture": "#all", "cullface": "east"},
				"up": {"uv": [13, 11, 14, 12], "rotation": 90, "texture": "#all", "cullface": "east"},
				"down": {"uv": [13, 11, 14, 12], "rotation": 270, "texture": "#all", "cullface": "east"}
			}
		},
		{
			"from": [11, 14, 6],
			"to": [13, 16.25, 8],
			"light_emission": 15,
			"rotation": {"angle": 0, "axis": "x", "origin": [8, 8, 8]},
			"faces": {
				"north": {"uv": [11, 8, 13, 6], "rotation": 180, "texture": "#all", "cullface": "up"},
				"east": {"uv": [13, 6, 11, 8], "rotation": 90, "texture": "#all", "cullface": "up"},
				"south": {"uv": [11, 8, 13, 6], "texture": "#all", "cullface": "up"},
				"west": {"uv": [13, 6, 11, 8], "rotation": 270, "texture": "#all", "cullface": "up"},
				"up": {"uv": [11, 6, 13, 8], "texture": "#all", "cullface": "up"},
				"down": {"uv": [0, 0, 2, 2], "rotation": 180, "texture": "#all", "cullface": "up"}
			}
		},
		{
			"from": [7, 14.1, 12],
			"to": [9, 16.35, 14],
			"light_emission": 15,
			"rotation": {"angle": 0, "axis": "x", "origin": [8, 8, 14]},
			"faces": {
				"north": {"uv": [7, 14, 9, 12], "rotation": 180, "texture": "#all", "cullface": "up"},
				"east": {"uv": [9, 12, 7, 14], "rotation": 90, "texture": "#all", "cullface": "up"},
				"south": {"uv": [7, 14, 9, 12], "texture": "#all", "cullface": "up"},
				"west": {"uv": [9, 12, 7, 14], "rotation": 270, "texture": "#all", "cullface": "up"},
				"up": {"uv": [7, 12, 9, 14], "texture": "#all", "cullface": "up"},
				"down": {"uv": [0, 0, 2, 2], "rotation": 180, "texture": "#all", "cullface": "up"}
			}
		},
		{
			"from": [3, 14.2, 3],
			"to": [5, 16.45, 5],
			"light_emission": 15,
			"rotation": {"angle": 0, "axis": "x", "origin": [8, 8, 5]},
			"faces": {
				"north": {"uv": [9, 14, 7, 12], "rotation": 180, "texture": "#all", "cullface": "up"},
				"east": {"uv": [7, 12, 9, 14], "rotation": 90, "texture": "#all", "cullface": "up"},
				"south": {"uv": [9, 14, 7, 12], "texture": "#all", "cullface": "up"},
				"west": {"uv": [7, 12, 9, 14], "rotation": 270, "texture": "#all", "cullface": "up"},
				"up": {"uv": [9, 12, 7, 14], "texture": "#all", "cullface": "up"},
				"down": {"uv": [2, 0, 0, 2], "rotation": 180, "texture": "#all", "cullface": "up"}
			}
		},
		{
			"from": [4, 14, 2],
			"to": [6, 16.25, 4],
			"light_emission": 15,
			"rotation": {"angle": 0, "axis": "x", "origin": [8, 8, 4]},
			"faces": {
				"north": {"uv": [6, 4, 4, 2], "rotation": 180, "texture": "#all", "cullface": "up"},
				"east": {"uv": [6, 2, 4, 4], "rotation": 90, "texture": "#all", "cullface": "up"},
				"south": {"uv": [4, 4, 6, 2], "texture": "#all", "cullface": "up"},
				"west": {"uv": [6, 2, 4, 4], "rotation": 270, "texture": "#all", "cullface": "up"},
				"up": {"uv": [4, 2, 6, 4], "texture": "#all", "cullface": "up"},
				"down": {"uv": [2, 0, 0, 2], "rotation": 180, "texture": "#all", "cullface": "up"}
			}
		},
		{
			"from": [9, 14.1, 13],
			"to": [10, 16.25, 15],
			"light_emission": 15,
			"rotation": {"angle": 0, "axis": "x", "origin": [8, 8, 15]},
			"faces": {
				"north": {"uv": [10, 15, 9, 13], "rotation": 180, "texture": "#all", "cullface": "up"},
				"east": {"uv": [9, 13, 10, 15], "rotation": 90, "texture": "#all", "cullface": "up"},
				"south": {"uv": [10, 15, 9, 13], "texture": "#all", "cullface": "up"},
				"west": {"uv": [9, 13, 10, 15], "rotation": 270, "texture": "#all", "cullface": "up"},
				"up": {"uv": [9, 13, 10, 15], "texture": "#all", "cullface": "up"},
				"down": {"uv": [0, 0, 2, 2], "rotation": 180, "texture": "#all", "cullface": "up"}
			}
		},
		{
			"from": [11, 14, 5],
			"to": [12, 16.15, 6],
			"light_emission": 15,
			"rotation": {"angle": 0, "axis": "x", "origin": [8, 8, 6]},
			"faces": {
				"north": {"uv": [12, 6, 11, 5], "rotation": 180, "texture": "#all", "cullface": "up"},
				"east": {"uv": [11, 5, 12, 6], "rotation": 90, "texture": "#all", "cullface": "up"},
				"south": {"uv": [12, 6, 11, 5], "texture": "#all", "cullface": "up"},
				"west": {"uv": [11, 5, 12, 6], "rotation": 270, "texture": "#all", "cullface": "up"},
				"up": {"uv": [11, 5, 12, 6], "texture": "#all", "cullface": "up"},
				"down": {"uv": [0, 0, 2, 2], "rotation": 180, "texture": "#all", "cullface": "up"}
			}
		},
		{
			"from": [1, 14.1, 11],
			"to": [2, 16.25, 12],
			"light_emission": 15,
			"rotation": {"angle": 0, "axis": "x", "origin": [8, 8, 12]},
			"faces": {
				"north": {"uv": [2, 12, 1, 11], "rotation": 180, "texture": "#all", "cullface": "up"},
				"east": {"uv": [1, 11, 2, 12], "rotation": 90, "texture": "#all", "cullface": "up"},
				"south": {"uv": [2, 12, 1, 11], "texture": "#all", "cullface": "up"},
				"west": {"uv": [1, 11, 2, 12], "rotation": 270, "texture": "#all", "cullface": "up"},
				"up": {"uv": [1, 11, 2, 12], "texture": "#all", "cullface": "up"},
				"down": {"uv": [0, 0, 2, 2], "rotation": 180, "texture": "#all", "cullface": "up"}
			}
		},
		{
			"from": [7, 14, 8],
			"to": [8, 16.15, 9],
			"light_emission": 15,
			"rotation": {"angle": 0, "axis": "x", "origin": [8, 8, 9]},
			"faces": {
				"north": {"uv": [2, 12, 1, 11], "rotation": 180, "texture": "#all", "cullface": "up"},
				"east": {"uv": [1, 11, 2, 12], "rotation": 90, "texture": "#all", "cullface": "up"},
				"south": {"uv": [2, 12, 1, 11], "texture": "#all", "cullface": "up"},
				"west": {"uv": [1, 11, 2, 12], "rotation": 270, "texture": "#all", "cullface": "up"},
				"up": {"uv": [1, 11, 2, 12], "texture": "#all", "cullface": "up"},
				"down": {"uv": [0, 0, 2, 2], "rotation": 180, "texture": "#all", "cullface": "up"}
			}
		},
		{
			"from": [8, 14, 7],
			"to": [10, 16.35, 8],
			"light_emission": 15,
			"rotation": {"angle": 0, "axis": "x", "origin": [8, 8, 8]},
			"faces": {
				"north": {"uv": [8, 8, 10, 7], "rotation": 180, "texture": "#all", "cullface": "up"},
				"east": {"uv": [10, 7, 8, 8], "rotation": 90, "texture": "#all", "cullface": "up"},
				"south": {"uv": [8, 8, 10, 7], "texture": "#all", "cullface": "up"},
				"west": {"uv": [10, 7, 8, 8], "rotation": 270, "texture": "#all", "cullface": "up"},
				"up": {"uv": [8, 7, 10, 8], "texture": "#all", "cullface": "up"},
				"down": {"uv": [0, 0, 2, 2], "rotation": 180, "texture": "#all", "cullface": "up"}
			}
		},
		{
			"from": [7, 14.1, 11],
			"to": [8, 16.15, 12],
			"light_emission": 15,
			"rotation": {"angle": 0, "axis": "x", "origin": [8, 8, 12]},
			"faces": {
				"north": {"uv": [8, 12, 7, 11], "rotation": 180, "texture": "#all", "cullface": "up"},
				"east": {"uv": [7, 11, 8, 12], "rotation": 90, "texture": "#all", "cullface": "up"},
				"south": {"uv": [8, 12, 7, 11], "texture": "#all", "cullface": "up"},
				"west": {"uv": [7, 11, 8, 12], "rotation": 270, "texture": "#all", "cullface": "up"},
				"up": {"uv": [7, 11, 8, 12], "texture": "#all", "cullface": "up"},
				"down": {"uv": [0, 0, 2, 2], "rotation": 180, "texture": "#all", "cullface": "up"}
			}
		},
		{
			"from": [4, 14.1, 5],
			"to": [5, 16.25, 6],
			"light_emission": 15,
			"rotation": {"angle": 0, "axis": "x", "origin": [8, 8, 6]},
			"faces": {
				"north": {"uv": [8, 12, 7, 11], "rotation": 180, "texture": "#all", "cullface": "up"},
				"east": {"uv": [7, 11, 8, 12], "rotation": 90, "texture": "#all", "cullface": "up"},
				"south": {"uv": [8, 12, 7, 11], "texture": "#all", "cullface": "up"},
				"west": {"uv": [7, 11, 8, 12], "rotation": 270, "texture": "#all", "cullface": "up"},
				"up": {"uv": [7, 11, 8, 12], "texture": "#all", "cullface": "up"},
				"down": {"uv": [0, 0, 2, 2], "rotation": 180, "texture": "#all", "cullface": "up"}
			}
		},
		{
			"from": [11, 14, 3],
			"to": [12, 16.15, 4],
			"light_emission": 15,
			"rotation": {"angle": 0, "axis": "x", "origin": [8, 8, 4]},
			"faces": {
				"north": {"uv": [8, 12, 7, 11], "rotation": 180, "texture": "#all", "cullface": "up"},
				"east": {"uv": [7, 11, 8, 12], "rotation": 90, "texture": "#all", "cullface": "up"},
				"south": {"uv": [8, 12, 7, 11], "texture": "#all", "cullface": "up"},
				"west": {"uv": [7, 11, 8, 12], "rotation": 270, "texture": "#all", "cullface": "up"},
				"up": {"uv": [7, 11, 8, 12], "texture": "#all", "cullface": "up"},
				"down": {"uv": [0, 0, 2, 2], "rotation": 180, "texture": "#all", "cullface": "up"}
			}
		},
		{
			"from": [10, 14.3, 3],
			"to": [11, 16.45, 4],
			"light_emission": 15,
			"rotation": {"angle": 0, "axis": "x", "origin": [8, 8, 4]},
			"faces": {
				"north": {"uv": [11, 4, 10, 3], "rotation": 180, "texture": "#all", "cullface": "up"},
				"east": {"uv": [10, 3, 11, 4], "rotation": 90, "texture": "#all", "cullface": "up"},
				"south": {"uv": [11, 4, 10, 3], "texture": "#all", "cullface": "up"},
				"west": {"uv": [10, 3, 11, 4], "rotation": 270, "texture": "#all", "cullface": "up"},
				"up": {"uv": [10, 3, 11, 4], "texture": "#all", "cullface": "up"},
				"down": {"uv": [0, 0, 2, 2], "rotation": 180, "texture": "#all", "cullface": "up"}
			}
		},
		{
			"from": [4, 14.3, 9],
			"to": [5, 16.45, 10],
			"light_emission": 15,
			"rotation": {"angle": 0, "axis": "x", "origin": [8, 8, 10]},
			"faces": {
				"north": {"uv": [5, 10, 4, 9], "rotation": 180, "texture": "#all", "cullface": "up"},
				"east": {"uv": [4, 9, 5, 10], "rotation": 90, "texture": "#all", "cullface": "up"},
				"south": {"uv": [5, 10, 4, 9], "texture": "#all", "cullface": "up"},
				"west": {"uv": [4, 9, 5, 10], "rotation": 270, "texture": "#all", "cullface": "up"},
				"up": {"uv": [4, 9, 5, 10], "texture": "#all", "cullface": "up"},
				"down": {"uv": [0, 0, 2, 2], "rotation": 180, "texture": "#all", "cullface": "up"}
			}
		},
		{
			"from": [4, 14.1, 10],
			"to": [5, 16.25, 11],
			"light_emission": 15,
			"rotation": {"angle": 0, "axis": "x", "origin": [8, 8, 11]},
			"faces": {
				"north": {"uv": [5, 11, 4, 10], "rotation": 180, "texture": "#all", "cullface": "up"},
				"east": {"uv": [4, 10, 5, 11], "rotation": 90, "texture": "#all", "cullface": "up"},
				"south": {"uv": [5, 11, 4, 10], "texture": "#all", "cullface": "up"},
				"west": {"uv": [4, 10, 5, 11], "rotation": 270, "texture": "#all", "cullface": "up"},
				"up": {"uv": [4, 10, 5, 11], "texture": "#all", "cullface": "up"},
				"down": {"uv": [0, 0, 2, 2], "rotation": 180, "texture": "#all", "cullface": "up"}
			}
		},
		{
			"from": [3, 14.2, 9],
			"to": [4, 16.35, 10],
			"light_emission": 15,
			"rotation": {"angle": 0, "axis": "x", "origin": [8, 8, 10]},
			"faces": {
				"north": {"uv": [4, 10, 3, 9], "rotation": 180, "texture": "#all", "cullface": "up"},
				"east": {"uv": [3, 9, 4, 10], "rotation": 90, "texture": "#all", "cullface": "up"},
				"south": {"uv": [4, 10, 3, 9], "texture": "#all", "cullface": "up"},
				"west": {"uv": [3, 9, 4, 10], "rotation": 270, "texture": "#all", "cullface": "up"},
				"up": {"uv": [3, 9, 4, 10], "texture": "#all", "cullface": "up"},
				"down": {"uv": [0, 0, 2, 2], "rotation": 180, "texture": "#all", "cullface": "up"}
			}
		},
		{
			"from": [10, 14.1, 2],
			"to": [11, 16.25, 3],
			"light_emission": 15,
			"rotation": {"angle": 0, "axis": "x", "origin": [8, 8, 3]},
			"faces": {
				"north": {"uv": [11, 3, 10, 2], "rotation": 180, "texture": "#all", "cullface": "up"},
				"east": {"uv": [10, 2, 11, 3], "rotation": 90, "texture": "#all", "cullface": "up"},
				"south": {"uv": [11, 3, 10, 2], "texture": "#all", "cullface": "up"},
				"west": {"uv": [10, 2, 11, 3], "rotation": 270, "texture": "#all", "cullface": "up"},
				"up": {"uv": [10, 2, 11, 3], "texture": "#all", "cullface": "up"},
				"down": {"uv": [0, 0, 2, 2], "rotation": 180, "texture": "#all", "cullface": "up"}
			}
		},
		{
			"from": [13, 14, 10],
			"to": [14, 16.15, 11],
			"light_emission": 15,
			"rotation": {"angle": 0, "axis": "x", "origin": [8, 8, 11]},
			"faces": {
				"north": {"uv": [2, 12, 1, 11], "rotation": 180, "texture": "#all", "cullface": "up"},
				"east": {"uv": [1, 11, 2, 12], "rotation": 90, "texture": "#all", "cullface": "up"},
				"south": {"uv": [2, 12, 1, 11], "texture": "#all", "cullface": "up"},
				"west": {"uv": [1, 11, 2, 12], "rotation": 270, "texture": "#all", "cullface": "up"},
				"up": {"uv": [1, 11, 2, 12], "texture": "#all", "cullface": "up"},
				"down": {"uv": [0, 0, 2, 2], "rotation": 180, "texture": "#all", "cullface": "up"}
			}
		},
		{
			"from": [12, 14, 11],
			"to": [13, 16.15, 12],
			"light_emission": 15,
			"rotation": {"angle": 0, "axis": "x", "origin": [8, 8, 12]},
			"faces": {
				"north": {"uv": [2, 12, 1, 11], "rotation": 180, "texture": "#all", "cullface": "up"},
				"east": {"uv": [1, 11, 2, 12], "rotation": 90, "texture": "#all", "cullface": "up"},
				"south": {"uv": [2, 12, 1, 11], "texture": "#all", "cullface": "up"},
				"west": {"uv": [1, 11, 2, 12], "rotation": 270, "texture": "#all", "cullface": "up"},
				"up": {"uv": [1, 11, 2, 12], "texture": "#all", "cullface": "up"},
				"down": {"uv": [0, 0, 2, 2], "rotation": 180, "texture": "#all", "cullface": "up"}
			}
		},
		{
			"from": [13, 14.2, 11],
			"to": [14, 16.35, 12],
			"light_emission": 15,
			"rotation": {"angle": 0, "axis": "x", "origin": [8, 8, 12]},
			"faces": {
				"north": {"uv": [14, 12, 13, 11], "rotation": 180, "texture": "#all", "cullface": "up"},
				"east": {"uv": [13, 11, 14, 12], "rotation": 90, "texture": "#all", "cullface": "up"},
				"south": {"uv": [14, 12, 13, 11], "texture": "#all", "cullface": "up"},
				"west": {"uv": [13, 11, 14, 12], "rotation": 270, "texture": "#all", "cullface": "up"},
				"up": {"uv": [13, 11, 14, 12], "texture": "#all", "cullface": "up"},
				"down": {"uv": [0, 0, 2, 2], "rotation": 180, "texture": "#all", "cullface": "up"}
			}
		},
		{
			"from": [11, -0.25, 8],
			"to": [13, 2, 10],
			"light_emission": 15,
			"rotation": {"angle": 0, "axis": "y", "origin": [8, 8, 8]},
			"faces": {
				"north": {"uv": [13, 6, 11, 8], "texture": "#all", "cullface": "down"},
				"east": {"uv": [11, 8, 13, 6], "rotation": 90, "texture": "#all", "cullface": "down"},
				"south": {"uv": [13, 6, 11, 8], "rotation": 180, "texture": "#all", "cullface": "down"},
				"west": {"uv": [11, 8, 13, 6], "rotation": 270, "texture": "#all", "cullface": "down"},
				"up": {"uv": [0, 0, 2, 2], "rotation": 180, "texture": "#all", "cullface": "down"},
				"down": {"uv": [11, 6, 13, 8], "texture": "#all", "cullface": "down"}
			}
		},
		{
			"from": [7, -0.35, 2],
			"to": [9, 1.9, 4],
			"light_emission": 15,
			"rotation": {"angle": 0, "axis": "y", "origin": [8, 8, 2]},
			"faces": {
				"north": {"uv": [9, 12, 7, 14], "texture": "#all", "cullface": "down"},
				"east": {"uv": [7, 14, 9, 12], "rotation": 90, "texture": "#all", "cullface": "down"},
				"south": {"uv": [9, 12, 7, 14], "rotation": 180, "texture": "#all", "cullface": "down"},
				"west": {"uv": [7, 14, 9, 12], "rotation": 270, "texture": "#all", "cullface": "down"},
				"up": {"uv": [0, 0, 2, 2], "rotation": 180, "texture": "#all", "cullface": "down"},
				"down": {"uv": [7, 12, 9, 14], "texture": "#all", "cullface": "down"}
			}
		},
		{
			"from": [3, -0.45, 11],
			"to": [5, 1.8, 13],
			"light_emission": 15,
			"rotation": {"angle": 0, "axis": "y", "origin": [8, 8, 11]},
			"faces": {
				"north": {"uv": [7, 12, 9, 14], "texture": "#all", "cullface": "down"},
				"east": {"uv": [9, 14, 7, 12], "rotation": 90, "texture": "#all", "cullface": "down"},
				"south": {"uv": [7, 12, 9, 14], "rotation": 180, "texture": "#all", "cullface": "down"},
				"west": {"uv": [9, 14, 7, 12], "rotation": 270, "texture": "#all", "cullface": "down"},
				"up": {"uv": [2, 0, 0, 2], "rotation": 180, "texture": "#all", "cullface": "down"},
				"down": {"uv": [9, 12, 7, 14], "texture": "#all", "cullface": "down"}
			}
		},
		{
			"from": [4, -0.25, 12],
			"to": [6, 2, 14],
			"light_emission": 15,
			"rotation": {"angle": 0, "axis": "y", "origin": [8, 8, 12]},
			"faces": {
				"north": {"uv": [6, 2, 4, 4], "texture": "#all", "cullface": "down"},
				"east": {"uv": [4, 4, 6, 2], "rotation": 90, "texture": "#all", "cullface": "down"},
				"south": {"uv": [4, 2, 6, 4], "rotation": 180, "texture": "#all", "cullface": "down"},
				"west": {"uv": [4, 4, 6, 2], "rotation": 270, "texture": "#all", "cullface": "down"},
				"up": {"uv": [2, 0, 0, 2], "rotation": 180, "texture": "#all", "cullface": "down"},
				"down": {"uv": [4, 2, 6, 4], "texture": "#all", "cullface": "down"}
			}
		},
		{
			"from": [9, -0.25, 1],
			"to": [10, 1.9, 3],
			"light_emission": 15,
			"rotation": {"angle": 0, "axis": "y", "origin": [8, 8, 1]},
			"faces": {
				"north": {"uv": [9, 13, 10, 15], "texture": "#all", "cullface": "down"},
				"east": {"uv": [10, 15, 9, 13], "rotation": 90, "texture": "#all", "cullface": "down"},
				"south": {"uv": [9, 13, 10, 15], "rotation": 180, "texture": "#all", "cullface": "down"},
				"west": {"uv": [10, 15, 9, 13], "rotation": 270, "texture": "#all", "cullface": "down"},
				"up": {"uv": [0, 0, 2, 2], "rotation": 180, "texture": "#all", "cullface": "down"},
				"down": {"uv": [9, 13, 10, 15], "texture": "#all", "cullface": "down"}
			}
		},
		{
			"from": [11, -0.15, 10],
			"to": [12, 2, 11],
			"light_emission": 15,
			"rotation": {"angle": 0, "axis": "y", "origin": [8, 8, 10]},
			"faces": {
				"north": {"uv": [11, 5, 12, 6], "texture": "#all", "cullface": "down"},
				"east": {"uv": [12, 6, 11, 5], "rotation": 90, "texture": "#all", "cullface": "down"},
				"south": {"uv": [11, 5, 12, 6], "rotation": 180, "texture": "#all", "cullface": "down"},
				"west": {"uv": [12, 6, 11, 5], "rotation": 270, "texture": "#all", "cullface": "down"},
				"up": {"uv": [0, 0, 2, 2], "rotation": 180, "texture": "#all", "cullface": "down"},
				"down": {"uv": [11, 5, 12, 6], "texture": "#all", "cullface": "down"}
			}
		},
		{
			"from": [1, -0.25, 4],
			"to": [2, 1.9, 5],
			"light_emission": 15,
			"rotation": {"angle": 0, "axis": "y", "origin": [8, 8, 4]},
			"faces": {
				"north": {"uv": [1, 11, 2, 12], "texture": "#all", "cullface": "down"},
				"east": {"uv": [2, 12, 1, 11], "rotation": 90, "texture": "#all", "cullface": "down"},
				"south": {"uv": [1, 11, 2, 12], "rotation": 180, "texture": "#all", "cullface": "down"},
				"west": {"uv": [2, 12, 1, 11], "rotation": 270, "texture": "#all", "cullface": "down"},
				"up": {"uv": [0, 0, 2, 2], "rotation": 180, "texture": "#all", "cullface": "down"},
				"down": {"uv": [1, 11, 2, 12], "texture": "#all", "cullface": "down"}
			}
		},
		{
			"from": [7, -0.15, 7],
			"to": [8, 2, 8],
			"light_emission": 15,
			"rotation": {"angle": 0, "axis": "y", "origin": [8, 8, 7]},
			"faces": {
				"north": {"uv": [1, 11, 2, 12], "texture": "#all", "cullface": "down"},
				"east": {"uv": [2, 12, 1, 11], "rotation": 90, "texture": "#all", "cullface": "down"},
				"south": {"uv": [1, 11, 2, 12], "rotation": 180, "texture": "#all", "cullface": "down"},
				"west": {"uv": [2, 12, 1, 11], "rotation": 270, "texture": "#all", "cullface": "down"},
				"up": {"uv": [0, 0, 2, 2], "rotation": 180, "texture": "#all", "cullface": "down"},
				"down": {"uv": [1, 11, 2, 12], "texture": "#all", "cullface": "down"}
			}
		},
		{
			"from": [8, -0.35, 8],
			"to": [10, 2, 9],
			"light_emission": 15,
			"rotation": {"angle": 0, "axis": "y", "origin": [8, 8, 8]},
			"faces": {
				"north": {"uv": [10, 7, 8, 8], "texture": "#all", "cullface": "down"},
				"east": {"uv": [8, 8, 10, 7], "rotation": 90, "texture": "#all", "cullface": "down"},
				"south": {"uv": [10, 7, 8, 8], "rotation": 180, "texture": "#all", "cullface": "down"},
				"west": {"uv": [8, 8, 10, 7], "rotation": 270, "texture": "#all", "cullface": "down"},
				"up": {"uv": [0, 0, 2, 2], "rotation": 180, "texture": "#all", "cullface": "down"},
				"down": {"uv": [8, 7, 10, 8], "texture": "#all", "cullface": "down"}
			}
		},
		{
			"from": [7, -0.15, 4],
			"to": [8, 1.9, 5],
			"light_emission": 15,
			"rotation": {"angle": 0, "axis": "y", "origin": [8, 8, 4]},
			"faces": {
				"north": {"uv": [7, 11, 8, 12], "texture": "#all", "cullface": "down"},
				"east": {"uv": [8, 12, 7, 11], "rotation": 90, "texture": "#all", "cullface": "down"},
				"south": {"uv": [7, 11, 8, 12], "rotation": 180, "texture": "#all", "cullface": "down"},
				"west": {"uv": [8, 12, 7, 11], "rotation": 270, "texture": "#all", "cullface": "down"},
				"up": {"uv": [0, 0, 2, 2], "rotation": 180, "texture": "#all", "cullface": "down"},
				"down": {"uv": [7, 11, 8, 12], "texture": "#all", "cullface": "down"}
			}
		},
		{
			"from": [4, -0.25, 10],
			"to": [5, 1.9, 11],
			"light_emission": 15,
			"rotation": {"angle": 0, "axis": "y", "origin": [8, 8, 10]},
			"faces": {
				"north": {"uv": [7, 11, 8, 12], "texture": "#all", "cullface": "down"},
				"east": {"uv": [8, 12, 7, 11], "rotation": 90, "texture": "#all", "cullface": "down"},
				"south": {"uv": [7, 11, 8, 12], "rotation": 180, "texture": "#all", "cullface": "down"},
				"west": {"uv": [8, 12, 7, 11], "rotation": 270, "texture": "#all", "cullface": "down"},
				"up": {"uv": [0, 0, 2, 2], "rotation": 180, "texture": "#all", "cullface": "down"},
				"down": {"uv": [7, 11, 8, 12], "texture": "#all", "cullface": "down"}
			}
		},
		{
			"from": [11, -0.15, 12],
			"to": [12, 2, 13],
			"light_emission": 15,
			"rotation": {"angle": 0, "axis": "y", "origin": [8, 8, 12]},
			"faces": {
				"north": {"uv": [7, 11, 8, 12], "texture": "#all", "cullface": "down"},
				"east": {"uv": [8, 12, 7, 11], "rotation": 90, "texture": "#all", "cullface": "down"},
				"south": {"uv": [7, 11, 8, 12], "rotation": 180, "texture": "#all", "cullface": "down"},
				"west": {"uv": [8, 12, 7, 11], "rotation": 270, "texture": "#all", "cullface": "down"},
				"up": {"uv": [0, 0, 2, 2], "rotation": 180, "texture": "#all", "cullface": "down"},
				"down": {"uv": [7, 11, 8, 12], "texture": "#all", "cullface": "down"}
			}
		},
		{
			"from": [10, -0.45, 12],
			"to": [11, 1.7, 13],
			"light_emission": 15,
			"rotation": {"angle": 0, "axis": "y", "origin": [8, 8, 12]},
			"faces": {
				"north": {"uv": [10, 3, 11, 4], "texture": "#all", "cullface": "down"},
				"east": {"uv": [11, 4, 10, 3], "rotation": 90, "texture": "#all", "cullface": "down"},
				"south": {"uv": [10, 3, 11, 4], "rotation": 180, "texture": "#all", "cullface": "down"},
				"west": {"uv": [11, 4, 10, 3], "rotation": 270, "texture": "#all", "cullface": "down"},
				"up": {"uv": [0, 0, 2, 2], "rotation": 180, "texture": "#all", "cullface": "down"},
				"down": {"uv": [10, 3, 11, 4], "texture": "#all", "cullface": "down"}
			}
		},
		{
			"from": [4, -0.45, 6],
			"to": [5, 1.7, 7],
			"light_emission": 15,
			"rotation": {"angle": 0, "axis": "y", "origin": [8, 8, 6]},
			"faces": {
				"north": {"uv": [4, 9, 5, 10], "texture": "#all", "cullface": "down"},
				"east": {"uv": [5, 10, 4, 9], "rotation": 90, "texture": "#all", "cullface": "down"},
				"south": {"uv": [4, 9, 5, 10], "rotation": 180, "texture": "#all", "cullface": "down"},
				"west": {"uv": [5, 10, 4, 9], "rotation": 270, "texture": "#all", "cullface": "down"},
				"up": {"uv": [0, 0, 2, 2], "rotation": 180, "texture": "#all", "cullface": "down"},
				"down": {"uv": [4, 9, 5, 10], "texture": "#all", "cullface": "down"}
			}
		},
		{
			"from": [4, -0.25, 5],
			"to": [5, 1.9, 6],
			"light_emission": 15,
			"rotation": {"angle": 0, "axis": "y", "origin": [8, 8, 5]},
			"faces": {
				"north": {"uv": [4, 10, 5, 11], "texture": "#all", "cullface": "down"},
				"east": {"uv": [5, 11, 4, 10], "rotation": 90, "texture": "#all", "cullface": "down"},
				"south": {"uv": [4, 10, 5, 11], "rotation": 180, "texture": "#all", "cullface": "down"},
				"west": {"uv": [5, 11, 4, 10], "rotation": 270, "texture": "#all", "cullface": "down"},
				"up": {"uv": [0, 0, 2, 2], "rotation": 180, "texture": "#all", "cullface": "down"},
				"down": {"uv": [4, 10, 5, 11], "texture": "#all", "cullface": "down"}
			}
		},
		{
			"from": [3, -0.35, 6],
			"to": [4, 1.8, 7],
			"light_emission": 15,
			"rotation": {"angle": 0, "axis": "y", "origin": [8, 8, 6]},
			"faces": {
				"north": {"uv": [3, 9, 4, 10], "texture": "#all", "cullface": "down"},
				"east": {"uv": [4, 10, 3, 9], "rotation": 90, "texture": "#all", "cullface": "down"},
				"south": {"uv": [3, 9, 4, 10], "rotation": 180, "texture": "#all", "cullface": "down"},
				"west": {"uv": [4, 10, 3, 9], "rotation": 270, "texture": "#all", "cullface": "down"},
				"up": {"uv": [0, 0, 2, 2], "rotation": 180, "texture": "#all", "cullface": "down"},
				"down": {"uv": [3, 9, 4, 10], "texture": "#all", "cullface": "down"}
			}
		},
		{
			"from": [10, -0.25, 13],
			"to": [11, 1.9, 14],
			"light_emission": 15,
			"rotation": {"angle": 0, "axis": "y", "origin": [8, 8, 13]},
			"faces": {
				"north": {"uv": [10, 2, 11, 3], "texture": "#all", "cullface": "down"},
				"east": {"uv": [11, 3, 10, 2], "rotation": 90, "texture": "#all", "cullface": "down"},
				"south": {"uv": [10, 2, 11, 3], "rotation": 180, "texture": "#all", "cullface": "down"},
				"west": {"uv": [11, 3, 10, 2], "rotation": 270, "texture": "#all", "cullface": "down"},
				"up": {"uv": [0, 0, 2, 2], "rotation": 180, "texture": "#all", "cullface": "down"},
				"down": {"uv": [10, 2, 11, 3], "texture": "#all", "cullface": "down"}
			}
		},
		{
			"from": [13, -0.15, 5],
			"to": [14, 2, 6],
			"light_emission": 15,
			"rotation": {"angle": 0, "axis": "y", "origin": [8, 8, 5]},
			"faces": {
				"north": {"uv": [1, 11, 2, 12], "texture": "#all", "cullface": "down"},
				"east": {"uv": [2, 12, 1, 11], "rotation": 90, "texture": "#all", "cullface": "down"},
				"south": {"uv": [1, 11, 2, 12], "rotation": 180, "texture": "#all", "cullface": "down"},
				"west": {"uv": [2, 12, 1, 11], "rotation": 270, "texture": "#all", "cullface": "down"},
				"up": {"uv": [0, 0, 2, 2], "rotation": 180, "texture": "#all", "cullface": "down"},
				"down": {"uv": [1, 11, 2, 12], "texture": "#all", "cullface": "down"}
			}
		},
		{
			"from": [12, -0.15, 4],
			"to": [13, 2, 5],
			"light_emission": 15,
			"rotation": {"angle": 0, "axis": "y", "origin": [8, 8, 4]},
			"faces": {
				"north": {"uv": [1, 11, 2, 12], "texture": "#all", "cullface": "down"},
				"east": {"uv": [2, 12, 1, 11], "rotation": 90, "texture": "#all", "cullface": "down"},
				"south": {"uv": [1, 11, 2, 12], "rotation": 180, "texture": "#all", "cullface": "down"},
				"west": {"uv": [2, 12, 1, 11], "rotation": 270, "texture": "#all", "cullface": "down"},
				"up": {"uv": [0, 0, 2, 2], "rotation": 180, "texture": "#all", "cullface": "down"},
				"down": {"uv": [1, 11, 2, 12], "texture": "#all", "cullface": "down"}
			}
		},
		{
			"from": [13, -0.35, 4],
			"to": [14, 1.8, 5],
			"light_emission": 15,
			"rotation": {"angle": 0, "axis": "y", "origin": [8, 8, 4]},
			"faces": {
				"north": {"uv": [13, 11, 14, 12], "texture": "#all", "cullface": "down"},
				"east": {"uv": [14, 12, 13, 11], "rotation": 90, "texture": "#all", "cullface": "down"},
				"south": {"uv": [13, 11, 14, 12], "rotation": 180, "texture": "#all", "cullface": "down"},
				"west": {"uv": [14, 12, 13, 11], "rotation": 270, "texture": "#all", "cullface": "down"},
				"up": {"uv": [0, 0, 2, 2], "rotation": 180, "texture": "#all", "cullface": "down"},
				"down": {"uv": [13, 11, 14, 12], "texture": "#all", "cullface": "down"}
			}
		}
	],
	"groups": [
		0,
		{
			"name": "The ORES",
			"origin": [2, 4, -0.2],
			"color": 0,
			"children": [1, 2, 3, 4, 5, 6, 7, 8, 9, 10, 11, 12, 13, 14, 15, 16, 17, 18, 19, 20]
		},
		{
			"name": "The ORES",
			"origin": [2, 4, -0.2],
			"color": 0,
			"children": [21, 22, 23, 24, 25, 26, 27, 28, 29, 30, 31, 32, 33, 34, 35, 36, 37, 38, 39, 40]
		},
		{
			"name": "The ORES",
			"origin": [2, 4, -0.2],
			"color": 0,
			"children": [41, 42, 43, 44, 45, 46, 47, 48, 49, 50, 51, 52, 53, 54, 55, 56, 57, 58, 59, 60]
		},
		{
			"name": "The ORES",
			"origin": [2, 4, -0.2],
			"color": 0,
			"children": [61, 62, 63, 64, 65, 66, 67, 68, 69, 70, 71, 72, 73, 74, 75, 76, 77, 78, 79, 80]
		},
		{
			"name": "The ORES",
			"origin": [2, 4, -0.2],
			"color": 0,
			"children": [81, 82, 83, 84, 85, 86, 87, 88, 89, 90, 91, 92, 93, 94, 95, 96, 97, 98, 99, 100]
		},
		{
			"name": "The ORES",
			"origin": [2, 4, -0.2],
			"color": 0,
			"children": [101, 102, 103, 104, 105, 106, 107, 108, 109, 110, 111, 112, 113, 114, 115, 116, 117, 118, 119, 120]
		}
	]
}