{
	"format_version": "1.21.6",
	"credit": "Made with Blockbench",
	"ambientocclusion": false,
	"textures": {
		"particle": "block/nether_wart_stage2_block",
		"crop": "block/nether_wart_stage2_block"
	},
	"elements": [
		{
			"from": [0, 7, 0],
			"to": [7, 10, 7],
			"rotation": {"angle": 0, "axis": "y", "origin": [0.5, 7, 0.5]},
			"faces": {
				"north": {"uv": [10, 6, 16, 9], "texture": "#crop"},
				"east": {"uv": [10, 6, 16, 9], "texture": "#crop"},
				"south": {"uv": [10, 6, 16, 9], "texture": "#crop"},
				"west": {"uv": [10, 6, 16, 9], "texture": "#crop"},
				"up": {"uv": [11, 0, 16, 5], "texture": "#crop"},
				"down": {"uv": [11, 0, 16, 5], "texture": "#crop"}
			}
		},
		{
			"from": [1, 6, 1],
			"to": [6, 11, 6],
			"rotation": {"angle": 0, "axis": "y", "origin": [0.5, 7, 0.5]},
			"faces": {
				"north": {"uv": [12, 0, 16, 1], "texture": "#crop"},
				"east": {"uv": [15, 0, 16, 4], "rotation": 90, "texture": "#crop"},
				"south": {"uv": [11, 4, 15, 5], "texture": "#crop"},
				"west": {"uv": [12, 0, 16, 1], "texture": "#crop"},
				"up": {"uv": [11, 0, 16, 5], "texture": "#crop"},
				"down": {"uv": [11, 0, 16, 5], "texture": "#crop"}
			}
		},
		{
			"from": [2, 0, 2],
			"to": [5, 3, 5],
			"rotation": {"angle": 0, "axis": "y", "origin": [2.5, 0, 2.5]},
			"faces": {
				"north": {"uv": [11, 13, 14, 16], "texture": "#crop"},
				"east": {"uv": [11, 13, 14, 16], "texture": "#crop"},
				"south": {"uv": [11, 13, 14, 16], "texture": "#crop"},
				"west": {"uv": [11, 13, 14, 16], "texture": "#crop"},
				"up": {"uv": [11, 14, 14, 16], "texture": "#crop"},
				"down": {"uv": [11, 14, 14, 16], "texture": "#crop"}
			}
		},
		{
			"from": [1.5, 3, 1.5],
			"to": [5.5, 6, 5.5],
			"rotation": {"angle": 0, "axis": "y", "origin": [2.5, 0, 2.5]},
			"faces": {
				"north": {"uv": [10, 10, 14, 13], "texture": "#crop"},
				"east": {"uv": [10, 10, 14, 13], "texture": "#crop"},
				"south": {"uv": [10, 10, 14, 13], "texture": "#crop"},
				"west": {"uv": [10, 10, 14, 13], "texture": "#crop"},
				"up": {"uv": [11, 14, 14, 16], "texture": "#crop"},
				"down": {"uv": [11, 14, 14, 16], "texture": "#crop"}
			}
		},
		{
			"from": [8, 9, 0],
			"to": [16, 12, 8],
			"rotation": {"angle": 0, "axis": "y", "origin": [9, 9, 1]},
			"faces": {
				"north": {"uv": [10, 6, 16, 9], "texture": "#crop"},
				"east": {"uv": [10, 6, 16, 9], "texture": "#crop"},
				"south": {"uv": [10, 6, 16, 9], "texture": "#crop"},
				"west": {"uv": [10, 6, 16, 9], "texture": "#crop"},
				"up": {"uv": [11, 0, 16, 5], "texture": "#crop"},
				"down": {"uv": [11, 0, 16, 5], "texture": "#crop"}
			}
		},
		{
			"from": [9, 8, 1],
			"to": [15, 13, 7],
			"rotation": {"angle": 0, "axis": "y", "origin": [9, 9, 1]},
			"faces": {
				"north": {"uv": [12, 0, 16, 1], "texture": "#crop"},
				"east": {"uv": [15, 0, 16, 4], "rotation": 90, "texture": "#crop"},
				"south": {"uv": [11, 4, 15, 5], "texture": "#crop"},
				"west": {"uv": [12, 0, 16, 1], "texture": "#crop"},
				"up": {"uv": [11, 0, 16, 5], "texture": "#crop"},
				"down": {"uv": [11, 0, 16, 5], "texture": "#crop"}
			}
		},
		{
			"from": [10, 0, 2],
			"to": [14, 8, 6],
			"rotation": {"angle": 0, "axis": "y", "origin": [11, 0, 3]},
			"faces": {
				"north": {"uv": [2, 8, 6, 16], "texture": "#crop"},
				"east": {"uv": [2, 8, 6, 16], "texture": "#crop"},
				"south": {"uv": [2, 8, 6, 16], "texture": "#crop"},
				"west": {"uv": [2, 8, 6, 16], "texture": "#crop"},
				"up": {"uv": [11, 14, 14, 16], "texture": "#crop"},
				"down": {"uv": [11, 14, 14, 16], "texture": "#crop"}
			}
		},
		{
			"from": [8.245, 3.76, 8.495],
			"to": [14.755, 6.55, 15.005],
			"rotation": {"angle": 0, "axis": "y", "origin": [11.5, -2.75, 11.75]},
			"faces": {
				"north": {"uv": [10, 6, 16, 9], "texture": "#crop"},
				"east": {"uv": [10, 6, 16, 9], "texture": "#crop"},
				"south": {"uv": [10, 6, 16, 9], "texture": "#crop"},
				"west": {"uv": [10, 6, 16, 9], "texture": "#crop"},
				"up": {"uv": [11, 0, 16, 5], "texture": "#crop"},
				"down": {"uv": [11, 0, 16, 5], "texture": "#crop"}
			}
		},
		{
			"from": [9.175, 2.83, 9.425],
			"to": [13.825, 7.48, 14.075],
			"rotation": {"angle": 0, "axis": "y", "origin": [11.5, -2.75, 11.75]},
			"faces": {
				"north": {"uv": [12, 0, 16, 1], "texture": "#crop"},
				"east": {"uv": [15, 0, 16, 4], "rotation": 90, "texture": "#crop"},
				"south": {"uv": [11, 4, 15, 5], "texture": "#crop"},
				"west": {"uv": [12, 0, 16, 1], "texture": "#crop"},
				"up": {"uv": [11, 0, 16, 5], "texture": "#crop"},
				"down": {"uv": [11, 0, 16, 5], "texture": "#crop"}
			}
		},
		{
			"from": [9.64, 0.04, 9.89],
			"to": [13.36, 2.83, 13.61],
			"rotation": {"angle": 0, "axis": "y", "origin": [11.5, -2.75, 11.75]},
			"faces": {
				"north": {"uv": [10, 10, 14, 13], "texture": "#crop"},
				"east": {"uv": [10, 10, 14, 13], "texture": "#crop"},
				"south": {"uv": [10, 10, 14, 13], "texture": "#crop"},
				"west": {"uv": [10, 10, 14, 13], "texture": "#crop"},
				"up": {"uv": [11, 14, 14, 16], "texture": "#crop"},
				"down": {"uv": [11, 14, 14, 16], "texture": "#crop"}
			}
		},
		{
			"from": [0.07, 8.28, 7.57],
			"to": [7.43, 11.04, 14.93],
			"rotation": {"angle": 0, "axis": "y", "origin": [3.75, 0, 11.25]},
			"faces": {
				"north": {"uv": [10, 6, 16, 9], "texture": "#crop"},
				"east": {"uv": [10, 6, 16, 9], "texture": "#crop"},
				"south": {"uv": [10, 6, 16, 9], "texture": "#crop"},
				"west": {"uv": [10, 6, 16, 9], "texture": "#crop"},
				"up": {"uv": [11, 0, 16, 5], "texture": "#crop"},
				"down": {"uv": [11, 0, 16, 5], "texture": "#crop"}
			}
		},
		{
			"from": [0.99, 7.36, 8.49],
			"to": [6.51, 11.96, 14.01],
			"rotation": {"angle": 0, "axis": "y", "origin": [3.75, 0, 11.25]},
			"faces": {
				"north": {"uv": [12, 0, 16, 1], "texture": "#crop"},
				"east": {"uv": [15, 0, 16, 4], "rotation": 90, "texture": "#crop"},
				"south": {"uv": [11, 4, 15, 5], "texture": "#crop"},
				"west": {"uv": [12, 0, 16, 1], "texture": "#crop"},
				"up": {"uv": [11, 0, 16, 5], "texture": "#crop"},
				"down": {"uv": [11, 0, 16, 5], "texture": "#crop"}
			}
		},
		{
			"from": [1.91, 0, 9.41],
			"to": [5.59, 7.36, 13.09],
			"rotation": {"angle": 0, "axis": "y", "origin": [3.75, 0, 11.25]},
			"faces": {
				"north": {"uv": [2, 8, 6, 16], "texture": "#crop"},
				"east": {"uv": [2, 8, 6, 16], "texture": "#crop"},
				"south": {"uv": [2, 8, 6, 16], "texture": "#crop"},
				"west": {"uv": [2, 8, 6, 16], "texture": "#crop"},
				"up": {"uv": [11, 14, 14, 16], "texture": "#crop"},
				"down": {"uv": [11, 14, 14, 16], "texture": "#crop"}
			}
		}
	],
	"groups": [
		{
			"name": "Wart",
			"origin": [3, 0, 3],
			"color": 0,
			"children": [0, 1, 2, 3]
		},
		{
			"name": "Wart",
			"origin": [3, 0, 3],
			"color": 0,
			"children": [4, 5, 6]
		},
		{
			"name": "Wart",
			"origin": [3, 0, 3],
			"color": 0,
			"children": [7, 8, 9]
		},
		{
			"name": "Wart",
			"origin": [3, 0, 3],
			"color": 0,
			"children": [10, 11, 12]
		}
	]
}