{
	"format_version": "1.21.6",
	"credit": "Made with Blockbench",
	"ambientocclusion": false,
	"textures": {
		"particle": "block/nether_sprouts",
		"cross": "block/nether_sprouts"
	},
	"elements": [
		{
			"from": [0.8, 0, 8],
			"to": [15.2, 16, 8],
			"shade": false,
			"rotation": {"angle": 45, "axis": "y", "origin": [8, 8, 8], "rescale": true},
			"faces": {
				"north": {"uv": [0, 0, 16, 16], "texture": "#cross"},
				"south": {"uv": [0, 0, 16, 16], "texture": "#cross"}
			}
		},
		{
			"from": [8, 0, 0.8],
			"to": [8, 16, 15.2],
			"shade": false,
			"rotation": {"angle": 45, "axis": "y", "origin": [8, 8, 8], "rescale": true},
			"faces": {
				"east": {"uv": [0, 0, 16, 16], "texture": "#cross"},
				"west": {"uv": [0, 0, 16, 16], "texture": "#cross"}
			}
		},
		{
			"from": [0.8, 0, 5.25],
			"to": [15.2, 16, 5.25],
			"shade": false,
			"rotation": {"angle": 22.5, "axis": "x", "origin": [8, 0, 5.25], "rescale": true},
			"faces": {
				"north": {"uv": [0, 0, 16, 16], "texture": "#cross"},
				"south": {"uv": [0, 0, 16, 16], "texture": "#cross"}
			}
		},
		{
			"from": [0.8, 0, 2.75],
			"to": [15.2, 16, 2.75],
			"shade": false,
			"rotation": {"angle": 22.5, "axis": "x", "origin": [8, 0, 2.75], "rescale": true},
			"faces": {
				"north": {"uv": [16, 0, 0, 16], "texture": "#cross"},
				"south": {"uv": [16, 0, 0, 16], "texture": "#cross"}
			}
		},
		{
			"from": [0.8, 0, 13.25],
			"to": [15.2, 16, 13.25],
			"shade": false,
			"rotation": {"angle": -22.5, "axis": "x", "origin": [8, 0, 13.25], "rescale": true},
			"faces": {
				"north": {"uv": [0, 0, 16, 16], "texture": "#cross"},
				"south": {"uv": [0, 0, 16, 16], "texture": "#cross"}
			}
		},
		{
			"from": [0.8, 0, 10.75],
			"to": [15.2, 16, 10.75],
			"shade": false,
			"rotation": {"angle": -22.5, "axis": "x", "origin": [8, 0, 10.75], "rescale": true},
			"faces": {
				"north": {"uv": [16, 0, 0, 16], "texture": "#cross"},
				"south": {"uv": [16, 0, 0, 16], "texture": "#cross"}
			}
		},
		{
			"from": [6.2111, -1.40012, 0.8],
			"to": [6.2111, 14.59988, 15.2],
			"shade": false,
			"rotation": {"angle": -22.5, "axis": "z", "origin": [8, 8, 8], "rescale": true},
			"faces": {
				"east": {"uv": [0, 0, 16, 16], "texture": "#cross"},
				"west": {"uv": [0, 0, 16, 16], "texture": "#cross"}
			}
		},
		{
			"from": [8.59692, -0.8261, 0.8],
			"to": [8.59692, 15.1739, 15.2],
			"shade": false,
			"rotation": {"angle": -22.5, "axis": "z", "origin": [9, 8, 8], "rescale": true},
			"faces": {
				"east": {"uv": [16, 0, 0, 16], "texture": "#cross"},
				"west": {"uv": [16, 0, 0, 16], "texture": "#cross"}
			}
		},
		{
			"from": [9.7889, -1.40012, 0.8],
			"to": [9.7889, 14.59988, 15.2],
			"shade": false,
			"rotation": {"angle": 22.5, "axis": "z", "origin": [8, 8, 8], "rescale": true},
			"faces": {
				"east": {"uv": [16, 0, 0, 16], "texture": "#cross"},
				"west": {"uv": [16, 0, 0, 16], "texture": "#cross"}
			}
		},
		{
			"from": [7.40308, -0.8261, 0.8],
			"to": [7.40308, 15.1739, 15.2],
			"shade": false,
			"rotation": {"angle": 22.5, "axis": "z", "origin": [7, 8, 8], "rescale": true},
			"faces": {
				"east": {"uv": [0, 0, 16, 16], "texture": "#cross"},
				"west": {"uv": [0, 0, 16, 16], "texture": "#cross"}
			}
		}
	]
}