{
	"format_version": "1.21.6",
	"credit": "Made with Blockbench",
	"ambientocclusion": false,
	"textures": {
		"particle": "block/nether_wart_stage2_block",
		"crop": "block/nether_wart_stage2_block"
	},
	"elements": [
		{
			"from": [0.8204, 4.2466, 0.8204],
			"to": [6.1796, 6.5434, 6.1796],
			"rotation": {"angle": 0, "axis": "y", "origin": [3.5, -1.1126, 3.5]},
			"faces": {
				"north": {"uv": [10, 6, 16, 9], "texture": "#crop"},
				"east": {"uv": [10, 6, 16, 9], "texture": "#crop"},
				"south": {"uv": [10, 6, 16, 9], "texture": "#crop"},
				"west": {"uv": [10, 6, 16, 9], "texture": "#crop"},
				"up": {"uv": [11, 0, 16, 5], "texture": "#crop"},
				"down": {"uv": [11, 0, 16, 5], "texture": "#crop"}
			}
		},
		{
			"from": [1.586, 3.481, 1.586],
			"to": [5.414, 7.309, 5.414],
			"rotation": {"angle": 0, "axis": "y", "origin": [3.5, -1.1126, 3.5]},
			"faces": {
				"north": {"uv": [12, 0, 16, 1], "texture": "#crop"},
				"east": {"uv": [15, 0, 16, 4], "rotation": 90, "texture": "#crop"},
				"south": {"uv": [11, 4, 15, 5], "texture": "#crop"},
				"west": {"uv": [12, 0, 16, 1], "texture": "#crop"},
				"up": {"uv": [11, 0, 16, 5], "texture": "#crop"},
				"down": {"uv": [11, 0, 16, 5], "texture": "#crop"}
			}
		},
		{
			"from": [2.195, 0, 2.195],
			"to": [4.805, 2.61, 4.805],
			"rotation": {"angle": 0, "axis": "y", "origin": [3.5, 0, 3.5]},
			"faces": {
				"north": {"uv": [11, 13, 14, 16], "texture": "#crop"},
				"east": {"uv": [11, 13, 14, 16], "texture": "#crop"},
				"south": {"uv": [11, 13, 14, 16], "texture": "#crop"},
				"west": {"uv": [11, 13, 14, 16], "texture": "#crop"},
				"up": {"uv": [11, 14, 14, 16], "texture": "#crop"},
				"down": {"uv": [11, 14, 14, 16], "texture": "#crop"}
			}
		},
		{
			"from": [1.76, 2.61, 1.76],
			"to": [5.24, 5.22, 5.24],
			"rotation": {"angle": 0, "axis": "y", "origin": [3.5, 0, 3.5]},
			"faces": {
				"north": {"uv": [10, 10, 14, 13], "texture": "#crop"},
				"east": {"uv": [10, 10, 14, 13], "texture": "#crop"},
				"south": {"uv": [10, 10, 14, 13], "texture": "#crop"},
				"west": {"uv": [10, 10, 14, 13], "texture": "#crop"},
				"up": {"uv": [11, 14, 14, 16], "texture": "#crop"},
				"down": {"uv": [11, 14, 14, 16], "texture": "#crop"}
			}
		},
		{
			"from": [8.88, 6.58, 0.88],
			"to": [15.12, 8.92, 7.12],
			"rotation": {"angle": 0, "axis": "y", "origin": [9.66, 6.58, 1.66]},
			"faces": {
				"north": {"uv": [10, 6, 16, 9], "texture": "#crop"},
				"east": {"uv": [10, 6, 16, 9], "texture": "#crop"},
				"south": {"uv": [10, 6, 16, 9], "texture": "#crop"},
				"west": {"uv": [10, 6, 16, 9], "texture": "#crop"},
				"up": {"uv": [11, 0, 16, 5], "texture": "#crop"},
				"down": {"uv": [11, 0, 16, 5], "texture": "#crop"}
			}
		},
		{
			"from": [9.66, 5.8, 1.66],
			"to": [14.34, 9.7, 6.34],
			"rotation": {"angle": 0, "axis": "y", "origin": [9.66, 6.58, 1.66]},
			"faces": {
				"north": {"uv": [12, 0, 16, 1], "texture": "#crop"},
				"east": {"uv": [15, 0, 16, 4], "rotation": 90, "texture": "#crop"},
				"south": {"uv": [11, 4, 15, 5], "texture": "#crop"},
				"west": {"uv": [12, 0, 16, 1], "texture": "#crop"},
				"up": {"uv": [11, 0, 16, 5], "texture": "#crop"},
				"down": {"uv": [11, 0, 16, 5], "texture": "#crop"}
			}
		},
		{
			"from": [10, 0, 2],
			"to": [14, 8, 6],
			"rotation": {"angle": 0, "axis": "y", "origin": [11, 0, 3]},
			"faces": {
				"north": {"uv": [2, 8, 6, 16], "texture": "#crop"},
				"east": {"uv": [2, 8, 6, 16], "texture": "#crop"},
				"south": {"uv": [2, 8, 6, 16], "texture": "#crop"},
				"west": {"uv": [2, 8, 6, 16], "texture": "#crop"},
				"up": {"uv": [11, 14, 14, 16], "texture": "#crop"},
				"down": {"uv": [11, 14, 14, 16], "texture": "#crop"}
			}
		},
		{
			"from": [8.7658, 3.2332, 9.0158],
			"to": [14.2342, 5.5768, 14.4842],
			"rotation": {"angle": 0, "axis": "y", "origin": [11.5, -2.2352, 11.75]},
			"faces": {
				"north": {"uv": [10, 6, 16, 9], "texture": "#crop"},
				"east": {"uv": [10, 6, 16, 9], "texture": "#crop"},
				"south": {"uv": [10, 6, 16, 9], "texture": "#crop"},
				"west": {"uv": [10, 6, 16, 9], "texture": "#crop"},
				"up": {"uv": [11, 0, 16, 5], "texture": "#crop"},
				"down": {"uv": [11, 0, 16, 5], "texture": "#crop"}
			}
		},
		{
			"from": [9.547, 2.452, 9.797],
			"to": [13.453, 6.358, 13.703],
			"rotation": {"angle": 0, "axis": "y", "origin": [11.5, -2.2352, 11.75]},
			"faces": {
				"north": {"uv": [12, 0, 16, 1], "texture": "#crop"},
				"east": {"uv": [15, 0, 16, 4], "rotation": 90, "texture": "#crop"},
				"south": {"uv": [11, 4, 15, 5], "texture": "#crop"},
				"west": {"uv": [12, 0, 16, 1], "texture": "#crop"},
				"up": {"uv": [11, 0, 16, 5], "texture": "#crop"},
				"down": {"uv": [11, 0, 16, 5], "texture": "#crop"}
			}
		},
		{
			"from": [9.64, 0.04, 9.89],
			"to": [13.36, 2.83, 13.61],
			"rotation": {"angle": 0, "axis": "y", "origin": [11.5, -2.75, 11.75]},
			"faces": {
				"north": {"uv": [10, 10, 14, 13], "texture": "#crop"},
				"east": {"uv": [10, 10, 14, 13], "texture": "#crop"},
				"south": {"uv": [10, 10, 14, 13], "texture": "#crop"},
				"west": {"uv": [10, 10, 14, 13], "texture": "#crop"},
				"up": {"uv": [11, 14, 14, 16], "texture": "#crop"},
				"down": {"uv": [11, 14, 14, 16], "texture": "#crop"}
			}
		},
		{
			"from": [0.9164, 4.4974, 8.4164],
			"to": [6.5836, 6.6226, 14.0836],
			"rotation": {"angle": 0, "axis": "y", "origin": [3.75, -1.8782, 11.25]},
			"faces": {
				"north": {"uv": [10, 6, 16, 9], "texture": "#crop"},
				"east": {"uv": [10, 6, 16, 9], "texture": "#crop"},
				"south": {"uv": [10, 6, 16, 9], "texture": "#crop"},
				"west": {"uv": [10, 6, 16, 9], "texture": "#crop"},
				"up": {"uv": [11, 0, 16, 5], "texture": "#crop"},
				"down": {"uv": [11, 0, 16, 5], "texture": "#crop"}
			}
		},
		{
			"from": [1.6248, 3.789, 9.1248],
			"to": [5.8752, 7.331, 13.3752],
			"rotation": {"angle": 0, "axis": "y", "origin": [3.75, -1.8782, 11.25]},
			"faces": {
				"north": {"uv": [12, 0, 16, 1], "texture": "#crop"},
				"east": {"uv": [15, 0, 16, 4], "rotation": 90, "texture": "#crop"},
				"south": {"uv": [11, 4, 15, 5], "texture": "#crop"},
				"west": {"uv": [12, 0, 16, 1], "texture": "#crop"},
				"up": {"uv": [11, 0, 16, 5], "texture": "#crop"},
				"down": {"uv": [11, 0, 16, 5], "texture": "#crop"}
			}
		},
		{
			"from": [1.91, 0, 9.41],
			"to": [5.59, 6.36, 13.09],
			"rotation": {"angle": 0, "axis": "y", "origin": [3.75, 0, 11.25]},
			"faces": {
				"north": {"uv": [2, 9, 6, 16], "texture": "#crop"},
				"east": {"uv": [2, 9, 6, 16], "texture": "#crop"},
				"south": {"uv": [2, 9, 6, 16], "texture": "#crop"},
				"west": {"uv": [2, 9, 6, 16], "texture": "#crop"},
				"up": {"uv": [11, 14, 14, 16], "texture": "#crop"},
				"down": {"uv": [11, 14, 14, 16], "texture": "#crop"}
			}
		}
	],
	"groups": [
		{
			"name": "Wart",
			"origin": [3, 0, 3],
			"color": 0,
			"children": [0, 1, 2, 3]
		},
		{
			"name": "Wart",
			"origin": [3, 0, 3],
			"color": 0,
			"children": [4, 5, 6]
		},
		{
			"name": "Wart",
			"origin": [3, 0, 3],
			"color": 0,
			"children": [7, 8, 9]
		},
		{
			"name": "Wart",
			"origin": [3, 0, 3],
			"color": 0,
			"children": [10, 11, 12]
		}
	]
}