{
	"format_version": "1.21.6",
	"credit": "Made with Blockbench",
	"textures": {
		"1": "block/barrel_bottom",
		"2": "item/netherite_sword_blade",
		"particle": "item/netherite_sword",
		"layer0": "item/netherite_sword"
	},
	"elements": [
		{
			"from": [0, 1, 7.5],
			"to": [3, 2, 8.5],
			"rotation": {"angle": -45, "axis": "z", "origin": [1.5, 1.5, 8]},
			"faces": {
				"north": {"uv": [0, 13, 1, 16], "rotation": 90, "texture": "#layer0"},
				"east": {"uv": [2, 14.6, 2.5, 16], "rotation": 270, "texture": "#layer0"},
				"south": {"uv": [0, 16, 1, 13], "rotation": 90, "texture": "#layer0"},
				"west": {"uv": [0, 13, 0.5, 14.4], "rotation": 270, "texture": "#layer0"},
				"up": {"uv": [0, 16, 1, 13], "rotation": 90, "texture": "#layer0"},
				"down": {"uv": [0, 16, 1, 13], "rotation": 90, "texture": "#layer0"}
			}
		},
		{
			"from": [0, 1, 7.5],
			"to": [3, 2, 8.5],
			"rotation": {"angle": 45, "axis": "z", "origin": [1.5, 1.5, 8]},
			"faces": {
				"north": {"uv": [0, 16, 1, 13.5], "rotation": 90, "texture": "#layer0"},
				"east": {"uv": [0, 13, 0.5, 14.4], "rotation": 270, "texture": "#layer0"},
				"south": {"uv": [0, 13.5, 1, 16], "rotation": 90, "texture": "#layer0"},
				"west": {"uv": [2, 14.6, 2.5, 16], "rotation": 270, "texture": "#layer0"},
				"up": {"uv": [0, 13, 1, 16], "rotation": 90, "texture": "#layer0"},
				"down": {"uv": [0, 13, 1, 16], "rotation": 90, "texture": "#layer0"}
			}
		},
		{
			"from": [0.8, 0.1, 7.5],
			"to": [2.2, 2.9, 8.5],
			"rotation": {"angle": 0, "axis": "y", "origin": [1.5, 1.5, 8]},
			"faces": {
				"north": {"uv": [0, 14, 1, 16], "texture": "#layer0"},
				"east": {"uv": [2, 14.6, 2.5, 16], "rotation": 270, "texture": "#layer0"},
				"south": {"uv": [0, 14, 0.75, 16], "texture": "#layer0"},
				"west": {"uv": [2, 14.6, 2.5, 16], "rotation": 270, "texture": "#layer0"},
				"up": {"uv": [0.25, 13.25, 0.75, 14.65], "rotation": 270, "texture": "#layer0"},
				"down": {"uv": [2, 14.6, 2.5, 16], "rotation": 270, "texture": "#layer0"}
			}
		},
		{
			"from": [0.1, 0.8, 7.5],
			"to": [2.9, 2.2, 8.5],
			"rotation": {"angle": 0, "axis": "y", "origin": [1.5, 1.5, 8]},
			"faces": {
				"north": {"uv": [0, 13.9, 1, 16], "texture": "#layer0"},
				"east": {"uv": [0, 13.9, 1, 16], "texture": "#layer0"},
				"south": {"uv": [0.75, 13.9, 0, 16], "texture": "#layer0"},
				"west": {"uv": [0, 13.9, 1, 16], "texture": "#layer0"},
				"up": {"uv": [2, 14.6, 2.5, 16], "rotation": 270, "texture": "#layer0"},
				"down": {"uv": [2, 14.6, 2.5, 16], "rotation": 270, "texture": "#layer0"}
			}
		},
		{
			"from": [0.9, 0.9, 7.25],
			"to": [2.1, 2.1, 8.75],
			"rotation": {"angle": -45, "axis": "z", "origin": [1.5, 1.5, 8]},
			"faces": {
				"north": {"uv": [1, 14, 2, 15], "texture": "#layer0"},
				"east": {"uv": [1, 14, 2, 15], "texture": "#layer0"},
				"south": {"uv": [1, 14, 2, 15], "texture": "#layer0"},
				"west": {"uv": [1, 14, 2, 15], "texture": "#layer0"},
				"up": {"uv": [1, 14, 2, 15], "texture": "#layer0"},
				"down": {"uv": [1, 14, 2, 15], "texture": "#layer0"}
			}
		},
		{
			"from": [1, 3, 7.5],
			"to": [2, 6, 8.5],
			"rotation": {"angle": -45, "axis": "z", "origin": [1.5, 1.5, 8]},
			"faces": {
				"north": {"uv": [3, 11, 4, 14], "texture": "#layer0"},
				"east": {"uv": [3, 11, 4, 14], "texture": "#layer0"},
				"south": {"uv": [3, 11, 4, 14], "texture": "#layer0"},
				"west": {"uv": [3, 11, 4, 14], "texture": "#layer0"},
				"up": {"uv": [13, 12, 14, 13], "texture": "#1"},
				"down": {"uv": [13, 15, 14, 16], "texture": "#1"}
			}
		},
		{
			"from": [0.5, 2.1, 7.8],
			"to": [2.5, 6, 8.2],
			"rotation": {"angle": -45, "axis": "z", "origin": [1.5, 1.5, 8]},
			"faces": {
				"north": {"uv": [2, 12, 3, 13], "rotation": 90, "texture": "#layer0"},
				"east": {"uv": [2, 12, 3, 13], "rotation": 90, "texture": "#layer0"},
				"south": {"uv": [2, 12, 3, 13], "rotation": 90, "texture": "#layer0"},
				"west": {"uv": [2, 12, 3, 13], "rotation": 90, "texture": "#layer0"},
				"up": {"uv": [13, 12, 14, 13], "texture": "#1"},
				"down": {"uv": [13, 15, 14, 16], "texture": "#1"}
			}
		},
		{
			"from": [9.90703, 5.46759, 7.3],
			"to": [10.90703, 9.46759, 8.7],
			"rotation": {"angle": 45, "axis": "z", "origin": [10.65703, -0.23241, 7.7]},
			"faces": {
				"north": {"uv": [15, 12, 16, 16], "texture": "#layer0"},
				"east": {"uv": [15, 12, 16, 16], "texture": "#layer0"},
				"south": {"uv": [15, 12, 16, 16], "texture": "#layer0"},
				"west": {"uv": [15, 12, 16, 16], "texture": "#layer0"},
				"up": {"uv": [15, 12, 16, 16], "texture": "#layer0"},
				"down": {"uv": [15, 12, 16, 16], "texture": "#layer0"}
			}
		},
		{
			"from": [5.64484, -0.50135, 7.3],
			"to": [8.99484, 0.49865, 8.7],
			"rotation": {"angle": -22.5, "axis": "z", "origin": [15.34484, 0.24865, 7.7]},
			"faces": {
				"north": {"uv": [15, 12, 16, 16], "rotation": 90, "texture": "#layer0"},
				"east": {"uv": [15, 12, 16, 16], "rotation": 270, "texture": "#layer0"},
				"south": {"uv": [15, 12, 16, 16], "rotation": 270, "texture": "#layer0"},
				"west": {"uv": [15, 12, 16, 16], "rotation": 270, "texture": "#layer0"},
				"up": {"uv": [15, 12, 16, 16], "rotation": 270, "texture": "#layer0"},
				"down": {"uv": [15, 12, 16, 16], "rotation": 270, "texture": "#layer0"}
			}
		},
		{
			"from": [5.39197, 6.81709, 7.3],
			"to": [6.39197, 9.96709, 8.7],
			"rotation": {"angle": 22.5, "axis": "z", "origin": [6.14197, 1.11709, 7.7]},
			"faces": {
				"north": {"uv": [15, 12, 16, 16], "texture": "#layer0"},
				"east": {"uv": [15, 12, 16, 16], "texture": "#layer0"},
				"south": {"uv": [15, 12, 16, 16], "texture": "#layer0"},
				"west": {"uv": [15, 12, 16, 16], "texture": "#layer0"},
				"up": {"uv": [15, 12, 16, 16], "texture": "#layer0"},
				"down": {"uv": [15, 12, 16, 16], "texture": "#layer0"}
			}
		},
		{
			"from": [1.9033, 9.3903, 7.3],
			"to": [3.9033, 10.3903, 8.7],
			"rotation": {"angle": 45, "axis": "z", "origin": [3.6533, 9.8903, 8]},
			"faces": {
				"north": {"uv": [15, 12, 16, 16], "rotation": 90, "texture": "#layer0"},
				"east": {"uv": [15, 12, 16, 16], "rotation": 270, "texture": "#layer0"},
				"south": {"uv": [15, 14, 16, 16], "rotation": 270, "texture": "#layer0"},
				"west": {"uv": [15, 12, 16, 16], "rotation": 270, "texture": "#layer0"},
				"up": {"uv": [15, 12, 16, 16], "rotation": 270, "texture": "#layer0"},
				"down": {"uv": [15, 12, 16, 16], "rotation": 270, "texture": "#layer0"}
			}
		},
		{
			"from": [10.11579, 3.62781, 7.3],
			"to": [11.11579, 12.37781, 8.7],
			"rotation": {"angle": 45, "axis": "z", "origin": [10.86579, 2.67781, 7.7]},
			"faces": {
				"north": {"uv": [15, 12, 16, 16], "texture": "#layer0"},
				"east": {"uv": [15, 12, 16, 16], "texture": "#layer0"},
				"south": {"uv": [15, 9, 16, 16], "texture": "#layer0"},
				"west": {"uv": [15, 12, 16, 16], "texture": "#layer0"},
				"up": {"uv": [15, 12, 16, 16], "texture": "#layer0"},
				"down": {"uv": [15, 12, 16, 16], "texture": "#layer0"}
			}
		},
		{
			"from": [2.0033, 0.3903, 7.3],
			"to": [3.9033, 1.3903, 8.7],
			"rotation": {"angle": 45, "axis": "z", "origin": [3.6533, 9.8903, 8]},
			"faces": {
				"north": {"uv": [15, 12, 16, 16], "rotation": 90, "texture": "#layer0"},
				"east": {"uv": [15, 12, 16, 16], "rotation": 270, "texture": "#layer0"},
				"south": {"uv": [15, 14, 16, 16], "rotation": 270, "texture": "#layer0"},
				"west": {"uv": [15, 12, 16, 16], "rotation": 270, "texture": "#layer0"},
				"up": {"uv": [15, 12, 16, 16], "rotation": 270, "texture": "#layer0"},
				"down": {"uv": [15, 12, 16, 16], "rotation": 270, "texture": "#layer0"}
			}
		},
		{
			"name": "The Inside",
			"from": [1.6533, 1.3903, 7.55],
			"to": [2.9033, 9.3903, 8.45],
			"rotation": {"angle": 45, "axis": "z", "origin": [3.6533, 9.8903, 8]},
			"faces": {
				"north": {"uv": [13, 5, 15, 16], "texture": "#layer0"},
				"east": {"uv": [15, 12, 16, 16], "rotation": 270, "texture": "#layer0"},
				"south": {"uv": [13, 5, 15, 16], "texture": "#layer0"},
				"west": {"uv": [15, 12, 16, 16], "rotation": 270, "texture": "#layer0"},
				"up": {"uv": [15, 12, 16, 16], "rotation": 270, "texture": "#layer0"},
				"down": {"uv": [15, 12, 16, 16], "rotation": 270, "texture": "#layer0"}
			}
		},
		{
			"from": [-0.5, 9.1, 7.8],
			"to": [3.5, 19.25, 8.2],
			"rotation": {"angle": -45, "axis": "z", "origin": [1.5, 1.5, 8]},
			"faces": {
				"north": {"uv": [13, 14, 5, 16], "rotation": 90, "texture": "#layer0"},
				"east": {"uv": [13, 16, 5, 15], "rotation": 90, "texture": "#layer0"},
				"south": {"uv": [13, 16, 5, 14], "rotation": 90, "texture": "#layer0"},
				"west": {"uv": [13, 15, 5, 14], "rotation": 90, "texture": "#layer0"},
				"up": {"uv": [15, 10, 16, 8], "rotation": 90, "texture": "#layer0"},
				"down": {"uv": [13, 15, 14, 16], "texture": "#1"}
			}
		},
		{
			"from": [0.5, 9.1, 7.5],
			"to": [2.5, 19, 8.5],
			"rotation": {"angle": -45, "axis": "z", "origin": [1.5, 1.5, 8]},
			"faces": {
				"north": {"uv": [3, 6, 1, 15], "texture": "#2"},
				"east": {"uv": [2, 6, 3, 15], "texture": "#2"},
				"south": {"uv": [1, 6, 3, 15], "texture": "#2"},
				"west": {"uv": [1, 6, 2, 15], "texture": "#2"},
				"up": {"uv": [1, 6, 2, 7], "texture": "#2"},
				"down": {"uv": [13, 15, 14, 16], "texture": "#2"}
			}
		},
		{
			"from": [13.16726, 13.18148, 7.5],
			"to": [14.56726, 14.58148, 8.5],
			"rotation": {"angle": 0, "axis": "y", "origin": [14.16726, 13.58148, 8]},
			"faces": {
				"north": {"uv": [1, 5, 3, 7], "rotation": 270, "texture": "#2"},
				"east": {"uv": [1, 6, 2, 7], "rotation": 90, "texture": "#2"},
				"south": {"uv": [1, 5, 3, 7], "rotation": 90, "texture": "#2"},
				"west": {"uv": [13, 15, 14, 16], "rotation": 90, "texture": "#2"},
				"up": {"uv": [1, 6, 3, 8], "rotation": 90, "texture": "#2"},
				"down": {"uv": [1, 6, 3, 8], "rotation": 90, "texture": "#2"}
			}
		},
		{
			"from": [12.63693, 12.66536, 7.8],
			"to": [15.48693, 15.46536, 8.2],
			"rotation": {"angle": 0, "axis": "y", "origin": [14.63693, 13.46536, 8]},
			"faces": {
				"north": {"uv": [16, 8, 15, 10], "texture": "#layer0"},
				"east": {"uv": [16, 8, 15, 10], "texture": "#layer0"},
				"south": {"uv": [16, 8, 15, 10], "texture": "#layer0"},
				"west": {"uv": [15, 5, 16, 6], "rotation": 90, "texture": "#layer0"},
				"up": {"uv": [15, 3, 16, 4], "rotation": 90, "texture": "#layer0"},
				"down": {"uv": [15, 3, 16, 4], "rotation": 90, "texture": "#layer0"}
			}
		}
	],
	"gui_light": "front",
	"display": {
		"thirdperson_righthand": {
			"rotation": [0, -90, 55],
			"translation": [0, 4, 0.5],
			"scale": [0.85, 0.85, 0.85]
		},
		"thirdperson_lefthand": {
			"rotation": [0, 90, -55],
			"translation": [0, 4, 0.5],
			"scale": [0.85, 0.85, 0.85]
		},
		"firstperson_righthand": {
			"rotation": [0, -90, 25],
			"translation": [1.13, 3.2, 1.13],
			"scale": [0.68, 0.68, 0.68]
		},
		"firstperson_lefthand": {
			"rotation": [0, 90, -25],
			"translation": [1.13, 3.2, 1.13],
			"scale": [0.68, 0.68, 0.68]
		},
		"ground": {
			"translation": [0, 3.25, 0],
			"scale": [0.5, 0.5, 0.5]
		},
		"gui": {
			"translation": [0.25, 0.25, 0]
		},
		"head": {
			"rotation": [0, 0, -101],
			"translation": [-2.25, 13.5, 0]
		},
		"fixed": {
			"rotation": [0, 0, 90],
			"translation": [-0.25, 0.25, 0]
		}
	},
	"groups": [
		0,
		{
			"name": "The Handle",
			"origin": [1.5, 1.5, 8],
			"color": 0,
			"children": [1, 2, 3, 4, 5, 6, 7]
		},
		{
			"name": "The THINGY",
			"origin": [3.6533, 9.8903, 8],
			"color": 0,
			"children": [8, 9, 10, 11, 12, 13, 14]
		},
		15,
		16,
		17
	]
}