{
	"format_version": "1.21.6",
	"credit": "Made with Blockbench",
	"ambientocclusion": false,
	"textures": {
		"particle": "block/nether_wart_stage2_block",
		"crop": "block/nether_wart_stage2_block"
	},
	"elements": [
		{
			"from": [1.81185, 2.2637, 1.81185],
			"to": [5.18815, 3.71068, 5.18815],
			"rotation": {"angle": 0, "axis": "y", "origin": [3.5, -1.1126, 3.5]},
			"faces": {
				"north": {"uv": [10, 6, 16, 9], "texture": "#crop"},
				"east": {"uv": [10, 6, 16, 9], "texture": "#crop"},
				"south": {"uv": [10, 6, 16, 9], "texture": "#crop"},
				"west": {"uv": [10, 6, 16, 9], "texture": "#crop"},
				"up": {"uv": [11, 0, 16, 5], "texture": "#crop"},
				"down": {"uv": [11, 0, 16, 5], "texture": "#crop"}
			}
		},
		{
			"from": [2.29418, 1.78137, 2.29418],
			"to": [4.70582, 4.19301, 4.70582],
			"rotation": {"angle": 0, "axis": "y", "origin": [3.5, -1.1126, 3.5]},
			"faces": {
				"north": {"uv": [12, 0, 16, 1], "texture": "#crop"},
				"east": {"uv": [15, 0, 16, 4], "rotation": 90, "texture": "#crop"},
				"south": {"uv": [11, 4, 15, 5], "texture": "#crop"},
				"west": {"uv": [12, 0, 16, 1], "texture": "#crop"},
				"up": {"uv": [11, 0, 16, 5], "texture": "#crop"},
				"down": {"uv": [11, 0, 16, 5], "texture": "#crop"}
			}
		},
		{
			"from": [2.67785, -0.41166, 2.67785],
			"to": [4.32215, 1.23264, 4.32215],
			"rotation": {"angle": 0, "axis": "y", "origin": [3.5, -0.41166, 3.5]},
			"faces": {
				"north": {"uv": [11, 13, 14, 16], "texture": "#crop"},
				"east": {"uv": [11, 13, 14, 16], "texture": "#crop"},
				"south": {"uv": [11, 13, 14, 16], "texture": "#crop"},
				"west": {"uv": [11, 13, 14, 16], "texture": "#crop"},
				"up": {"uv": [11, 14, 14, 16], "texture": "#crop"},
				"down": {"uv": [11, 14, 14, 16], "texture": "#crop"}
			}
		},
		{
			"from": [2.4038, 1.23264, 2.4038],
			"to": [4.5962, 2.87694, 4.5962],
			"rotation": {"angle": 0, "axis": "y", "origin": [3.5, -0.41166, 3.5]},
			"faces": {
				"north": {"uv": [10, 10, 14, 13], "texture": "#crop"},
				"east": {"uv": [10, 10, 14, 13], "texture": "#crop"},
				"south": {"uv": [10, 10, 14, 13], "texture": "#crop"},
				"west": {"uv": [10, 10, 14, 13], "texture": "#crop"},
				"up": {"uv": [11, 14, 14, 16], "texture": "#crop"},
				"down": {"uv": [11, 14, 14, 16], "texture": "#crop"}
			}
		},
		{
			"from": [9.7974, 3.27, 2.1274],
			"to": [13.9782, 4.8378, 6.3082],
			"rotation": {"angle": 0, "axis": "y", "origin": [11.66, -1.42, 4.66]},
			"faces": {
				"north": {"uv": [10, 6, 16, 9], "texture": "#crop"},
				"east": {"uv": [10, 6, 16, 9], "texture": "#crop"},
				"south": {"uv": [10, 6, 16, 9], "texture": "#crop"},
				"west": {"uv": [10, 6, 16, 9], "texture": "#crop"},
				"up": {"uv": [11, 0, 16, 5], "texture": "#crop"},
				"down": {"uv": [11, 0, 16, 5], "texture": "#crop"}
			}
		},
		{
			"from": [10.32, 2.7474, 2.65],
			"to": [13.4556, 5.3604, 5.7856],
			"rotation": {"angle": 0, "axis": "y", "origin": [11.66, -1.42, 4.66]},
			"faces": {
				"north": {"uv": [12, 0, 16, 1], "texture": "#crop"},
				"east": {"uv": [15, 0, 16, 4], "rotation": 90, "texture": "#crop"},
				"south": {"uv": [11, 4, 15, 5], "texture": "#crop"},
				"west": {"uv": [12, 0, 16, 1], "texture": "#crop"},
				"up": {"uv": [11, 0, 16, 5], "texture": "#crop"},
				"down": {"uv": [11, 0, 16, 5], "texture": "#crop"}
			}
		},
		{
			"from": [10.5478, -1.1386, 2.8778],
			"to": [13.2278, 4.2214, 5.5578],
			"rotation": {"angle": 0, "axis": "y", "origin": [11.66, -1.42, 4.66]},
			"faces": {
				"north": {"uv": [2, 8, 6, 16], "texture": "#crop"},
				"east": {"uv": [2, 8, 6, 16], "texture": "#crop"},
				"south": {"uv": [2, 8, 6, 16], "texture": "#crop"},
				"west": {"uv": [2, 8, 6, 16], "texture": "#crop"},
				"up": {"uv": [11, 14, 14, 16], "texture": "#crop"},
				"down": {"uv": [11, 14, 14, 16], "texture": "#crop"}
			}
		},
		{
			"from": [9.47669, 1.81142, 9.72669],
			"to": [13.52331, 3.54568, 13.77331],
			"rotation": {"angle": 0, "axis": "y", "origin": [11.5, -2.2352, 11.75]},
			"faces": {
				"north": {"uv": [10, 6, 16, 9], "texture": "#crop"},
				"east": {"uv": [10, 6, 16, 9], "texture": "#crop"},
				"south": {"uv": [10, 6, 16, 9], "texture": "#crop"},
				"west": {"uv": [10, 6, 16, 9], "texture": "#crop"},
				"up": {"uv": [11, 0, 16, 5], "texture": "#crop"},
				"down": {"uv": [11, 0, 16, 5], "texture": "#crop"}
			}
		},
		{
			"from": [10.05478, 1.23333, 10.30478],
			"to": [12.94522, 4.12377, 13.19522],
			"rotation": {"angle": 0, "axis": "y", "origin": [11.5, -2.2352, 11.75]},
			"faces": {
				"north": {"uv": [12, 0, 16, 1], "texture": "#crop"},
				"east": {"uv": [15, 0, 16, 4], "rotation": 90, "texture": "#crop"},
				"south": {"uv": [11, 4, 15, 5], "texture": "#crop"},
				"west": {"uv": [12, 0, 16, 1], "texture": "#crop"},
				"up": {"uv": [11, 0, 16, 5], "texture": "#crop"},
				"down": {"uv": [11, 0, 16, 5], "texture": "#crop"}
			}
		},
		{
			"from": [10.1236, -0.55155, 10.3736],
			"to": [12.8764, 1.51305, 13.1264],
			"rotation": {"angle": 0, "axis": "y", "origin": [11.5, -2.61615, 11.75]},
			"faces": {
				"north": {"uv": [10, 10, 14, 13], "texture": "#crop"},
				"east": {"uv": [10, 10, 14, 13], "texture": "#crop"},
				"south": {"uv": [10, 10, 14, 13], "texture": "#crop"},
				"west": {"uv": [10, 10, 14, 13], "texture": "#crop"},
				"up": {"uv": [11, 14, 14, 16], "texture": "#crop"},
				"down": {"uv": [11, 14, 14, 16], "texture": "#crop"}
			}
		},
		{
			"from": [1.56813, 3.03101, 9.06813],
			"to": [5.93187, 4.66742, 13.43187],
			"rotation": {"angle": 0, "axis": "y", "origin": [3.75, -1.8782, 11.25]},
			"faces": {
				"north": {"uv": [10, 6, 16, 9], "texture": "#crop"},
				"east": {"uv": [10, 6, 16, 9], "texture": "#crop"},
				"south": {"uv": [10, 6, 16, 9], "texture": "#crop"},
				"west": {"uv": [10, 6, 16, 9], "texture": "#crop"},
				"up": {"uv": [11, 0, 16, 5], "texture": "#crop"},
				"down": {"uv": [11, 0, 16, 5], "texture": "#crop"}
			}
		},
		{
			"from": [2.1136, 2.48554, 9.6136],
			"to": [5.3864, 5.21288, 12.8864],
			"rotation": {"angle": 0, "axis": "y", "origin": [3.75, -1.8782, 11.25]},
			"faces": {
				"north": {"uv": [12, 0, 16, 1], "texture": "#crop"},
				"east": {"uv": [15, 0, 16, 4], "rotation": 90, "texture": "#crop"},
				"south": {"uv": [11, 4, 15, 5], "texture": "#crop"},
				"west": {"uv": [12, 0, 16, 1], "texture": "#crop"},
				"up": {"uv": [11, 0, 16, 5], "texture": "#crop"},
				"down": {"uv": [11, 0, 16, 5], "texture": "#crop"}
			}
		},
		{
			"from": [2.3332, -0.43199, 9.8332],
			"to": [5.1668, 4.46521, 12.6668],
			"rotation": {"angle": 0, "axis": "y", "origin": [3.75, -0.43199, 11.25]},
			"faces": {
				"north": {"uv": [2, 9, 6, 16], "texture": "#crop"},
				"east": {"uv": [2, 9, 6, 16], "texture": "#crop"},
				"south": {"uv": [2, 9, 6, 16], "texture": "#crop"},
				"west": {"uv": [2, 9, 6, 16], "texture": "#crop"},
				"up": {"uv": [11, 14, 14, 16], "texture": "#crop"},
				"down": {"uv": [11, 14, 14, 16], "texture": "#crop"}
			}
		}
	],
	"groups": [
		{
			"name": "Wart",
			"origin": [3, 0, 3],
			"color": 0,
			"children": [0, 1, 2, 3]
		},
		{
			"name": "Wart",
			"origin": [3, 0, 3],
			"color": 0,
			"children": [4, 5, 6]
		},
		{
			"name": "Wart",
			"origin": [3, 0, 3],
			"color": 0,
			"children": [7, 8, 9]
		},
		{
			"name": "Wart",
			"origin": [3, 0, 3],
			"color": 0,
			"children": [10, 11, 12]
		}
	]
}