{
	"format_version": "1.21.6",
	"credit": "Made with Blockbench",
	"parent": "block/block",
	"textures": {
		"bottom": "block/observer_back",
		"side": "block/observer_side",
		"top": "block/observer_top",
		"particle": "block/observer_front",
		"front": "block/observer_front"
	},
	"elements": [
		{
			"from": [0.5, 0.5, 1.5],
			"to": [15.5, 15.5, 15.5],
			"faces": {
				"north": {"uv": [0.5, 0.5, 15.5, 15.5], "texture": "#front", "cullface": "north"},
				"east": {"uv": [0.5, 0.5, 14.5, 15.5], "texture": "#side", "cullface": "east"},
				"south": {"uv": [0.5, 0.5, 15.5, 15.5], "texture": "#side", "cullface": "south"},
				"west": {"uv": [1.5, 0.5, 15.5, 15.5], "texture": "#side", "cullface": "west"},
				"up": {"uv": [0.5, 14.5, 15.5, 0.5], "texture": "#top", "cullface": "up"},
				"down": {"uv": [0.5, 0.5, 15.5, 14.5], "texture": "#top", "cullface": "down"}
			}
		},
		{
			"from": [0.5, 0.5, 0.5],
			"to": [3, 15.5, 1.5],
			"faces": {
				"north": {"uv": [13, 0.5, 15.5, 15.5], "texture": "#front"},
				"east": {"uv": [12, 9, 13, 10], "texture": "#front"},
				"south": {"uv": [0, 0, 2.5, 15], "texture": "#missing"},
				"west": {"uv": [0.5, 0.5, 1.5, 15.5], "texture": "#side"},
				"up": {"uv": [0.5, 15.5, 3, 14.5], "texture": "#top"},
				"down": {"uv": [0.5, 14.5, 3, 15.5], "texture": "#top"}
			}
		},
		{
			"from": [3, 7, 0.5],
			"to": [13, 15.5, 1.5],
			"faces": {
				"north": {"uv": [3, 0.5, 13, 9], "texture": "#front"},
				"east": {"uv": [0, 0, 1, 15], "texture": "#missing"},
				"south": {"uv": [0, 0, 2.5, 15], "texture": "#missing"},
				"west": {"uv": [0.5, 0.5, 1.5, 15.5], "texture": "#side"},
				"up": {"uv": [3, 15.5, 13, 14.5], "texture": "#top"},
				"down": {"uv": [3, 9, 5, 10], "texture": "#front"}
			}
		},
		{
			"from": [3, 0.5, 0.5],
			"to": [13, 3, 1.5],
			"faces": {
				"north": {"uv": [3, 13, 13, 15.5], "texture": "#front"},
				"east": {"uv": [0, 0, 1, 15], "texture": "#missing"},
				"south": {"uv": [0, 0, 2.5, 15], "texture": "#missing"},
				"west": {"uv": [0.5, 0.5, 1.5, 15.5], "texture": "#side"},
				"up": {"uv": [3, 12, 13, 13], "texture": "#front"},
				"down": {"uv": [3, 14.5, 13, 15.5], "texture": "#top"}
			}
		},
		{
			"from": [3, 4, 0.5],
			"to": [13, 5, 1.5],
			"faces": {
				"north": {"uv": [3, 11, 13, 12], "texture": "#front"},
				"east": {"uv": [0, 0, 1, 15], "texture": "#missing"},
				"south": {"uv": [0, 0, 2.5, 15], "texture": "#missing"},
				"west": {"uv": [0.5, 0.5, 1.5, 15.5], "texture": "#side"},
				"up": {"uv": [4, 10, 3, 11], "texture": "#front"},
				"down": {"uv": [3, 12, 13, 13], "texture": "#front"}
			}
		},
		{
			"from": [5, 5, 0.5],
			"to": [11, 7, 1.5],
			"faces": {
				"north": {"uv": [5, 9, 11, 11], "texture": "#front"},
				"east": {"uv": [12, 9, 13, 10], "texture": "#front"},
				"south": {"uv": [0, 0, 2.5, 15], "texture": "#missing"},
				"west": {"uv": [11, 9, 12, 11], "texture": "#front"},
				"up": {"uv": [13, 10, 3, 11], "texture": "#front"},
				"down": {"uv": [3, 12, 13, 13], "texture": "#front"}
			}
		},
		{
			"from": [3, 3, 0.5],
			"to": [7, 4, 1.5],
			"faces": {
				"north": {"uv": [9, 12, 13, 13], "texture": "#front"},
				"east": {"uv": [8, 12, 9, 13], "texture": "#front"},
				"south": {"uv": [0, 0, 2.5, 15], "texture": "#missing"},
				"west": {"uv": [0.5, 0.5, 1.5, 15.5], "texture": "#side"},
				"up": {"uv": [3, 15.5, 13, 14.5], "texture": "#top"},
				"down": {"uv": [3, 12, 13, 13], "texture": "#front"}
			}
		},
		{
			"from": [9, 3, 0.5],
			"to": [13, 4, 1.5],
			"faces": {
				"north": {"uv": [3, 12, 7, 13], "texture": "#front"},
				"east": {"uv": [0, 0, 1, 15], "texture": "#missing"},
				"south": {"uv": [0, 0, 2.5, 15], "texture": "#missing"},
				"west": {"uv": [7, 12, 8, 13], "texture": "#front"},
				"up": {"uv": [3, 15.5, 13, 14.5], "texture": "#top"},
				"down": {"uv": [3, 12, 13, 13], "texture": "#front"}
			}
		},
		{
			"from": [13, 0.5, 0.5],
			"to": [15.5, 15.5, 1.5],
			"faces": {
				"north": {"uv": [0.5, 0.5, 3, 15.5], "texture": "#front"},
				"east": {"uv": [14.5, 0.5, 15.5, 15.5], "texture": "#side"},
				"south": {"uv": [0, 0, 2.5, 15], "texture": "#missing"},
				"west": {"uv": [3, 0.5, 4, 15.5], "texture": "#front"},
				"up": {"uv": [13, 15.5, 15.5, 14.5], "texture": "#top"},
				"down": {"uv": [13, 14.5, 15.5, 15.5], "texture": "#top"}
			}
		},
		{
			"from": [0, 0, 0],
			"to": [1, 16, 1],
			"faces": {
				"north": {"uv": [15, 0, 16, 16], "texture": "#front"},
				"east": {"uv": [15, 0, 16, 16], "texture": "#front"},
				"south": {"uv": [0, 0, 1, 16], "texture": "#side"},
				"west": {"uv": [0, 0, 1, 16], "texture": "#side"},
				"up": {"uv": [15, 15, 16, 16], "texture": "#top"},
				"down": {"uv": [0, 15, 1, 16], "texture": "#top"}
			}
		},
		{
			"from": [1, 15, 0],
			"to": [15, 16, 1],
			"faces": {
				"north": {"uv": [1, 0, 15, 1], "texture": "#front"},
				"east": {"uv": [15, 0, 16, 16], "texture": "#front"},
				"south": {"uv": [15, 0, 1, 1], "texture": "#front"},
				"west": {"uv": [0, 0, 1, 16], "texture": "#side"},
				"up": {"uv": [15, 0, 1, 1], "texture": "#front"},
				"down": {"uv": [15, 0, 1, 1], "texture": "#front"}
			}
		},
		{
			"from": [1, 0, 0],
			"to": [15, 1, 1],
			"rotation": {"angle": 0, "axis": "y", "origin": [0, 16, 0]},
			"faces": {
				"north": {"uv": [1, 1, 15, 0], "texture": "#front"},
				"east": {"uv": [15, 16, 16, 0], "texture": "#front"},
				"south": {"uv": [15, 1, 1, 0], "texture": "#front"},
				"west": {"uv": [0, 16, 1, 0], "texture": "#side"},
				"up": {"uv": [15, 1, 1, 0], "texture": "#front"},
				"down": {"uv": [15, 1, 1, 0], "texture": "#front"}
			}
		},
		{
			"from": [1, 15, 15],
			"to": [15, 16, 16],
			"rotation": {"angle": 0, "axis": "y", "origin": [0, 0, 16]},
			"faces": {
				"north": {"uv": [1, 0, 15, 1], "texture": "#front"},
				"east": {"uv": [16, 0, 15, 16], "texture": "#front"},
				"south": {"uv": [15, 0, 1, 1], "texture": "#front"},
				"west": {"uv": [1, 0, 0, 16], "texture": "#side"},
				"up": {"uv": [15, 1, 1, 0], "texture": "#front"},
				"down": {"uv": [15, 1, 1, 0], "texture": "#front"}
			}
		},
		{
			"from": [1, 0, 15],
			"to": [15, 1, 16],
			"rotation": {"angle": 0, "axis": "y", "origin": [0, 16, 16]},
			"faces": {
				"north": {"uv": [1, 1, 15, 0], "texture": "#front"},
				"east": {"uv": [16, 16, 15, 0], "texture": "#front"},
				"south": {"uv": [15, 1, 1, 0], "texture": "#front"},
				"west": {"uv": [1, 16, 0, 0], "texture": "#side"},
				"up": {"uv": [15, 0, 1, 1], "texture": "#front"},
				"down": {"uv": [15, 0, 1, 1], "texture": "#front"}
			}
		},
		{
			"from": [0, 0, 1],
			"to": [1, 1, 15],
			"rotation": {"angle": 0, "axis": "y", "origin": [8, 8, 8]},
			"faces": {
				"north": {"uv": [15, 16, 16, 0], "texture": "#front"},
				"east": {"uv": [15, 1, 1, 0], "texture": "#front"},
				"south": {"uv": [0, 16, 1, 0], "texture": "#side"},
				"west": {"uv": [1, 1, 15, 0], "texture": "#front"},
				"up": {"uv": [15, 1, 1, 0], "rotation": 270, "texture": "#front"},
				"down": {"uv": [15, 1, 1, 0], "rotation": 90, "texture": "#front"}
			}
		},
		{
			"from": [0, 15, 1],
			"to": [1, 16, 15],
			"rotation": {"angle": 0, "axis": "y", "origin": [8, 8, 8]},
			"faces": {
				"north": {"uv": [15, 0, 16, 16], "texture": "#front"},
				"east": {"uv": [15, 0, 1, 1], "texture": "#front"},
				"south": {"uv": [0, 0, 1, 16], "texture": "#side"},
				"west": {"uv": [1, 0, 15, 1], "texture": "#front"},
				"up": {"uv": [15, 0, 1, 1], "rotation": 270, "texture": "#front"},
				"down": {"uv": [15, 0, 1, 1], "rotation": 90, "texture": "#front"}
			}
		},
		{
			"from": [15, 15, 1],
			"to": [16, 16, 15],
			"rotation": {"angle": 0, "axis": "y", "origin": [8, 8, 8]},
			"faces": {
				"north": {"uv": [16, 0, 15, 16], "texture": "#front"},
				"east": {"uv": [15, 0, 1, 1], "texture": "#front"},
				"south": {"uv": [1, 0, 0, 16], "texture": "#side"},
				"west": {"uv": [1, 0, 15, 1], "texture": "#front"},
				"up": {"uv": [15, 1, 1, 0], "rotation": 270, "texture": "#front"},
				"down": {"uv": [15, 1, 1, 0], "rotation": 90, "texture": "#front"}
			}
		},
		{
			"from": [15, 0, 1],
			"to": [16, 1, 15],
			"rotation": {"angle": 0, "axis": "y", "origin": [8, 8, 8]},
			"faces": {
				"north": {"uv": [16, 16, 15, 0], "texture": "#front"},
				"east": {"uv": [15, 1, 1, 0], "texture": "#front"},
				"south": {"uv": [1, 16, 0, 0], "texture": "#side"},
				"west": {"uv": [1, 1, 15, 0], "texture": "#front"},
				"up": {"uv": [15, 0, 1, 1], "rotation": 270, "texture": "#front"},
				"down": {"uv": [15, 0, 1, 1], "rotation": 90, "texture": "#front"}
			}
		},
		{
			"from": [15, 0, 0],
			"to": [16, 16, 1],
			"rotation": {"angle": 0, "axis": "y", "origin": [16, 0, 0]},
			"faces": {
				"north": {"uv": [16, 0, 15, 16], "texture": "#front"},
				"east": {"uv": [1, 0, 0, 16], "texture": "#side"},
				"south": {"uv": [1, 0, 0, 16], "texture": "#side"},
				"west": {"uv": [16, 0, 15, 16], "texture": "#front"},
				"up": {"uv": [16, 15, 15, 16], "texture": "#top"},
				"down": {"uv": [1, 15, 0, 16], "texture": "#top"}
			}
		},
		{
			"from": [15, 0, 15],
			"to": [16, 16, 16],
			"rotation": {"angle": 0, "axis": "y", "origin": [16, 0, 16]},
			"faces": {
				"north": {"uv": [0, 0, 1, 16], "texture": "#side"},
				"east": {"uv": [0, 0, 1, 16], "texture": "#side"},
				"south": {"uv": [15, 0, 16, 16], "texture": "#front"},
				"west": {"uv": [15, 0, 16, 16], "texture": "#front"},
				"up": {"uv": [16, 16, 15, 15], "texture": "#top"},
				"down": {"uv": [1, 16, 0, 15], "texture": "#top"}
			}
		},
		{
			"from": [0, 0, 15],
			"to": [1, 16, 16],
			"rotation": {"angle": 0, "axis": "y", "origin": [0, 0, 16]},
			"faces": {
				"north": {"uv": [1, 0, 0, 16], "texture": "#side"},
				"east": {"uv": [16, 0, 15, 16], "texture": "#front"},
				"south": {"uv": [16, 0, 15, 16], "texture": "#front"},
				"west": {"uv": [1, 0, 0, 16], "texture": "#side"},
				"up": {"uv": [15, 16, 16, 15], "texture": "#top"},
				"down": {"uv": [0, 16, 1, 15], "texture": "#top"}
			}
		},
		{
			"from": [0.1, 11, 1],
			"to": [1, 13, 15],
			"rotation": {"angle": 0, "axis": "y", "origin": [0, 11, 1]},
			"faces": {
				"north": {"uv": [0, 0, 0.9, 2], "texture": "#side"},
				"east": {"uv": [0, 0, 14, 2], "texture": "#side"},
				"south": {"uv": [0, 0, 0.9, 2], "texture": "#side"},
				"west": {"uv": [1, 3, 15, 5], "texture": "#side"},
				"up": {"uv": [1, 3, 15, 4], "rotation": 90, "texture": "#side"},
				"down": {"uv": [1, 4, 15, 5], "rotation": 90, "texture": "#side"}
			}
		},
		{
			"from": [0.1, 3, 1],
			"to": [1, 4, 15],
			"rotation": {"angle": 0, "axis": "y", "origin": [0, 3, 1]},
			"faces": {
				"north": {"uv": [0, 0, 0.9, 2], "texture": "#side"},
				"east": {"uv": [0, 0, 14, 2], "texture": "#side"},
				"south": {"uv": [0, 0, 0.9, 2], "texture": "#side"},
				"west": {"uv": [1, 12, 15, 13], "texture": "#side"},
				"up": {"uv": [1, 12, 15, 13], "rotation": 90, "texture": "#side"},
				"down": {"uv": [15, 12, 1, 13], "rotation": 90, "texture": "#side"}
			}
		},
		{
			"from": [15, 3, 1],
			"to": [15.9, 4, 15],
			"rotation": {"angle": 0, "axis": "y", "origin": [16, 3, 1]},
			"faces": {
				"north": {"uv": [0.9, 0, 0, 2], "texture": "#side"},
				"east": {"uv": [15, 12, 1, 13], "texture": "#side"},
				"south": {"uv": [0.9, 0, 0, 2], "texture": "#side"},
				"west": {"uv": [14, 0, 0, 2], "texture": "#side"},
				"up": {"uv": [1, 13, 15, 12], "rotation": 90, "texture": "#side"},
				"down": {"uv": [15, 13, 1, 12], "rotation": 90, "texture": "#side"}
			}
		},
		{
			"from": [1, 3, 15],
			"to": [15, 4, 15.9],
			"rotation": {"angle": 0, "axis": "y", "origin": [8, 3.5, 8]},
			"faces": {
				"north": {"uv": [0, 0, 14, 2], "texture": "#side"},
				"east": {"uv": [0, 0, 0.9, 2], "texture": "#side"},
				"south": {"uv": [1, 12, 15, 13], "texture": "#bottom"},
				"west": {"uv": [0, 0, 0.9, 2], "texture": "#side"},
				"up": {"uv": [1, 12, 15, 13], "texture": "#side"},
				"down": {"uv": [15, 12, 1, 13], "rotation": 180, "texture": "#bottom"}
			}
		},
		{
			"from": [1, 11, 0.1],
			"to": [15, 13, 1],
			"rotation": {"angle": 0, "axis": "y", "origin": [8, 12, 8]},
			"faces": {
				"north": {"uv": [15, 3, 1, 5], "texture": "#side"},
				"east": {"uv": [0.9, 0, 0, 2], "texture": "#side"},
				"south": {"uv": [14, 0, 0, 2], "texture": "#side"},
				"west": {"uv": [0.9, 0, 0, 2], "texture": "#side"},
				"up": {"uv": [1, 4, 15, 3], "texture": "#side"},
				"down": {"uv": [1, 5, 15, 4], "rotation": 180, "texture": "#side"}
			}
		},
		{
			"from": [1, 11, 15],
			"to": [15, 13, 15.9],
			"rotation": {"angle": 0, "axis": "y", "origin": [8, 12, 8]},
			"faces": {
				"north": {"uv": [0, 0, 14, 2], "texture": "#side"},
				"east": {"uv": [0, 0, 0.9, 2], "texture": "#side"},
				"south": {"uv": [1, 3, 15, 5], "texture": "#side"},
				"west": {"uv": [0, 0, 0.9, 2], "texture": "#side"},
				"up": {"uv": [1, 3, 15, 4], "texture": "#side"},
				"down": {"uv": [1, 4, 15, 5], "rotation": 180, "texture": "#side"}
			}
		},
		{
			"from": [15, 11, 1],
			"to": [15.9, 13, 15],
			"rotation": {"angle": 0, "axis": "y", "origin": [16, 11, 1]},
			"faces": {
				"north": {"uv": [0.9, 0, 0, 2], "texture": "#side"},
				"east": {"uv": [15, 3, 1, 5], "texture": "#side"},
				"south": {"uv": [0.9, 0, 0, 2], "texture": "#side"},
				"west": {"uv": [14, 0, 0, 2], "texture": "#side"},
				"up": {"uv": [1, 4, 15, 3], "rotation": 90, "texture": "#side"},
				"down": {"uv": [1, 5, 15, 4], "rotation": 90, "texture": "#side"}
			}
		},
		{
			"from": [6, 7, 15],
			"to": [7, 9, 15.9],
			"rotation": {"angle": 0, "axis": "y", "origin": [6, 7, 15]},
			"faces": {
				"north": {"uv": [6, 7, 7, 9], "texture": "#bottom"},
				"east": {"uv": [6, 7, 7, 9], "texture": "#bottom"},
				"south": {"uv": [6, 7, 7, 9], "texture": "#bottom"},
				"west": {"uv": [6, 7, 7, 9], "texture": "#bottom"},
				"up": {"uv": [6, 7, 7, 9], "texture": "#bottom"},
				"down": {"uv": [6, 7, 7, 9], "texture": "#bottom"}
			}
		},
		{
			"from": [9, 7, 15],
			"to": [10, 9, 15.9],
			"rotation": {"angle": 0, "axis": "y", "origin": [10, 7, 15]},
			"faces": {
				"north": {"uv": [7, 7, 6, 9], "texture": "#bottom"},
				"east": {"uv": [7, 7, 6, 9], "texture": "#bottom"},
				"south": {"uv": [7, 7, 6, 9], "texture": "#bottom"},
				"west": {"uv": [7, 7, 6, 9], "texture": "#bottom"},
				"up": {"uv": [7, 7, 6, 9], "texture": "#bottom"},
				"down": {"uv": [7, 7, 6, 9], "texture": "#bottom"}
			}
		},
		{
			"from": [7, 6, 15],
			"to": [9, 7, 15.9],
			"rotation": {"angle": 0, "axis": "z", "origin": [8, 8, 15.375]},
			"faces": {
				"north": {"uv": [6, 7, 7, 9], "rotation": 90, "texture": "#bottom"},
				"east": {"uv": [6, 7, 7, 9], "rotation": 270, "texture": "#bottom"},
				"south": {"uv": [6, 7, 7, 9], "rotation": 270, "texture": "#bottom"},
				"west": {"uv": [6, 7, 7, 9], "rotation": 270, "texture": "#bottom"},
				"up": {"uv": [6, 7, 7, 9], "rotation": 270, "texture": "#bottom"},
				"down": {"uv": [6, 7, 7, 9], "rotation": 270, "texture": "#bottom"}
			}
		},
		{
			"from": [7.28995, 9.4201, 14.99],
			"to": [8.68995, 10.1201, 15.89],
			"rotation": {"angle": 45, "axis": "z", "origin": [7.98995, 8.0201, 15.375]},
			"faces": {
				"north": {"uv": [7, 7, 6, 9], "rotation": 90, "texture": "#bottom"},
				"east": {"uv": [7, 7, 6, 9], "rotation": 270, "texture": "#bottom"},
				"south": {"uv": [7, 7, 6, 9], "rotation": 270, "texture": "#bottom"},
				"west": {"uv": [7, 7, 6, 9], "rotation": 270, "texture": "#bottom"},
				"up": {"uv": [7, 7, 6, 9], "rotation": 270, "texture": "#bottom"},
				"down": {"uv": [7, 7, 6, 9], "rotation": 270, "texture": "#bottom"}
			}
		},
		{
			"from": [7.31005, 9.4201, 14.99],
			"to": [8.71005, 10.1201, 15.89],
			"rotation": {"angle": -45, "axis": "z", "origin": [8.01005, 8.0201, 15.375]},
			"faces": {
				"north": {"uv": [7, 9, 6, 7], "rotation": 90, "texture": "#bottom"},
				"east": {"uv": [7, 9, 6, 7], "rotation": 270, "texture": "#bottom"},
				"south": {"uv": [7, 9, 6, 7], "rotation": 270, "texture": "#bottom"},
				"west": {"uv": [7, 9, 6, 7], "rotation": 270, "texture": "#bottom"},
				"up": {"uv": [7, 9, 6, 7], "rotation": 270, "texture": "#bottom"},
				"down": {"uv": [7, 9, 6, 7], "rotation": 270, "texture": "#bottom"}
			}
		},
		{
			"from": [7.28995, 5.8799, 14.99],
			"to": [8.68995, 6.5799, 15.89],
			"rotation": {"angle": -45, "axis": "z", "origin": [7.98995, 7.9799, 15.375]},
			"faces": {
				"north": {"uv": [6, 7, 7, 9], "rotation": 90, "texture": "#bottom"},
				"east": {"uv": [6, 7, 7, 9], "rotation": 270, "texture": "#bottom"},
				"south": {"uv": [6, 7, 7, 9], "rotation": 270, "texture": "#bottom"},
				"west": {"uv": [6, 7, 7, 9], "rotation": 270, "texture": "#bottom"},
				"up": {"uv": [6, 7, 7, 9], "rotation": 270, "texture": "#bottom"},
				"down": {"uv": [6, 7, 7, 9], "rotation": 270, "texture": "#bottom"}
			}
		},
		{
			"from": [7.31005, 5.8799, 14.99],
			"to": [8.71005, 6.5799, 15.89],
			"rotation": {"angle": 45, "axis": "z", "origin": [8.01005, 7.9799, 15.375]},
			"faces": {
				"north": {"uv": [6, 9, 7, 7], "rotation": 90, "texture": "#bottom"},
				"east": {"uv": [6, 9, 7, 7], "rotation": 270, "texture": "#bottom"},
				"south": {"uv": [6, 9, 7, 7], "rotation": 270, "texture": "#bottom"},
				"west": {"uv": [6, 9, 7, 7], "rotation": 270, "texture": "#bottom"},
				"up": {"uv": [6, 9, 7, 7], "rotation": 270, "texture": "#bottom"},
				"down": {"uv": [6, 9, 7, 7], "rotation": 270, "texture": "#bottom"}
			}
		},
		{
			"from": [7, 9, 15],
			"to": [9, 10, 15.9],
			"rotation": {"angle": 0, "axis": "z", "origin": [8, 8, 15.375]},
			"faces": {
				"north": {"uv": [7, 7, 6, 9], "rotation": 90, "texture": "#bottom"},
				"east": {"uv": [7, 7, 6, 9], "rotation": 270, "texture": "#bottom"},
				"south": {"uv": [7, 7, 6, 9], "rotation": 270, "texture": "#bottom"},
				"west": {"uv": [7, 7, 6, 9], "rotation": 270, "texture": "#bottom"},
				"up": {"uv": [7, 7, 6, 9], "rotation": 270, "texture": "#bottom"},
				"down": {"uv": [7, 7, 6, 9], "rotation": 270, "texture": "#bottom"}
			}
		},
		{
			"name": "The Light Itself",
			"from": [7, 7, 15],
			"to": [9, 9, 15.6],
			"rotation": {"angle": 0, "axis": "y", "origin": [7, 7, 15]},
			"faces": {
				"north": {"uv": [9, 7, 7, 9], "texture": "#bottom"},
				"east": {"uv": [8, 7, 9, 9], "texture": "#bottom"},
				"south": {"uv": [7, 7, 9, 9], "texture": "#bottom"},
				"west": {"uv": [7, 7, 8, 9], "texture": "#bottom"},
				"up": {"uv": [7, 7, 9, 8], "texture": "#bottom"},
				"down": {"uv": [7, 8, 9, 9], "texture": "#bottom"}
			}
		},
		{
			"from": [7, 4, 15],
			"to": [9, 6, 15.9],
			"rotation": {"angle": 0, "axis": "y", "origin": [7, 4, 15]},
			"faces": {
				"north": {"uv": [9, 10, 7, 12], "texture": "#bottom"},
				"east": {"uv": [8, 10, 9, 12], "texture": "#bottom"},
				"south": {"uv": [7, 10, 9, 12], "texture": "#bottom"},
				"west": {"uv": [7, 10, 8, 12], "texture": "#bottom"},
				"up": {"uv": [7, 10, 9, 11], "texture": "#bottom"},
				"down": {"uv": [7, 11, 9, 12], "texture": "#bottom"}
			}
		},
		{
			"from": [7, 1, 15],
			"to": [9, 3, 15.9],
			"rotation": {"angle": 45, "axis": "x", "origin": [8, 3, 15.9]},
			"faces": {
				"north": {"uv": [9, 10, 7, 12], "texture": "#bottom"},
				"east": {"uv": [8, 10, 9, 12], "texture": "#bottom"},
				"south": {"uv": [7, 10, 9, 12], "texture": "#bottom"},
				"west": {"uv": [7, 10, 8, 12], "texture": "#bottom"},
				"up": {"uv": [7, 10, 9, 11], "texture": "#bottom"},
				"down": {"uv": [7, 11, 9, 12], "texture": "#bottom"}
			}
		},
		{
			"from": [9, 7, 0.25],
			"to": [15, 8, 0.5],
			"rotation": {"angle": 0, "axis": "y", "origin": [15, 7, 0.25]},
			"faces": {
				"north": {"uv": [7, 8, 1, 9], "texture": "#front"},
				"east": {"uv": [2, 8, 1, 9], "texture": "#front"},
				"south": {"uv": [7, 8, 1, 9], "texture": "#front"},
				"west": {"uv": [7, 8, 6, 9], "texture": "#front"},
				"up": {"uv": [7, 8, 1, 9], "texture": "#front"},
				"down": {"uv": [7, 8, 1, 9], "texture": "#front"}
			}
		},
		{
			"from": [1, 7, 0.25],
			"to": [7, 8, 0.5],
			"rotation": {"angle": 0, "axis": "y", "origin": [1, 7, 0.25]},
			"faces": {
				"north": {"uv": [1, 8, 7, 9], "texture": "#front"},
				"east": {"uv": [6, 8, 7, 9], "texture": "#front"},
				"south": {"uv": [1, 8, 7, 9], "texture": "#front"},
				"west": {"uv": [1, 8, 2, 9], "texture": "#front"},
				"up": {"uv": [1, 8, 7, 9], "texture": "#front"},
				"down": {"uv": [1, 8, 7, 9], "texture": "#front"}
			}
		}
	],
	"groups": [
		0,
		1,
		2,
		3,
		4,
		5,
		6,
		7,
		8,
		9,
		10,
		11,
		12,
		13,
		14,
		15,
		16,
		17,
		18,
		19,
		20,
		21,
		22,
		23,
		24,
		25,
		26,
		27,
		{
			"name": "The LIGHT",
			"origin": [7, 7, 15],
			"color": 0,
			"children": [28, 29, 30, 31, 32, 33, 34, 35, 36]
		},
		37,
		38,
		39,
		40
	]
}