{
	"format_version": "1.21.6",
	"credit": "Made with Blockbench",
	"parent": "minecraft:block/cross",
	"textures": {
		"1": "block/flower_center_checker",
		"particle": "block/oxeye_daisy_block",
		"cross": "block/oxeye_daisy_block"
	},
	"elements": [
		{
			"from": [4, 0, 8],
			"to": [12, 7, 8],
			"rotation": {"angle": -45, "axis": "y", "origin": [8, 0, 8]},
			"faces": {
				"north": {"uv": [3.5, 9, 11.5, 16], "texture": "#cross"},
				"south": {"uv": [11.5, 9, 3.5, 16], "texture": "#cross"}
			}
		},
		{
			"from": [4, 0, 8],
			"to": [12, 7, 8],
			"rotation": {"angle": 45, "axis": "y", "origin": [8, 0, 8]},
			"faces": {
				"north": {"uv": [3.5, 9, 11.5, 16], "texture": "#cross"},
				"south": {"uv": [11.5, 9, 3.5, 16], "texture": "#cross"}
			}
		},
		{
			"from": [8, 7.55, 7],
			"to": [11.5, 7.55, 9],
			"rotation": {"angle": 45, "axis": "y", "origin": [8, 7.55, 8]},
			"faces": {
				"up": {"uv": [16, 14, 12.5, 16], "texture": "#cross"},
				"down": {"uv": [16, 14, 12.5, 16], "texture": "#cross"}
			}
		},
		{
			"from": [4.5, 7.55, 7],
			"to": [8, 7.55, 9],
			"rotation": {"angle": 45, "axis": "y", "origin": [8, 7.55, 8]},
			"faces": {
				"up": {"uv": [12.5, 14, 16, 16], "texture": "#cross"},
				"down": {"uv": [12.5, 14, 16, 16], "texture": "#cross"}
			}
		},
		{
			"from": [6.5, 7, 8],
			"to": [9.5, 7, 11.5],
			"rotation": {"angle": -22.5, "axis": "x", "origin": [8, 7, 8]},
			"faces": {
				"up": {"uv": [16, 13, 12.5, 16], "rotation": 90, "texture": "#cross"},
				"down": {"uv": [16, 13, 12.5, 16], "rotation": 270, "texture": "#cross"}
			}
		},
		{
			"from": [6.5, 7, 4.5],
			"to": [9.5, 7, 8],
			"rotation": {"angle": 22.5, "axis": "x", "origin": [8, 7, 8]},
			"faces": {
				"up": {"uv": [12.5, 13, 16, 16], "rotation": 90, "texture": "#cross"},
				"down": {"uv": [12.5, 13, 16, 16], "rotation": 270, "texture": "#cross"}
			}
		},
		{
			"from": [7, 7.45, 8],
			"to": [9, 7.45, 11.5],
			"rotation": {"angle": 45, "axis": "y", "origin": [8, 7.45, 8]},
			"faces": {
				"up": {"uv": [12.5, 14, 16, 16], "rotation": 270, "texture": "#cross"},
				"down": {"uv": [12.5, 14, 16, 16], "rotation": 90, "texture": "#cross"}
			}
		},
		{
			"from": [7, 7.45, 4.5],
			"to": [9, 7.45, 8],
			"rotation": {"angle": 45, "axis": "y", "origin": [8, 7.45, 8]},
			"faces": {
				"up": {"uv": [16, 14, 12.5, 16], "rotation": 270, "texture": "#cross"},
				"down": {"uv": [16, 14, 12.5, 16], "rotation": 90, "texture": "#cross"}
			}
		},
		{
			"from": [4.5, 7, 6.5],
			"to": [8, 7, 9.5],
			"rotation": {"angle": -22.5, "axis": "z", "origin": [8, 7, 8]},
			"faces": {
				"up": {"uv": [16, 13, 12.5, 16], "rotation": 180, "texture": "#cross"},
				"down": {"uv": [16, 13, 12.5, 16], "rotation": 180, "texture": "#cross"}
			}
		},
		{
			"from": [8, 7, 6.5],
			"to": [11.5, 7, 9.5],
			"rotation": {"angle": 22.5, "axis": "z", "origin": [8, 7, 8]},
			"faces": {
				"up": {"uv": [12.5, 13, 16, 16], "rotation": 180, "texture": "#cross"},
				"down": {"uv": [12.5, 13, 16, 16], "rotation": 180, "texture": "#cross"}
			}
		},
		{
			"from": [6.75, 7.53, 6.75],
			"to": [9.25, 8.13, 9.25],
			"rotation": {"angle": 0, "axis": "y", "origin": [7, 7.4, 7]},
			"faces": {
				"north": {"uv": [9, 4, 6, 5], "texture": "#cross"},
				"east": {"uv": [8, 4, 9, 7], "rotation": 90, "texture": "#cross"},
				"south": {"uv": [6, 6, 9, 7], "texture": "#cross"},
				"west": {"uv": [6, 4, 7, 7], "rotation": 90, "texture": "#cross"},
				"up": {"uv": [6, 4, 9, 7], "texture": "#cross"},
				"down": {"uv": [6, 4, 9, 7], "texture": "#cross"}
			}
		},
		{
			"from": [6.6, 7.63, 6.6],
			"to": [9.4, 8.28, 9.4],
			"rotation": {"angle": 0, "axis": "y", "origin": [7, 7.4, 7]},
			"faces": {
				"north": {"uv": [9, 4, 6, 5], "texture": "#1"},
				"east": {"uv": [8, 4, 9, 7], "rotation": 90, "texture": "#1"},
				"south": {"uv": [6, 6, 9, 7], "texture": "#1"},
				"west": {"uv": [6, 4, 7, 7], "rotation": 90, "texture": "#1"},
				"up": {"uv": [6, 4, 9, 7], "texture": "#1"},
				"down": {"uv": [6, 4, 9, 7], "texture": "#1"}
			}
		}
	]
}