{
	"format_version": "1.21.6",
	"credit": "Made with Blockbench",
	"parent": "minecraft:block/template_lantern",
	"textures": {
		"1": "block/oxidized_copper_chain",
		"lantern": "block/oxidized_copper_lantern",
		"particle": "block/oxidized_copper_chain"
	},
	"elements": [
		{
			"from": [5.25, 0.25, 5.25],
			"to": [10.75, 6.75, 10.75],
			"faces": {
				"north": {"uv": [0.25, 2.25, 5.75, 8.75], "texture": "#lantern"},
				"east": {"uv": [0.25, 2.25, 5.75, 8.75], "texture": "#lantern"},
				"south": {"uv": [0.25, 2.25, 5.75, 8.75], "texture": "#lantern"},
				"west": {"uv": [0.25, 2.25, 5.75, 8.75], "texture": "#lantern"},
				"up": {"uv": [0, 9, 6, 15], "texture": "#lantern"},
				"down": {"uv": [0, 9, 6, 15], "texture": "#lantern", "cullface": "down"}
			}
		},
		{
			"from": [6, 7, 6],
			"to": [10, 9, 10],
			"faces": {
				"north": {"uv": [1, 0, 5, 2], "texture": "#lantern"},
				"east": {"uv": [1, 0, 5, 2], "texture": "#lantern"},
				"south": {"uv": [1, 0, 5, 2], "texture": "#lantern"},
				"west": {"uv": [1, 0, 5, 2], "texture": "#lantern"},
				"up": {"uv": [1, 10, 5, 14], "texture": "#lantern"},
				"down": {"uv": [0, 0, 0, 0], "texture": "#lantern"}
			}
		},
		{
			"from": [5, 0, 5],
			"to": [11, 1, 11],
			"rotation": {"angle": 0, "axis": "y", "origin": [5, 0, 5]},
			"faces": {
				"north": {"uv": [0, 8, 6, 9], "texture": "#lantern"},
				"east": {"uv": [0, 8, 6, 9], "texture": "#lantern"},
				"south": {"uv": [0, 8, 6, 9], "texture": "#lantern"},
				"west": {"uv": [0, 8, 6, 9], "texture": "#lantern"},
				"up": {"uv": [0, 9, 6, 15], "texture": "#lantern"},
				"down": {"uv": [0, 9, 6, 15], "texture": "#lantern"}
			}
		},
		{
			"from": [5, 6, 5],
			"to": [11, 7, 11],
			"rotation": {"angle": 0, "axis": "y", "origin": [5, 6, 5]},
			"faces": {
				"north": {"uv": [0, 8, 6, 9], "texture": "#lantern"},
				"east": {"uv": [0, 8, 6, 9], "texture": "#lantern"},
				"south": {"uv": [0, 8, 6, 9], "texture": "#lantern"},
				"west": {"uv": [0, 8, 6, 9], "texture": "#lantern"},
				"up": {"uv": [0, 9, 6, 15], "texture": "#lantern"},
				"down": {"uv": [0, 9, 6, 15], "texture": "#lantern"}
			}
		},
		{
			"from": [10, 1, 5],
			"to": [11, 6, 6],
			"rotation": {"angle": 0, "axis": "y", "origin": [11, 0, 5]},
			"faces": {
				"north": {"uv": [5, 3, 6, 8], "texture": "#lantern"},
				"east": {"uv": [5, 3, 6, 8], "texture": "#lantern"},
				"south": {"uv": [5, 3, 6, 8], "texture": "#lantern"},
				"west": {"uv": [5, 3, 6, 8], "texture": "#lantern"},
				"up": {"uv": [5, 2, 6, 3], "texture": "#lantern"},
				"down": {"uv": [5, 2, 6, 3], "texture": "#lantern"}
			}
		},
		{
			"from": [5, 1, 5],
			"to": [6, 6, 6],
			"rotation": {"angle": 0, "axis": "y", "origin": [5, 0, 5]},
			"faces": {
				"north": {"uv": [6, 3, 5, 8], "texture": "#lantern"},
				"east": {"uv": [6, 3, 5, 8], "texture": "#lantern"},
				"south": {"uv": [6, 3, 5, 8], "texture": "#lantern"},
				"west": {"uv": [6, 3, 5, 8], "texture": "#lantern"},
				"up": {"uv": [6, 2, 5, 3], "texture": "#lantern"},
				"down": {"uv": [6, 2, 5, 3], "texture": "#lantern"}
			}
		},
		{
			"from": [10, 1, 10],
			"to": [11, 6, 11],
			"rotation": {"angle": 0, "axis": "y", "origin": [11, 0, 11]},
			"faces": {
				"north": {"uv": [6, 3, 5, 8], "texture": "#lantern"},
				"east": {"uv": [6, 3, 5, 8], "texture": "#lantern"},
				"south": {"uv": [6, 3, 5, 8], "texture": "#lantern"},
				"west": {"uv": [6, 3, 5, 8], "texture": "#lantern"},
				"up": {"uv": [5, 3, 6, 2], "texture": "#lantern"},
				"down": {"uv": [5, 3, 6, 2], "texture": "#lantern"}
			}
		},
		{
			"from": [5, 1, 10],
			"to": [6, 6, 11],
			"rotation": {"angle": 0, "axis": "y", "origin": [5, 0, 11]},
			"faces": {
				"north": {"uv": [5, 3, 6, 8], "texture": "#lantern"},
				"east": {"uv": [5, 3, 6, 8], "texture": "#lantern"},
				"south": {"uv": [5, 3, 6, 8], "texture": "#lantern"},
				"west": {"uv": [5, 3, 6, 8], "texture": "#lantern"},
				"up": {"uv": [6, 3, 5, 2], "texture": "#lantern"},
				"down": {"uv": [6, 3, 5, 2], "texture": "#lantern"}
			}
		},
		{
			"from": [6.5, 9, 7.75],
			"to": [7.5, 11, 8.25],
			"rotation": {"angle": -45, "axis": "y", "origin": [8, 17, 8]},
			"faces": {
				"north": {"uv": [5, 14, 6, 16], "texture": "#1"},
				"east": {"uv": [5, 14, 6, 16], "texture": "#1"},
				"south": {"uv": [5, 14, 6, 16], "texture": "#1"},
				"west": {"uv": [5, 14, 6, 16], "texture": "#1"},
				"up": {"uv": [5, 14, 6, 15], "texture": "#1"},
				"down": {"uv": [5, 15, 6, 16], "texture": "#1"}
			}
		},
		{
			"from": [7.5, 9.95, 7.75],
			"to": [8.5, 11.5, 8.25],
			"rotation": {"angle": -45, "axis": "y", "origin": [8, 17, 8]},
			"faces": {
				"north": {"uv": [4, 14, 5, 15], "texture": "#1"},
				"east": {"uv": [5, 14, 6, 16], "texture": "#1"},
				"south": {"uv": [4, 14, 5, 15], "texture": "#1"},
				"west": {"uv": [5, 14, 6, 16], "texture": "#1"},
				"up": {"uv": [4, 14, 5, 15], "texture": "#1"},
				"down": {"uv": [4, 14, 5, 15], "texture": "#1"}
			}
		},
		{
			"from": [8.5, 9, 7.75],
			"to": [9.5, 11, 8.25],
			"rotation": {"angle": -45, "axis": "y", "origin": [8, 17, 8]},
			"faces": {
				"north": {"uv": [3, 14, 4, 16], "texture": "#1"},
				"east": {"uv": [3, 14, 4, 16], "texture": "#1"},
				"south": {"uv": [3, 14, 4, 16], "texture": "#1"},
				"west": {"uv": [3, 14, 4, 16], "texture": "#1"},
				"up": {"uv": [3, 14, 4, 15], "texture": "#1"},
				"down": {"uv": [3, 15, 4, 16], "texture": "#1"}
			}
		},
		{
			"from": [7.75, 9, 6.5],
			"to": [8.25, 11, 7.5],
			"rotation": {"angle": -45, "axis": "y", "origin": [8, 17, 8]},
			"faces": {
				"north": {"uv": [5, 14, 6, 16], "texture": "#1"},
				"east": {"uv": [5, 14, 6, 16], "texture": "#1"},
				"south": {"uv": [5, 14, 6, 16], "texture": "#1"},
				"west": {"uv": [5, 14, 6, 16], "texture": "#1"},
				"up": {"uv": [5, 14, 6, 15], "rotation": 90, "texture": "#1"},
				"down": {"uv": [5, 15, 6, 16], "rotation": 270, "texture": "#1"}
			}
		},
		{
			"from": [7.75, 9.95, 7.5],
			"to": [8.25, 11.55, 8.5],
			"rotation": {"angle": -45, "axis": "y", "origin": [8, 17, 8]},
			"faces": {
				"north": {"uv": [5, 14, 6, 16], "texture": "#1"},
				"east": {"uv": [4, 14, 5, 15], "texture": "#1"},
				"south": {"uv": [5, 14, 6, 16], "texture": "#1"},
				"west": {"uv": [4, 14, 5, 15], "texture": "#1"},
				"up": {"uv": [4, 14, 5, 15], "rotation": 90, "texture": "#1"},
				"down": {"uv": [4, 14, 5, 15], "rotation": 270, "texture": "#1"}
			}
		},
		{
			"from": [7.75, 9, 8.5],
			"to": [8.25, 11, 9.5],
			"rotation": {"angle": -45, "axis": "y", "origin": [8, 17, 8]},
			"faces": {
				"north": {"uv": [3, 14, 4, 16], "texture": "#1"},
				"east": {"uv": [3, 14, 4, 16], "texture": "#1"},
				"south": {"uv": [3, 14, 4, 16], "texture": "#1"},
				"west": {"uv": [3, 14, 4, 16], "texture": "#1"},
				"up": {"uv": [3, 14, 4, 15], "rotation": 90, "texture": "#1"},
				"down": {"uv": [3, 15, 4, 16], "rotation": 270, "texture": "#1"}
			}
		}
	],
	"groups": [
		{
			"name": "The Lantern",
			"origin": [5, 0, 5],
			"color": 0,
			"children": [
				0,
				1,
				2,
				3,
				{
					"name": "The FRAME",
					"origin": [5, 0, 5],
					"color": 0,
					"children": [4, 5, 6, 7]
				},
				{
					"name": "CHAIN",
					"origin": [8, 8, 8],
					"color": 0,
					"children": [8, 9, 10]
				},
				{
					"name": "CHAIN",
					"origin": [8, 8, 8],
					"color": 0,
					"children": [11, 12, 13]
				}
			]
		}
	]
}