{
	"format_version": "1.21.6",
	"credit": "Made with Blockbench",
	"parent": "block/thin_block",
	"textures": {
		"2": "block/pale_moss_block",
		"particle": "block/pale_moss_block",
		"overhang": "block/pale_moss_overhang"
	},
	"elements": [
		{
			"from": [0, 0, 0],
			"to": [16, 1, 16],
			"faces": {
				"north": {"uv": [0, 15, 16, 16], "texture": "#2", "cullface": "north"},
				"east": {"uv": [0, 15, 16, 16], "texture": "#2", "cullface": "east"},
				"south": {"uv": [0, 15, 16, 16], "texture": "#2", "cullface": "south"},
				"west": {"uv": [0, 15, 16, 16], "texture": "#2", "cullface": "west"},
				"up": {"uv": [0, 0, 16, 16], "texture": "#2"},
				"down": {"uv": [0, 0, 16, 16], "texture": "#2", "cullface": "down"}
			}
		},
		{
			"from": [0, -1, 16.015],
			"to": [16, 1, 16.015],
			"rotation": {"angle": 0, "axis": "y", "origin": [8, 0, 8]},
			"faces": {
				"north": {"uv": [0, 0, 16, 2], "texture": "#overhang", "cullface": "south"},
				"east": {"uv": [0, 0, 0, 5], "texture": "#overhang"},
				"south": {"uv": [0, 0, 16, 2], "texture": "#overhang", "cullface": "south"},
				"west": {"uv": [0, 0, 0, 5], "texture": "#overhang"},
				"up": {"uv": [0, 0, 16, 0], "texture": "#overhang"},
				"down": {"uv": [0, 0, 16, 0], "texture": "#overhang"}
			}
		},
		{
			"from": [12, -2, 16.015],
			"to": [16, -1, 16.015],
			"rotation": {"angle": 0, "axis": "y", "origin": [0, 1, 16]},
			"faces": {
				"north": {"uv": [12, 2, 16, 3], "texture": "#overhang", "cullface": "south"},
				"east": {"uv": [0, 0, 0, 5], "texture": "#overhang"},
				"south": {"uv": [12, 2, 16, 3], "texture": "#overhang", "cullface": "south"},
				"west": {"uv": [0, 0, 0, 5], "texture": "#overhang"},
				"up": {"uv": [0, 0, 16, 0], "texture": "#overhang"},
				"down": {"uv": [0, 0, 16, 0], "texture": "#overhang"}
			}
		},
		{
			"from": [7, -2, 16.015],
			"to": [11, -1, 16.015],
			"rotation": {"angle": 0, "axis": "y", "origin": [-5, 1, 16]},
			"faces": {
				"north": {"uv": [7, 2, 11, 3], "texture": "#overhang", "cullface": "south"},
				"east": {"uv": [0, 0, 0, 5], "texture": "#overhang"},
				"south": {"uv": [7, 2, 11, 3], "texture": "#overhang", "cullface": "south"},
				"west": {"uv": [0, 0, 0, 5], "texture": "#overhang"},
				"up": {"uv": [0, 0, 16, 0], "texture": "#overhang"},
				"down": {"uv": [0, 0, 16, 0], "texture": "#overhang"}
			}
		},
		{
			"from": [3, -2, 16.015],
			"to": [5, -1, 16.015],
			"rotation": {"angle": 0, "axis": "y", "origin": [-11, 1, 16]},
			"faces": {
				"north": {"uv": [3, 2, 5, 3], "texture": "#overhang", "cullface": "south"},
				"east": {"uv": [0, 0, 0, 5], "texture": "#overhang"},
				"south": {"uv": [3, 2, 5, 3], "texture": "#overhang", "cullface": "south"},
				"west": {"uv": [0, 0, 0, 5], "texture": "#overhang"},
				"up": {"uv": [0, 0, 16, 0], "texture": "#overhang"},
				"down": {"uv": [0, 0, 16, 0], "texture": "#overhang"}
			}
		},
		{
			"from": [0, -2, 16.015],
			"to": [2, -1, 16.015],
			"rotation": {"angle": 0, "axis": "y", "origin": [-14, 1, 16]},
			"faces": {
				"north": {"uv": [0, 2, 2, 3], "texture": "#overhang", "cullface": "south"},
				"east": {"uv": [0, 0, 0, 5], "texture": "#overhang"},
				"south": {"uv": [0, 2, 2, 3], "texture": "#overhang", "cullface": "south"},
				"west": {"uv": [0, 0, 0, 5], "texture": "#overhang"},
				"up": {"uv": [0, 0, 16, 0], "texture": "#overhang"},
				"down": {"uv": [0, 0, 16, 0], "texture": "#overhang"}
			}
		},
		{
			"from": [0, -3, 16.015],
			"to": [1, -2, 16.015],
			"rotation": {"angle": 0, "axis": "y", "origin": [-14, 0, 16]},
			"faces": {
				"north": {"uv": [0, 3, 1, 4], "texture": "#overhang", "cullface": "south"},
				"east": {"uv": [0, 0, 0, 5], "texture": "#overhang"},
				"south": {"uv": [0, 3, 1, 4], "texture": "#overhang", "cullface": "south"},
				"west": {"uv": [0, 0, 0, 5], "texture": "#overhang"},
				"up": {"uv": [0, 0, 16, 0], "texture": "#overhang"},
				"down": {"uv": [0, 0, 16, 0], "texture": "#overhang"}
			}
		},
		{
			"from": [3, -4, 16.015],
			"to": [4, -2, 16.015],
			"rotation": {"angle": 0, "axis": "y", "origin": [-11, 0, 16]},
			"faces": {
				"north": {"uv": [3, 3, 4, 5], "texture": "#overhang", "cullface": "south"},
				"east": {"uv": [0, 0, 0, 5], "texture": "#overhang"},
				"south": {"uv": [3, 3, 4, 5], "texture": "#overhang", "cullface": "south"},
				"west": {"uv": [0, 0, 0, 5], "texture": "#overhang"},
				"up": {"uv": [0, 0, 16, 0], "texture": "#overhang"},
				"down": {"uv": [0, 0, 16, 0], "texture": "#overhang"}
			}
		},
		{
			"from": [9, -4, 16.015],
			"to": [10, -2, 16.015],
			"rotation": {"angle": 0, "axis": "y", "origin": [-5, 0, 16]},
			"faces": {
				"north": {"uv": [9, 3, 10, 5], "texture": "#overhang", "cullface": "south"},
				"east": {"uv": [0, 0, 0, 5], "texture": "#overhang"},
				"south": {"uv": [9, 3, 10, 5], "texture": "#overhang", "cullface": "south"},
				"west": {"uv": [0, 0, 0, 5], "texture": "#overhang"},
				"up": {"uv": [0, 0, 16, 0], "texture": "#overhang"},
				"down": {"uv": [0, 0, 16, 0], "texture": "#overhang"}
			}
		},
		{
			"from": [15, -4, 16.015],
			"to": [16, -2, 16.015],
			"rotation": {"angle": 0, "axis": "y", "origin": [1, 0, 16]},
			"faces": {
				"north": {"uv": [15, 3, 16, 5], "texture": "#overhang", "cullface": "south"},
				"east": {"uv": [0, 0, 0, 5], "texture": "#overhang"},
				"south": {"uv": [15, 3, 16, 5], "texture": "#overhang", "cullface": "south"},
				"west": {"uv": [0, 0, 0, 5], "texture": "#overhang"},
				"up": {"uv": [0, 0, 16, 0], "texture": "#overhang"},
				"down": {"uv": [0, 0, 16, 0], "texture": "#overhang"}
			}
		},
		{
			"from": [8, -3, 16.015],
			"to": [9, -2, 16.015],
			"rotation": {"angle": 0, "axis": "y", "origin": [-6, 0, 16]},
			"faces": {
				"north": {"uv": [8, 3, 9, 4], "texture": "#overhang", "cullface": "south"},
				"east": {"uv": [0, 0, 0, 5], "texture": "#overhang"},
				"south": {"uv": [8, 3, 9, 4], "texture": "#overhang", "cullface": "south"},
				"west": {"uv": [0, 0, 0, 5], "texture": "#overhang"},
				"up": {"uv": [0, 0, 16, 0], "texture": "#overhang"},
				"down": {"uv": [0, 0, 16, 0], "texture": "#overhang"}
			}
		},
		{
			"from": [13, -3, 16.015],
			"to": [14, -2, 16.015],
			"rotation": {"angle": 0, "axis": "y", "origin": [-1, 0, 16]},
			"faces": {
				"north": {"uv": [13, 3, 14, 4], "texture": "#overhang", "cullface": "south"},
				"east": {"uv": [0, 0, 0, 5], "texture": "#overhang"},
				"south": {"uv": [13, 3, 14, 4], "texture": "#overhang", "cullface": "south"},
				"west": {"uv": [0, 0, 0, 5], "texture": "#overhang"},
				"up": {"uv": [0, 0, 16, 0], "texture": "#overhang"},
				"down": {"uv": [0, 0, 16, 0], "texture": "#overhang"}
			}
		},
		{
			"from": [0, -1, -0.015],
			"to": [16, 1, -0.015],
			"rotation": {"angle": 0, "axis": "y", "origin": [8, 0, 8]},
			"faces": {
				"north": {"uv": [0, 0, 16, 2], "texture": "#overhang", "cullface": "north"},
				"east": {"uv": [0, 0, 0, 5], "texture": "#overhang"},
				"south": {"uv": [0, 0, 16, 2], "texture": "#overhang", "cullface": "north"},
				"west": {"uv": [0, 0, 0, 5], "texture": "#overhang"},
				"up": {"uv": [16, 0, 0, 0], "texture": "#overhang"},
				"down": {"uv": [16, 0, 0, 0], "texture": "#overhang"}
			}
		},
		{
			"from": [0, -2, -0.015],
			"to": [4, -1, -0.015],
			"rotation": {"angle": 0, "axis": "y", "origin": [16, 1, 0]},
			"faces": {
				"north": {"uv": [12, 2, 16, 3], "texture": "#overhang", "cullface": "north"},
				"east": {"uv": [0, 0, 0, 5], "texture": "#overhang"},
				"south": {"uv": [12, 2, 16, 3], "texture": "#overhang", "cullface": "north"},
				"west": {"uv": [0, 0, 0, 5], "texture": "#overhang"},
				"up": {"uv": [16, 0, 0, 0], "texture": "#overhang"},
				"down": {"uv": [16, 0, 0, 0], "texture": "#overhang"}
			}
		},
		{
			"from": [5, -2, -0.015],
			"to": [9, -1, -0.015],
			"rotation": {"angle": 0, "axis": "y", "origin": [21, 1, 0]},
			"faces": {
				"north": {"uv": [7, 2, 11, 3], "texture": "#overhang", "cullface": "north"},
				"east": {"uv": [0, 0, 0, 5], "texture": "#overhang"},
				"south": {"uv": [7, 2, 11, 3], "texture": "#overhang", "cullface": "north"},
				"west": {"uv": [0, 0, 0, 5], "texture": "#overhang"},
				"up": {"uv": [16, 0, 0, 0], "texture": "#overhang"},
				"down": {"uv": [16, 0, 0, 0], "texture": "#overhang"}
			}
		},
		{
			"from": [11, -2, -0.015],
			"to": [13, -1, -0.015],
			"rotation": {"angle": 0, "axis": "y", "origin": [27, 1, 0]},
			"faces": {
				"north": {"uv": [3, 2, 5, 3], "texture": "#overhang", "cullface": "north"},
				"east": {"uv": [0, 0, 0, 5], "texture": "#overhang"},
				"south": {"uv": [3, 2, 5, 3], "texture": "#overhang", "cullface": "north"},
				"west": {"uv": [0, 0, 0, 5], "texture": "#overhang"},
				"up": {"uv": [16, 0, 0, 0], "texture": "#overhang"},
				"down": {"uv": [16, 0, 0, 0], "texture": "#overhang"}
			}
		},
		{
			"from": [14, -2, -0.015],
			"to": [16, -1, -0.015],
			"rotation": {"angle": 0, "axis": "y", "origin": [30, 1, 0]},
			"faces": {
				"north": {"uv": [0, 2, 2, 3], "texture": "#overhang", "cullface": "north"},
				"east": {"uv": [0, 0, 0, 5], "texture": "#overhang"},
				"south": {"uv": [0, 2, 2, 3], "texture": "#overhang", "cullface": "north"},
				"west": {"uv": [0, 0, 0, 5], "texture": "#overhang"},
				"up": {"uv": [16, 0, 0, 0], "texture": "#overhang"},
				"down": {"uv": [16, 0, 0, 0], "texture": "#overhang"}
			}
		},
		{
			"from": [15, -3, -0.015],
			"to": [16, -2, -0.015],
			"rotation": {"angle": 0, "axis": "y", "origin": [30, 0, 0]},
			"faces": {
				"north": {"uv": [0, 3, 1, 4], "texture": "#overhang", "cullface": "north"},
				"east": {"uv": [0, 0, 0, 5], "texture": "#overhang"},
				"south": {"uv": [0, 3, 1, 4], "texture": "#overhang", "cullface": "north"},
				"west": {"uv": [0, 0, 0, 5], "texture": "#overhang"},
				"up": {"uv": [16, 0, 0, 0], "texture": "#overhang"},
				"down": {"uv": [16, 0, 0, 0], "texture": "#overhang"}
			}
		},
		{
			"from": [12, -4, -0.015],
			"to": [13, -2, -0.015],
			"rotation": {"angle": 0, "axis": "y", "origin": [27, 0, 0]},
			"faces": {
				"north": {"uv": [3, 3, 4, 5], "texture": "#overhang", "cullface": "north"},
				"east": {"uv": [0, 0, 0, 5], "texture": "#overhang"},
				"south": {"uv": [3, 3, 4, 5], "texture": "#overhang", "cullface": "north"},
				"west": {"uv": [0, 0, 0, 5], "texture": "#overhang"},
				"up": {"uv": [16, 0, 0, 0], "texture": "#overhang"},
				"down": {"uv": [16, 0, 0, 0], "texture": "#overhang"}
			}
		},
		{
			"from": [6, -4, -0.015],
			"to": [7, -2, -0.015],
			"rotation": {"angle": 0, "axis": "y", "origin": [21, 0, 0]},
			"faces": {
				"north": {"uv": [9, 3, 10, 5], "texture": "#overhang", "cullface": "north"},
				"east": {"uv": [0, 0, 0, 5], "texture": "#overhang"},
				"south": {"uv": [9, 3, 10, 5], "texture": "#overhang", "cullface": "north"},
				"west": {"uv": [0, 0, 0, 5], "texture": "#overhang"},
				"up": {"uv": [16, 0, 0, 0], "texture": "#overhang"},
				"down": {"uv": [16, 0, 0, 0], "texture": "#overhang"}
			}
		},
		{
			"from": [0, -4, -0.015],
			"to": [1, -2, -0.015],
			"rotation": {"angle": 0, "axis": "y", "origin": [15, 0, 0]},
			"faces": {
				"north": {"uv": [15, 3, 16, 5], "texture": "#overhang", "cullface": "north"},
				"east": {"uv": [0, 0, 0, 5], "texture": "#overhang"},
				"south": {"uv": [15, 3, 16, 5], "texture": "#overhang", "cullface": "north"},
				"west": {"uv": [0, 0, 0, 5], "texture": "#overhang"},
				"up": {"uv": [16, 0, 0, 0], "texture": "#overhang"},
				"down": {"uv": [16, 0, 0, 0], "texture": "#overhang"}
			}
		},
		{
			"from": [7, -3, -0.015],
			"to": [8, -2, -0.015],
			"rotation": {"angle": 0, "axis": "y", "origin": [22, 0, 0]},
			"faces": {
				"north": {"uv": [8, 3, 9, 4], "texture": "#overhang", "cullface": "north"},
				"east": {"uv": [0, 0, 0, 5], "texture": "#overhang"},
				"south": {"uv": [8, 3, 9, 4], "texture": "#overhang", "cullface": "north"},
				"west": {"uv": [0, 0, 0, 5], "texture": "#overhang"},
				"up": {"uv": [16, 0, 0, 0], "texture": "#overhang"},
				"down": {"uv": [16, 0, 0, 0], "texture": "#overhang"}
			}
		},
		{
			"from": [2, -3, -0.015],
			"to": [3, -2, -0.015],
			"rotation": {"angle": 0, "axis": "y", "origin": [17, 0, 0]},
			"faces": {
				"north": {"uv": [13, 3, 14, 4], "texture": "#overhang", "cullface": "north"},
				"east": {"uv": [0, 0, 0, 5], "texture": "#overhang"},
				"south": {"uv": [13, 3, 14, 4], "texture": "#overhang", "cullface": "north"},
				"west": {"uv": [0, 0, 0, 5], "texture": "#overhang"},
				"up": {"uv": [16, 0, 0, 0], "texture": "#overhang"},
				"down": {"uv": [16, 0, 0, 0], "texture": "#overhang"}
			}
		},
		{
			"from": [-0.015, -1, 0],
			"to": [-0.015, 1, 16],
			"rotation": {"angle": 0, "axis": "y", "origin": [8, -1.5, 8]},
			"faces": {
				"north": {"uv": [0, 0, 0, 5], "texture": "#overhang"},
				"east": {"uv": [0, 0, 16, 2], "texture": "#overhang", "cullface": "west"},
				"south": {"uv": [0, 0, 0, 5], "texture": "#overhang"},
				"west": {"uv": [0, 0, 16, 2], "texture": "#overhang", "cullface": "west"},
				"up": {"uv": [16, 0, 0, 0], "rotation": 270, "texture": "#overhang"},
				"down": {"uv": [16, 0, 0, 0], "rotation": 90, "texture": "#overhang"}
			}
		},
		{
			"from": [-0.015, -2, 12],
			"to": [-0.015, -1, 16],
			"rotation": {"angle": 0, "axis": "y", "origin": [8, -1.5, 8]},
			"faces": {
				"north": {"uv": [0, 0, 0, 5], "texture": "#overhang"},
				"east": {"uv": [12, 2, 16, 3], "texture": "#overhang", "cullface": "west"},
				"south": {"uv": [0, 0, 0, 5], "texture": "#overhang"},
				"west": {"uv": [12, 2, 16, 3], "texture": "#overhang", "cullface": "west"},
				"up": {"uv": [16, 0, 0, 0], "rotation": 270, "texture": "#overhang"},
				"down": {"uv": [16, 0, 0, 0], "rotation": 90, "texture": "#overhang"}
			}
		},
		{
			"from": [-0.015, -2, 7],
			"to": [-0.015, -1, 11],
			"rotation": {"angle": 0, "axis": "y", "origin": [8, -1.5, 8]},
			"faces": {
				"north": {"uv": [0, 0, 0, 5], "texture": "#overhang"},
				"east": {"uv": [7, 2, 11, 3], "texture": "#overhang", "cullface": "west"},
				"south": {"uv": [0, 0, 0, 5], "texture": "#overhang"},
				"west": {"uv": [7, 2, 11, 3], "texture": "#overhang", "cullface": "west"},
				"up": {"uv": [16, 0, 0, 0], "rotation": 270, "texture": "#overhang"},
				"down": {"uv": [16, 0, 0, 0], "rotation": 90, "texture": "#overhang"}
			}
		},
		{
			"from": [-0.015, -2, 3],
			"to": [-0.015, -1, 5],
			"rotation": {"angle": 0, "axis": "y", "origin": [8, -1.5, 8]},
			"faces": {
				"north": {"uv": [0, 0, 0, 5], "texture": "#overhang"},
				"east": {"uv": [3, 2, 5, 3], "texture": "#overhang", "cullface": "west"},
				"south": {"uv": [0, 0, 0, 5], "texture": "#overhang"},
				"west": {"uv": [3, 2, 5, 3], "texture": "#overhang", "cullface": "west"},
				"up": {"uv": [16, 0, 0, 0], "rotation": 270, "texture": "#overhang"},
				"down": {"uv": [16, 0, 0, 0], "rotation": 90, "texture": "#overhang"}
			}
		},
		{
			"from": [-0.015, -2, 0],
			"to": [-0.015, -1, 2],
			"rotation": {"angle": 0, "axis": "y", "origin": [8, -1.5, 8]},
			"faces": {
				"north": {"uv": [0, 0, 0, 5], "texture": "#overhang"},
				"east": {"uv": [0, 2, 2, 3], "texture": "#overhang", "cullface": "west"},
				"south": {"uv": [0, 0, 0, 5], "texture": "#overhang"},
				"west": {"uv": [0, 2, 2, 3], "texture": "#overhang", "cullface": "west"},
				"up": {"uv": [16, 0, 0, 0], "rotation": 270, "texture": "#overhang"},
				"down": {"uv": [16, 0, 0, 0], "rotation": 90, "texture": "#overhang"}
			}
		},
		{
			"from": [-0.015, -3, 0],
			"to": [-0.015, -2, 1],
			"rotation": {"angle": 0, "axis": "y", "origin": [8, -1.5, 8]},
			"faces": {
				"north": {"uv": [0, 0, 0, 5], "texture": "#overhang"},
				"east": {"uv": [0, 3, 1, 4], "texture": "#overhang", "cullface": "west"},
				"south": {"uv": [0, 0, 0, 5], "texture": "#overhang"},
				"west": {"uv": [0, 3, 1, 4], "texture": "#overhang", "cullface": "west"},
				"up": {"uv": [16, 0, 0, 0], "rotation": 270, "texture": "#overhang"},
				"down": {"uv": [16, 0, 0, 0], "rotation": 90, "texture": "#overhang"}
			}
		},
		{
			"from": [-0.015, -4, 3],
			"to": [-0.015, -2, 4],
			"rotation": {"angle": 0, "axis": "y", "origin": [8, -1.5, 8]},
			"faces": {
				"north": {"uv": [0, 0, 0, 5], "texture": "#overhang"},
				"east": {"uv": [3, 3, 4, 5], "texture": "#overhang", "cullface": "west"},
				"south": {"uv": [0, 0, 0, 5], "texture": "#overhang"},
				"west": {"uv": [3, 3, 4, 5], "texture": "#overhang", "cullface": "west"},
				"up": {"uv": [16, 0, 0, 0], "rotation": 270, "texture": "#overhang"},
				"down": {"uv": [16, 0, 0, 0], "rotation": 90, "texture": "#overhang"}
			}
		},
		{
			"from": [-0.015, -4, 9],
			"to": [-0.015, -2, 10],
			"rotation": {"angle": 0, "axis": "y", "origin": [8, -1.5, 8]},
			"faces": {
				"north": {"uv": [0, 0, 0, 5], "texture": "#overhang"},
				"east": {"uv": [9, 3, 10, 5], "texture": "#overhang", "cullface": "west"},
				"south": {"uv": [0, 0, 0, 5], "texture": "#overhang"},
				"west": {"uv": [9, 3, 10, 5], "texture": "#overhang", "cullface": "west"},
				"up": {"uv": [16, 0, 0, 0], "rotation": 270, "texture": "#overhang"},
				"down": {"uv": [16, 0, 0, 0], "rotation": 90, "texture": "#overhang"}
			}
		},
		{
			"from": [-0.015, -4, 15],
			"to": [-0.015, -2, 16],
			"rotation": {"angle": 0, "axis": "y", "origin": [8, -1.5, 8]},
			"faces": {
				"north": {"uv": [0, 0, 0, 5], "texture": "#overhang"},
				"east": {"uv": [15, 3, 16, 5], "texture": "#overhang", "cullface": "west"},
				"south": {"uv": [0, 0, 0, 5], "texture": "#overhang"},
				"west": {"uv": [15, 3, 16, 5], "texture": "#overhang", "cullface": "west"},
				"up": {"uv": [16, 0, 0, 0], "rotation": 270, "texture": "#overhang"},
				"down": {"uv": [16, 0, 0, 0], "rotation": 90, "texture": "#overhang"}
			}
		},
		{
			"from": [-0.015, -3, 8],
			"to": [-0.015, -2, 9],
			"rotation": {"angle": 0, "axis": "y", "origin": [8, -1.5, 8]},
			"faces": {
				"north": {"uv": [0, 0, 0, 5], "texture": "#overhang"},
				"east": {"uv": [8, 3, 9, 4], "texture": "#overhang", "cullface": "west"},
				"south": {"uv": [0, 0, 0, 5], "texture": "#overhang"},
				"west": {"uv": [8, 3, 9, 4], "texture": "#overhang", "cullface": "west"},
				"up": {"uv": [16, 0, 0, 0], "rotation": 270, "texture": "#overhang"},
				"down": {"uv": [16, 0, 0, 0], "rotation": 90, "texture": "#overhang"}
			}
		},
		{
			"from": [-0.015, -3, 13],
			"to": [-0.015, -2, 14],
			"rotation": {"angle": 0, "axis": "y", "origin": [8, -1.5, 8]},
			"faces": {
				"north": {"uv": [0, 0, 0, 5], "texture": "#overhang"},
				"east": {"uv": [13, 3, 14, 4], "texture": "#overhang", "cullface": "west"},
				"south": {"uv": [0, 0, 0, 5], "texture": "#overhang"},
				"west": {"uv": [13, 3, 14, 4], "texture": "#overhang", "cullface": "west"},
				"up": {"uv": [16, 0, 0, 0], "rotation": 270, "texture": "#overhang"},
				"down": {"uv": [16, 0, 0, 0], "rotation": 90, "texture": "#overhang"}
			}
		},
		{
			"from": [16.015, -1, 0],
			"to": [16.015, 1, 16],
			"rotation": {"angle": 0, "axis": "y", "origin": [8, -1.5, 8]},
			"faces": {
				"north": {"uv": [0, 0, 0, 5], "texture": "#overhang"},
				"east": {"uv": [0, 0, 16, 2], "texture": "#overhang", "cullface": "east"},
				"south": {"uv": [0, 0, 0, 5], "texture": "#overhang"},
				"west": {"uv": [0, 0, 16, 2], "texture": "#overhang", "cullface": "east"},
				"up": {"uv": [0, 0, 16, 0], "rotation": 270, "texture": "#overhang"},
				"down": {"uv": [0, 0, 16, 0], "rotation": 90, "texture": "#overhang"}
			}
		},
		{
			"from": [16.015, -2, 0],
			"to": [16.015, -1, 4],
			"rotation": {"angle": 0, "axis": "y", "origin": [8, -1.5, 8]},
			"faces": {
				"north": {"uv": [0, 0, 0, 5], "texture": "#overhang"},
				"east": {"uv": [12, 2, 16, 3], "texture": "#overhang", "cullface": "east"},
				"south": {"uv": [0, 0, 0, 5], "texture": "#overhang"},
				"west": {"uv": [12, 2, 16, 3], "texture": "#overhang", "cullface": "east"},
				"up": {"uv": [0, 0, 16, 0], "rotation": 270, "texture": "#overhang"},
				"down": {"uv": [0, 0, 16, 0], "rotation": 90, "texture": "#overhang"}
			}
		},
		{
			"from": [16.015, -2, 5],
			"to": [16.015, -1, 9],
			"rotation": {"angle": 0, "axis": "y", "origin": [8, -1.5, 8]},
			"faces": {
				"north": {"uv": [0, 0, 0, 5], "texture": "#overhang"},
				"east": {"uv": [7, 2, 11, 3], "texture": "#overhang", "cullface": "east"},
				"south": {"uv": [0, 0, 0, 5], "texture": "#overhang"},
				"west": {"uv": [7, 2, 11, 3], "texture": "#overhang", "cullface": "east"},
				"up": {"uv": [0, 0, 16, 0], "rotation": 270, "texture": "#overhang"},
				"down": {"uv": [0, 0, 16, 0], "rotation": 90, "texture": "#overhang"}
			}
		},
		{
			"from": [16.015, -2, 11],
			"to": [16.015, -1, 13],
			"rotation": {"angle": 0, "axis": "y", "origin": [8, -1.5, 8]},
			"faces": {
				"north": {"uv": [0, 0, 0, 5], "texture": "#overhang"},
				"east": {"uv": [3, 2, 5, 3], "texture": "#overhang", "cullface": "east"},
				"south": {"uv": [0, 0, 0, 5], "texture": "#overhang"},
				"west": {"uv": [3, 2, 5, 3], "texture": "#overhang", "cullface": "east"},
				"up": {"uv": [0, 0, 16, 0], "rotation": 270, "texture": "#overhang"},
				"down": {"uv": [0, 0, 16, 0], "rotation": 90, "texture": "#overhang"}
			}
		},
		{
			"from": [16.015, -2, 14],
			"to": [16.015, -1, 16],
			"rotation": {"angle": 0, "axis": "y", "origin": [8, -1.5, 8]},
			"faces": {
				"north": {"uv": [0, 0, 0, 5], "texture": "#overhang"},
				"east": {"uv": [0, 2, 2, 3], "texture": "#overhang", "cullface": "east"},
				"south": {"uv": [0, 0, 0, 5], "texture": "#overhang"},
				"west": {"uv": [0, 2, 2, 3], "texture": "#overhang", "cullface": "east"},
				"up": {"uv": [0, 0, 16, 0], "rotation": 270, "texture": "#overhang"},
				"down": {"uv": [0, 0, 16, 0], "rotation": 90, "texture": "#overhang"}
			}
		},
		{
			"from": [16.015, -3, 15],
			"to": [16.015, -2, 16],
			"rotation": {"angle": 0, "axis": "y", "origin": [8, -1.5, 8]},
			"faces": {
				"north": {"uv": [0, 0, 0, 5], "texture": "#overhang"},
				"east": {"uv": [0, 3, 1, 4], "texture": "#overhang", "cullface": "east"},
				"south": {"uv": [0, 0, 0, 5], "texture": "#overhang"},
				"west": {"uv": [0, 3, 1, 4], "texture": "#overhang", "cullface": "east"},
				"up": {"uv": [0, 0, 16, 0], "rotation": 270, "texture": "#overhang"},
				"down": {"uv": [0, 0, 16, 0], "rotation": 90, "texture": "#overhang"}
			}
		},
		{
			"from": [16.015, -4, 12],
			"to": [16.015, -2, 13],
			"rotation": {"angle": 0, "axis": "y", "origin": [8, -1.5, 8]},
			"faces": {
				"north": {"uv": [0, 0, 0, 5], "texture": "#overhang"},
				"east": {"uv": [3, 3, 4, 5], "texture": "#overhang", "cullface": "east"},
				"south": {"uv": [0, 0, 0, 5], "texture": "#overhang"},
				"west": {"uv": [3, 3, 4, 5], "texture": "#overhang", "cullface": "east"},
				"up": {"uv": [0, 0, 16, 0], "rotation": 270, "texture": "#overhang"},
				"down": {"uv": [0, 0, 16, 0], "rotation": 90, "texture": "#overhang"}
			}
		},
		{
			"from": [16.015, -4, 6],
			"to": [16.015, -2, 7],
			"rotation": {"angle": 0, "axis": "y", "origin": [8, -1.5, 8]},
			"faces": {
				"north": {"uv": [0, 0, 0, 5], "texture": "#overhang"},
				"east": {"uv": [9, 3, 10, 5], "texture": "#overhang", "cullface": "east"},
				"south": {"uv": [0, 0, 0, 5], "texture": "#overhang"},
				"west": {"uv": [9, 3, 10, 5], "texture": "#overhang", "cullface": "east"},
				"up": {"uv": [0, 0, 16, 0], "rotation": 270, "texture": "#overhang"},
				"down": {"uv": [0, 0, 16, 0], "rotation": 90, "texture": "#overhang"}
			}
		},
		{
			"from": [16.015, -4, 0],
			"to": [16.015, -2, 1],
			"rotation": {"angle": 0, "axis": "y", "origin": [8, -1.5, 8]},
			"faces": {
				"north": {"uv": [0, 0, 0, 5], "texture": "#overhang"},
				"east": {"uv": [15, 3, 16, 5], "texture": "#overhang", "cullface": "east"},
				"south": {"uv": [0, 0, 0, 5], "texture": "#overhang"},
				"west": {"uv": [15, 3, 16, 5], "texture": "#overhang", "cullface": "east"},
				"up": {"uv": [0, 0, 16, 0], "rotation": 270, "texture": "#overhang"},
				"down": {"uv": [0, 0, 16, 0], "rotation": 90, "texture": "#overhang"}
			}
		},
		{
			"from": [16.015, -3, 7],
			"to": [16.015, -2, 8],
			"rotation": {"angle": 0, "axis": "y", "origin": [8, -1.5, 8]},
			"faces": {
				"north": {"uv": [0, 0, 0, 5], "texture": "#overhang"},
				"east": {"uv": [8, 3, 9, 4], "texture": "#overhang", "cullface": "east"},
				"south": {"uv": [0, 0, 0, 5], "texture": "#overhang"},
				"west": {"uv": [8, 3, 9, 4], "texture": "#overhang", "cullface": "east"},
				"up": {"uv": [0, 0, 16, 0], "rotation": 270, "texture": "#overhang"},
				"down": {"uv": [0, 0, 16, 0], "rotation": 90, "texture": "#overhang"}
			}
		},
		{
			"from": [16.015, -3, 2],
			"to": [16.015, -2, 3],
			"rotation": {"angle": 0, "axis": "y", "origin": [8, -1.5, 8]},
			"faces": {
				"north": {"uv": [0, 0, 0, 5], "texture": "#overhang"},
				"east": {"uv": [13, 3, 14, 4], "texture": "#overhang", "cullface": "east"},
				"south": {"uv": [0, 0, 0, 5], "texture": "#overhang"},
				"west": {"uv": [13, 3, 14, 4], "texture": "#overhang", "cullface": "east"},
				"up": {"uv": [0, 0, 16, 0], "rotation": 270, "texture": "#overhang"},
				"down": {"uv": [0, 0, 16, 0], "rotation": 90, "texture": "#overhang"}
			}
		}
	],
	"groups": [
		0,
		{
			"name": "SIDE",
			"origin": [-14, 1, 16],
			"color": 0,
			"children": [1, 2, 3, 4, 5, 6, 7, 8, 9, 10, 11]
		},
		{
			"name": "SIDE",
			"origin": [-14, 1, 16],
			"color": 0,
			"children": [12, 13, 14, 15, 16, 17, 18, 19, 20, 21, 22]
		},
		{
			"name": "SIDE",
			"origin": [-14, 1, 16],
			"color": 0,
			"children": [23, 24, 25, 26, 27, 28, 29, 30, 31, 32, 33]
		},
		{
			"name": "SIDE",
			"origin": [-14, 1, 16],
			"color": 0,
			"children": [34, 35, 36, 37, 38, 39, 40, 41, 42, 43, 44]
		}
	]
}