{
	"format_version": "1.21.6",
	"credit": "Made with Blockbench",
	"parent": "minecraft:block/cross",
	"textures": {
		"2": "block/pink_tulip",
		"particle": "block/pink_tulip"
	},
	"elements": [
		{
			"from": [4.5, 0, 0.25],
			"to": [17.5, 9, 0.25],
			"rotation": {"angle": -45, "axis": "y", "origin": [0.75, 0, -0.75]},
			"faces": {
				"north": {"uv": [13, 7, 0, 16], "texture": "#2"},
				"east": {"uv": [0, 0, 0, 16], "texture": "#2"},
				"south": {"uv": [0, 7, 13, 16], "texture": "#2"},
				"west": {"uv": [0, 0, 0, 16], "texture": "#2"},
				"up": {"uv": [0, 0, 16, 0], "texture": "#2"},
				"down": {"uv": [0, 0, 16, 0], "texture": "#2"}
			}
		},
		{
			"from": [0.20495, 0, 7.20495],
			"to": [13.20495, 9, 7.20495],
			"rotation": {"angle": 45, "axis": "y", "origin": [8.70495, 8, 7.20495]},
			"faces": {
				"north": {"uv": [13, 7, 0, 16], "texture": "#2"},
				"east": {"uv": [0, 0, 0, 16], "texture": "#2"},
				"south": {"uv": [0, 7, 13, 16], "texture": "#2"},
				"west": {"uv": [0, 0, 0, 16], "texture": "#2"},
				"up": {"uv": [0, 0, 16, 0], "texture": "#2"},
				"down": {"uv": [0, 0, 16, 0], "texture": "#2"}
			}
		},
		{
			"from": [6.5, 9.5, 6.5],
			"to": [9.5, 9.5, 9.5],
			"rotation": {"angle": 0, "axis": "y", "origin": [6.5, 9.5, 6.5]},
			"faces": {
				"north": {"uv": [0, 0, 3, 0], "texture": "#2"},
				"east": {"uv": [0, 0, 3, 0], "texture": "#2"},
				"south": {"uv": [0, 0, 3, 0], "texture": "#2"},
				"west": {"uv": [0, 0, 3, 0], "texture": "#2"},
				"up": {"uv": [13, 13, 16, 16], "texture": "#2"},
				"down": {"uv": [6, 3, 9, 6], "texture": "#2"}
			}
		},
		{
			"from": [6.5, 9.5, 6.5],
			"to": [9.5, 13, 6.5],
			"rotation": {"angle": 0, "axis": "y", "origin": [6.5, 9, 6.5]},
			"faces": {
				"north": {"uv": [6, 2, 9, 6], "texture": "#2"},
				"south": {"uv": [6, 2, 9, 6], "texture": "#2"}
			}
		},
		{
			"from": [6.5, 9.5, 9.5],
			"to": [9.5, 13, 9.5],
			"rotation": {"angle": 0, "axis": "y", "origin": [6.5, 9, 9.5]},
			"faces": {
				"north": {"uv": [9, 2, 6, 6], "texture": "#2"},
				"south": {"uv": [9, 2, 6, 6], "texture": "#2"}
			}
		},
		{
			"from": [6.5, 9.5, 6.5],
			"to": [6.5, 13, 9.5],
			"rotation": {"angle": 0, "axis": "y", "origin": [8, 11, 8]},
			"faces": {
				"east": {"uv": [9, 2, 6, 6], "texture": "#2"},
				"west": {"uv": [9, 2, 6, 6], "texture": "#2"}
			}
		},
		{
			"from": [9.5, 9.5, 6.5],
			"to": [9.5, 13, 9.5],
			"rotation": {"angle": 0, "axis": "y", "origin": [8, 11, 8]},
			"faces": {
				"east": {"uv": [6, 2, 9, 6], "texture": "#2"},
				"west": {"uv": [6, 2, 9, 6], "texture": "#2"}
			}
		},
		{
			"from": [7.25, 9, 7.25],
			"to": [8.75, 10.25, 8.75],
			"rotation": {"angle": 0, "axis": "y", "origin": [7, 9, 7]},
			"faces": {
				"north": {"uv": [14, 13, 15, 14], "texture": "#2"},
				"east": {"uv": [14, 13, 15, 14], "texture": "#2"},
				"south": {"uv": [14, 13, 15, 14], "texture": "#2"},
				"west": {"uv": [14, 13, 15, 14], "texture": "#2"},
				"up": {"uv": [14, 14, 15, 15], "texture": "#2"},
				"down": {"uv": [14, 13, 15, 14], "texture": "#2"}
			}
		}
	],
	"gui_light": "front",
	"display": {
		"thirdperson_righthand": {
			"translation": [0, 3, 1],
			"scale": [0.55, 0.55, 0.55]
		},
		"thirdperson_lefthand": {
			"translation": [0, 3, 1],
			"scale": [0.55, 0.55, 0.55]
		},
		"firstperson_righthand": {
			"rotation": [0, -90, 25],
			"translation": [1.13, 3.2, 1.13],
			"scale": [0.68, 0.68, 0.68]
		},
		"firstperson_lefthand": {
			"rotation": [0, -90, 25],
			"translation": [1.13, 3.2, 1.13],
			"scale": [0.68, 0.68, 0.68]
		},
		"ground": {
			"translation": [0, 2, 0],
			"scale": [0.5, 0.5, 0.5]
		},
		"head": {
			"rotation": [0, -180, 0],
			"translation": [0, 13, 7]
		},
		"fixed": {
			"rotation": [0, -180, 0]
		}
	}
}