{
	"format_version": "1.21.6",
	"credit": "Made with Blockbench",
	"textures": {
		"3": "block/piston_bottom",
		"4": "block/piston_inner",
		"5": "block/piston_side",
		"particle": "#side"
	},
	"elements": [
		{
			"from": [0.5, 0.5, 4.5],
			"to": [15.5, 15.5, 15.5],
			"rotation": {"angle": 0, "axis": "y", "origin": [0.5, 0, 4.5]},
			"faces": {
				"north": {"uv": [0.5, 0.5, 15.5, 15.5], "texture": "#4"},
				"east": {"uv": [0.5, 4.5, 15.5, 15.5], "rotation": 270, "texture": "#5"},
				"south": {"uv": [0.5, 0.5, 15.5, 15.5], "texture": "#3"},
				"west": {"uv": [0.5, 4.5, 15.5, 15.5], "rotation": 270, "texture": "#5"},
				"up": {"uv": [0.5, 4.5, 15.5, 15.5], "rotation": 180, "texture": "#5"},
				"down": {"uv": [0.5, 4.5, 15.5, 15.5], "rotation": 180, "texture": "#5"}
			}
		},
		{
			"from": [0, 0, 4],
			"to": [1, 16, 5],
			"rotation": {"angle": 0, "axis": "y", "origin": [0, 0, 4]},
			"faces": {
				"north": {"uv": [0, 4, 16, 5], "rotation": 90, "texture": "#5"},
				"east": {"uv": [0, 4, 16, 5], "rotation": 90, "texture": "#5"},
				"south": {"uv": [0, 4, 16, 5], "rotation": 90, "texture": "#5"},
				"west": {"uv": [0, 4, 16, 5], "rotation": 90, "texture": "#5"},
				"up": {"uv": [0, 4, 1, 5], "rotation": 90, "texture": "#5"},
				"down": {"uv": [15, 4, 16, 5], "rotation": 90, "texture": "#5"}
			}
		},
		{
			"from": [15, 0, 4],
			"to": [16, 16, 5],
			"rotation": {"angle": 0, "axis": "y", "origin": [16, 0, 4]},
			"faces": {
				"north": {"uv": [0, 5, 16, 4], "rotation": 90, "texture": "#5"},
				"east": {"uv": [0, 5, 16, 4], "rotation": 90, "texture": "#5"},
				"south": {"uv": [0, 5, 16, 4], "rotation": 90, "texture": "#5"},
				"west": {"uv": [0, 5, 16, 4], "rotation": 90, "texture": "#5"},
				"up": {"uv": [0, 5, 1, 4], "rotation": 90, "texture": "#5"},
				"down": {"uv": [15, 5, 16, 4], "rotation": 90, "texture": "#5"}
			}
		},
		{
			"from": [0, 0, 15],
			"to": [1, 16, 16],
			"rotation": {"angle": 0, "axis": "y", "origin": [0, 0, 16]},
			"faces": {
				"north": {"uv": [0, 5, 16, 4], "rotation": 90, "texture": "#5"},
				"east": {"uv": [0, 5, 16, 4], "rotation": 90, "texture": "#5"},
				"south": {"uv": [0, 5, 16, 4], "rotation": 90, "texture": "#5"},
				"west": {"uv": [0, 5, 16, 4], "rotation": 90, "texture": "#5"},
				"up": {"uv": [1, 4, 0, 5], "rotation": 90, "texture": "#5"},
				"down": {"uv": [16, 4, 15, 5], "rotation": 90, "texture": "#5"}
			}
		},
		{
			"from": [15, 0, 15],
			"to": [16, 16, 16],
			"rotation": {"angle": 0, "axis": "y", "origin": [16, 0, 16]},
			"faces": {
				"north": {"uv": [0, 4, 16, 5], "rotation": 90, "texture": "#5"},
				"east": {"uv": [0, 4, 16, 5], "rotation": 90, "texture": "#5"},
				"south": {"uv": [0, 4, 16, 5], "rotation": 90, "texture": "#5"},
				"west": {"uv": [0, 4, 16, 5], "rotation": 90, "texture": "#5"},
				"up": {"uv": [1, 5, 0, 4], "rotation": 90, "texture": "#5"},
				"down": {"uv": [16, 5, 15, 4], "rotation": 90, "texture": "#5"}
			}
		},
		{
			"from": [0, 0, 5],
			"to": [1, 1, 15],
			"rotation": {"angle": 0, "axis": "y", "origin": [0, 0, 5]},
			"faces": {
				"north": {"uv": [0, 5, 1, 6], "rotation": 90, "texture": "#5"},
				"east": {"uv": [0, 15, 1, 5], "rotation": 90, "texture": "#5"},
				"south": {"uv": [0, 5, 1, 6], "rotation": 90, "texture": "#5"},
				"west": {"uv": [0, 5, 1, 15], "rotation": 90, "texture": "#5"},
				"up": {"uv": [0, 15, 1, 5], "texture": "#5"},
				"down": {"uv": [0, 5, 1, 15], "texture": "#5"}
			}
		},
		{
			"from": [15, 0, 5],
			"to": [16, 1, 15],
			"rotation": {"angle": 0, "axis": "y", "origin": [16, 0, 5]},
			"faces": {
				"north": {"uv": [0, 6, 1, 5], "rotation": 90, "texture": "#5"},
				"east": {"uv": [0, 15, 1, 5], "rotation": 90, "texture": "#5"},
				"south": {"uv": [0, 6, 1, 5], "rotation": 90, "texture": "#5"},
				"west": {"uv": [0, 5, 1, 15], "rotation": 90, "texture": "#5"},
				"up": {"uv": [1, 15, 0, 5], "texture": "#5"},
				"down": {"uv": [1, 5, 0, 15], "texture": "#5"}
			}
		},
		{
			"from": [1, 0, 15],
			"to": [15, 1, 16],
			"rotation": {"angle": 0, "axis": "y", "origin": [1, 0, 15]},
			"faces": {
				"north": {"uv": [1, 15, 15, 16], "texture": "#3"},
				"east": {"uv": [14, 15, 15, 16], "texture": "#3"},
				"south": {"uv": [1, 15, 15, 16], "texture": "#3"},
				"west": {"uv": [1, 15, 2, 16], "texture": "#3"},
				"up": {"uv": [1, 15, 15, 16], "texture": "#3"},
				"down": {"uv": [1, 15, 15, 16], "texture": "#3"}
			}
		},
		{
			"from": [1, 0, 4],
			"to": [15, 1, 5],
			"rotation": {"angle": 0, "axis": "y", "origin": [1, 0, 5]},
			"faces": {
				"north": {"uv": [15, 15, 1, 16], "texture": "#3"},
				"east": {"uv": [15, 15, 14, 16], "texture": "#3"},
				"south": {"uv": [15, 15, 1, 16], "texture": "#3"},
				"west": {"uv": [2, 15, 1, 16], "texture": "#3"},
				"up": {"uv": [1, 16, 15, 15], "texture": "#3"},
				"down": {"uv": [1, 16, 15, 15], "texture": "#3"}
			}
		},
		{
			"from": [15, 15, 5],
			"to": [16, 16, 15],
			"rotation": {"angle": 0, "axis": "y", "origin": [16, 16, 5]},
			"faces": {
				"north": {"uv": [1, 6, 0, 5], "rotation": 90, "texture": "#5"},
				"east": {"uv": [1, 15, 0, 5], "rotation": 90, "texture": "#5"},
				"south": {"uv": [1, 6, 0, 5], "rotation": 90, "texture": "#5"},
				"west": {"uv": [1, 5, 0, 15], "rotation": 90, "texture": "#5"},
				"up": {"uv": [1, 15, 0, 5], "texture": "#5"},
				"down": {"uv": [1, 5, 0, 15], "texture": "#5"}
			}
		},
		{
			"from": [1, 15, 15],
			"to": [15, 16, 16],
			"rotation": {"angle": 0, "axis": "y", "origin": [1, 16, 15]},
			"faces": {
				"north": {"uv": [1, 16, 15, 15], "texture": "#3"},
				"east": {"uv": [14, 16, 15, 15], "texture": "#3"},
				"south": {"uv": [1, 16, 15, 15], "texture": "#3"},
				"west": {"uv": [1, 16, 2, 15], "texture": "#3"},
				"up": {"uv": [1, 16, 15, 15], "texture": "#3"},
				"down": {"uv": [1, 16, 15, 15], "texture": "#3"}
			}
		},
		{
			"from": [0, 15, 5],
			"to": [1, 16, 15],
			"rotation": {"angle": 0, "axis": "y", "origin": [0, 16, 5]},
			"faces": {
				"north": {"uv": [1, 5, 0, 6], "rotation": 90, "texture": "#5"},
				"east": {"uv": [1, 15, 0, 5], "rotation": 90, "texture": "#5"},
				"south": {"uv": [1, 5, 0, 6], "rotation": 90, "texture": "#5"},
				"west": {"uv": [1, 5, 0, 15], "rotation": 90, "texture": "#5"},
				"up": {"uv": [0, 15, 1, 5], "texture": "#5"},
				"down": {"uv": [0, 5, 1, 15], "texture": "#5"}
			}
		},
		{
			"from": [1, 15, 4],
			"to": [15, 16, 5],
			"rotation": {"angle": 0, "axis": "y", "origin": [1, 16, 5]},
			"faces": {
				"north": {"uv": [15, 16, 1, 15], "texture": "#3"},
				"east": {"uv": [15, 16, 14, 15], "texture": "#3"},
				"south": {"uv": [15, 16, 1, 15], "texture": "#3"},
				"west": {"uv": [2, 16, 1, 15], "texture": "#3"},
				"up": {"uv": [1, 15, 15, 16], "texture": "#3"},
				"down": {"uv": [1, 15, 15, 16], "texture": "#3"}
			}
		}
	]
}