{
	"format_version": "1.21.6",
	"credit": "Made with Blockbench",
	"parent": "minecraft:block/pointed_dripstone",
	"textures": {
		"0": "block/pointed_dripstone_down_base",
		"1": "block/dripstone_block",
		"particle": "block/pointed_dripstone_down_base"
	},
	"elements": [
		{
			"from": [2.25, 0, 0],
			"to": [14.25, 2, 12],
			"rotation": {"angle": 0, "axis": "y", "origin": [2.25, 0, 0]},
			"faces": {
				"north": {"uv": [2, 14, 14, 16], "texture": "#0"},
				"east": {"uv": [2, 14, 14, 16], "texture": "#0"},
				"south": {"uv": [2, 14, 14, 16], "texture": "#0"},
				"west": {"uv": [2, 14, 14, 16], "texture": "#0"},
				"up": {"uv": [2, 0, 14, 12], "texture": "#0"},
				"down": {"uv": [0, 0, 12, 12], "texture": "#1"}
			}
		},
		{
			"from": [0.75, 6, -1.5],
			"to": [15.75, 12, 13.5],
			"rotation": {"angle": 0, "axis": "y", "origin": [2.25, 2, 0]},
			"faces": {
				"north": {"uv": [1, 4, 15, 10], "texture": "#0"},
				"east": {"uv": [1, 4, 15, 10], "texture": "#0"},
				"south": {"uv": [1, 4, 15, 10], "texture": "#0"},
				"west": {"uv": [1, 4, 15, 10], "texture": "#0"},
				"up": {"uv": [2, 0, 14, 12], "texture": "#0"},
				"down": {"uv": [0, 0, 14, 14], "texture": "#1"}
			}
		},
		{
			"from": [0.25, 12, -2],
			"to": [16.25, 16, 14],
			"rotation": {"angle": 0, "axis": "y", "origin": [2.25, 12, 0]},
			"faces": {
				"north": {"uv": [0, 0, 16, 4], "texture": "#0"},
				"east": {"uv": [0, 0, 16, 4], "texture": "#0"},
				"south": {"uv": [0, 0, 16, 4], "texture": "#0"},
				"west": {"uv": [0, 0, 16, 4], "texture": "#0"},
				"up": {"uv": [0, 0, 16, 16], "texture": "#1"},
				"down": {"uv": [0, 0, 16, 16], "texture": "#1"}
			}
		},
		{
			"from": [1.25, 2, -1],
			"to": [15.25, 6, 13],
			"rotation": {"angle": 0, "axis": "y", "origin": [2.25, -2, 0]},
			"faces": {
				"north": {"uv": [1, 10, 15, 14], "texture": "#0"},
				"east": {"uv": [1, 10, 15, 14], "texture": "#0"},
				"south": {"uv": [1, 10, 15, 14], "texture": "#0"},
				"west": {"uv": [1, 10, 15, 14], "texture": "#0"},
				"up": {"uv": [2, 0, 14, 12], "texture": "#0"},
				"down": {"uv": [0, 0, 14, 14], "texture": "#1"}
			}
		}
	]
}