{
	"format_version": "1.21.6",
	"credit": "Made with Blockbench",
	"parent": "minecraft:block/pointed_dripstone",
	"textures": {
		"1": "block/dripstone_block",
		"cross": "block/pointed_dripstone_down_tip_merge",
		"particle": "block/dripstone_block"
	},
	"elements": [
		{
			"from": [6.75, 13, 4.5],
			"to": [9.75, 16, 7.5],
			"rotation": {"angle": 0, "axis": "y", "origin": [7.25, 16, 5]},
			"faces": {
				"north": {"uv": [6, 16, 9, 13], "texture": "#cross"},
				"east": {"uv": [6, 16, 9, 13], "texture": "#cross"},
				"south": {"uv": [6, 16, 9, 13], "texture": "#cross"},
				"west": {"uv": [6, 16, 9, 13], "texture": "#cross"},
				"up": {"uv": [0, 3, 3, 0], "texture": "#1"},
				"down": {"uv": [0, 3, 3, 0], "texture": "#missing"}
			}
		},
		{
			"from": [6.25, 12, 4],
			"to": [10.25, 13, 8],
			"rotation": {"angle": 0, "axis": "y", "origin": [7.25, 13, 5]},
			"faces": {
				"north": {"uv": [5, 13, 9, 12], "texture": "#cross"},
				"east": {"uv": [5, 13, 9, 12], "texture": "#cross"},
				"south": {"uv": [5, 13, 9, 12], "texture": "#cross"},
				"west": {"uv": [5, 13, 9, 12], "texture": "#cross"},
				"up": {"uv": [0, 4, 4, 0], "texture": "#1"},
				"down": {"uv": [0, 3, 3, 0], "texture": "#missing"}
			}
		},
		{
			"from": [5.75, 6, 3.5],
			"to": [10.75, 12, 8.5],
			"rotation": {"angle": 0, "axis": "y", "origin": [7.25, 12, 5]},
			"faces": {
				"north": {"uv": [5, 12, 10, 6], "texture": "#cross"},
				"east": {"uv": [5, 12, 10, 6], "texture": "#cross"},
				"south": {"uv": [5, 12, 10, 6], "texture": "#cross"},
				"west": {"uv": [5, 12, 10, 6], "texture": "#cross"},
				"up": {"uv": [0, 5, 5, 0], "texture": "#1"},
				"down": {"uv": [0, 3, 3, 0], "texture": "#missing"}
			}
		},
		{
			"from": [5.25, 5, 3],
			"to": [11.25, 6, 9],
			"rotation": {"angle": 0, "axis": "y", "origin": [7.25, 6, 5]},
			"faces": {
				"north": {"uv": [4, 6, 10, 5], "texture": "#cross"},
				"east": {"uv": [4, 6, 10, 5], "texture": "#cross"},
				"south": {"uv": [4, 6, 10, 5], "texture": "#cross"},
				"west": {"uv": [4, 6, 10, 5], "texture": "#cross"},
				"up": {"uv": [0, 6, 6, 0], "texture": "#1"},
				"down": {"uv": [0, 3, 3, 0], "texture": "#missing"}
			}
		},
		{
			"from": [4.75, 2, 2.5],
			"to": [11.75, 5, 9.5],
			"rotation": {"angle": 0, "axis": "y", "origin": [7.25, 5, 5]},
			"faces": {
				"north": {"uv": [4, 5, 11, 2], "texture": "#cross"},
				"east": {"uv": [4, 5, 11, 2], "texture": "#cross"},
				"south": {"uv": [4, 5, 11, 2], "texture": "#cross"},
				"west": {"uv": [4, 5, 11, 2], "texture": "#cross"},
				"up": {"uv": [0, 7, 7, 0], "texture": "#1"},
				"down": {"uv": [0, 3, 3, 0], "texture": "#missing"}
			}
		},
		{
			"from": [4.25, 0, 2],
			"to": [12.25, 2, 10],
			"rotation": {"angle": 0, "axis": "y", "origin": [7.25, 2, 5]},
			"faces": {
				"north": {"uv": [4, 2, 12, 0], "texture": "#cross"},
				"east": {"uv": [4, 2, 12, 0], "texture": "#cross"},
				"south": {"uv": [4, 2, 12, 0], "texture": "#cross"},
				"west": {"uv": [4, 2, 12, 0], "texture": "#cross"},
				"up": {"uv": [0, 8, 8, 0], "texture": "#1"},
				"down": {"uv": [0, 8, 8, 0], "texture": "#1"}
			}
		}
	]
}