{
	"format_version": "1.21.6",
	"credit": "Made with Blockbench",
	"parent": "minecraft:block/pointed_dripstone",
	"textures": {
		"1": "block/dripstone_block",
		"2": "block/pointed_dripstone_down_base",
		"particle": "block/pointed_dripstone_down_base"
	},
	"elements": [
		{
			"from": [2.25, 12, 0],
			"to": [14.25, 16, 12],
			"rotation": {"angle": 0, "axis": "y", "origin": [2.25, 16, 0]},
			"faces": {
				"north": {"uv": [2, 11, 14, 7], "texture": "#2"},
				"east": {"uv": [2, 11, 14, 7], "texture": "#2"},
				"south": {"uv": [2, 11, 14, 7], "texture": "#2"},
				"west": {"uv": [2, 11, 14, 7], "texture": "#2"},
				"up": {"uv": [2, 12, 14, 0], "texture": "#1"},
				"down": {"uv": [2, 12, 14, 0], "texture": "#1"}
			}
		},
		{
			"from": [2.75, 5, 0.5],
			"to": [13.75, 8, 11.5],
			"rotation": {"angle": 0, "axis": "y", "origin": [2.25, 12, 0]},
			"faces": {
				"north": {"uv": [2, 8, 13, 5], "texture": "#2"},
				"east": {"uv": [2, 8, 13, 5], "texture": "#2"},
				"south": {"uv": [2, 8, 13, 5], "texture": "#2"},
				"west": {"uv": [2, 8, 13, 5], "texture": "#2"},
				"up": {"uv": [2, 12, 14, 0], "texture": "#1"},
				"down": {"uv": [2, 12, 14, 0], "texture": "#2"}
			}
		},
		{
			"from": [2.25, 0, 0],
			"to": [14.25, 5, 12],
			"rotation": {"angle": 0, "axis": "y", "origin": [2.25, 0, 0]},
			"faces": {
				"north": {"uv": [2, 0, 14, 5], "texture": "#2"},
				"east": {"uv": [2, 0, 14, 5], "texture": "#2"},
				"south": {"uv": [2, 0, 14, 5], "texture": "#2"},
				"west": {"uv": [2, 0, 14, 5], "texture": "#2"},
				"up": {"uv": [2, 0, 14, 12], "texture": "#1"},
				"down": {"uv": [2, 0, 14, 12], "texture": "#1"}
			}
		},
		{
			"from": [2.75, 10, 0.5],
			"to": [13.75, 12, 11.5],
			"rotation": {"angle": 0, "axis": "y", "origin": [2.25, 12, 0]},
			"faces": {
				"north": {"uv": [2, 12, 13, 10], "texture": "#2"},
				"east": {"uv": [2, 12, 13, 10], "texture": "#2"},
				"south": {"uv": [2, 12, 13, 10], "texture": "#2"},
				"west": {"uv": [2, 12, 13, 10], "texture": "#2"},
				"up": {"uv": [2, 12, 14, 0], "texture": "#2"},
				"down": {"uv": [2, 12, 14, 0], "texture": "#1"}
			}
		},
		{
			"from": [3.25, 8, 1],
			"to": [13.25, 10, 11],
			"rotation": {"angle": 0, "axis": "y", "origin": [2.25, 10, 0]},
			"faces": {
				"north": {"uv": [3, 9, 13, 7], "texture": "#2"},
				"east": {"uv": [3, 9, 13, 7], "texture": "#2"},
				"south": {"uv": [3, 9, 13, 7], "texture": "#2"},
				"west": {"uv": [3, 9, 13, 7], "texture": "#2"},
				"up": {"uv": [2, 12, 14, 0], "texture": "#2"},
				"down": {"uv": [2, 12, 14, 0], "texture": "#2"}
			}
		}
	]
}