{
	"format_version": "1.21.6",
	"credit": "Made with Blockbench",
	"parent": "minecraft:block/pointed_dripstone",
	"textures": {
		"1": "block/pointed_dripstone_down_frustum",
		"2": "block/dripstone_block",
		"particle": "block/dripstone_block"
	},
	"elements": [
		{
			"from": [4.25, 14, 2],
			"to": [12.25, 16, 10],
			"rotation": {"angle": 0, "axis": "y", "origin": [4.25, 16, 2]},
			"faces": {
				"north": {"uv": [4, 16, 12, 14], "texture": "#1"},
				"east": {"uv": [4, 16, 12, 14], "texture": "#1"},
				"south": {"uv": [4, 16, 12, 14], "texture": "#1"},
				"west": {"uv": [4, 16, 12, 14], "texture": "#1"},
				"up": {"uv": [4, 16, 12, 8], "texture": "#2"},
				"down": {"uv": [4, 16, 12, 8], "texture": "#1"}
			}
		},
		{
			"from": [3.75, 11, 1.5],
			"to": [12.75, 14, 10.5],
			"rotation": {"angle": 0, "axis": "y", "origin": [3.25, 14, 2]},
			"faces": {
				"north": {"uv": [4, 14, 13, 11], "texture": "#1"},
				"east": {"uv": [4, 14, 13, 11], "texture": "#1"},
				"south": {"uv": [4, 14, 13, 11], "texture": "#1"},
				"west": {"uv": [4, 14, 13, 11], "texture": "#1"},
				"up": {"uv": [3, 9, 12, 0], "texture": "#2"},
				"down": {"uv": [4, 16, 12, 8], "texture": "#1"}
			}
		},
		{
			"from": [3.25, 8, 1],
			"to": [13.25, 11, 11],
			"rotation": {"angle": 0, "axis": "y", "origin": [3.25, 11, 2]},
			"faces": {
				"north": {"uv": [3, 11, 13, 8], "texture": "#1"},
				"east": {"uv": [3, 11, 13, 8], "texture": "#1"},
				"south": {"uv": [3, 11, 13, 8], "texture": "#1"},
				"west": {"uv": [3, 11, 13, 8], "texture": "#1"},
				"up": {"uv": [3, 10, 13, 0], "texture": "#2"},
				"down": {"uv": [4, 16, 12, 8], "texture": "#1"}
			}
		},
		{
			"from": [2.75, 5, 0.5],
			"to": [13.75, 8, 11.5],
			"rotation": {"angle": 0, "axis": "y", "origin": [3.25, 8, 2]},
			"faces": {
				"north": {"uv": [3, 8, 14, 5], "texture": "#1"},
				"east": {"uv": [3, 8, 14, 5], "texture": "#1"},
				"south": {"uv": [3, 8, 14, 5], "texture": "#1"},
				"west": {"uv": [3, 8, 14, 5], "texture": "#1"},
				"up": {"uv": [3, 11, 14, 0], "texture": "#2"},
				"down": {"uv": [4, 16, 12, 8], "texture": "#1"}
			}
		},
		{
			"from": [2.25, 0, 0],
			"to": [14.25, 5, 12],
			"rotation": {"angle": 0, "axis": "y", "origin": [3.25, 5, 2]},
			"faces": {
				"north": {"uv": [2, 5, 14, 0], "texture": "#1"},
				"east": {"uv": [2, 5, 14, 0], "texture": "#1"},
				"south": {"uv": [2, 5, 14, 0], "texture": "#1"},
				"west": {"uv": [2, 5, 14, 0], "texture": "#1"},
				"up": {"uv": [3, 12, 15, 0], "texture": "#2"},
				"down": {"uv": [3, 12, 15, 0], "texture": "#2"}
			}
		}
	]
}