{
	"format_version": "1.21.6",
	"credit": "Made with Blockbench",
	"parent": "minecraft:block/pointed_dripstone",
	"textures": {
		"0": "block/pointed_dripstone_down_base",
		"1": "block/dripstone_block",
		"particle": "block/pointed_dripstone_down_base"
	},
	"elements": [
		{
			"from": [2.25, 14, 0],
			"to": [14.25, 16, 12],
			"rotation": {"angle": 0, "axis": "y", "origin": [2.25, 16, 0]},
			"faces": {
				"north": {"uv": [2, 16, 14, 14], "texture": "#0"},
				"east": {"uv": [2, 16, 14, 14], "texture": "#0"},
				"south": {"uv": [2, 16, 14, 14], "texture": "#0"},
				"west": {"uv": [2, 16, 14, 14], "texture": "#0"},
				"up": {"uv": [0, 12, 12, 0], "texture": "#1"},
				"down": {"uv": [2, 12, 14, 0], "texture": "#0"}
			}
		},
		{
			"from": [0.75, 4, -1.5],
			"to": [15.75, 10, 13.5],
			"rotation": {"angle": 0, "axis": "y", "origin": [2.25, 14, 0]},
			"faces": {
				"north": {"uv": [1, 10, 15, 4], "texture": "#0"},
				"east": {"uv": [1, 10, 15, 4], "texture": "#0"},
				"south": {"uv": [1, 10, 15, 4], "texture": "#0"},
				"west": {"uv": [1, 10, 15, 4], "texture": "#0"},
				"up": {"uv": [0, 14, 14, 0], "texture": "#1"},
				"down": {"uv": [2, 12, 14, 0], "texture": "#0"}
			}
		},
		{
			"from": [0.25, 0, -2],
			"to": [16.25, 4, 14],
			"rotation": {"angle": 0, "axis": "y", "origin": [2.25, 4, 0]},
			"faces": {
				"north": {"uv": [0, 4, 16, 0], "texture": "#0"},
				"east": {"uv": [0, 4, 16, 0], "texture": "#0"},
				"south": {"uv": [0, 4, 16, 0], "texture": "#0"},
				"west": {"uv": [0, 4, 16, 0], "texture": "#0"},
				"up": {"uv": [0, 16, 16, 0], "texture": "#1"},
				"down": {"uv": [0, 16, 16, 0], "texture": "#1"}
			}
		},
		{
			"from": [1.25, 10, -1],
			"to": [15.25, 14, 13],
			"rotation": {"angle": 0, "axis": "y", "origin": [2.25, 18, 0]},
			"faces": {
				"north": {"uv": [1, 14, 15, 10], "texture": "#0"},
				"east": {"uv": [1, 14, 15, 10], "texture": "#0"},
				"south": {"uv": [1, 14, 15, 10], "texture": "#0"},
				"west": {"uv": [1, 14, 15, 10], "texture": "#0"},
				"up": {"uv": [0, 14, 14, 0], "texture": "#1"},
				"down": {"uv": [2, 12, 14, 0], "texture": "#0"}
			}
		}
	]
}