{
	"format_version": "1.21.6",
	"credit": "Made with Blockbench",
	"parent": "minecraft:block/pointed_dripstone",
	"textures": {
		"1": "block/pointed_dripstone_down_frustum",
		"2": "block/dripstone_block",
		"particle": "block/dripstone_block"
	},
	"elements": [
		{
			"from": [4.25, 0, 2],
			"to": [12.25, 2, 10],
			"rotation": {"angle": 0, "axis": "y", "origin": [4.25, 0, 2]},
			"faces": {
				"north": {"uv": [4, 14, 12, 16], "texture": "#1"},
				"east": {"uv": [4, 14, 12, 16], "texture": "#1"},
				"south": {"uv": [4, 14, 12, 16], "texture": "#1"},
				"west": {"uv": [4, 14, 12, 16], "texture": "#1"},
				"up": {"uv": [4, 8, 12, 16], "texture": "#1"},
				"down": {"uv": [4, 8, 12, 16], "texture": "#2"}
			}
		},
		{
			"from": [3.75, 2, 1.5],
			"to": [12.75, 5, 10.5],
			"rotation": {"angle": 0, "axis": "y", "origin": [3.25, 2, 2]},
			"faces": {
				"north": {"uv": [4, 11, 13, 14], "texture": "#1"},
				"east": {"uv": [4, 11, 13, 14], "texture": "#1"},
				"south": {"uv": [4, 11, 13, 14], "texture": "#1"},
				"west": {"uv": [4, 11, 13, 14], "texture": "#1"},
				"up": {"uv": [4, 8, 12, 16], "texture": "#1"},
				"down": {"uv": [3, 0, 12, 9], "texture": "#2"}
			}
		},
		{
			"from": [3.25, 5, 1],
			"to": [13.25, 8, 11],
			"rotation": {"angle": 0, "axis": "y", "origin": [3.25, 5, 2]},
			"faces": {
				"north": {"uv": [3, 8, 13, 11], "texture": "#1"},
				"east": {"uv": [3, 8, 13, 11], "texture": "#1"},
				"south": {"uv": [3, 8, 13, 11], "texture": "#1"},
				"west": {"uv": [3, 8, 13, 11], "texture": "#1"},
				"up": {"uv": [4, 8, 12, 16], "texture": "#1"},
				"down": {"uv": [3, 0, 13, 10], "texture": "#2"}
			}
		},
		{
			"from": [2.75, 8, 0.5],
			"to": [13.75, 11, 11.5],
			"rotation": {"angle": 0, "axis": "y", "origin": [3.25, 8, 2]},
			"faces": {
				"north": {"uv": [3, 5, 14, 8], "texture": "#1"},
				"east": {"uv": [3, 5, 14, 8], "texture": "#1"},
				"south": {"uv": [3, 5, 14, 8], "texture": "#1"},
				"west": {"uv": [3, 5, 14, 8], "texture": "#1"},
				"up": {"uv": [4, 8, 12, 16], "texture": "#1"},
				"down": {"uv": [3, 0, 14, 11], "texture": "#2"}
			}
		},
		{
			"from": [2.25, 11, 0],
			"to": [14.25, 16, 12],
			"rotation": {"angle": 0, "axis": "y", "origin": [3.25, 11, 2]},
			"faces": {
				"north": {"uv": [2, 0, 14, 5], "texture": "#1"},
				"east": {"uv": [2, 0, 14, 5], "texture": "#1"},
				"south": {"uv": [2, 0, 14, 5], "texture": "#1"},
				"west": {"uv": [2, 0, 14, 5], "texture": "#1"},
				"up": {"uv": [3, 0, 15, 12], "texture": "#2"},
				"down": {"uv": [3, 0, 15, 12], "texture": "#2"}
			}
		}
	]
}