{
	"format_version": "1.21.6",
	"credit": "Made with Blockbench",
	"parent": "minecraft:block/pointed_dripstone",
	"textures": {
		"2": "block/dripstone_block",
		"cross": "block/pointed_dripstone_down_tip"
	},
	"elements": [
		{
			"from": [4.25, 0, 2],
			"to": [12.25, 1, 10],
			"rotation": {"angle": 0, "axis": "y", "origin": [4.25, 1, 2]},
			"faces": {
				"north": {"uv": [4, 1, 12, 0], "texture": "#cross"},
				"east": {"uv": [4, 1, 12, 0], "texture": "#cross"},
				"south": {"uv": [4, 1, 12, 0], "texture": "#cross"},
				"west": {"uv": [4, 1, 12, 0], "texture": "#cross"},
				"up": {"uv": [1, 8, 9, 0], "texture": "#2"},
				"down": {"uv": [1, 8, 9, 0], "texture": "#2"}
			}
		},
		{
			"from": [4.75, 1, 2.5],
			"to": [11.75, 2, 9.5],
			"rotation": {"angle": 0, "axis": "y", "origin": [4.25, 2, 2]},
			"faces": {
				"north": {"uv": [5, 2, 12, 1], "texture": "#cross"},
				"east": {"uv": [5, 2, 12, 1], "texture": "#cross"},
				"south": {"uv": [5, 2, 12, 1], "texture": "#cross"},
				"west": {"uv": [5, 2, 12, 1], "texture": "#cross"},
				"up": {"uv": [3, 7, 10, 0], "texture": "#2"},
				"down": {"uv": [0, 7, 2, 0], "texture": "#2"}
			}
		},
		{
			"from": [5.25, 2, 3],
			"to": [11.25, 5, 9],
			"rotation": {"angle": 0, "axis": "y", "origin": [4.25, 5, 2]},
			"faces": {
				"north": {"uv": [5, 5, 11, 2], "texture": "#cross"},
				"east": {"uv": [5, 5, 11, 2], "texture": "#cross"},
				"south": {"uv": [5, 5, 11, 2], "texture": "#cross"},
				"west": {"uv": [5, 5, 11, 2], "texture": "#cross"},
				"up": {"uv": [4, 6, 10, 0], "texture": "#2"},
				"down": {"uv": [0, 7, 2, 0], "texture": "#2"}
			}
		},
		{
			"from": [6.25, 5, 4],
			"to": [10.25, 8, 8],
			"rotation": {"angle": 0, "axis": "y", "origin": [4.25, 8, 2]},
			"faces": {
				"north": {"uv": [6, 8, 10, 5], "texture": "#cross"},
				"east": {"uv": [6, 8, 10, 5], "texture": "#cross"},
				"south": {"uv": [6, 8, 10, 5], "texture": "#cross"},
				"west": {"uv": [6, 8, 10, 5], "texture": "#cross"},
				"up": {"uv": [5, 4, 9, 0], "texture": "#2"},
				"down": {"uv": [0, 7, 2, 0], "texture": "#2"}
			}
		},
		{
			"from": [6.75, 8, 4.5],
			"to": [9.75, 10, 7.5],
			"rotation": {"angle": 0, "axis": "y", "origin": [4.25, 8, 2]},
			"faces": {
				"north": {"uv": [6, 10, 9, 8], "texture": "#cross"},
				"east": {"uv": [6, 10, 9, 8], "texture": "#cross"},
				"south": {"uv": [6, 10, 9, 8], "texture": "#cross"},
				"west": {"uv": [6, 10, 9, 8], "texture": "#cross"},
				"up": {"uv": [6, 3, 9, 0], "texture": "#2"},
				"down": {"uv": [0, 7, 2, 0], "texture": "#2"}
			}
		},
		{
			"from": [7.25, 10, 5],
			"to": [9.25, 11, 7],
			"rotation": {"angle": 0, "axis": "y", "origin": [4.25, 8, 2]},
			"faces": {
				"north": {"uv": [7, 11, 9, 10], "texture": "#cross"},
				"east": {"uv": [7, 11, 9, 10], "texture": "#cross"},
				"south": {"uv": [7, 11, 9, 10], "texture": "#cross"},
				"west": {"uv": [7, 11, 9, 10], "texture": "#cross"},
				"up": {"uv": [6, 10, 8, 8], "texture": "#cross"},
				"down": {"uv": [0, 7, 2, 0], "texture": "#2"}
			}
		}
	]
}