{
	"format_version": "1.21.6",
	"credit": "Made with Blockbench",
	"parent": "minecraft:block/pointed_dripstone",
	"textures": {
		"2": "block/dripstone_block",
		"cross": "block/pointed_dripstone_down_tip"
	},
	"elements": [
		{
			"from": [4.25, 15, 2],
			"to": [12.25, 16, 10],
			"rotation": {"angle": 0, "axis": "y", "origin": [4.25, 15, 2]},
			"faces": {
				"north": {"uv": [4, 0, 12, 1], "texture": "#cross"},
				"east": {"uv": [4, 0, 12, 1], "texture": "#cross"},
				"south": {"uv": [4, 0, 12, 1], "texture": "#cross"},
				"west": {"uv": [4, 0, 12, 1], "texture": "#cross"},
				"up": {"uv": [1, 0, 9, 8], "texture": "#2"},
				"down": {"uv": [1, 0, 9, 8], "texture": "#2"}
			}
		},
		{
			"from": [4.75, 14, 2.5],
			"to": [11.75, 15, 9.5],
			"rotation": {"angle": 0, "axis": "y", "origin": [4.25, 14, 2]},
			"faces": {
				"north": {"uv": [5, 1, 12, 2], "texture": "#cross"},
				"east": {"uv": [5, 1, 12, 2], "texture": "#cross"},
				"south": {"uv": [5, 1, 12, 2], "texture": "#cross"},
				"west": {"uv": [5, 1, 12, 2], "texture": "#cross"},
				"up": {"uv": [0, 0, 2, 7], "texture": "#2"},
				"down": {"uv": [3, 0, 10, 7], "texture": "#2"}
			}
		},
		{
			"from": [5.25, 11, 3],
			"to": [11.25, 14, 9],
			"rotation": {"angle": 0, "axis": "y", "origin": [4.25, 11, 2]},
			"faces": {
				"north": {"uv": [5, 2, 11, 5], "texture": "#cross"},
				"east": {"uv": [5, 2, 11, 5], "texture": "#cross"},
				"south": {"uv": [5, 2, 11, 5], "texture": "#cross"},
				"west": {"uv": [5, 2, 11, 5], "texture": "#cross"},
				"up": {"uv": [0, 0, 2, 7], "texture": "#2"},
				"down": {"uv": [4, 0, 10, 6], "texture": "#2"}
			}
		},
		{
			"from": [6.25, 8, 4],
			"to": [10.25, 11, 8],
			"rotation": {"angle": 0, "axis": "y", "origin": [4.25, 8, 2]},
			"faces": {
				"north": {"uv": [6, 5, 10, 8], "texture": "#cross"},
				"east": {"uv": [6, 5, 10, 8], "texture": "#cross"},
				"south": {"uv": [6, 5, 10, 8], "texture": "#cross"},
				"west": {"uv": [6, 5, 10, 8], "texture": "#cross"},
				"up": {"uv": [0, 0, 2, 7], "texture": "#2"},
				"down": {"uv": [5, 0, 9, 4], "texture": "#2"}
			}
		},
		{
			"from": [6.75, 6, 4.5],
			"to": [9.75, 8, 7.5],
			"rotation": {"angle": 0, "axis": "y", "origin": [4.25, 8, 2]},
			"faces": {
				"north": {"uv": [6, 8, 9, 10], "texture": "#cross"},
				"east": {"uv": [6, 8, 9, 10], "texture": "#cross"},
				"south": {"uv": [6, 8, 9, 10], "texture": "#cross"},
				"west": {"uv": [6, 8, 9, 10], "texture": "#cross"},
				"up": {"uv": [0, 0, 2, 7], "texture": "#2"},
				"down": {"uv": [6, 0, 9, 3], "texture": "#2"}
			}
		},
		{
			"from": [7.25, 5, 5],
			"to": [9.25, 6, 7],
			"rotation": {"angle": 0, "axis": "y", "origin": [4.25, 8, 2]},
			"faces": {
				"north": {"uv": [7, 10, 9, 11], "texture": "#cross"},
				"east": {"uv": [7, 10, 9, 11], "texture": "#cross"},
				"south": {"uv": [7, 10, 9, 11], "texture": "#cross"},
				"west": {"uv": [7, 10, 9, 11], "texture": "#cross"},
				"up": {"uv": [0, 0, 2, 7], "texture": "#2"},
				"down": {"uv": [6, 8, 8, 10], "texture": "#cross"}
			}
		}
	]
}