{
	"format_version": "1.21.6",
	"credit": "Made with Blockbench",
	"parent": "minecraft:block/pointed_dripstone",
	"textures": {
		"1": "block/dripstone_block",
		"2": "block/pointed_dripstone_down_base",
		"particle": "block/pointed_dripstone_down_base"
	},
	"elements": [
		{
			"from": [2.25, 0, 0],
			"to": [14.25, 4, 12],
			"rotation": {"angle": 0, "axis": "y", "origin": [2.25, 0, 0]},
			"faces": {
				"north": {"uv": [2, 7, 14, 11], "texture": "#2"},
				"east": {"uv": [2, 7, 14, 11], "texture": "#2"},
				"south": {"uv": [2, 7, 14, 11], "texture": "#2"},
				"west": {"uv": [2, 7, 14, 11], "texture": "#2"},
				"up": {"uv": [2, 0, 14, 12], "texture": "#1"},
				"down": {"uv": [2, 0, 14, 12], "texture": "#1"}
			}
		},
		{
			"from": [2.75, 8, 0.5],
			"to": [13.75, 11, 11.5],
			"rotation": {"angle": 0, "axis": "y", "origin": [2.25, 4, 0]},
			"faces": {
				"north": {"uv": [2, 5, 13, 8], "texture": "#2"},
				"east": {"uv": [2, 5, 13, 8], "texture": "#2"},
				"south": {"uv": [2, 5, 13, 8], "texture": "#2"},
				"west": {"uv": [2, 5, 13, 8], "texture": "#2"},
				"up": {"uv": [2, 0, 14, 12], "texture": "#2"},
				"down": {"uv": [2, 0, 14, 12], "texture": "#1"}
			}
		},
		{
			"from": [2.25, 11, 0],
			"to": [14.25, 16, 12],
			"rotation": {"angle": 0, "axis": "y", "origin": [2.25, 16, 0]},
			"faces": {
				"north": {"uv": [2, 5, 14, 0], "texture": "#2"},
				"east": {"uv": [2, 5, 14, 0], "texture": "#2"},
				"south": {"uv": [2, 5, 14, 0], "texture": "#2"},
				"west": {"uv": [2, 5, 14, 0], "texture": "#2"},
				"up": {"uv": [2, 12, 14, 0], "texture": "#1"},
				"down": {"uv": [2, 12, 14, 0], "texture": "#1"}
			}
		},
		{
			"from": [2.75, 4, 0.5],
			"to": [13.75, 6, 11.5],
			"rotation": {"angle": 0, "axis": "y", "origin": [2.25, 4, 0]},
			"faces": {
				"north": {"uv": [2, 10, 13, 12], "texture": "#2"},
				"east": {"uv": [2, 10, 13, 12], "texture": "#2"},
				"south": {"uv": [2, 10, 13, 12], "texture": "#2"},
				"west": {"uv": [2, 10, 13, 12], "texture": "#2"},
				"up": {"uv": [2, 0, 14, 12], "texture": "#1"},
				"down": {"uv": [2, 0, 14, 12], "texture": "#2"}
			}
		},
		{
			"from": [3.25, 6, 1],
			"to": [13.25, 8, 11],
			"rotation": {"angle": 0, "axis": "y", "origin": [2.25, 6, 0]},
			"faces": {
				"north": {"uv": [3, 7, 13, 9], "texture": "#2"},
				"east": {"uv": [3, 7, 13, 9], "texture": "#2"},
				"south": {"uv": [3, 7, 13, 9], "texture": "#2"},
				"west": {"uv": [3, 7, 13, 9], "texture": "#2"},
				"up": {"uv": [2, 0, 14, 12], "texture": "#2"},
				"down": {"uv": [2, 0, 14, 12], "texture": "#2"}
			}
		}
	]
}