{
	"format_version": "1.21.6",
	"credit": "Made with Blockbench",
	"parent": "minecraft:block/pointed_dripstone",
	"textures": {
		"1": "block/dripstone_block",
		"cross": "block/pointed_dripstone_down_tip_merge",
		"particle": "block/dripstone_block"
	},
	"elements": [
		{
			"from": [6.75, 0, 4.5],
			"to": [9.75, 3, 7.5],
			"rotation": {"angle": 0, "axis": "y", "origin": [7.25, 0, 5]},
			"faces": {
				"north": {"uv": [6, 13, 9, 16], "texture": "#cross"},
				"east": {"uv": [6, 13, 9, 16], "texture": "#cross"},
				"south": {"uv": [6, 13, 9, 16], "texture": "#cross"},
				"west": {"uv": [6, 13, 9, 16], "texture": "#cross"},
				"up": {"uv": [0, 0, 3, 3], "texture": "#missing"},
				"down": {"uv": [0, 0, 3, 3], "texture": "#1"}
			}
		},
		{
			"from": [6.25, 3, 4],
			"to": [10.25, 4, 8],
			"rotation": {"angle": 0, "axis": "y", "origin": [7.25, 3, 5]},
			"faces": {
				"north": {"uv": [5, 12, 9, 13], "texture": "#cross"},
				"east": {"uv": [5, 12, 9, 13], "texture": "#cross"},
				"south": {"uv": [5, 12, 9, 13], "texture": "#cross"},
				"west": {"uv": [5, 12, 9, 13], "texture": "#cross"},
				"up": {"uv": [0, 0, 3, 3], "texture": "#missing"},
				"down": {"uv": [0, 0, 4, 4], "texture": "#1"}
			}
		},
		{
			"from": [5.75, 4, 3.5],
			"to": [10.75, 10, 8.5],
			"rotation": {"angle": 0, "axis": "y", "origin": [7.25, 4, 5]},
			"faces": {
				"north": {"uv": [5, 6, 10, 12], "texture": "#cross"},
				"east": {"uv": [5, 6, 10, 12], "texture": "#cross"},
				"south": {"uv": [5, 6, 10, 12], "texture": "#cross"},
				"west": {"uv": [5, 6, 10, 12], "texture": "#cross"},
				"up": {"uv": [0, 0, 3, 3], "texture": "#missing"},
				"down": {"uv": [0, 0, 5, 5], "texture": "#1"}
			}
		},
		{
			"from": [5.25, 10, 3],
			"to": [11.25, 11, 9],
			"rotation": {"angle": 0, "axis": "y", "origin": [7.25, 10, 5]},
			"faces": {
				"north": {"uv": [4, 5, 10, 6], "texture": "#cross"},
				"east": {"uv": [4, 5, 10, 6], "texture": "#cross"},
				"south": {"uv": [4, 5, 10, 6], "texture": "#cross"},
				"west": {"uv": [4, 5, 10, 6], "texture": "#cross"},
				"up": {"uv": [0, 0, 3, 3], "texture": "#missing"},
				"down": {"uv": [0, 0, 6, 6], "texture": "#1"}
			}
		},
		{
			"from": [4.75, 11, 2.5],
			"to": [11.75, 14, 9.5],
			"rotation": {"angle": 0, "axis": "y", "origin": [7.25, 11, 5]},
			"faces": {
				"north": {"uv": [4, 2, 11, 5], "texture": "#cross"},
				"east": {"uv": [4, 2, 11, 5], "texture": "#cross"},
				"south": {"uv": [4, 2, 11, 5], "texture": "#cross"},
				"west": {"uv": [4, 2, 11, 5], "texture": "#cross"},
				"up": {"uv": [0, 0, 3, 3], "texture": "#missing"},
				"down": {"uv": [0, 0, 7, 7], "texture": "#1"}
			}
		},
		{
			"from": [4.25, 14, 2],
			"to": [12.25, 16, 10],
			"rotation": {"angle": 0, "axis": "y", "origin": [7.25, 14, 5]},
			"faces": {
				"north": {"uv": [4, 0, 12, 2], "texture": "#cross"},
				"east": {"uv": [4, 0, 12, 2], "texture": "#cross"},
				"south": {"uv": [4, 0, 12, 2], "texture": "#cross"},
				"west": {"uv": [4, 0, 12, 2], "texture": "#cross"},
				"up": {"uv": [0, 0, 8, 8], "texture": "#1"},
				"down": {"uv": [0, 0, 8, 8], "texture": "#1"}
			}
		}
	]
}