{
	"format_version": "1.21.6",
	"credit": "Made with Blockbench",
	"ambientocclusion": false,
	"textures": {
		"particle": "block/poppy_block",
		"cross": "block/poppy_block"
	},
	"elements": [
		{
			"from": [0.8, 0, 8],
			"to": [15.2, 8, 8],
			"shade": false,
			"rotation": {"angle": 45, "axis": "y", "origin": [8, 8, 8], "rescale": true},
			"faces": {
				"north": {"uv": [0, 9, 16, 16], "texture": "#cross"},
				"south": {"uv": [0, 9, 16, 16], "texture": "#cross"}
			}
		},
		{
			"from": [8, 0, 0.8],
			"to": [8, 8, 15.2],
			"shade": false,
			"rotation": {"angle": 45, "axis": "y", "origin": [8, 8, 8], "rescale": true},
			"faces": {
				"east": {"uv": [0, 9, 16, 16], "texture": "#cross"},
				"west": {"uv": [0, 9, 16, 16], "texture": "#cross"}
			}
		},
		{
			"from": [6, 8, 8],
			"to": [10, 8, 11.5],
			"rotation": {"angle": -22.5, "axis": "x", "origin": [8, 8, 8]},
			"faces": {
				"up": {"uv": [8, 6, 11, 9], "rotation": 90, "texture": "#cross"},
				"down": {"uv": [8, 6, 11, 8], "rotation": 90, "texture": "#cross"}
			}
		},
		{
			"from": [6, 8, 4.5],
			"to": [10, 8, 8],
			"rotation": {"angle": 22.5, "axis": "x", "origin": [8, 8, 8]},
			"faces": {
				"up": {"uv": [11, 6, 8, 9], "rotation": 90, "texture": "#cross"},
				"down": {"uv": [11, 6, 8, 8], "rotation": 90, "texture": "#cross"}
			}
		},
		{
			"from": [8, 8, 6],
			"to": [11.5, 8, 10],
			"rotation": {"angle": 22.5, "axis": "z", "origin": [8, 8, 8]},
			"faces": {
				"up": {"uv": [11, 6, 8, 9], "rotation": 180, "texture": "#cross"},
				"down": {"uv": [11, 6, 8, 8], "texture": "#cross"}
			}
		},
		{
			"from": [4.5, 8, 6],
			"to": [8, 8, 10],
			"rotation": {"angle": -22.5, "axis": "z", "origin": [8, 8, 8]},
			"faces": {
				"up": {"uv": [8, 6, 11, 9], "rotation": 180, "texture": "#cross"},
				"down": {"uv": [8, 6, 11, 8], "texture": "#cross"}
			}
		},
		{
			"from": [7.5, 8.2, 7.5],
			"to": [8.5, 9, 8.5],
			"rotation": {"angle": 0, "axis": "y", "origin": [7, 8, 7]},
			"faces": {
				"north": {"uv": [7, 7, 8, 8], "texture": "#cross"},
				"east": {"uv": [7, 7, 8, 8], "texture": "#cross"},
				"south": {"uv": [7, 7, 8, 8], "texture": "#cross"},
				"west": {"uv": [7, 7, 8, 8], "texture": "#cross"},
				"up": {"uv": [7, 7, 8, 8], "texture": "#cross"},
				"down": {"uv": [7, 7, 8, 8], "texture": "#cross"}
			}
		},
		{
			"from": [7.25, 8.3, 8.95],
			"to": [8.75, 9.25, 8.95],
			"rotation": {"angle": -22.5, "axis": "x", "origin": [8, 8, 8.95]},
			"faces": {
				"north": {"uv": [6, 1, 1, 6], "rotation": 90, "texture": "#cross"},
				"south": {"uv": [6, 1, 1, 6], "rotation": 90, "texture": "#cross"}
			}
		},
		{
			"from": [7.25, 8.3, 7.05],
			"to": [8.75, 9.25, 7.05],
			"rotation": {"angle": 22.5, "axis": "x", "origin": [8, 8, 7.05]},
			"faces": {
				"north": {"uv": [6, 6, 1, 1], "rotation": 90, "texture": "#cross"},
				"south": {"uv": [6, 6, 1, 1], "rotation": 90, "texture": "#cross"}
			}
		},
		{
			"from": [8.75948, 8.49703, 7.25],
			"to": [8.75948, 9.44703, 8.75],
			"rotation": {"angle": 22.5, "axis": "z", "origin": [9.35, 8.57742, 8]},
			"faces": {
				"east": {"uv": [6, 6, 1, 1], "rotation": 90, "texture": "#cross"},
				"west": {"uv": [6, 6, 1, 1], "rotation": 90, "texture": "#cross"}
			}
		},
		{
			"from": [7.24052, 8.49703, 7.25],
			"to": [7.24052, 9.44703, 8.75],
			"rotation": {"angle": -22.5, "axis": "z", "origin": [6.65, 8.57742, 8]},
			"faces": {
				"east": {"uv": [6, 1, 1, 6], "rotation": 90, "texture": "#cross"},
				"west": {"uv": [6, 1, 1, 6], "rotation": 90, "texture": "#cross"}
			}
		},
		{
			"from": [4.5, 8.25, 6],
			"to": [8, 8.25, 10],
			"rotation": {"angle": -45, "axis": "y", "origin": [8, 8.25, 8]},
			"faces": {
				"up": {"uv": [8, 6, 11, 9], "rotation": 180, "texture": "#cross"},
				"down": {"uv": [8, 6, 11, 8], "texture": "#cross"}
			}
		},
		{
			"from": [6, 8.3, 4.5],
			"to": [10, 8.3, 8],
			"rotation": {"angle": -45, "axis": "y", "origin": [8, 8.3, 8]},
			"faces": {
				"up": {"uv": [11, 6, 8, 9], "rotation": 90, "texture": "#cross"},
				"down": {"uv": [11, 6, 8, 8], "rotation": 90, "texture": "#cross"}
			}
		},
		{
			"from": [8, 8.4, 6],
			"to": [11.5, 8.4, 10],
			"rotation": {"angle": -45, "axis": "y", "origin": [8, 8.4, 8]},
			"faces": {
				"up": {"uv": [11, 6, 8, 9], "rotation": 180, "texture": "#cross"},
				"down": {"uv": [11, 6, 8, 8], "texture": "#cross"}
			}
		},
		{
			"from": [6, 8.35, 8],
			"to": [10, 8.35, 11.5],
			"rotation": {"angle": -45, "axis": "y", "origin": [8, 8.35, 8]},
			"faces": {
				"up": {"uv": [8, 6, 11, 9], "rotation": 90, "texture": "#cross"},
				"down": {"uv": [8, 6, 11, 8], "rotation": 90, "texture": "#cross"}
			}
		}
	],
	"groups": [
		{
			"name": "Poppy",
			"origin": [8, 8.35, 8],
			"color": 0,
			"children": [0, 1, 2, 3, 4, 5, 6, 7, 8, 9, 10, 11, 12, 13, 14]
		}
	]
}