{
	"format_version": "1.21.6",
	"credit": "Made with Blockbench",
	"ambientocclusion": false,
	"textures": {
		"particle": "block/potatoes_stage3",
		"crop": "block/potatoes_stage3"
	},
	"elements": [
		{
			"from": [3.25, -1, 3],
			"to": [6.25, 1, 7],
			"rotation": {"angle": -22.5, "axis": "y", "origin": [4.75, -1, 5]},
			"faces": {
				"north": {"uv": [10.5, 14, 13.5, 16], "texture": "#crop"},
				"east": {"uv": [10, 14, 14, 16], "texture": "#crop"},
				"south": {"uv": [10.5, 14, 13.5, 16], "texture": "#crop"},
				"west": {"uv": [10, 14, 14, 16], "texture": "#crop"},
				"up": {"uv": [10, 13, 14, 16], "rotation": 90, "texture": "#crop"},
				"down": {"uv": [0, 0, 3, 4], "texture": "#missing"}
			}
		},
		{
			"from": [10.25, -1, 4],
			"to": [13.25, 1, 8],
			"rotation": {"angle": 45, "axis": "y", "origin": [11.75, -1, 6]},
			"faces": {
				"north": {"uv": [10.5, 14, 13.5, 16], "texture": "#crop"},
				"east": {"uv": [10, 14, 14, 16], "texture": "#crop"},
				"south": {"uv": [10.5, 14, 13.5, 16], "texture": "#crop"},
				"west": {"uv": [10, 14, 14, 16], "texture": "#crop"},
				"up": {"uv": [10, 13, 14, 16], "rotation": 90, "texture": "#crop"},
				"down": {"uv": [0, 0, 3, 4], "texture": "#missing"}
			}
		},
		{
			"from": [5.5, -1, 10.5],
			"to": [9.5, 1, 13.5],
			"rotation": {"angle": -22.5, "axis": "y", "origin": [7.5, -1, 12]},
			"faces": {
				"north": {"uv": [10, 14, 14, 16], "texture": "#crop"},
				"east": {"uv": [10.5, 14, 13.5, 16], "texture": "#crop"},
				"south": {"uv": [10, 14, 14, 16], "texture": "#crop"},
				"west": {"uv": [10.5, 14, 13.5, 16], "texture": "#crop"},
				"up": {"uv": [10, 13, 14, 16], "texture": "#crop"},
				"down": {"uv": [0, 0, 3, 4], "rotation": 90, "texture": "#missing"}
			}
		},
		{
			"from": [4.75, 1, 2],
			"to": [4.75, 15, 8],
			"rotation": {"angle": -45, "axis": "y", "origin": [4.75, 1, 5]},
			"faces": {
				"east": {"uv": [4, 0, 10, 14], "texture": "#crop"},
				"west": {"uv": [4, 0, 10, 14], "texture": "#crop"}
			}
		},
		{
			"from": [1.75, 1, 5],
			"to": [7.75, 15, 5],
			"rotation": {"angle": -45, "axis": "y", "origin": [4.75, 1, 5]},
			"faces": {
				"north": {"uv": [4, 0, 10, 14], "texture": "#crop"},
				"south": {"uv": [4, 0, 10, 14], "texture": "#crop"}
			}
		},
		{
			"from": [8.75, 1, 6],
			"to": [14.75, 15, 6],
			"rotation": {"angle": 22.5, "axis": "y", "origin": [11.75, 1, 6]},
			"faces": {
				"north": {"uv": [4, 0, 10, 14], "texture": "#crop"},
				"south": {"uv": [4, 0, 10, 14], "texture": "#crop"}
			}
		},
		{
			"from": [11.75, 1, 3],
			"to": [11.75, 15, 9],
			"rotation": {"angle": 22.5, "axis": "y", "origin": [11.75, 1, 6]},
			"faces": {
				"east": {"uv": [4, 0, 10, 14], "texture": "#crop"},
				"west": {"uv": [4, 0, 10, 14], "texture": "#crop"}
			}
		},
		{
			"from": [4.5, 1, 12],
			"to": [10.5, 15, 12],
			"rotation": {"angle": -45, "axis": "y", "origin": [7.5, 1, 12]},
			"faces": {
				"north": {"uv": [4, 0, 10, 14], "texture": "#crop"},
				"south": {"uv": [4, 0, 10, 14], "texture": "#crop"}
			}
		},
		{
			"from": [7.5, 1, 9],
			"to": [7.5, 15, 15],
			"rotation": {"angle": -45, "axis": "y", "origin": [7.5, 1, 12]},
			"faces": {
				"east": {"uv": [4, 0, 10, 14], "texture": "#crop"},
				"west": {"uv": [4, 0, 10, 14], "texture": "#crop"}
			}
		}
	]
}