{
	"format_version": "1.21.6",
	"credit": "Made with Blockbench",
	"ambientocclusion": false,
	"textures": {
		"particle": "block/potatoes_stage3",
		"crop": "block/potatoes_stage3"
	},
	"elements": [
		{
			"from": [5.22, -1, 12.25],
			"to": [9.78, 5.84, 12.25],
			"rotation": {"angle": -45, "axis": "y", "origin": [7.5, -1, 12.25]},
			"faces": {
				"north": {"uv": [4, 5, 10, 14], "texture": "#crop"},
				"south": {"uv": [4, 5, 10, 14], "texture": "#crop"}
			}
		},
		{
			"from": [7.5, -1, 9.97],
			"to": [7.5, 5.84, 14.53],
			"rotation": {"angle": -45, "axis": "y", "origin": [7.5, -1, 12.25]},
			"faces": {
				"east": {"uv": [4, 5, 10, 14], "texture": "#crop"},
				"west": {"uv": [4, 5, 10, 14], "texture": "#crop"}
			}
		},
		{
			"from": [4.75, -1, 2.72],
			"to": [4.75, 5.84, 7.28],
			"rotation": {"angle": -45, "axis": "y", "origin": [4.75, -1, 5]},
			"faces": {
				"east": {"uv": [4, 5, 10, 14], "texture": "#crop"},
				"west": {"uv": [4, 5, 10, 14], "texture": "#crop"}
			}
		},
		{
			"from": [2.47, -1, 5],
			"to": [7.03, 5.84, 5],
			"rotation": {"angle": -45, "axis": "y", "origin": [4.75, -1, 5]},
			"faces": {
				"north": {"uv": [4, 5, 10, 14], "texture": "#crop"},
				"south": {"uv": [4, 5, 10, 14], "texture": "#crop"}
			}
		},
		{
			"from": [12.25, -1, 3.22],
			"to": [12.25, 5.84, 7.78],
			"rotation": {"angle": 22.5, "axis": "y", "origin": [12.25, -1, 5.5]},
			"faces": {
				"east": {"uv": [4, 5, 10, 14], "texture": "#crop"},
				"west": {"uv": [4, 5, 10, 14], "texture": "#crop"}
			}
		},
		{
			"from": [9.97, -1, 5.5],
			"to": [14.53, 5.84, 5.5],
			"rotation": {"angle": 22.5, "axis": "y", "origin": [12.25, -1, 5.5]},
			"faces": {
				"north": {"uv": [4, 5, 10, 14], "texture": "#crop"},
				"south": {"uv": [4, 5, 10, 14], "texture": "#crop"}
			}
		}
	],
	"groups": [
		{
			"name": "Potato",
			"origin": [7.5, 1, 12],
			"color": 0,
			"children": [0, 1]
		},
		{
			"name": "Potato",
			"origin": [7.5, 1, 12],
			"color": 0,
			"children": [2, 3]
		},
		{
			"name": "Potato",
			"origin": [7.5, 1, 12],
			"color": 0,
			"children": [4, 5]
		}
	]
}