{
	"format_version": "1.21.6",
	"credit": "Made with Blockbench",
	"ambientocclusion": false,
	"textures": {
		"particle": "block/potatoes_stage3",
		"crop": "block/potatoes_stage3"
	},
	"elements": [
		{
			"from": [6.25, -1, 11.5],
			"to": [9.25, 1, 13.5],
			"rotation": {"angle": -22.5, "axis": "y", "origin": [8.25, -1, 12]},
			"faces": {
				"north": {"uv": [10.5, 15, 13.5, 16], "texture": "#crop"},
				"east": {"uv": [12, 15, 13, 16], "texture": "#crop"},
				"south": {"uv": [10.5, 15, 13.5, 16], "texture": "#crop"},
				"west": {"uv": [12, 15, 13, 16], "texture": "#crop"},
				"up": {"uv": [10.5, 15, 13.5, 16], "texture": "#crop"},
				"down": {"uv": [10.5, 15, 13.5, 16], "texture": "#crop"}
			}
		},
		{
			"from": [5.22, 1, 12.25],
			"to": [9.78, 7.84, 12.25],
			"rotation": {"angle": -45, "axis": "y", "origin": [7.5, 1, 12.25]},
			"faces": {
				"north": {"uv": [4, 5, 10, 14], "texture": "#crop"},
				"south": {"uv": [4, 5, 10, 14], "texture": "#crop"}
			}
		},
		{
			"from": [7.5, 1, 9.97],
			"to": [7.5, 7.84, 14.53],
			"rotation": {"angle": -45, "axis": "y", "origin": [7.5, 1, 12.25]},
			"faces": {
				"east": {"uv": [4, 5, 10, 14], "texture": "#crop"},
				"west": {"uv": [4, 5, 10, 14], "texture": "#crop"}
			}
		},
		{
			"from": [3.5, -1, 3.5],
			"to": [5.5, 1, 6.5],
			"rotation": {"angle": -22.5, "axis": "y", "origin": [5, -1, 5.5]},
			"faces": {
				"north": {"uv": [12, 15, 13, 16], "texture": "#crop"},
				"east": {"uv": [10.5, 15, 13.5, 16], "texture": "#crop"},
				"south": {"uv": [12, 15, 13, 16], "texture": "#crop"},
				"west": {"uv": [10.5, 15, 13.5, 16], "texture": "#crop"},
				"up": {"uv": [10.5, 15, 13.5, 16], "rotation": 90, "texture": "#crop"},
				"down": {"uv": [10.5, 15, 13.5, 16], "rotation": 270, "texture": "#crop"}
			}
		},
		{
			"from": [4.75, 1, 2.72],
			"to": [4.75, 7.84, 7.28],
			"rotation": {"angle": -45, "axis": "y", "origin": [4.75, 1, 5]},
			"faces": {
				"east": {"uv": [4, 5, 10, 14], "texture": "#crop"},
				"west": {"uv": [4, 5, 10, 14], "texture": "#crop"}
			}
		},
		{
			"from": [2.47, 1, 5],
			"to": [7.03, 7.84, 5],
			"rotation": {"angle": -45, "axis": "y", "origin": [4.75, 1, 5]},
			"faces": {
				"north": {"uv": [4, 5, 10, 14], "texture": "#crop"},
				"south": {"uv": [4, 5, 10, 14], "texture": "#crop"}
			}
		},
		{
			"from": [11.5, -1, 3.25],
			"to": [13.5, 1, 6.25],
			"rotation": {"angle": 45, "axis": "y", "origin": [13, -1, 5.25]},
			"faces": {
				"north": {"uv": [12, 15, 13, 16], "texture": "#crop"},
				"east": {"uv": [10.5, 15, 13.5, 16], "texture": "#crop"},
				"south": {"uv": [12, 15, 13, 16], "texture": "#crop"},
				"west": {"uv": [10.5, 15, 13.5, 16], "texture": "#crop"},
				"up": {"uv": [10.5, 15, 13.5, 16], "rotation": 90, "texture": "#crop"},
				"down": {"uv": [10.5, 15, 13.5, 16], "rotation": 270, "texture": "#crop"}
			}
		},
		{
			"from": [12.25, 1, 3.22],
			"to": [12.25, 7.84, 7.78],
			"rotation": {"angle": 22.5, "axis": "y", "origin": [12.25, 1, 5.5]},
			"faces": {
				"east": {"uv": [4, 5, 10, 14], "texture": "#crop"},
				"west": {"uv": [4, 5, 10, 14], "texture": "#crop"}
			}
		},
		{
			"from": [9.97, 1, 5.5],
			"to": [14.53, 7.84, 5.5],
			"rotation": {"angle": 22.5, "axis": "y", "origin": [12.25, 1, 5.5]},
			"faces": {
				"north": {"uv": [4, 5, 10, 14], "texture": "#crop"},
				"south": {"uv": [4, 5, 10, 14], "texture": "#crop"}
			}
		}
	],
	"groups": [
		{
			"name": "Potato",
			"origin": [7.5, 1, 12],
			"color": 0,
			"children": [0, 1, 2]
		},
		{
			"name": "Potato",
			"origin": [7.5, 1, 12],
			"color": 0,
			"children": [3, 4, 5]
		},
		{
			"name": "Potato",
			"origin": [7.5, 1, 12],
			"color": 0,
			"children": [6, 7, 8]
		}
	]
}