{
	"format_version": "1.21.6",
	"credit": "Made with Blockbench",
	"ambientocclusion": false,
	"textures": {
		"particle": "block/flower_pot",
		"flowerpot": "block/flower_pot",
		"dirt": "block/dirt",
		"plant": "block/warped_roots_pot"
	},
	"elements": [
		{
			"from": [5, 0, 5],
			"to": [6, 6, 11],
			"faces": {
				"north": {"uv": [10, 10, 11, 16], "texture": "#flowerpot"},
				"east": {"uv": [5, 10, 11, 16], "texture": "#flowerpot"},
				"south": {"uv": [5, 10, 6, 16], "texture": "#flowerpot"},
				"west": {"uv": [5, 10, 11, 16], "texture": "#flowerpot"},
				"up": {"uv": [5, 5, 6, 11], "texture": "#flowerpot"},
				"down": {"uv": [5, 5, 6, 11], "texture": "#flowerpot", "cullface": "down"}
			}
		},
		{
			"from": [10, 0, 5],
			"to": [11, 6, 11],
			"faces": {
				"north": {"uv": [5, 10, 6, 16], "texture": "#flowerpot"},
				"east": {"uv": [5, 10, 11, 16], "texture": "#flowerpot"},
				"south": {"uv": [10, 10, 11, 16], "texture": "#flowerpot"},
				"west": {"uv": [5, 10, 11, 16], "texture": "#flowerpot"},
				"up": {"uv": [10, 5, 11, 11], "texture": "#flowerpot"},
				"down": {"uv": [10, 5, 11, 11], "texture": "#flowerpot", "cullface": "down"}
			}
		},
		{
			"from": [6, 0, 5],
			"to": [10, 6, 6],
			"faces": {
				"north": {"uv": [6, 10, 10, 16], "texture": "#flowerpot"},
				"south": {"uv": [6, 10, 10, 16], "texture": "#flowerpot"},
				"up": {"uv": [6, 5, 10, 6], "texture": "#flowerpot"},
				"down": {"uv": [6, 10, 10, 11], "texture": "#flowerpot", "cullface": "down"}
			}
		},
		{
			"from": [6, 0, 10],
			"to": [10, 6, 11],
			"faces": {
				"north": {"uv": [6, 10, 10, 16], "texture": "#flowerpot"},
				"south": {"uv": [6, 10, 10, 16], "texture": "#flowerpot"},
				"up": {"uv": [6, 10, 10, 11], "texture": "#flowerpot"},
				"down": {"uv": [6, 5, 10, 6], "texture": "#flowerpot", "cullface": "down"}
			}
		},
		{
			"from": [6, 0, 6],
			"to": [10, 4, 10],
			"faces": {
				"up": {"uv": [6, 6, 10, 10], "texture": "#dirt"},
				"down": {"uv": [6, 12, 10, 16], "texture": "#flowerpot", "cullface": "down"}
			}
		},
		{
			"from": [3.2, 3, 8],
			"to": [12.8, 10.2, 8],
			"rotation": {"angle": -45, "axis": "y", "origin": [8, 3, 8]},
			"faces": {
				"north": {"uv": [16, 5, 0, 16], "texture": "#plant"},
				"south": {"uv": [0, 4, 16, 16], "texture": "#plant"}
			}
		},
		{
			"from": [8, 3, 3.2],
			"to": [8, 10.2, 12.8],
			"rotation": {"angle": -45, "axis": "y", "origin": [8, 3, 8]},
			"faces": {
				"east": {"uv": [16, 4, 0, 16], "texture": "#plant"},
				"west": {"uv": [0, 4, 16, 16], "texture": "#plant"}
			}
		},
		{
			"from": [9.26, 8.4, 5.84],
			"to": [11.06, 10.2, 7.64],
			"rotation": {"angle": 45, "axis": "y", "origin": [9.26, 8.4, 6.74]},
			"faces": {
				"north": {"uv": [2, 4, 5, 7], "texture": "#plant"},
				"east": {"uv": [5, 4, 2, 7], "texture": "#plant"},
				"south": {"uv": [2, 7, 5, 4], "texture": "#plant"},
				"west": {"uv": [5, 7, 2, 4], "texture": "#plant"},
				"up": {"uv": [5, 4, 2, 7], "texture": "#plant"},
				"down": {"uv": [2, 4, 5, 7], "texture": "#plant"}
			}
		},
		{
			"from": [9.01147, 9.6, 8.96],
			"to": [10.81147, 11.4, 10.76],
			"rotation": {"angle": -22.5, "axis": "y", "origin": [9.86, 9.6, 9.86]},
			"faces": {
				"north": {"uv": [5, 7, 2, 4], "texture": "#plant"},
				"east": {"uv": [2, 4, 5, 7], "texture": "#plant"},
				"south": {"uv": [5, 4, 2, 7], "texture": "#plant"},
				"west": {"uv": [2, 7, 5, 4], "texture": "#plant"},
				"up": {"uv": [5, 7, 2, 4], "texture": "#plant"},
				"down": {"uv": [2, 7, 5, 4], "texture": "#plant"}
			}
		},
		{
			"from": [5.18853, 9, 8.96],
			"to": [6.98853, 10.8, 10.76],
			"rotation": {"angle": 22.5, "axis": "y", "origin": [6.14, 9, 9.86]},
			"faces": {
				"north": {"uv": [2, 7, 5, 4], "texture": "#plant"},
				"east": {"uv": [5, 7, 2, 4], "texture": "#plant"},
				"south": {"uv": [2, 4, 5, 7], "texture": "#plant"},
				"west": {"uv": [5, 4, 2, 7], "texture": "#plant"},
				"up": {"uv": [2, 7, 5, 4], "texture": "#plant"},
				"down": {"uv": [5, 7, 2, 4], "texture": "#plant"}
			}
		},
		{
			"from": [4.94, 8.4, 5.84],
			"to": [6.74, 10.2, 7.64],
			"rotation": {"angle": -45, "axis": "y", "origin": [6.74, 8.4, 6.74]},
			"faces": {
				"north": {"uv": [5, 4, 2, 7], "texture": "#plant"},
				"east": {"uv": [2, 7, 5, 4], "texture": "#plant"},
				"south": {"uv": [5, 7, 2, 4], "texture": "#plant"},
				"west": {"uv": [2, 4, 5, 7], "texture": "#plant"},
				"up": {"uv": [2, 4, 5, 7], "texture": "#plant"},
				"down": {"uv": [5, 4, 2, 7], "texture": "#plant"}
			}
		},
		{
			"from": [7.16, 10.2, 7.46],
			"to": [8.99, 12, 9.32],
			"rotation": {"angle": 0, "axis": "y", "origin": [8, 10.2, 8.3]},
			"faces": {
				"north": {"uv": [7, 4, 10, 1], "texture": "#plant"},
				"east": {"uv": [10, 4, 7, 1], "texture": "#plant"},
				"south": {"uv": [7, 1, 10, 4], "texture": "#plant"},
				"west": {"uv": [10, 1, 7, 4], "texture": "#plant"},
				"up": {"uv": [7, 1, 10, 4], "rotation": 270, "texture": "#plant"},
				"down": {"uv": [10, 1, 7, 4], "rotation": 90, "texture": "#plant"}
			}
		}
	],
	"groups": [
		0,
		1,
		2,
		3,
		4,
		{
			"name": "The Roots",
			"origin": [8, 12, 8.5],
			"color": 0,
			"children": [5, 6, 7, 8, 9, 10, 11]
		}
	]
}