{
	"format_version": "1.21.6",
	"credit": "Made with Blockbench",
	"ambientocclusion": false,
	"textures": {
		"3": "block/poppy_block",
		"particle": "block/flower_pot",
		"flowerpot": "block/flower_pot",
		"dirt": "block/dirt"
	},
	"elements": [
		{
			"from": [5, 0, 5],
			"to": [6, 6, 11],
			"faces": {
				"north": {"uv": [10, 10, 11, 16], "texture": "#flowerpot"},
				"east": {"uv": [5, 10, 11, 16], "texture": "#flowerpot"},
				"south": {"uv": [5, 10, 6, 16], "texture": "#flowerpot"},
				"west": {"uv": [5, 10, 11, 16], "texture": "#flowerpot"},
				"up": {"uv": [5, 5, 6, 11], "texture": "#flowerpot"},
				"down": {"uv": [5, 5, 6, 11], "texture": "#flowerpot", "cullface": "down"}
			}
		},
		{
			"from": [10, 0, 5],
			"to": [11, 6, 11],
			"faces": {
				"north": {"uv": [5, 10, 6, 16], "texture": "#flowerpot"},
				"east": {"uv": [5, 10, 11, 16], "texture": "#flowerpot"},
				"south": {"uv": [10, 10, 11, 16], "texture": "#flowerpot"},
				"west": {"uv": [5, 10, 11, 16], "texture": "#flowerpot"},
				"up": {"uv": [10, 5, 11, 11], "texture": "#flowerpot"},
				"down": {"uv": [10, 5, 11, 11], "texture": "#flowerpot", "cullface": "down"}
			}
		},
		{
			"from": [6, 0, 5],
			"to": [10, 6, 6],
			"faces": {
				"north": {"uv": [6, 10, 10, 16], "texture": "#flowerpot"},
				"south": {"uv": [6, 10, 10, 16], "texture": "#flowerpot"},
				"up": {"uv": [6, 5, 10, 6], "texture": "#flowerpot"},
				"down": {"uv": [6, 10, 10, 11], "texture": "#flowerpot", "cullface": "down"}
			}
		},
		{
			"from": [6, 0, 10],
			"to": [10, 6, 11],
			"faces": {
				"north": {"uv": [6, 10, 10, 16], "texture": "#flowerpot"},
				"south": {"uv": [6, 10, 10, 16], "texture": "#flowerpot"},
				"up": {"uv": [6, 10, 10, 11], "texture": "#flowerpot"},
				"down": {"uv": [6, 5, 10, 6], "texture": "#flowerpot", "cullface": "down"}
			}
		},
		{
			"from": [6, 0, 6],
			"to": [10, 4, 10],
			"faces": {
				"up": {"uv": [6, 6, 10, 10], "texture": "#dirt"},
				"down": {"uv": [6, 12, 10, 16], "texture": "#flowerpot", "cullface": "down"}
			}
		},
		{
			"from": [2.96, 3.5574, 8],
			"to": [13.04, 9.1574, 8],
			"shade": false,
			"rotation": {"angle": 45, "axis": "y", "origin": [8, 9.1574, 8], "rescale": true},
			"faces": {
				"north": {"uv": [0, 9, 16, 16], "texture": "#3"},
				"south": {"uv": [0, 9, 16, 16], "texture": "#3"}
			}
		},
		{
			"from": [8, 3.5574, 2.96],
			"to": [8, 9.1574, 13.04],
			"shade": false,
			"rotation": {"angle": 45, "axis": "y", "origin": [8, 9.1574, 8], "rescale": true},
			"faces": {
				"east": {"uv": [0, 9, 16, 16], "texture": "#3"},
				"west": {"uv": [0, 9, 16, 16], "texture": "#3"}
			}
		},
		{
			"from": [6.6, 9.1574, 8],
			"to": [9.4, 9.1574, 10.45],
			"rotation": {"angle": -22.5, "axis": "x", "origin": [8, 9.1574, 8]},
			"faces": {
				"up": {"uv": [8, 6, 11, 9], "rotation": 90, "texture": "#3"},
				"down": {"uv": [8, 6, 11, 8], "rotation": 90, "texture": "#3"}
			}
		},
		{
			"from": [6.6, 9.1574, 5.55],
			"to": [9.4, 9.1574, 8],
			"rotation": {"angle": 22.5, "axis": "x", "origin": [8, 9.1574, 8]},
			"faces": {
				"up": {"uv": [11, 6, 8, 9], "rotation": 90, "texture": "#3"},
				"down": {"uv": [11, 6, 8, 8], "rotation": 90, "texture": "#3"}
			}
		},
		{
			"from": [8, 9.1574, 6.6],
			"to": [10.45, 9.1574, 9.4],
			"rotation": {"angle": 22.5, "axis": "z", "origin": [8, 9.1574, 8]},
			"faces": {
				"up": {"uv": [11, 6, 8, 9], "rotation": 180, "texture": "#3"},
				"down": {"uv": [11, 6, 8, 8], "texture": "#3"}
			}
		},
		{
			"from": [5.55, 9.1574, 6.6],
			"to": [8, 9.1574, 9.4],
			"rotation": {"angle": -22.5, "axis": "z", "origin": [8, 9.1574, 8]},
			"faces": {
				"up": {"uv": [8, 6, 11, 9], "rotation": 180, "texture": "#3"},
				"down": {"uv": [8, 6, 11, 8], "texture": "#3"}
			}
		},
		{
			"from": [7.65, 9.2974, 7.65],
			"to": [8.35, 9.8574, 8.35],
			"rotation": {"angle": 0, "axis": "y", "origin": [7.3, 9.1574, 7.3]},
			"faces": {
				"north": {"uv": [7, 7, 8, 8], "texture": "#3"},
				"east": {"uv": [7, 7, 8, 8], "texture": "#3"},
				"south": {"uv": [7, 7, 8, 8], "texture": "#3"},
				"west": {"uv": [7, 7, 8, 8], "texture": "#3"},
				"up": {"uv": [7, 7, 8, 8], "texture": "#3"},
				"down": {"uv": [7, 7, 8, 8], "texture": "#3"}
			}
		},
		{
			"from": [7.475, 9.3674, 8.665],
			"to": [8.525, 10.0324, 8.665],
			"rotation": {"angle": -22.5, "axis": "x", "origin": [8, 9.1574, 8.665]},
			"faces": {
				"north": {"uv": [6, 1, 1, 6], "rotation": 90, "texture": "#3"},
				"south": {"uv": [6, 1, 1, 6], "rotation": 90, "texture": "#3"}
			}
		},
		{
			"from": [7.475, 9.3674, 7.335],
			"to": [8.525, 10.0324, 7.335],
			"rotation": {"angle": 22.5, "axis": "x", "origin": [8, 9.1574, 7.335]},
			"faces": {
				"north": {"uv": [6, 6, 1, 1], "rotation": 90, "texture": "#3"},
				"south": {"uv": [6, 6, 1, 1], "rotation": 90, "texture": "#3"}
			}
		},
		{
			"from": [8.53163, 9.50532, 7.475],
			"to": [8.53163, 10.17032, 8.525],
			"rotation": {"angle": 22.5, "axis": "z", "origin": [8.945, 9.5616, 8]},
			"faces": {
				"east": {"uv": [6, 6, 1, 1], "rotation": 90, "texture": "#3"},
				"west": {"uv": [6, 6, 1, 1], "rotation": 90, "texture": "#3"}
			}
		},
		{
			"from": [7.46837, 9.50532, 7.475],
			"to": [7.46837, 10.17032, 8.525],
			"rotation": {"angle": -22.5, "axis": "z", "origin": [7.055, 9.5616, 8]},
			"faces": {
				"east": {"uv": [6, 1, 1, 6], "rotation": 90, "texture": "#3"},
				"west": {"uv": [6, 1, 1, 6], "rotation": 90, "texture": "#3"}
			}
		},
		{
			"from": [5.55, 9.3324, 6.6],
			"to": [8, 9.3324, 9.4],
			"rotation": {"angle": -45, "axis": "y", "origin": [8, 9.3324, 8]},
			"faces": {
				"up": {"uv": [8, 6, 11, 9], "rotation": 180, "texture": "#3"},
				"down": {"uv": [8, 6, 11, 8], "texture": "#3"}
			}
		},
		{
			"from": [6.6, 9.3674, 5.55],
			"to": [9.4, 9.3674, 8],
			"rotation": {"angle": -45, "axis": "y", "origin": [8, 9.3674, 8]},
			"faces": {
				"up": {"uv": [11, 6, 8, 9], "rotation": 90, "texture": "#3"},
				"down": {"uv": [11, 6, 8, 8], "rotation": 90, "texture": "#3"}
			}
		},
		{
			"from": [8, 9.4374, 6.6],
			"to": [10.45, 9.4374, 9.4],
			"rotation": {"angle": -45, "axis": "y", "origin": [8, 9.4374, 8]},
			"faces": {
				"up": {"uv": [11, 6, 8, 9], "rotation": 180, "texture": "#3"},
				"down": {"uv": [11, 6, 8, 8], "texture": "#3"}
			}
		},
		{
			"from": [6.6, 9.4024, 8],
			"to": [9.4, 9.4024, 10.45],
			"rotation": {"angle": -45, "axis": "y", "origin": [8, 9.4024, 8]},
			"faces": {
				"up": {"uv": [8, 6, 11, 9], "rotation": 90, "texture": "#3"},
				"down": {"uv": [8, 6, 11, 8], "rotation": 90, "texture": "#3"}
			}
		}
	],
	"groups": [
		0,
		1,
		2,
		3,
		4,
		{
			"name": "Poppy",
			"origin": [8, 8.35, 8],
			"color": 0,
			"children": [5, 6, 7, 8, 9, 10, 11, 12, 13, 14, 15, 16, 17, 18, 19]
		}
	]
}