{
	"format_version": "1.21.6",
	"credit": "Made with Blockbench",
	"ambientocclusion": false,
	"textures": {
		"particle": "block/flower_pot",
		"flowerpot": "block/flower_pot",
		"dirt": "block/dirt",
		"plant": "block/warped_fungus",
		"plant_top": "block/warped_fungus_top"
	},
	"elements": [
		{
			"from": [5, 0, 5],
			"to": [6, 6, 11],
			"faces": {
				"north": {"uv": [10, 10, 11, 16], "texture": "#flowerpot"},
				"east": {"uv": [5, 10, 11, 16], "texture": "#flowerpot"},
				"south": {"uv": [5, 10, 6, 16], "texture": "#flowerpot"},
				"west": {"uv": [5, 10, 11, 16], "texture": "#flowerpot"},
				"up": {"uv": [5, 5, 6, 11], "texture": "#flowerpot"},
				"down": {"uv": [5, 5, 6, 11], "texture": "#flowerpot", "cullface": "down"}
			}
		},
		{
			"from": [10, 0, 5],
			"to": [11, 6, 11],
			"faces": {
				"north": {"uv": [5, 10, 6, 16], "texture": "#flowerpot"},
				"east": {"uv": [5, 10, 11, 16], "texture": "#flowerpot"},
				"south": {"uv": [10, 10, 11, 16], "texture": "#flowerpot"},
				"west": {"uv": [5, 10, 11, 16], "texture": "#flowerpot"},
				"up": {"uv": [10, 5, 11, 11], "texture": "#flowerpot"},
				"down": {"uv": [10, 5, 11, 11], "texture": "#flowerpot", "cullface": "down"}
			}
		},
		{
			"from": [6, 0, 5],
			"to": [10, 6, 6],
			"faces": {
				"north": {"uv": [6, 10, 10, 16], "texture": "#flowerpot"},
				"south": {"uv": [6, 10, 10, 16], "texture": "#flowerpot"},
				"up": {"uv": [6, 5, 10, 6], "texture": "#flowerpot"},
				"down": {"uv": [6, 10, 10, 11], "texture": "#flowerpot", "cullface": "down"}
			}
		},
		{
			"from": [6, 0, 10],
			"to": [10, 6, 11],
			"faces": {
				"north": {"uv": [6, 10, 10, 16], "texture": "#flowerpot"},
				"south": {"uv": [6, 10, 10, 16], "texture": "#flowerpot"},
				"up": {"uv": [6, 10, 10, 11], "texture": "#flowerpot"},
				"down": {"uv": [6, 5, 10, 6], "texture": "#flowerpot", "cullface": "down"}
			}
		},
		{
			"from": [6, 0, 6],
			"to": [10, 4, 10],
			"faces": {
				"up": {"uv": [6, 6, 10, 10], "texture": "#dirt"},
				"down": {"uv": [6, 12, 10, 16], "texture": "#flowerpot", "cullface": "down"}
			}
		},
		{
			"from": [7.25, 3.9375, 7.25],
			"to": [8.75, 7.6875, 8.75],
			"rotation": {"angle": 0, "axis": "y", "origin": [7.25, 3.9375, 7.25]},
			"faces": {
				"north": {"uv": [7, 11, 9, 16], "texture": "#plant"},
				"east": {"uv": [7, 11, 9, 16], "texture": "#plant"},
				"south": {"uv": [7, 11, 9, 16], "texture": "#plant"},
				"west": {"uv": [7, 11, 9, 16], "texture": "#plant"},
				"up": {"uv": [7, 11, 9, 13], "texture": "#plant"},
				"down": {"uv": [7, 14, 9, 16], "texture": "#plant"}
			}
		},
		{
			"from": [4.25, 7.6875, 4.25],
			"to": [11.75, 10.6875, 11.75],
			"rotation": {"angle": 0, "axis": "y", "origin": [7.25, 7.6875, 7.25]},
			"faces": {
				"north": {"uv": [3, 7, 13, 11], "texture": "#plant"},
				"east": {"uv": [3, 7, 13, 11], "texture": "#plant"},
				"south": {"uv": [3, 7, 13, 11], "texture": "#plant"},
				"west": {"uv": [3, 7, 13, 11], "texture": "#plant"},
				"up": {"uv": [6, 0, 16, 10], "texture": "#plant_top"},
				"down": {"uv": [11, 11, 16, 16], "texture": "#plant_top"}
			}
		}
	]
}