{
	"format_version": "1.21.6",
	"credit": "Made with Blockbench",
	"ambientocclusion": false,
	"textures": {
		"2": "block/crimson_fungus",
		"3": "block/crimson_fungus_top",
		"particle": "block/flower_pot",
		"flowerpot": "block/flower_pot",
		"dirt": "block/dirt"
	},
	"elements": [
		{
			"from": [5, 0, 5],
			"to": [6, 6, 11],
			"faces": {
				"north": {"uv": [10, 10, 11, 16], "texture": "#flowerpot"},
				"east": {"uv": [5, 10, 11, 16], "texture": "#flowerpot"},
				"south": {"uv": [5, 10, 6, 16], "texture": "#flowerpot"},
				"west": {"uv": [5, 10, 11, 16], "texture": "#flowerpot"},
				"up": {"uv": [5, 5, 6, 11], "texture": "#flowerpot"},
				"down": {"uv": [5, 5, 6, 11], "texture": "#flowerpot", "cullface": "down"}
			}
		},
		{
			"from": [10, 0, 5],
			"to": [11, 6, 11],
			"faces": {
				"north": {"uv": [5, 10, 6, 16], "texture": "#flowerpot"},
				"east": {"uv": [5, 10, 11, 16], "texture": "#flowerpot"},
				"south": {"uv": [10, 10, 11, 16], "texture": "#flowerpot"},
				"west": {"uv": [5, 10, 11, 16], "texture": "#flowerpot"},
				"up": {"uv": [10, 5, 11, 11], "texture": "#flowerpot"},
				"down": {"uv": [10, 5, 11, 11], "texture": "#flowerpot", "cullface": "down"}
			}
		},
		{
			"from": [6, 0, 5],
			"to": [10, 6, 6],
			"faces": {
				"north": {"uv": [6, 10, 10, 16], "texture": "#flowerpot"},
				"south": {"uv": [6, 10, 10, 16], "texture": "#flowerpot"},
				"up": {"uv": [6, 5, 10, 6], "texture": "#flowerpot"},
				"down": {"uv": [6, 10, 10, 11], "texture": "#flowerpot", "cullface": "down"}
			}
		},
		{
			"from": [6, 0, 10],
			"to": [10, 6, 11],
			"faces": {
				"north": {"uv": [6, 10, 10, 16], "texture": "#flowerpot"},
				"south": {"uv": [6, 10, 10, 16], "texture": "#flowerpot"},
				"up": {"uv": [6, 10, 10, 11], "texture": "#flowerpot"},
				"down": {"uv": [6, 5, 10, 6], "texture": "#flowerpot", "cullface": "down"}
			}
		},
		{
			"from": [6, 0, 6],
			"to": [10, 4, 10],
			"faces": {
				"up": {"uv": [6, 6, 10, 10], "texture": "#dirt"},
				"down": {"uv": [6, 12, 10, 16], "texture": "#flowerpot", "cullface": "down"}
			}
		},
		{
			"from": [7.25, 4.25, 7.25],
			"to": [8.75, 8, 8.75],
			"rotation": {"angle": 0, "axis": "y", "origin": [7.25, 4.25, 7.25]},
			"faces": {
				"north": {"uv": [7, 11, 9, 16], "texture": "#2"},
				"east": {"uv": [7, 11, 9, 16], "texture": "#2"},
				"south": {"uv": [7, 11, 9, 16], "texture": "#2"},
				"west": {"uv": [7, 11, 9, 16], "texture": "#2"},
				"up": {"uv": [7, 11, 9, 13], "texture": "#2"},
				"down": {"uv": [7, 11, 9, 13], "texture": "#2"}
			}
		},
		{
			"from": [5, 8, 5],
			"to": [11, 8.75, 11],
			"rotation": {"angle": 0, "axis": "y", "origin": [7.25, 8, 7.25]},
			"faces": {
				"north": {"uv": [4, 10, 12, 11], "texture": "#2"},
				"east": {"uv": [4, 10, 12, 11], "texture": "#2"},
				"south": {"uv": [4, 10, 12, 11], "texture": "#2"},
				"west": {"uv": [4, 10, 12, 11], "texture": "#2"},
				"up": {"uv": [6, 11, 11, 16], "texture": "#2"},
				"down": {"uv": [11, 11, 16, 16], "texture": "#3"}
			}
		},
		{
			"from": [4.25, 8.75, 4.25],
			"to": [11.75, 10.25, 11.75],
			"rotation": {"angle": 0, "axis": "y", "origin": [7.25, 8.75, 7.25]},
			"faces": {
				"north": {"uv": [3, 8, 13, 10], "texture": "#2"},
				"east": {"uv": [3, 8, 13, 10], "texture": "#2"},
				"south": {"uv": [3, 8, 13, 10], "texture": "#2"},
				"west": {"uv": [3, 8, 13, 10], "texture": "#2"},
				"up": {"uv": [6, 0, 16, 10], "texture": "#3"},
				"down": {"uv": [3, 10, 13, 8], "texture": "#3"}
			}
		},
		{
			"from": [5.75, 10.25, 5.75],
			"to": [10.25, 12.5, 10.25],
			"rotation": {"angle": 0, "axis": "y", "origin": [7.25, 8.75, 7.25]},
			"faces": {
				"north": {"uv": [11, 5, 5, 8], "texture": "#2"},
				"east": {"uv": [5, 5, 11, 8], "texture": "#2"},
				"south": {"uv": [11, 5, 5, 8], "texture": "#2"},
				"west": {"uv": [5, 5, 11, 8], "texture": "#2"},
				"up": {"uv": [5, 5, 11, 11], "texture": "#2"},
				"down": {"uv": [11, 16, 16, 11], "texture": "#2"}
			}
		},
		{
			"from": [6.5, 12.5, 6.5],
			"to": [9.5, 13.25, 9.5],
			"rotation": {"angle": 0, "axis": "y", "origin": [7.25, 8.75, 7.25]},
			"faces": {
				"north": {"uv": [10, 4, 6, 5], "texture": "#2"},
				"east": {"uv": [6, 4, 10, 5], "texture": "#2"},
				"south": {"uv": [10, 4, 6, 5], "texture": "#2"},
				"west": {"uv": [6, 4, 10, 5], "texture": "#2"},
				"up": {"uv": [4, 0, 0, 4], "texture": "#3"},
				"down": {"uv": [15.5, 11.5, 11.5, 15.5], "texture": "#2"}
			}
		}
	]
}