{
	"format_version": "1.21.6",
	"credit": "Made with Blockbench",
	"ambientocclusion": false,
	"textures": {
		"3": "block/mushroom_stem",
		"4": "block/brown_mushroom_block",
		"5": "block/mushroom_inside",
		"particle": "block/flower_pot",
		"flowerpot": "block/flower_pot",
		"dirt": "block/dirt"
	},
	"elements": [
		{
			"from": [5, 0, 5],
			"to": [6, 6, 11],
			"faces": {
				"north": {"uv": [10, 10, 11, 16], "texture": "#flowerpot"},
				"east": {"uv": [5, 10, 11, 16], "texture": "#flowerpot"},
				"south": {"uv": [5, 10, 6, 16], "texture": "#flowerpot"},
				"west": {"uv": [5, 10, 11, 16], "texture": "#flowerpot"},
				"up": {"uv": [5, 5, 6, 11], "texture": "#flowerpot"},
				"down": {"uv": [5, 5, 6, 11], "texture": "#flowerpot", "cullface": "down"}
			}
		},
		{
			"from": [10, 0, 5],
			"to": [11, 6, 11],
			"faces": {
				"north": {"uv": [5, 10, 6, 16], "texture": "#flowerpot"},
				"east": {"uv": [5, 10, 11, 16], "texture": "#flowerpot"},
				"south": {"uv": [10, 10, 11, 16], "texture": "#flowerpot"},
				"west": {"uv": [5, 10, 11, 16], "texture": "#flowerpot"},
				"up": {"uv": [10, 5, 11, 11], "texture": "#flowerpot"},
				"down": {"uv": [10, 5, 11, 11], "texture": "#flowerpot", "cullface": "down"}
			}
		},
		{
			"from": [6, 0, 5],
			"to": [10, 6, 6],
			"faces": {
				"north": {"uv": [6, 10, 10, 16], "texture": "#flowerpot"},
				"south": {"uv": [6, 10, 10, 16], "texture": "#flowerpot"},
				"up": {"uv": [6, 5, 10, 6], "texture": "#flowerpot"},
				"down": {"uv": [6, 10, 10, 11], "texture": "#flowerpot", "cullface": "down"}
			}
		},
		{
			"from": [6, 0, 10],
			"to": [10, 6, 11],
			"faces": {
				"north": {"uv": [6, 10, 10, 16], "texture": "#flowerpot"},
				"south": {"uv": [6, 10, 10, 16], "texture": "#flowerpot"},
				"up": {"uv": [6, 10, 10, 11], "texture": "#flowerpot"},
				"down": {"uv": [6, 5, 10, 6], "texture": "#flowerpot", "cullface": "down"}
			}
		},
		{
			"from": [6, 0, 6],
			"to": [10, 4, 10],
			"faces": {
				"up": {"uv": [6, 6, 10, 10], "texture": "#dirt"},
				"down": {"uv": [6, 12, 10, 16], "texture": "#flowerpot", "cullface": "down"}
			}
		},
		{
			"from": [7.25, 3.9375, 7.25],
			"to": [8.75, 7.4375, 8.75],
			"rotation": {"angle": 0, "axis": "y", "origin": [7.25, 4.4375, 7.25]},
			"faces": {
				"north": {"uv": [7, 12, 9, 16], "texture": "#3"},
				"east": {"uv": [9, 12, 7, 16], "texture": "#3"},
				"south": {"uv": [7, 12, 9, 16], "texture": "#3"},
				"west": {"uv": [9, 12, 7, 16], "texture": "#3"},
				"up": {"uv": [7, 12, 9, 14], "texture": "#missing"},
				"down": {"uv": [7, 14, 9, 16], "texture": "#missing"}
			}
		},
		{
			"from": [5, 7.4375, 5],
			"to": [11, 9.6875, 11],
			"rotation": {"angle": 0, "axis": "y", "origin": [7.25, 7.4375, 7.25]},
			"faces": {
				"north": {"uv": [4, 9, 12, 12], "texture": "#4"},
				"east": {"uv": [4, 9, 12, 12], "texture": "#4"},
				"south": {"uv": [4, 9, 12, 12], "texture": "#4"},
				"west": {"uv": [4, 9, 12, 12], "texture": "#4"},
				"up": {"uv": [4, 4, 12, 12], "texture": "#4"},
				"down": {"uv": [4, 4, 12, 12], "texture": "#5"}
			}
		}
	]
}