{
	"format_version": "1.21.6",
	"credit": "Made with Blockbench",
	"ambientocclusion": false,
	"textures": {
		"3": "block/cornflower_block",
		"particle": "block/flower_pot",
		"flowerpot": "block/flower_pot",
		"dirt": "block/dirt"
	},
	"elements": [
		{
			"from": [5, 0, 5],
			"to": [6, 6, 11],
			"faces": {
				"north": {"uv": [10, 10, 11, 16], "texture": "#flowerpot"},
				"east": {"uv": [5, 10, 11, 16], "texture": "#flowerpot"},
				"south": {"uv": [5, 10, 6, 16], "texture": "#flowerpot"},
				"west": {"uv": [5, 10, 11, 16], "texture": "#flowerpot"},
				"up": {"uv": [5, 5, 6, 11], "texture": "#flowerpot"},
				"down": {"uv": [5, 5, 6, 11], "texture": "#flowerpot", "cullface": "down"}
			}
		},
		{
			"from": [10, 0, 5],
			"to": [11, 6, 11],
			"faces": {
				"north": {"uv": [5, 10, 6, 16], "texture": "#flowerpot"},
				"east": {"uv": [5, 10, 11, 16], "texture": "#flowerpot"},
				"south": {"uv": [10, 10, 11, 16], "texture": "#flowerpot"},
				"west": {"uv": [5, 10, 11, 16], "texture": "#flowerpot"},
				"up": {"uv": [10, 5, 11, 11], "texture": "#flowerpot"},
				"down": {"uv": [10, 5, 11, 11], "texture": "#flowerpot", "cullface": "down"}
			}
		},
		{
			"from": [6, 0, 5],
			"to": [10, 6, 6],
			"faces": {
				"north": {"uv": [6, 10, 10, 16], "texture": "#flowerpot"},
				"south": {"uv": [6, 10, 10, 16], "texture": "#flowerpot"},
				"up": {"uv": [6, 5, 10, 6], "texture": "#flowerpot"},
				"down": {"uv": [6, 10, 10, 11], "texture": "#flowerpot", "cullface": "down"}
			}
		},
		{
			"from": [6, 0, 10],
			"to": [10, 6, 11],
			"faces": {
				"north": {"uv": [6, 10, 10, 16], "texture": "#flowerpot"},
				"south": {"uv": [6, 10, 10, 16], "texture": "#flowerpot"},
				"up": {"uv": [6, 10, 10, 11], "texture": "#flowerpot"},
				"down": {"uv": [6, 5, 10, 6], "texture": "#flowerpot", "cullface": "down"}
			}
		},
		{
			"from": [6, 0, 6],
			"to": [10, 4, 10],
			"faces": {
				"up": {"uv": [6, 6, 10, 10], "texture": "#dirt"},
				"down": {"uv": [6, 12, 10, 16], "texture": "#flowerpot", "cullface": "down"}
			}
		},
		{
			"from": [2.96, 3.1074, 8],
			"to": [13.04, 10.1074, 8],
			"shade": false,
			"rotation": {"angle": 45, "axis": "y", "origin": [8, 8.7074, 8], "rescale": true},
			"faces": {
				"north": {"uv": [0, 7, 16, 16], "texture": "#3"},
				"east": {"uv": [0, 0, 0, 0], "texture": "#3"},
				"south": {"uv": [0, 7, 16, 16], "texture": "#3"},
				"west": {"uv": [0, 0, 0, 0], "texture": "#3"},
				"up": {"uv": [0, 0, 0, 0], "texture": "#3"},
				"down": {"uv": [0, 0, 0, 0], "texture": "#3"}
			}
		},
		{
			"from": [8, 3.1074, 2.96],
			"to": [8, 10.1074, 13.04],
			"shade": false,
			"rotation": {"angle": 45, "axis": "y", "origin": [8, 8.7074, 8], "rescale": true},
			"faces": {
				"north": {"uv": [0, 0, 0, 0], "texture": "#3"},
				"east": {"uv": [0, 7, 16, 16], "texture": "#3"},
				"south": {"uv": [0, 0, 0, 0], "texture": "#3"},
				"west": {"uv": [0, 7, 16, 16], "texture": "#3"},
				"up": {"uv": [0, 0, 0, 0], "texture": "#3"},
				"down": {"uv": [0, 0, 0, 0], "texture": "#3"}
			}
		},
		{
			"from": [6.6, 10.1074, 8],
			"to": [9.4, 10.1074, 10.45],
			"rotation": {"angle": -22.5, "axis": "x", "origin": [8, 10.1074, 8]},
			"faces": {
				"north": {"uv": [0, 0, 2, 0], "texture": "#3"},
				"east": {"uv": [0, 0, 3, 0], "texture": "#3"},
				"south": {"uv": [0, 0, 2, 0], "texture": "#3"},
				"west": {"uv": [0, 0, 3, 0], "texture": "#3"},
				"up": {"uv": [7, 4, 11, 7], "texture": "#3"},
				"down": {"uv": [11, 4, 7, 7], "rotation": 180, "texture": "#3"}
			}
		},
		{
			"from": [6.6, 10.1074, 5.55],
			"to": [9.4, 10.1074, 8],
			"rotation": {"angle": 22.5, "axis": "x", "origin": [8, 10.1074, 8]},
			"faces": {
				"north": {"uv": [2, 0, 0, 0], "texture": "#3"},
				"east": {"uv": [3, 0, 0, 0], "texture": "#3"},
				"south": {"uv": [2, 0, 0, 0], "texture": "#3"},
				"west": {"uv": [3, 0, 0, 0], "texture": "#3"},
				"up": {"uv": [11, 7, 7, 4], "texture": "#3"},
				"down": {"uv": [11, 4, 7, 7], "texture": "#3"}
			}
		},
		{
			"from": [5.55, 10.1074, 6.6],
			"to": [8, 10.1074, 9.4],
			"rotation": {"angle": -22.5, "axis": "z", "origin": [8, 10.1074, 8]},
			"faces": {
				"north": {"uv": [0, 0, 3, 0], "texture": "#3"},
				"east": {"uv": [0, 0, 2, 0], "texture": "#3"},
				"south": {"uv": [0, 0, 3, 0], "texture": "#3"},
				"west": {"uv": [0, 0, 2, 0], "texture": "#3"},
				"up": {"uv": [7, 4, 11, 7], "rotation": 90, "texture": "#3"},
				"down": {"uv": [7, 4, 11, 7], "rotation": 90, "texture": "#3"}
			}
		},
		{
			"from": [8, 10.1074, 6.6],
			"to": [10.45, 10.1074, 9.4],
			"rotation": {"angle": 22.5, "axis": "z", "origin": [8, 10.1074, 8]},
			"faces": {
				"north": {"uv": [3, 0, 0, 0], "texture": "#3"},
				"east": {"uv": [2, 0, 0, 0], "texture": "#3"},
				"south": {"uv": [3, 0, 0, 0], "texture": "#3"},
				"west": {"uv": [2, 0, 0, 0], "texture": "#3"},
				"up": {"uv": [11, 7, 7, 4], "rotation": 90, "texture": "#3"},
				"down": {"uv": [7, 7, 11, 4], "rotation": 90, "texture": "#3"}
			}
		},
		{
			"from": [6.6, 10.1074, 5.55],
			"to": [9.4, 10.1074, 8],
			"rotation": {"angle": 0, "axis": "y", "origin": [8, 10.1074, 8]},
			"faces": {
				"north": {"uv": [2, 0, 0, 0], "texture": "#3"},
				"east": {"uv": [3, 0, 0, 0], "texture": "#3"},
				"south": {"uv": [2, 0, 0, 0], "texture": "#3"},
				"west": {"uv": [3, 0, 0, 0], "texture": "#3"},
				"up": {"uv": [7, 7, 11, 4], "texture": "#3"},
				"down": {"uv": [7, 7, 11, 4], "rotation": 180, "texture": "#3"}
			}
		},
		{
			"from": [6.6, 10.1074, 8],
			"to": [9.4, 10.1074, 10.45],
			"rotation": {"angle": 0, "axis": "y", "origin": [8, 10.1074, 8]},
			"faces": {
				"north": {"uv": [0, 0, 2, 0], "texture": "#3"},
				"east": {"uv": [0, 0, 3, 0], "texture": "#3"},
				"south": {"uv": [0, 0, 2, 0], "texture": "#3"},
				"west": {"uv": [0, 0, 3, 0], "texture": "#3"},
				"up": {"uv": [11, 4, 7, 7], "texture": "#3"},
				"down": {"uv": [7, 4, 11, 7], "rotation": 180, "texture": "#3"}
			}
		},
		{
			"from": [8, 10.1424, 6.6],
			"to": [10.45, 10.1424, 9.4],
			"rotation": {"angle": 0, "axis": "y", "origin": [8, 10.1424, 8]},
			"faces": {
				"north": {"uv": [0, 0, 3, 0], "texture": "#3"},
				"east": {"uv": [0, 0, 2, 0], "texture": "#3"},
				"south": {"uv": [0, 0, 3, 0], "texture": "#3"},
				"west": {"uv": [0, 0, 2, 0], "texture": "#3"},
				"up": {"uv": [11, 4, 7, 7], "rotation": 270, "texture": "#3"},
				"down": {"uv": [7, 4, 11, 7], "rotation": 270, "texture": "#3"}
			}
		},
		{
			"from": [5.55, 10.1424, 6.6],
			"to": [8, 10.1424, 9.4],
			"rotation": {"angle": 0, "axis": "y", "origin": [8, 10.1424, 8]},
			"faces": {
				"north": {"uv": [3, 0, 0, 0], "texture": "#3"},
				"east": {"uv": [2, 0, 0, 0], "texture": "#3"},
				"south": {"uv": [3, 0, 0, 0], "texture": "#3"},
				"west": {"uv": [2, 0, 0, 0], "texture": "#3"},
				"up": {"uv": [7, 7, 11, 4], "rotation": 270, "texture": "#3"},
				"down": {"uv": [7, 7, 11, 4], "rotation": 270, "texture": "#3"}
			}
		},
		{
			"from": [7.46837, 10.45532, 7.475],
			"to": [7.46837, 11.12032, 8.525],
			"rotation": {"angle": -22.5, "axis": "z", "origin": [7.055, 10.5116, 8]},
			"faces": {
				"north": {"uv": [3, 0, 0, 0], "rotation": 90, "texture": "#3"},
				"east": {"uv": [6, 1, 1, 6], "rotation": 90, "texture": "#3"},
				"south": {"uv": [3, 0, 0, 0], "rotation": 270, "texture": "#3"},
				"west": {"uv": [6, 1, 1, 6], "rotation": 90, "texture": "#3"},
				"up": {"uv": [2, 0, 0, 0], "rotation": 270, "texture": "#3"},
				"down": {"uv": [2, 0, 0, 0], "rotation": 270, "texture": "#3"}
			}
		},
		{
			"from": [7.475, 10.3174, 7.335],
			"to": [8.525, 10.9824, 7.335],
			"rotation": {"angle": 22.5, "axis": "x", "origin": [8, 10.1074, 7.335]},
			"faces": {
				"north": {"uv": [6, 6, 1, 1], "rotation": 90, "texture": "#3"},
				"east": {"uv": [3, 0, 0, 0], "rotation": 270, "texture": "#3"},
				"south": {"uv": [6, 6, 1, 1], "rotation": 90, "texture": "#3"},
				"west": {"uv": [3, 0, 0, 0], "rotation": 90, "texture": "#3"},
				"up": {"uv": [2, 0, 0, 0], "rotation": 180, "texture": "#3"},
				"down": {"uv": [2, 0, 0, 0], "texture": "#3"}
			}
		},
		{
			"from": [8.53163, 10.45532, 7.475],
			"to": [8.53163, 11.12032, 8.525],
			"rotation": {"angle": 22.5, "axis": "z", "origin": [8.945, 10.5116, 8]},
			"faces": {
				"north": {"uv": [3, 0, 0, 0], "rotation": 90, "texture": "#3"},
				"east": {"uv": [6, 6, 1, 1], "rotation": 90, "texture": "#3"},
				"south": {"uv": [3, 0, 0, 0], "rotation": 270, "texture": "#3"},
				"west": {"uv": [6, 6, 1, 1], "rotation": 90, "texture": "#3"},
				"up": {"uv": [2, 0, 0, 0], "rotation": 270, "texture": "#3"},
				"down": {"uv": [2, 0, 0, 0], "rotation": 270, "texture": "#3"}
			}
		},
		{
			"from": [7.475, 10.3174, 8.665],
			"to": [8.525, 10.9824, 8.665],
			"rotation": {"angle": -22.5, "axis": "x", "origin": [8, 10.1074, 8.665]},
			"faces": {
				"north": {"uv": [6, 1, 1, 6], "rotation": 90, "texture": "#3"},
				"east": {"uv": [3, 0, 0, 0], "rotation": 270, "texture": "#3"},
				"south": {"uv": [6, 1, 1, 6], "rotation": 90, "texture": "#3"},
				"west": {"uv": [3, 0, 0, 0], "rotation": 90, "texture": "#3"},
				"up": {"uv": [2, 0, 0, 0], "rotation": 180, "texture": "#3"},
				"down": {"uv": [2, 0, 0, 0], "texture": "#3"}
			}
		}
	],
	"groups": [
		0,
		1,
		2,
		3,
		4,
		{
			"name": "Poppy",
			"origin": [8, 8.35, 8],
			"color": 0,
			"children": [
				5,
				6,
				{
					"name": "The Angled Planes",
					"origin": [8, 10, 8],
					"color": 0,
					"children": [7, 8, 9, 10]
				},
				{
					"name": "The Flat Planes",
					"origin": [8, 10.05, 8],
					"color": 0,
					"children": [11, 12, 13, 14]
				},
				{
					"name": "The thingies",
					"origin": [8, 10, 8.95],
					"color": 0,
					"children": [15, 16, 17, 18]
				}
			]
		}
	]
}