{
	"format_version": "1.21.6",
	"credit": "Made with Blockbench",
	"ambientocclusion": false,
	"textures": {
		"3": "block/oxeye_daisy_block",
		"4": "block/flower_center_checker",
		"particle": "block/flower_pot",
		"flowerpot": "block/flower_pot",
		"dirt": "block/dirt"
	},
	"elements": [
		{
			"from": [5, 0, 5],
			"to": [6, 6, 11],
			"faces": {
				"north": {"uv": [10, 10, 11, 16], "texture": "#flowerpot"},
				"east": {"uv": [5, 10, 11, 16], "texture": "#flowerpot"},
				"south": {"uv": [5, 10, 6, 16], "texture": "#flowerpot"},
				"west": {"uv": [5, 10, 11, 16], "texture": "#flowerpot"},
				"up": {"uv": [5, 5, 6, 11], "texture": "#flowerpot"},
				"down": {"uv": [5, 5, 6, 11], "texture": "#flowerpot", "cullface": "down"}
			}
		},
		{
			"from": [10, 0, 5],
			"to": [11, 6, 11],
			"faces": {
				"north": {"uv": [5, 10, 6, 16], "texture": "#flowerpot"},
				"east": {"uv": [5, 10, 11, 16], "texture": "#flowerpot"},
				"south": {"uv": [10, 10, 11, 16], "texture": "#flowerpot"},
				"west": {"uv": [5, 10, 11, 16], "texture": "#flowerpot"},
				"up": {"uv": [10, 5, 11, 11], "texture": "#flowerpot"},
				"down": {"uv": [10, 5, 11, 11], "texture": "#flowerpot", "cullface": "down"}
			}
		},
		{
			"from": [6, 0, 5],
			"to": [10, 6, 6],
			"faces": {
				"north": {"uv": [6, 10, 10, 16], "texture": "#flowerpot"},
				"south": {"uv": [6, 10, 10, 16], "texture": "#flowerpot"},
				"up": {"uv": [6, 5, 10, 6], "texture": "#flowerpot"},
				"down": {"uv": [6, 10, 10, 11], "texture": "#flowerpot", "cullface": "down"}
			}
		},
		{
			"from": [6, 0, 10],
			"to": [10, 6, 11],
			"faces": {
				"north": {"uv": [6, 10, 10, 16], "texture": "#flowerpot"},
				"south": {"uv": [6, 10, 10, 16], "texture": "#flowerpot"},
				"up": {"uv": [6, 10, 10, 11], "texture": "#flowerpot"},
				"down": {"uv": [6, 5, 10, 6], "texture": "#flowerpot", "cullface": "down"}
			}
		},
		{
			"from": [6, 0, 6],
			"to": [10, 4, 10],
			"faces": {
				"up": {"uv": [6, 6, 10, 10], "texture": "#dirt"},
				"down": {"uv": [6, 12, 10, 16], "texture": "#flowerpot", "cullface": "down"}
			}
		},
		{
			"from": [5.2, 3.75, 8],
			"to": [10.8, 8.65, 8],
			"rotation": {"angle": -45, "axis": "y", "origin": [8, 3.75, 8]},
			"faces": {
				"north": {"uv": [3.5, 9, 11.5, 16], "texture": "#3"},
				"east": {"uv": [0, 0, 4, 11], "texture": "#3"},
				"south": {"uv": [11.5, 9, 3.5, 16], "texture": "#3"},
				"west": {"uv": [0, 0, 4, 11], "texture": "#3"},
				"up": {"uv": [0, 0, 12, 5], "texture": "#3"},
				"down": {"uv": [0, 0, 12, 5], "texture": "#3"}
			}
		},
		{
			"from": [5.2, 3.75, 8],
			"to": [10.8, 8.65, 8],
			"rotation": {"angle": 45, "axis": "y", "origin": [8, 3.75, 8]},
			"faces": {
				"north": {"uv": [3.5, 9, 11.5, 16], "texture": "#3"},
				"east": {"uv": [0, 0, 4, 15], "texture": "#3"},
				"south": {"uv": [11.5, 9, 3.5, 16], "texture": "#3"},
				"west": {"uv": [0, 0, 4, 15], "texture": "#3"},
				"up": {"uv": [0, 0, 12, 9], "texture": "#3"},
				"down": {"uv": [0, 0, 12, 9], "texture": "#3"}
			}
		},
		{
			"from": [8, 9.035, 7.3],
			"to": [10.45, 9.035, 8.7],
			"rotation": {"angle": 45, "axis": "y", "origin": [8, 9.035, 8]},
			"faces": {
				"north": {"uv": [0, 0, 12, 1], "texture": "#3"},
				"east": {"uv": [0, 0, 6, 1], "texture": "#3"},
				"south": {"uv": [0, 0, 12, 1], "texture": "#3"},
				"west": {"uv": [0, 0, 6, 1], "texture": "#3"},
				"up": {"uv": [16, 14, 12.5, 16], "texture": "#3"},
				"down": {"uv": [16, 14, 12.5, 16], "texture": "#3"}
			}
		},
		{
			"from": [5.55, 9.035, 7.3],
			"to": [8, 9.035, 8.7],
			"rotation": {"angle": 45, "axis": "y", "origin": [8, 9.035, 8]},
			"faces": {
				"north": {"uv": [10, 0, 0, 1], "texture": "#3"},
				"east": {"uv": [5, 0, 0, 1], "texture": "#3"},
				"south": {"uv": [10, 0, 0, 1], "texture": "#3"},
				"west": {"uv": [5, 0, 0, 1], "texture": "#3"},
				"up": {"uv": [12.5, 14, 16, 16], "texture": "#3"},
				"down": {"uv": [12.5, 14, 16, 16], "texture": "#3"}
			}
		},
		{
			"from": [6.95, 8.65, 8],
			"to": [9.05, 8.65, 10.45],
			"rotation": {"angle": -22.5, "axis": "x", "origin": [8, 8.65, 8]},
			"faces": {
				"north": {"uv": [0, 0, 6, 6], "texture": "#3"},
				"east": {"uv": [0, 0, 8, 6], "texture": "#3"},
				"south": {"uv": [0, 0, 6, 6], "texture": "#3"},
				"west": {"uv": [0, 0, 8, 6], "texture": "#3"},
				"up": {"uv": [16, 13, 12.5, 16], "rotation": 90, "texture": "#3"},
				"down": {"uv": [16, 13, 12.5, 16], "rotation": 270, "texture": "#3"}
			}
		},
		{
			"from": [6.95, 8.65, 5.55],
			"to": [9.05, 8.65, 8],
			"rotation": {"angle": 22.5, "axis": "x", "origin": [8, 8.65, 8]},
			"faces": {
				"north": {"uv": [5, 0, 0, 1], "texture": "#3"},
				"east": {"uv": [10, 0, 0, 1], "texture": "#3"},
				"south": {"uv": [5, 0, 0, 1], "texture": "#3"},
				"west": {"uv": [10, 0, 0, 1], "texture": "#3"},
				"up": {"uv": [12.5, 13, 16, 16], "rotation": 90, "texture": "#3"},
				"down": {"uv": [12.5, 13, 16, 16], "rotation": 270, "texture": "#3"}
			}
		},
		{
			"from": [7.3, 8.965, 8],
			"to": [8.7, 8.965, 10.45],
			"rotation": {"angle": 45, "axis": "y", "origin": [8, 8.965, 8]},
			"faces": {
				"north": {"uv": [8, 0, 0, 11], "texture": "#3"},
				"east": {"uv": [10, 0, 0, 11], "texture": "#3"},
				"south": {"uv": [8, 0, 0, 11], "texture": "#3"},
				"west": {"uv": [10, 0, 0, 11], "texture": "#3"},
				"up": {"uv": [12.5, 14, 16, 16], "rotation": 270, "texture": "#3"},
				"down": {"uv": [12.5, 14, 16, 16], "rotation": 90, "texture": "#3"}
			}
		},
		{
			"from": [7.3, 8.965, 5.55],
			"to": [8.7, 8.965, 8],
			"rotation": {"angle": 45, "axis": "y", "origin": [8, 8.965, 8]},
			"faces": {
				"north": {"uv": [0, 0, 7, 7], "texture": "#3"},
				"east": {"uv": [0, 0, 9, 7], "texture": "#3"},
				"south": {"uv": [0, 0, 7, 7], "texture": "#3"},
				"west": {"uv": [0, 0, 9, 7], "texture": "#3"},
				"up": {"uv": [16, 14, 12.5, 16], "rotation": 270, "texture": "#3"},
				"down": {"uv": [16, 14, 12.5, 16], "rotation": 90, "texture": "#3"}
			}
		},
		{
			"from": [5.55, 8.65, 6.95],
			"to": [8, 8.65, 9.05],
			"rotation": {"angle": -22.5, "axis": "z", "origin": [8, 8.65, 8]},
			"faces": {
				"north": {"uv": [0, 0, 13, 1], "texture": "#3"},
				"east": {"uv": [0, 0, 6.5, 1], "texture": "#3"},
				"south": {"uv": [0, 0, 13, 1], "texture": "#3"},
				"west": {"uv": [0, 0, 6.5, 1], "texture": "#3"},
				"up": {"uv": [16, 13, 12.5, 16], "rotation": 180, "texture": "#3"},
				"down": {"uv": [16, 13, 12.5, 16], "rotation": 180, "texture": "#3"}
			}
		},
		{
			"from": [8, 8.65, 6.95],
			"to": [10.45, 8.65, 9.05],
			"rotation": {"angle": 22.5, "axis": "z", "origin": [8, 8.65, 8]},
			"faces": {
				"north": {"uv": [9, 0, 0, 1], "texture": "#3"},
				"east": {"uv": [4.5, 0, 0, 1], "texture": "#3"},
				"south": {"uv": [9, 0, 0, 1], "texture": "#3"},
				"west": {"uv": [4.5, 0, 0, 1], "texture": "#3"},
				"up": {"uv": [12.5, 13, 16, 16], "rotation": 180, "texture": "#3"},
				"down": {"uv": [12.5, 13, 16, 16], "rotation": 180, "texture": "#3"}
			}
		},
		{
			"from": [7.125, 9.021, 7.125],
			"to": [8.875, 9.441, 8.875],
			"rotation": {"angle": 0, "axis": "y", "origin": [7.3, 8.93, 7.3]},
			"faces": {
				"north": {"uv": [9, 4, 6, 5], "texture": "#3"},
				"east": {"uv": [8, 4, 9, 7], "rotation": 90, "texture": "#3"},
				"south": {"uv": [6, 6, 9, 7], "texture": "#3"},
				"west": {"uv": [6, 4, 7, 7], "rotation": 90, "texture": "#3"},
				"up": {"uv": [6, 4, 9, 7], "texture": "#3"},
				"down": {"uv": [6, 4, 9, 7], "texture": "#3"}
			}
		},
		{
			"from": [7.02, 9.091, 7.02],
			"to": [8.98, 9.546, 8.98],
			"rotation": {"angle": 0, "axis": "y", "origin": [7.3, 8.93, 7.3]},
			"faces": {
				"north": {"uv": [9, 4, 6, 5], "texture": "#4"},
				"east": {"uv": [8, 4, 9, 7], "rotation": 90, "texture": "#4"},
				"south": {"uv": [6, 6, 9, 7], "texture": "#4"},
				"west": {"uv": [6, 4, 7, 7], "rotation": 90, "texture": "#4"},
				"up": {"uv": [6, 4, 9, 7], "texture": "#4"},
				"down": {"uv": [6, 4, 9, 7], "texture": "#4"}
			}
		}
	]
}