{
	"format_version": "1.21.6",
	"credit": "Made with Blockbench",
	"ambientocclusion": false,
	"textures": {
		"3": "block/dandelion_block",
		"particle": "block/flower_pot",
		"flowerpot": "block/flower_pot",
		"dirt": "block/dirt"
	},
	"elements": [
		{
			"from": [5, 0, 5],
			"to": [6, 6, 11],
			"faces": {
				"north": {"uv": [10, 10, 11, 16], "texture": "#flowerpot"},
				"east": {"uv": [5, 10, 11, 16], "texture": "#flowerpot"},
				"south": {"uv": [5, 10, 6, 16], "texture": "#flowerpot"},
				"west": {"uv": [5, 10, 11, 16], "texture": "#flowerpot"},
				"up": {"uv": [5, 5, 6, 11], "texture": "#flowerpot"},
				"down": {"uv": [5, 5, 6, 11], "texture": "#flowerpot", "cullface": "down"}
			}
		},
		{
			"from": [10, 0, 5],
			"to": [11, 6, 11],
			"faces": {
				"north": {"uv": [5, 10, 6, 16], "texture": "#flowerpot"},
				"east": {"uv": [5, 10, 11, 16], "texture": "#flowerpot"},
				"south": {"uv": [10, 10, 11, 16], "texture": "#flowerpot"},
				"west": {"uv": [5, 10, 11, 16], "texture": "#flowerpot"},
				"up": {"uv": [10, 5, 11, 11], "texture": "#flowerpot"},
				"down": {"uv": [10, 5, 11, 11], "texture": "#flowerpot", "cullface": "down"}
			}
		},
		{
			"from": [6, 0, 5],
			"to": [10, 6, 6],
			"faces": {
				"north": {"uv": [6, 10, 10, 16], "texture": "#flowerpot"},
				"south": {"uv": [6, 10, 10, 16], "texture": "#flowerpot"},
				"up": {"uv": [6, 5, 10, 6], "texture": "#flowerpot"},
				"down": {"uv": [6, 10, 10, 11], "texture": "#flowerpot", "cullface": "down"}
			}
		},
		{
			"from": [6, 0, 10],
			"to": [10, 6, 11],
			"faces": {
				"north": {"uv": [6, 10, 10, 16], "texture": "#flowerpot"},
				"south": {"uv": [6, 10, 10, 16], "texture": "#flowerpot"},
				"up": {"uv": [6, 10, 10, 11], "texture": "#flowerpot"},
				"down": {"uv": [6, 5, 10, 6], "texture": "#flowerpot", "cullface": "down"}
			}
		},
		{
			"from": [6, 0, 6],
			"to": [10, 4, 10],
			"faces": {
				"up": {"uv": [6, 6, 10, 10], "texture": "#dirt"},
				"down": {"uv": [6, 12, 10, 16], "texture": "#flowerpot", "cullface": "down"}
			}
		},
		{
			"from": [2.96, 3.93, 8],
			"to": [13.04, 9.53, 8],
			"shade": false,
			"rotation": {"angle": 45, "axis": "y", "origin": [8, 9.53, 8], "rescale": true},
			"faces": {
				"north": {"uv": [0, 11, 16, 16], "texture": "#3"},
				"south": {"uv": [0, 11, 16, 16], "texture": "#3"}
			}
		},
		{
			"from": [8, 3.93, 2.96],
			"to": [8, 9.53, 13.04],
			"shade": false,
			"rotation": {"angle": 45, "axis": "y", "origin": [8, 9.53, 8], "rescale": true},
			"faces": {
				"east": {"uv": [0, 11, 16, 16], "texture": "#3"},
				"west": {"uv": [0, 11, 16, 16], "texture": "#3"}
			}
		},
		{
			"from": [6.6, 10.23, 5.2],
			"to": [9.4, 10.23, 7.3],
			"rotation": {"angle": -22.5, "axis": "x", "origin": [8, 10.23, 7.3]},
			"faces": {
				"up": {"uv": [6, 8, 10, 11], "texture": "#3"},
				"down": {"uv": [6, 11, 10, 8], "texture": "#3"}
			}
		},
		{
			"from": [6.6, 10.23, 8.7],
			"to": [9.4, 10.23, 10.8],
			"rotation": {"angle": 22.5, "axis": "x", "origin": [8, 10.23, 8.7]},
			"faces": {
				"up": {"uv": [6, 11, 10, 8], "texture": "#3"},
				"down": {"uv": [6, 8, 10, 11], "texture": "#3"}
			}
		},
		{
			"from": [5.40705, 10.46729, 6.6],
			"to": [7.50705, 10.46729, 9.4],
			"rotation": {"angle": 22.5, "axis": "z", "origin": [8, 9.82818, 8]},
			"faces": {
				"up": {"uv": [6, 11, 10, 8], "rotation": 90, "texture": "#3"},
				"down": {"uv": [6, 8, 10, 11], "rotation": 270, "texture": "#3"}
			}
		},
		{
			"from": [8.49295, 10.46729, 6.6],
			"to": [10.59295, 10.46729, 9.4],
			"rotation": {"angle": -22.5, "axis": "z", "origin": [8, 9.82818, 8]},
			"faces": {
				"up": {"uv": [6, 8, 10, 11], "rotation": 90, "texture": "#3"},
				"down": {"uv": [6, 11, 10, 8], "rotation": 270, "texture": "#3"}
			}
		},
		{
			"from": [6.6, 10.405, 8.7],
			"to": [9.4, 10.405, 10.8],
			"rotation": {"angle": 22.5, "axis": "x", "origin": [8, 10.405, 8.7]},
			"faces": {
				"up": {"uv": [10, 11, 6, 8], "texture": "#3"},
				"down": {"uv": [10, 8, 6, 11], "texture": "#3"}
			}
		},
		{
			"from": [6.6, 10.405, 5.2],
			"to": [9.4, 10.405, 7.3],
			"rotation": {"angle": -22.5, "axis": "x", "origin": [8, 10.405, 7.3]},
			"faces": {
				"up": {"uv": [10, 8, 6, 11], "texture": "#3"},
				"down": {"uv": [10, 11, 6, 8], "texture": "#3"}
			}
		},
		{
			"from": [5.40705, 10.64229, 6.6],
			"to": [7.50705, 10.64229, 9.4],
			"rotation": {"angle": 22.5, "axis": "z", "origin": [8, 10.00318, 8]},
			"faces": {
				"up": {"uv": [10, 11, 6, 8], "rotation": 90, "texture": "#3"},
				"down": {"uv": [10, 8, 6, 11], "rotation": 270, "texture": "#3"}
			}
		},
		{
			"from": [8.49295, 10.64229, 6.6],
			"to": [10.59295, 10.64229, 9.4],
			"rotation": {"angle": -22.5, "axis": "z", "origin": [8, 10.00318, 8]},
			"faces": {
				"up": {"uv": [10, 8, 6, 11], "rotation": 90, "texture": "#3"},
				"down": {"uv": [10, 11, 6, 8], "rotation": 270, "texture": "#3"}
			}
		},
		{
			"from": [7.3, 9.425, 7.3],
			"to": [8.7, 10.265, 8.7],
			"rotation": {"angle": 0, "axis": "y", "origin": [8, 9.705, 8]},
			"faces": {
				"north": {"uv": [7, 0, 9, 1], "texture": "#3"},
				"east": {"uv": [7, 0, 9, 1], "texture": "#3"},
				"south": {"uv": [7, 0, 9, 1], "texture": "#3"},
				"west": {"uv": [7, 0, 9, 1], "texture": "#3"},
				"up": {"uv": [2, 0, 4, 2], "texture": "#3"},
				"down": {"uv": [13, 1, 15, 3], "texture": "#3"}
			}
		},
		{
			"from": [5.9, 9.425, 5.9],
			"to": [10.1, 9.425, 10.1],
			"rotation": {"angle": 0, "axis": "y", "origin": [8, 9.775, 8]},
			"faces": {
				"north": {"uv": [7, 0, 9, 1], "texture": "#3"},
				"east": {"uv": [7, 0, 9, 1], "texture": "#3"},
				"south": {"uv": [7, 0, 9, 1], "texture": "#3"},
				"west": {"uv": [7, 0, 9, 1], "texture": "#3"},
				"up": {"uv": [6, 0, 11, 5], "texture": "#3"},
				"down": {"uv": [11, 0, 16, 5], "texture": "#3"}
			}
		},
		{
			"from": [6.6, 10.37, 6.6],
			"to": [9.4, 10.37, 9.4],
			"rotation": {"angle": 0, "axis": "y", "origin": [8, 10.37, 7.3]},
			"faces": {
				"up": {"uv": [12, 9, 16, 5], "texture": "#3"},
				"down": {"uv": [12, 9, 16, 5], "texture": "#3"}
			}
		}
	],
	"groups": [
		0,
		1,
		2,
		3,
		4,
		{
			"name": "Dandelion",
			"origin": [8, 7.2, 7],
			"color": 0,
			"children": [
				5,
				6,
				{
					"name": "The Kvet",
					"origin": [8, 7.2, 7],
					"color": 0,
					"children": [7, 8, 9, 10, 11, 12, 13, 14, 15, 16, 17]
				}
			]
		}
	]
}