{
	"format_version": "1.21.6",
	"credit": "Made with Blockbench",
	"ambientocclusion": false,
	"textures": {
		"5": "block/white_tulip",
		"particle": "block/flower_pot",
		"flowerpot": "block/flower_pot",
		"dirt": "block/dirt"
	},
	"elements": [
		{
			"from": [5, 0, 5],
			"to": [6, 6, 11],
			"faces": {
				"north": {"uv": [10, 10, 11, 16], "texture": "#flowerpot"},
				"east": {"uv": [5, 10, 11, 16], "texture": "#flowerpot"},
				"south": {"uv": [5, 10, 6, 16], "texture": "#flowerpot"},
				"west": {"uv": [5, 10, 11, 16], "texture": "#flowerpot"},
				"up": {"uv": [5, 5, 6, 11], "texture": "#flowerpot"},
				"down": {"uv": [5, 5, 6, 11], "texture": "#flowerpot", "cullface": "down"}
			}
		},
		{
			"from": [10, 0, 5],
			"to": [11, 6, 11],
			"faces": {
				"north": {"uv": [5, 10, 6, 16], "texture": "#flowerpot"},
				"east": {"uv": [5, 10, 11, 16], "texture": "#flowerpot"},
				"south": {"uv": [10, 10, 11, 16], "texture": "#flowerpot"},
				"west": {"uv": [5, 10, 11, 16], "texture": "#flowerpot"},
				"up": {"uv": [10, 5, 11, 11], "texture": "#flowerpot"},
				"down": {"uv": [10, 5, 11, 11], "texture": "#flowerpot", "cullface": "down"}
			}
		},
		{
			"from": [6, 0, 5],
			"to": [10, 6, 6],
			"faces": {
				"north": {"uv": [6, 10, 10, 16], "texture": "#flowerpot"},
				"south": {"uv": [6, 10, 10, 16], "texture": "#flowerpot"},
				"up": {"uv": [6, 5, 10, 6], "texture": "#flowerpot"},
				"down": {"uv": [6, 10, 10, 11], "texture": "#flowerpot", "cullface": "down"}
			}
		},
		{
			"from": [6, 0, 10],
			"to": [10, 6, 11],
			"faces": {
				"north": {"uv": [6, 10, 10, 16], "texture": "#flowerpot"},
				"south": {"uv": [6, 10, 10, 16], "texture": "#flowerpot"},
				"up": {"uv": [6, 10, 10, 11], "texture": "#flowerpot"},
				"down": {"uv": [6, 5, 10, 6], "texture": "#flowerpot", "cullface": "down"}
			}
		},
		{
			"from": [6, 0, 6],
			"to": [10, 4, 10],
			"faces": {
				"up": {"uv": [6, 6, 10, 10], "texture": "#dirt"},
				"down": {"uv": [6, 12, 10, 16], "texture": "#flowerpot", "cullface": "down"}
			}
		},
		{
			"from": [5.375, 3.96875, 2.1875],
			"to": [15.125, 10.71875, 2.1875],
			"rotation": {"angle": -45, "axis": "y", "origin": [2.5625, 3.96875, 1.4375]},
			"faces": {
				"north": {"uv": [13, 7, 0, 16], "texture": "#5"},
				"east": {"uv": [0, 0, 0, 16], "texture": "#5"},
				"south": {"uv": [0, 7, 13, 16], "texture": "#5"},
				"west": {"uv": [0, 0, 0, 16], "texture": "#5"},
				"up": {"uv": [0, 0, 16, 0], "texture": "#5"},
				"down": {"uv": [0, 0, 16, 0], "texture": "#5"}
			}
		},
		{
			"from": [2.15371, 3.96875, 7.40371],
			"to": [11.90371, 10.71875, 7.40371],
			"rotation": {"angle": 45, "axis": "y", "origin": [8.52871, 9.96875, 7.40371]},
			"faces": {
				"north": {"uv": [13, 7, 0, 16], "texture": "#5"},
				"east": {"uv": [0, 0, 0, 16], "texture": "#5"},
				"south": {"uv": [0, 7, 13, 16], "texture": "#5"},
				"west": {"uv": [0, 0, 0, 16], "texture": "#5"},
				"up": {"uv": [0, 0, 16, 0], "texture": "#5"},
				"down": {"uv": [0, 0, 16, 0], "texture": "#5"}
			}
		},
		{
			"from": [6.875, 11.09375, 6.875],
			"to": [9.125, 11.09375, 9.125],
			"rotation": {"angle": 0, "axis": "y", "origin": [6.875, 11.09375, 6.875]},
			"faces": {
				"north": {"uv": [0, 0, 3, 0], "texture": "#5"},
				"east": {"uv": [0, 0, 3, 0], "texture": "#5"},
				"south": {"uv": [0, 0, 3, 0], "texture": "#5"},
				"west": {"uv": [0, 0, 3, 0], "texture": "#5"},
				"up": {"uv": [13, 13, 16, 16], "texture": "#5"},
				"down": {"uv": [6, 3, 9, 6], "texture": "#5"}
			}
		},
		{
			"from": [6.875, 11.09375, 6.875],
			"to": [9.125, 13.71875, 6.875],
			"rotation": {"angle": 0, "axis": "y", "origin": [6.875, 10.71875, 6.875]},
			"faces": {
				"north": {"uv": [6, 2, 9, 6], "texture": "#5"},
				"east": {"uv": [0, 0, 3, 0], "texture": "#5"},
				"south": {"uv": [6, 2, 9, 6], "texture": "#5"},
				"west": {"uv": [0, 0, 3, 0], "texture": "#5"},
				"up": {"uv": [6, 3, 9, 6], "texture": "#5"},
				"down": {"uv": [6, 3, 9, 6], "texture": "#5"}
			}
		},
		{
			"from": [6.875, 11.09375, 9.125],
			"to": [9.125, 13.71875, 9.125],
			"rotation": {"angle": 0, "axis": "y", "origin": [6.875, 10.71875, 9.125]},
			"faces": {
				"north": {"uv": [9, 2, 6, 6], "texture": "#5"},
				"east": {"uv": [3, 0, 0, 0], "texture": "#5"},
				"south": {"uv": [9, 2, 6, 6], "texture": "#5"},
				"west": {"uv": [3, 0, 0, 0], "texture": "#5"},
				"up": {"uv": [6, 6, 9, 3], "texture": "#5"},
				"down": {"uv": [6, 6, 9, 3], "texture": "#5"}
			}
		},
		{
			"from": [6.875, 11.09375, 6.875],
			"to": [6.875, 13.71875, 9.125],
			"rotation": {"angle": 0, "axis": "y", "origin": [8, 12.21875, 8]},
			"faces": {
				"north": {"uv": [3, 0, 0, 0], "texture": "#5"},
				"east": {"uv": [9, 2, 6, 6], "texture": "#5"},
				"south": {"uv": [3, 0, 0, 0], "texture": "#5"},
				"west": {"uv": [9, 2, 6, 6], "texture": "#5"},
				"up": {"uv": [6, 6, 9, 3], "rotation": 90, "texture": "#5"},
				"down": {"uv": [6, 6, 9, 3], "rotation": 270, "texture": "#5"}
			}
		},
		{
			"from": [9.125, 11.09375, 6.875],
			"to": [9.125, 13.71875, 9.125],
			"rotation": {"angle": 0, "axis": "y", "origin": [8, 12.21875, 8]},
			"faces": {
				"north": {"uv": [0, 0, 3, 0], "texture": "#5"},
				"east": {"uv": [6, 2, 9, 6], "texture": "#5"},
				"south": {"uv": [0, 0, 3, 0], "texture": "#5"},
				"west": {"uv": [6, 2, 9, 6], "texture": "#5"},
				"up": {"uv": [6, 3, 9, 6], "rotation": 90, "texture": "#5"},
				"down": {"uv": [6, 3, 9, 6], "rotation": 270, "texture": "#5"}
			}
		},
		{
			"from": [7.4375, 10.71875, 7.4375],
			"to": [8.5625, 11.65625, 8.5625],
			"rotation": {"angle": 0, "axis": "y", "origin": [7.25, 10.71875, 7.25]},
			"faces": {
				"north": {"uv": [14, 13, 15, 14], "texture": "#5"},
				"east": {"uv": [14, 13, 15, 14], "texture": "#5"},
				"south": {"uv": [14, 13, 15, 14], "texture": "#5"},
				"west": {"uv": [14, 13, 15, 14], "texture": "#5"},
				"up": {"uv": [14, 14, 15, 15], "texture": "#5"},
				"down": {"uv": [14, 13, 15, 14], "texture": "#5"}
			}
		}
	],
	"groups": [
		{
			"name": "Flower Pot",
			"origin": [0, 0, 0],
			"color": 0,
			"children": [0, 1, 2, 3, 4]
		},
		5,
		6,
		7,
		8,
		9,
		10,
		11,
		12
	]
}