{
	"format_version": "1.21.6",
	"credit": "Made with Blockbench",
	"ambientocclusion": false,
	"textures": {
		"3": "block/torchflower_block",
		"particle": "block/flower_pot",
		"flowerpot": "block/flower_pot",
		"dirt": "block/dirt"
	},
	"elements": [
		{
			"from": [5, 0, 5],
			"to": [6, 6, 11],
			"faces": {
				"north": {"uv": [10, 10, 11, 16], "texture": "#flowerpot"},
				"east": {"uv": [5, 10, 11, 16], "texture": "#flowerpot"},
				"south": {"uv": [5, 10, 6, 16], "texture": "#flowerpot"},
				"west": {"uv": [5, 10, 11, 16], "texture": "#flowerpot"},
				"up": {"uv": [5, 5, 6, 11], "texture": "#flowerpot"},
				"down": {"uv": [5, 5, 6, 11], "texture": "#flowerpot", "cullface": "down"}
			}
		},
		{
			"from": [10, 0, 5],
			"to": [11, 6, 11],
			"faces": {
				"north": {"uv": [5, 10, 6, 16], "texture": "#flowerpot"},
				"east": {"uv": [5, 10, 11, 16], "texture": "#flowerpot"},
				"south": {"uv": [10, 10, 11, 16], "texture": "#flowerpot"},
				"west": {"uv": [5, 10, 11, 16], "texture": "#flowerpot"},
				"up": {"uv": [10, 5, 11, 11], "texture": "#flowerpot"},
				"down": {"uv": [10, 5, 11, 11], "texture": "#flowerpot", "cullface": "down"}
			}
		},
		{
			"from": [6, 0, 5],
			"to": [10, 6, 6],
			"faces": {
				"north": {"uv": [6, 10, 10, 16], "texture": "#flowerpot"},
				"south": {"uv": [6, 10, 10, 16], "texture": "#flowerpot"},
				"up": {"uv": [6, 5, 10, 6], "texture": "#flowerpot"},
				"down": {"uv": [6, 10, 10, 11], "texture": "#flowerpot", "cullface": "down"}
			}
		},
		{
			"from": [6, 0, 10],
			"to": [10, 6, 11],
			"faces": {
				"north": {"uv": [6, 10, 10, 16], "texture": "#flowerpot"},
				"south": {"uv": [6, 10, 10, 16], "texture": "#flowerpot"},
				"up": {"uv": [6, 10, 10, 11], "texture": "#flowerpot"},
				"down": {"uv": [6, 5, 10, 6], "texture": "#flowerpot", "cullface": "down"}
			}
		},
		{
			"from": [6, 0, 6],
			"to": [10, 4, 10],
			"faces": {
				"up": {"uv": [6, 6, 10, 10], "texture": "#dirt"},
				"down": {"uv": [6, 12, 10, 16], "texture": "#flowerpot", "cullface": "down"}
			}
		},
		{
			"from": [7, 8.5, 7],
			"to": [9, 10.5, 9],
			"rotation": {"angle": 45, "axis": "y", "origin": [8, 8.5, 8]},
			"faces": {
				"north": {"uv": [6, 3, 10, 7], "texture": "#3"},
				"east": {"uv": [6, 3, 10, 7], "texture": "#3"},
				"south": {"uv": [6, 3, 10, 7], "texture": "#3"},
				"west": {"uv": [6, 3, 10, 7], "texture": "#3"},
				"up": {"uv": [6, 2, 9, 5], "texture": "#3"},
				"down": {"uv": [12, 0, 16, 4], "texture": "#3"}
			}
		},
		{
			"from": [7.25, 10.5, 7.25],
			"to": [8.75, 11, 8.75],
			"rotation": {"angle": 45, "axis": "y", "origin": [8, 10.5, 8]},
			"faces": {
				"north": {"uv": [6, 2, 9, 3], "texture": "#3"},
				"east": {"uv": [6, 2, 9, 3], "texture": "#3"},
				"south": {"uv": [6, 2, 9, 3], "texture": "#3"},
				"west": {"uv": [6, 2, 9, 3], "texture": "#3"},
				"up": {"uv": [6, 2, 9, 5], "texture": "#3"},
				"down": {"uv": [6, 2, 9, 5], "texture": "#3"}
			}
		},
		{
			"from": [7.5, 11, 7.5],
			"to": [8.5, 11.5, 8.5],
			"rotation": {"angle": 45, "axis": "y", "origin": [8, 11, 8]},
			"faces": {
				"north": {"uv": [7, 1, 9, 2], "texture": "#3"},
				"east": {"uv": [7, 1, 9, 2], "texture": "#3"},
				"south": {"uv": [7, 1, 9, 2], "texture": "#3"},
				"west": {"uv": [7, 1, 9, 2], "texture": "#3"},
				"up": {"uv": [8, 2, 10, 4], "texture": "#3"},
				"down": {"uv": [7, 1, 9, 2], "texture": "#3"}
			}
		},
		{
			"from": [7.5, 8, 7.5],
			"to": [8.5, 8.5, 8.5],
			"rotation": {"angle": 45, "axis": "y", "origin": [8, 8, 8]},
			"faces": {
				"north": {"uv": [7, 7, 9, 8], "texture": "#3"},
				"east": {"uv": [7, 7, 9, 8], "texture": "#3"},
				"south": {"uv": [7, 7, 9, 8], "texture": "#3"},
				"west": {"uv": [7, 7, 9, 8], "texture": "#3"},
				"up": {"uv": [8, 2, 10, 4], "texture": "#3"},
				"down": {"uv": [7, 6, 9, 8], "texture": "#3"}
			}
		},
		{
			"from": [4.25, 4, 8],
			"to": [12.25, 8.5, 8],
			"rotation": {"angle": -45, "axis": "y", "origin": [8, 4, 8]},
			"faces": {
				"north": {"uv": [0, 7, 16, 16], "texture": "#3"},
				"south": {"uv": [16, 7, 0, 16], "texture": "#3"}
			}
		},
		{
			"from": [4.25, 4, 8],
			"to": [12.25, 8.5, 8],
			"rotation": {"angle": 45, "axis": "y", "origin": [8, 4, 8]},
			"faces": {
				"north": {"uv": [0, 7, 16, 16], "texture": "#3"},
				"south": {"uv": [16, 7, 0, 16], "texture": "#3"}
			}
		},
		{
			"from": [6.875, 8.375, 6.875],
			"to": [9.125, 10.625, 9.125],
			"rotation": {"angle": 45, "axis": "y", "origin": [8, 8.5, 8]},
			"faces": {
				"north": {"uv": [0, 2, 4, 6], "texture": "#3"},
				"east": {"uv": [0, 2, 4, 6], "texture": "#3"},
				"south": {"uv": [0, 2, 4, 6], "texture": "#3"},
				"west": {"uv": [0, 2, 4, 6], "texture": "#3"},
				"up": {"uv": [0, 0, 4, 4], "texture": "#3"},
				"down": {"uv": [12, 3, 16, 7], "texture": "#3"}
			}
		},
		{
			"from": [7.125, 10.5, 7.125],
			"to": [8.875, 11.125, 8.875],
			"rotation": {"angle": 45, "axis": "y", "origin": [8, 10.5, 8]},
			"faces": {
				"north": {"uv": [0, 1, 3, 2], "texture": "#3"},
				"east": {"uv": [0, 1, 3, 2], "texture": "#3"},
				"south": {"uv": [0, 1, 3, 2], "texture": "#3"},
				"west": {"uv": [0, 1, 3, 2], "texture": "#3"},
				"up": {"uv": [0, 1, 3, 4], "texture": "#3"},
				"down": {"uv": [0, 6, 2, 7], "texture": "#3"}
			}
		},
		{
			"from": [7.375, 11, 7.375],
			"to": [8.625, 11.625, 8.625],
			"rotation": {"angle": 45, "axis": "y", "origin": [8, 11, 8]},
			"faces": {
				"north": {"uv": [0, 0, 2, 1], "texture": "#3"},
				"east": {"uv": [2, 0, 0, 1], "texture": "#3"},
				"south": {"uv": [0, 0, 2, 1], "texture": "#3"},
				"west": {"uv": [2, 0, 0, 1], "texture": "#3"},
				"up": {"uv": [2, 1, 4, 3], "texture": "#3"},
				"down": {"uv": [0, 6, 2, 7], "texture": "#3"}
			}
		},
		{
			"from": [7.375, 7.875, 7.375],
			"to": [8.625, 8.5, 8.625],
			"rotation": {"angle": 45, "axis": "y", "origin": [8, 8, 8]},
			"faces": {
				"north": {"uv": [14, 6, 12, 7], "texture": "#3"},
				"east": {"uv": [12, 6, 14, 7], "texture": "#3"},
				"south": {"uv": [14, 6, 12, 7], "texture": "#3"},
				"west": {"uv": [12, 6, 14, 7], "texture": "#3"},
				"up": {"uv": [0, 6, 2, 7], "texture": "#3"},
				"down": {"uv": [12, 5, 14, 7], "texture": "#3"}
			}
		}
	],
	"groups": [
		0,
		1,
		2,
		3,
		4,
		{
			"name": "Květ",
			"origin": [8, 8, 8],
			"color": 0,
			"children": [5, 6, 7, 8]
		},
		{
			"name": "OUTLINE",
			"origin": [8, 8, 8],
			"color": 0,
			"children": [9, 10]
		},
		{
			"name": "Outer Layer",
			"origin": [8, 8, 8],
			"color": 0,
			"children": [11, 12, 13, 14]
		}
	]
}