{
	"format_version": "1.21.6",
	"credit": "Made with Blockbench",
	"ambientocclusion": false,
	"textures": {
		"3": "block/dead_bush_block",
		"particle": "block/flower_pot",
		"flowerpot": "block/flower_pot",
		"dirt": "block/dirt"
	},
	"elements": [
		{
			"from": [5, 0, 5],
			"to": [6, 6, 11],
			"faces": {
				"north": {"uv": [10, 10, 11, 16], "texture": "#flowerpot"},
				"east": {"uv": [5, 10, 11, 16], "texture": "#flowerpot"},
				"south": {"uv": [5, 10, 6, 16], "texture": "#flowerpot"},
				"west": {"uv": [5, 10, 11, 16], "texture": "#flowerpot"},
				"up": {"uv": [5, 5, 6, 11], "texture": "#flowerpot"},
				"down": {"uv": [5, 5, 6, 11], "texture": "#flowerpot", "cullface": "down"}
			}
		},
		{
			"from": [10, 0, 5],
			"to": [11, 6, 11],
			"faces": {
				"north": {"uv": [5, 10, 6, 16], "texture": "#flowerpot"},
				"east": {"uv": [5, 10, 11, 16], "texture": "#flowerpot"},
				"south": {"uv": [10, 10, 11, 16], "texture": "#flowerpot"},
				"west": {"uv": [5, 10, 11, 16], "texture": "#flowerpot"},
				"up": {"uv": [10, 5, 11, 11], "texture": "#flowerpot"},
				"down": {"uv": [10, 5, 11, 11], "texture": "#flowerpot", "cullface": "down"}
			}
		},
		{
			"from": [6, 0, 5],
			"to": [10, 6, 6],
			"faces": {
				"north": {"uv": [6, 10, 10, 16], "texture": "#flowerpot"},
				"south": {"uv": [6, 10, 10, 16], "texture": "#flowerpot"},
				"up": {"uv": [6, 5, 10, 6], "texture": "#flowerpot"},
				"down": {"uv": [6, 10, 10, 11], "texture": "#flowerpot", "cullface": "down"}
			}
		},
		{
			"from": [6, 0, 10],
			"to": [10, 6, 11],
			"faces": {
				"north": {"uv": [6, 10, 10, 16], "texture": "#flowerpot"},
				"south": {"uv": [6, 10, 10, 16], "texture": "#flowerpot"},
				"up": {"uv": [6, 10, 10, 11], "texture": "#flowerpot"},
				"down": {"uv": [6, 5, 10, 6], "texture": "#flowerpot", "cullface": "down"}
			}
		},
		{
			"from": [6, 0, 6],
			"to": [10, 4, 10],
			"faces": {
				"up": {"uv": [6, 6, 10, 10], "texture": "#dirt"},
				"down": {"uv": [6, 12, 10, 16], "texture": "#flowerpot", "cullface": "down"}
			}
		},
		{
			"from": [7.26763, 2.82293, 7.06125],
			"to": [9.22063, 7.42693, 9.01425],
			"rotation": {"angle": 0, "axis": "y", "origin": [8, 4.71041, 7.875]},
			"faces": {
				"north": {"uv": [7, 12, 10, 16], "texture": "#3"},
				"east": {"uv": [7, 12, 10, 16], "texture": "#3"},
				"south": {"uv": [7, 12, 10, 16], "texture": "#3"},
				"west": {"uv": [7, 12, 10, 16], "texture": "#3"},
				"up": {"uv": [7, 13, 10, 16], "rotation": 270, "texture": "#3"},
				"down": {"uv": [7, 13, 10, 16], "rotation": 90, "texture": "#3"}
			}
		},
		{
			"from": [7.26763, 7.42693, 7.06125],
			"to": [9.22063, 10.68193, 9.01425],
			"rotation": {"angle": 0, "axis": "y", "origin": [8, 4.71041, 7.875]},
			"faces": {
				"north": {"uv": [7, 7, 10, 12], "texture": "#3"},
				"east": {"uv": [7, 7, 10, 12], "texture": "#3"},
				"south": {"uv": [7, 7, 10, 12], "texture": "#3"},
				"west": {"uv": [7, 7, 10, 12], "texture": "#3"},
				"up": {"uv": [7, 6, 10, 9], "rotation": 270, "texture": "#3"},
				"down": {"uv": [7, 13, 10, 16], "rotation": 90, "texture": "#3"}
			}
		},
		{
			"from": [7.30018, 7.93547, 8.43734],
			"to": [8.60218, 11.19047, 9.73934],
			"rotation": {"angle": -22.5, "axis": "x", "origin": [8, 4.71041, 7.875]},
			"faces": {
				"north": {"uv": [14, 8, 16, 13], "texture": "#3"},
				"east": {"uv": [14, 8, 16, 13], "texture": "#3"},
				"south": {"uv": [14, 8, 16, 13], "texture": "#3"},
				"west": {"uv": [14, 8, 16, 13], "texture": "#3"},
				"up": {"uv": [14, 9, 16, 11], "rotation": 270, "texture": "#3"},
				"down": {"uv": [7, 13, 10, 16], "rotation": 90, "texture": "#3"}
			}
		},
		{
			"from": [9.71502, 9.89374, 6.41025],
			"to": [10.36602, 13.79974, 7.06125],
			"rotation": {"angle": 22.5, "axis": "z", "origin": [8, 4.71041, 7.875]},
			"faces": {
				"north": {"uv": [15, 7, 16, 13], "texture": "#3"},
				"east": {"uv": [15, 7, 16, 13], "texture": "#3"},
				"south": {"uv": [15, 7, 16, 13], "texture": "#3"},
				"west": {"uv": [15, 7, 16, 13], "texture": "#3"},
				"up": {"uv": [15, 7, 16, 8], "rotation": 270, "texture": "#3"},
				"down": {"uv": [7, 13, 10, 16], "rotation": 90, "texture": "#3"}
			}
		},
		{
			"from": [7.62568, 9.6234, 10.81186],
			"to": [8.27668, 13.5294, 11.46286],
			"rotation": {"angle": -45, "axis": "x", "origin": [8, 4.71041, 7.875]},
			"faces": {
				"north": {"uv": [15, 8, 16, 14], "texture": "#3"},
				"east": {"uv": [15, 8, 16, 14], "texture": "#3"},
				"south": {"uv": [15, 8, 16, 14], "texture": "#3"},
				"west": {"uv": [15, 8, 16, 14], "texture": "#3"},
				"up": {"uv": [15, 7, 16, 8], "texture": "#3"},
				"down": {"uv": [7, 13, 10, 16], "texture": "#3"}
			}
		},
		{
			"from": [4.66363, 7.05708, 7.6797],
			"to": [5.96563, 10.31208, 8.9817],
			"rotation": {"angle": -45, "axis": "z", "origin": [8, 4.71041, 7.875]},
			"faces": {
				"north": {"uv": [14, 10, 16, 15], "texture": "#3"},
				"east": {"uv": [16, 10, 14, 15], "texture": "#3"},
				"south": {"uv": [14, 10, 16, 15], "texture": "#3"},
				"west": {"uv": [16, 10, 14, 15], "texture": "#3"},
				"up": {"uv": [14, 9, 16, 11], "texture": "#3"},
				"down": {"uv": [7, 13, 10, 16], "texture": "#3"}
			}
		},
		{
			"from": [9.46853, 8.12734, 11.92056],
			"to": [10.11953, 12.03334, 12.57156],
			"rotation": {"angle": -45, "axis": "x", "origin": [8, 4.71041, 7.875]},
			"faces": {
				"north": {"uv": [15, 8, 16, 14], "texture": "#3"},
				"east": {"uv": [15, 8, 16, 14], "texture": "#3"},
				"south": {"uv": [15, 8, 16, 14], "texture": "#3"},
				"west": {"uv": [15, 8, 16, 14], "texture": "#3"},
				"up": {"uv": [15, 7, 16, 8], "texture": "#3"},
				"down": {"uv": [7, 13, 10, 16], "texture": "#3"}
			}
		},
		{
			"from": [5.26642, 10.01735, 8.13864],
			"to": [5.91742, 13.92335, 8.78964],
			"rotation": {"angle": -45, "axis": "z", "origin": [8, 4.71041, 7.875]},
			"faces": {
				"north": {"uv": [15, 7, 16, 13], "texture": "#3"},
				"east": {"uv": [15, 7, 16, 13], "texture": "#3"},
				"south": {"uv": [15, 7, 16, 13], "texture": "#3"},
				"west": {"uv": [15, 7, 16, 13], "texture": "#3"},
				"up": {"uv": [15, 7, 16, 8], "rotation": 90, "texture": "#3"},
				"down": {"uv": [7, 13, 10, 16], "rotation": 270, "texture": "#3"}
			}
		},
		{
			"from": [9.53363, 8.81783, 3.86893],
			"to": [10.18463, 12.07283, 4.51993],
			"rotation": {"angle": 45, "axis": "x", "origin": [8, 4.71041, 7.875]},
			"faces": {
				"north": {"uv": [16, 8, 15, 13], "texture": "#3"},
				"east": {"uv": [16, 8, 15, 13], "texture": "#3"},
				"south": {"uv": [16, 8, 15, 13], "texture": "#3"},
				"west": {"uv": [16, 8, 15, 13], "texture": "#3"},
				"up": {"uv": [15, 9, 16, 8], "texture": "#3"},
				"down": {"uv": [7, 16, 10, 13], "texture": "#3"}
			}
		},
		{
			"from": [7.39783, 5.52157, 6.8783],
			"to": [8.69983, 8.77657, 8.1803],
			"rotation": {"angle": 45, "axis": "x", "origin": [8, 4.71041, 7.875]},
			"faces": {
				"north": {"uv": [16, 10, 14, 15], "texture": "#3"},
				"east": {"uv": [16, 10, 14, 15], "texture": "#3"},
				"south": {"uv": [16, 10, 14, 15], "texture": "#3"},
				"west": {"uv": [16, 10, 14, 15], "texture": "#3"},
				"up": {"uv": [16, 11, 14, 9], "rotation": 270, "texture": "#3"},
				"down": {"uv": [10, 16, 7, 13], "rotation": 90, "texture": "#3"}
			}
		},
		{
			"from": [5.72488, 6.51682, 9.66525],
			"to": [6.37588, 10.42282, 10.31625],
			"rotation": {"angle": -45, "axis": "z", "origin": [8, 4.71041, 7.875]},
			"faces": {
				"north": {"uv": [15, 7, 16, 13], "texture": "#3"},
				"east": {"uv": [15, 7, 16, 13], "texture": "#3"},
				"south": {"uv": [15, 7, 16, 13], "texture": "#3"},
				"west": {"uv": [15, 7, 16, 13], "texture": "#3"},
				"up": {"uv": [16, 8, 15, 7], "rotation": 270, "texture": "#3"},
				"down": {"uv": [10, 16, 7, 13], "rotation": 90, "texture": "#3"}
			}
		},
		{
			"from": [7.72333, 7.57997, 8.70151],
			"to": [8.37433, 11.48597, 9.35251],
			"rotation": {"angle": 22.5, "axis": "x", "origin": [8, 4.71041, 7.875]},
			"faces": {
				"north": {"uv": [15, 8, 16, 14], "texture": "#3"},
				"east": {"uv": [15, 8, 16, 14], "texture": "#3"},
				"south": {"uv": [15, 8, 16, 14], "texture": "#3"},
				"west": {"uv": [15, 8, 16, 14], "texture": "#3"},
				"up": {"uv": [16, 9, 15, 8], "texture": "#3"},
				"down": {"uv": [10, 16, 7, 13], "texture": "#3"}
			}
		},
		{
			"from": [8.19307, 5.21578, 7.0938],
			"to": [9.49507, 8.47078, 8.3958],
			"rotation": {"angle": 45, "axis": "z", "origin": [8, 4.71041, 7.875]},
			"faces": {
				"north": {"uv": [16, 11, 14, 16], "texture": "#3"},
				"east": {"uv": [16, 11, 14, 16], "texture": "#3"},
				"south": {"uv": [16, 11, 14, 16], "texture": "#3"},
				"west": {"uv": [16, 11, 14, 16], "texture": "#3"},
				"up": {"uv": [16, 11, 14, 9], "texture": "#3"},
				"down": {"uv": [10, 16, 7, 13], "texture": "#3"}
			}
		},
		{
			"from": [8.24127, 8.17605, 7.28586],
			"to": [8.89227, 12.08205, 7.93686],
			"rotation": {"angle": 45, "axis": "z", "origin": [8, 4.71041, 7.875]},
			"faces": {
				"north": {"uv": [15, 8, 16, 13], "texture": "#3"},
				"east": {"uv": [15, 8, 16, 13], "texture": "#3"},
				"south": {"uv": [15, 8, 16, 13], "texture": "#3"},
				"west": {"uv": [15, 8, 16, 13], "texture": "#3"},
				"up": {"uv": [16, 9, 15, 8], "rotation": 90, "texture": "#3"},
				"down": {"uv": [10, 16, 7, 13], "rotation": 270, "texture": "#3"}
			}
		},
		{
			"from": [5.81537, 6.5162, 5.24991],
			"to": [6.46637, 10.4222, 5.90091],
			"rotation": {"angle": 45, "axis": "x", "origin": [8, 4.71041, 7.875]},
			"faces": {
				"north": {"uv": [15, 7, 16, 13], "texture": "#3"},
				"east": {"uv": [15, 7, 16, 13], "texture": "#3"},
				"south": {"uv": [15, 7, 16, 13], "texture": "#3"},
				"west": {"uv": [15, 7, 16, 13], "texture": "#3"},
				"up": {"uv": [16, 9, 15, 8], "texture": "#3"},
				"down": {"uv": [10, 16, 7, 13], "texture": "#3"}
			}
		},
		{
			"from": [6.62267, 6.53484, 5.6491],
			"to": [7.27367, 10.44084, 6.3001],
			"rotation": {"angle": -45, "axis": "z", "origin": [8, 4.71041, 7.875]},
			"faces": {
				"north": {"uv": [15, 8, 16, 14], "texture": "#3"},
				"east": {"uv": [15, 8, 16, 14], "texture": "#3"},
				"south": {"uv": [15, 8, 16, 14], "texture": "#3"},
				"west": {"uv": [15, 8, 16, 14], "texture": "#3"},
				"up": {"uv": [15, 7, 16, 8], "texture": "#3"},
				"down": {"uv": [7, 13, 10, 16], "texture": "#3"}
			}
		},
		{
			"from": [7.78843, 5.4065, 7.45462],
			"to": [9.09043, 8.6615, 8.75662],
			"rotation": {"angle": -45, "axis": "x", "origin": [8, 4.71041, 7.875]},
			"faces": {
				"north": {"uv": [14, 11, 16, 16], "texture": "#3"},
				"east": {"uv": [14, 11, 16, 16], "texture": "#3"},
				"south": {"uv": [14, 11, 16, 16], "texture": "#3"},
				"west": {"uv": [14, 11, 16, 16], "texture": "#3"},
				"up": {"uv": [14, 9, 16, 11], "rotation": 270, "texture": "#3"},
				"down": {"uv": [7, 13, 10, 16], "rotation": 90, "texture": "#3"}
			}
		},
		{
			"from": [8.11393, 7.42961, 6.3352],
			"to": [8.76493, 11.33561, 6.9862],
			"rotation": {"angle": -22.5, "axis": "x", "origin": [8, 4.71041, 7.875]},
			"faces": {
				"north": {"uv": [15, 7, 16, 13], "texture": "#3"},
				"east": {"uv": [15, 7, 16, 13], "texture": "#3"},
				"south": {"uv": [15, 7, 16, 13], "texture": "#3"},
				"west": {"uv": [15, 7, 16, 13], "texture": "#3"},
				"up": {"uv": [15, 7, 16, 8], "texture": "#3"},
				"down": {"uv": [7, 13, 10, 16], "texture": "#3"}
			}
		}
	]
}