{
	"format_version": "1.21.6",
	"credit": "Made with Blockbench",
	"parent": "minecraft:block/rail_flat",
	"textures": {
		"1": "block/rail_wood",
		"2": "block/powered_rail",
		"3": "block/activator_rail_on",
		"rail": "block/activator_rail",
		"particle": "block/powered_rail_on"
	},
	"elements": [
		{
			"from": [2, 0.75, 0],
			"to": [4, 2, 16],
			"rotation": {"angle": 0, "axis": "y", "origin": [2, 0, 0]},
			"faces": {
				"north": {"uv": [4, 16, 2, 15], "texture": "#rail"},
				"east": {"uv": [13, 16, 12, 0], "rotation": 90, "texture": "#rail"},
				"south": {"uv": [2, 1, 4, 0], "texture": "#rail"},
				"west": {"uv": [3, 16, 2, 0], "rotation": 90, "texture": "#rail"},
				"up": {"uv": [2, 0, 4, 16], "texture": "#rail"},
				"down": {"uv": [2, 0, 4, 16], "texture": "#rail"}
			}
		},
		{
			"from": [12.05, 0.8, -0.3],
			"to": [13.95, 1.95, 16.3],
			"rotation": {"angle": 0, "axis": "y", "origin": [12, 0, 0]},
			"faces": {
				"north": {"uv": [14, 16, 12, 15], "texture": "#rail"},
				"east": {"uv": [13, 16, 14, 0], "rotation": 90, "texture": "#rail"},
				"south": {"uv": [12, 1, 14, 0], "texture": "#rail"},
				"west": {"uv": [13, 16, 12, 0], "rotation": 90, "texture": "#rail"},
				"up": {"uv": [12, 0, 14, 16], "texture": "#rail"},
				"down": {"uv": [12, 0, 14, 16], "texture": "#rail"}
			}
		},
		{
			"from": [2.05, 0.8, -0.3],
			"to": [3.95, 1.95, 16.3],
			"rotation": {"angle": 0, "axis": "y", "origin": [2, 0, 0]},
			"faces": {
				"north": {"uv": [4, 16, 2, 15], "texture": "#rail"},
				"east": {"uv": [13, 16, 12, 0], "rotation": 90, "texture": "#rail"},
				"south": {"uv": [2, 1, 4, 0], "texture": "#rail"},
				"west": {"uv": [3, 16, 2, 0], "rotation": 90, "texture": "#rail"},
				"up": {"uv": [2, 0, 4, 16], "texture": "#rail"},
				"down": {"uv": [2, 0, 4, 16], "texture": "#rail"}
			}
		},
		{
			"from": [12, 0.75, 0],
			"to": [14, 2, 16],
			"rotation": {"angle": 0, "axis": "y", "origin": [12, 0, 0]},
			"faces": {
				"north": {"uv": [14, 16, 12, 15], "texture": "#rail"},
				"east": {"uv": [13, 16, 14, 0], "rotation": 90, "texture": "#rail"},
				"south": {"uv": [12, 1, 14, 0], "texture": "#rail"},
				"west": {"uv": [13, 16, 12, 0], "rotation": 90, "texture": "#rail"},
				"up": {"uv": [12, 0, 14, 16], "texture": "#rail"},
				"down": {"uv": [12, 0, 14, 16], "texture": "#rail"}
			}
		},
		{
			"from": [1, 0, 1],
			"to": [15, 1, 3],
			"rotation": {"angle": 0, "axis": "y", "origin": [1, 0, 1]},
			"faces": {
				"north": {"uv": [1, 1, 15, 2], "texture": "#1"},
				"east": {"uv": [14, 13, 15, 15], "rotation": 90, "texture": "#1"},
				"south": {"uv": [1, 1, 15, 2], "texture": "#1"},
				"west": {"uv": [14, 13, 15, 15], "rotation": 90, "texture": "#1"},
				"up": {"uv": [1, 13, 15, 15], "texture": "#1"},
				"down": {"uv": [1, 1, 15, 3], "texture": "#1"}
			}
		},
		{
			"from": [1, 0, 5],
			"to": [15, 1, 7],
			"rotation": {"angle": 0, "axis": "y", "origin": [1, 0, 5]},
			"faces": {
				"north": {"uv": [1, 1, 15, 2], "texture": "#1"},
				"east": {"uv": [14, 13, 15, 15], "rotation": 90, "texture": "#1"},
				"south": {"uv": [1, 1, 15, 2], "texture": "#1"},
				"west": {"uv": [14, 13, 15, 15], "rotation": 90, "texture": "#1"},
				"up": {"uv": [1, 13, 15, 15], "texture": "#1"},
				"down": {"uv": [1, 1, 15, 3], "texture": "#1"}
			}
		},
		{
			"from": [1, 0, 9],
			"to": [15, 1, 11],
			"rotation": {"angle": 0, "axis": "y", "origin": [1, 0, 9]},
			"faces": {
				"north": {"uv": [1, 1, 15, 2], "texture": "#1"},
				"east": {"uv": [14, 13, 15, 15], "rotation": 90, "texture": "#1"},
				"south": {"uv": [1, 1, 15, 2], "texture": "#1"},
				"west": {"uv": [14, 13, 15, 15], "rotation": 90, "texture": "#1"},
				"up": {"uv": [1, 13, 15, 15], "texture": "#1"},
				"down": {"uv": [1, 1, 15, 3], "texture": "#1"}
			}
		},
		{
			"from": [1, 0, 13],
			"to": [15, 1, 15],
			"rotation": {"angle": 0, "axis": "y", "origin": [1, 0, 13]},
			"faces": {
				"north": {"uv": [1, 1, 15, 2], "texture": "#1"},
				"east": {"uv": [14, 13, 15, 15], "rotation": 90, "texture": "#1"},
				"south": {"uv": [1, 1, 15, 2], "texture": "#1"},
				"west": {"uv": [14, 13, 15, 15], "rotation": 90, "texture": "#1"},
				"up": {"uv": [1, 13, 15, 15], "texture": "#1"},
				"down": {"uv": [1, 1, 15, 3], "texture": "#1"}
			}
		},
		{
			"from": [1.2, 1, 1.6],
			"to": [2, 1.25, 2.4],
			"rotation": {"angle": 0, "axis": "y", "origin": [1.2, 1, 1.5]},
			"faces": {
				"north": {"uv": [12, 15, 13, 16], "texture": "#rail"},
				"east": {"uv": [12, 15, 13, 16], "texture": "#rail"},
				"south": {"uv": [12, 15, 13, 16], "texture": "#rail"},
				"west": {"uv": [12, 15, 13, 16], "texture": "#rail"},
				"up": {"uv": [12, 15, 13, 16], "texture": "#rail"},
				"down": {"uv": [12, 15, 13, 16], "texture": "#rail"}
			}
		},
		{
			"from": [1.45, 1, 1.85],
			"to": [1.75, 1.5, 2.15],
			"rotation": {"angle": 0, "axis": "y", "origin": [1.1, 1, 1.5]},
			"faces": {
				"north": {"uv": [13, 13, 13.3, 13.5], "texture": "#rail"},
				"east": {"uv": [13, 13, 13.3, 13.5], "texture": "#rail"},
				"south": {"uv": [13, 13, 13.3, 13.5], "texture": "#rail"},
				"west": {"uv": [13, 13, 13.3, 13.5], "texture": "#rail"},
				"up": {"uv": [13, 13, 13.3, 13.5], "texture": "#rail"},
				"down": {"uv": [13, 13, 13.3, 13.5], "texture": "#rail"}
			}
		},
		{
			"from": [5.25, 1, 1.85],
			"to": [5.55, 1.5, 2.15],
			"rotation": {"angle": 0, "axis": "y", "origin": [4.9, 1, 1.5]},
			"faces": {
				"north": {"uv": [13, 13, 13.3, 13.5], "texture": "#rail"},
				"east": {"uv": [13, 13, 13.3, 13.5], "texture": "#rail"},
				"south": {"uv": [13, 13, 13.3, 13.5], "texture": "#rail"},
				"west": {"uv": [13, 13, 13.3, 13.5], "texture": "#rail"},
				"up": {"uv": [13, 13, 13.3, 13.5], "texture": "#rail"},
				"down": {"uv": [13, 13, 13.3, 13.5], "texture": "#rail"}
			}
		},
		{
			"from": [5, 1, 1.6],
			"to": [5.8, 1.25, 2.4],
			"rotation": {"angle": 0, "axis": "y", "origin": [5, 1, 1.5]},
			"faces": {
				"north": {"uv": [12, 15, 13, 16], "texture": "#rail"},
				"east": {"uv": [12, 15, 13, 16], "texture": "#rail"},
				"south": {"uv": [12, 15, 13, 16], "texture": "#rail"},
				"west": {"uv": [12, 15, 13, 16], "texture": "#rail"},
				"up": {"uv": [12, 15, 13, 16], "texture": "#rail"},
				"down": {"uv": [12, 15, 13, 16], "texture": "#rail"}
			}
		},
		{
			"from": [14, 1, 1.6],
			"to": [14.8, 1.25, 2.4],
			"rotation": {"angle": 0, "axis": "y", "origin": [14.8, 1, 1.5]},
			"faces": {
				"north": {"uv": [13, 15, 12, 16], "texture": "#rail"},
				"east": {"uv": [13, 15, 12, 16], "texture": "#rail"},
				"south": {"uv": [13, 15, 12, 16], "texture": "#rail"},
				"west": {"uv": [13, 15, 12, 16], "texture": "#rail"},
				"up": {"uv": [13, 15, 12, 16], "texture": "#rail"},
				"down": {"uv": [13, 15, 12, 16], "texture": "#rail"}
			}
		},
		{
			"from": [14.25, 1, 1.85],
			"to": [14.55, 1.5, 2.15],
			"rotation": {"angle": 0, "axis": "y", "origin": [14.9, 1, 1.5]},
			"faces": {
				"north": {"uv": [13.3, 13, 13, 13.5], "texture": "#rail"},
				"east": {"uv": [13.3, 13, 13, 13.5], "texture": "#rail"},
				"south": {"uv": [13.3, 13, 13, 13.5], "texture": "#rail"},
				"west": {"uv": [13.3, 13, 13, 13.5], "texture": "#rail"},
				"up": {"uv": [13.3, 13, 13, 13.5], "texture": "#rail"},
				"down": {"uv": [13.3, 13, 13, 13.5], "texture": "#rail"}
			}
		},
		{
			"from": [10.45, 1, 1.85],
			"to": [10.75, 1.5, 2.15],
			"rotation": {"angle": 0, "axis": "y", "origin": [11.1, 1, 1.5]},
			"faces": {
				"north": {"uv": [13.3, 13, 13, 13.5], "texture": "#rail"},
				"east": {"uv": [13.3, 13, 13, 13.5], "texture": "#rail"},
				"south": {"uv": [13.3, 13, 13, 13.5], "texture": "#rail"},
				"west": {"uv": [13.3, 13, 13, 13.5], "texture": "#rail"},
				"up": {"uv": [13.3, 13, 13, 13.5], "texture": "#rail"},
				"down": {"uv": [13.3, 13, 13, 13.5], "texture": "#rail"}
			}
		},
		{
			"from": [10.2, 1, 1.6],
			"to": [11, 1.25, 2.4],
			"rotation": {"angle": 0, "axis": "y", "origin": [11, 1, 1.5]},
			"faces": {
				"north": {"uv": [13, 15, 12, 16], "texture": "#rail"},
				"east": {"uv": [13, 15, 12, 16], "texture": "#rail"},
				"south": {"uv": [13, 15, 12, 16], "texture": "#rail"},
				"west": {"uv": [13, 15, 12, 16], "texture": "#rail"},
				"up": {"uv": [13, 15, 12, 16], "texture": "#rail"},
				"down": {"uv": [13, 15, 12, 16], "texture": "#rail"}
			}
		},
		{
			"from": [14, 1, 5.6],
			"to": [14.8, 1.25, 6.4],
			"rotation": {"angle": 0, "axis": "y", "origin": [14.8, 1, 5.5]},
			"faces": {
				"north": {"uv": [13, 15, 12, 16], "texture": "#rail"},
				"east": {"uv": [13, 15, 12, 16], "texture": "#rail"},
				"south": {"uv": [13, 15, 12, 16], "texture": "#rail"},
				"west": {"uv": [13, 15, 12, 16], "texture": "#rail"},
				"up": {"uv": [13, 15, 12, 16], "texture": "#rail"},
				"down": {"uv": [13, 15, 12, 16], "texture": "#rail"}
			}
		},
		{
			"from": [14.25, 1, 5.85],
			"to": [14.55, 1.5, 6.15],
			"rotation": {"angle": 0, "axis": "y", "origin": [14.9, 1, 5.5]},
			"faces": {
				"north": {"uv": [13.3, 13, 13, 13.5], "texture": "#rail"},
				"east": {"uv": [13.3, 13, 13, 13.5], "texture": "#rail"},
				"south": {"uv": [13.3, 13, 13, 13.5], "texture": "#rail"},
				"west": {"uv": [13.3, 13, 13, 13.5], "texture": "#rail"},
				"up": {"uv": [13.3, 13, 13, 13.5], "texture": "#rail"},
				"down": {"uv": [13.3, 13, 13, 13.5], "texture": "#rail"}
			}
		},
		{
			"from": [10.45, 1, 5.85],
			"to": [10.75, 1.5, 6.15],
			"rotation": {"angle": 0, "axis": "y", "origin": [11.1, 1, 5.5]},
			"faces": {
				"north": {"uv": [13.3, 13, 13, 13.5], "texture": "#rail"},
				"east": {"uv": [13.3, 13, 13, 13.5], "texture": "#rail"},
				"south": {"uv": [13.3, 13, 13, 13.5], "texture": "#rail"},
				"west": {"uv": [13.3, 13, 13, 13.5], "texture": "#rail"},
				"up": {"uv": [13.3, 13, 13, 13.5], "texture": "#rail"},
				"down": {"uv": [13.3, 13, 13, 13.5], "texture": "#rail"}
			}
		},
		{
			"from": [10.2, 1, 5.6],
			"to": [11, 1.25, 6.4],
			"rotation": {"angle": 0, "axis": "y", "origin": [11, 1, 5.5]},
			"faces": {
				"north": {"uv": [13, 15, 12, 16], "texture": "#rail"},
				"east": {"uv": [13, 15, 12, 16], "texture": "#rail"},
				"south": {"uv": [13, 15, 12, 16], "texture": "#rail"},
				"west": {"uv": [13, 15, 12, 16], "texture": "#rail"},
				"up": {"uv": [13, 15, 12, 16], "texture": "#rail"},
				"down": {"uv": [13, 15, 12, 16], "texture": "#rail"}
			}
		},
		{
			"from": [1.2, 1, 5.6],
			"to": [2, 1.25, 6.4],
			"rotation": {"angle": 0, "axis": "y", "origin": [1.2, 1, 5.5]},
			"faces": {
				"north": {"uv": [12, 15, 13, 16], "texture": "#rail"},
				"east": {"uv": [12, 15, 13, 16], "texture": "#rail"},
				"south": {"uv": [12, 15, 13, 16], "texture": "#rail"},
				"west": {"uv": [12, 15, 13, 16], "texture": "#rail"},
				"up": {"uv": [12, 15, 13, 16], "texture": "#rail"},
				"down": {"uv": [12, 15, 13, 16], "texture": "#rail"}
			}
		},
		{
			"from": [1.45, 1, 5.85],
			"to": [1.75, 1.5, 6.15],
			"rotation": {"angle": 0, "axis": "y", "origin": [1.1, 1, 5.5]},
			"faces": {
				"north": {"uv": [13, 13, 13.3, 13.5], "texture": "#rail"},
				"east": {"uv": [13, 13, 13.3, 13.5], "texture": "#rail"},
				"south": {"uv": [13, 13, 13.3, 13.5], "texture": "#rail"},
				"west": {"uv": [13, 13, 13.3, 13.5], "texture": "#rail"},
				"up": {"uv": [13, 13, 13.3, 13.5], "texture": "#rail"},
				"down": {"uv": [13, 13, 13.3, 13.5], "texture": "#rail"}
			}
		},
		{
			"from": [5.25, 1, 5.85],
			"to": [5.55, 1.5, 6.15],
			"rotation": {"angle": 0, "axis": "y", "origin": [4.9, 1, 5.5]},
			"faces": {
				"north": {"uv": [13, 13, 13.3, 13.5], "texture": "#rail"},
				"east": {"uv": [13, 13, 13.3, 13.5], "texture": "#rail"},
				"south": {"uv": [13, 13, 13.3, 13.5], "texture": "#rail"},
				"west": {"uv": [13, 13, 13.3, 13.5], "texture": "#rail"},
				"up": {"uv": [13, 13, 13.3, 13.5], "texture": "#rail"},
				"down": {"uv": [13, 13, 13.3, 13.5], "texture": "#rail"}
			}
		},
		{
			"from": [5, 1, 5.6],
			"to": [5.8, 1.25, 6.4],
			"rotation": {"angle": 0, "axis": "y", "origin": [5, 1, 5.5]},
			"faces": {
				"north": {"uv": [12, 15, 13, 16], "texture": "#rail"},
				"east": {"uv": [12, 15, 13, 16], "texture": "#rail"},
				"south": {"uv": [12, 15, 13, 16], "texture": "#rail"},
				"west": {"uv": [12, 15, 13, 16], "texture": "#rail"},
				"up": {"uv": [12, 15, 13, 16], "texture": "#rail"},
				"down": {"uv": [12, 15, 13, 16], "texture": "#rail"}
			}
		},
		{
			"from": [14, 1, 9.6],
			"to": [14.8, 1.25, 10.4],
			"rotation": {"angle": 0, "axis": "y", "origin": [14.8, 1, 9.5]},
			"faces": {
				"north": {"uv": [13, 15, 12, 16], "texture": "#rail"},
				"east": {"uv": [13, 15, 12, 16], "texture": "#rail"},
				"south": {"uv": [13, 15, 12, 16], "texture": "#rail"},
				"west": {"uv": [13, 15, 12, 16], "texture": "#rail"},
				"up": {"uv": [13, 15, 12, 16], "texture": "#rail"},
				"down": {"uv": [13, 15, 12, 16], "texture": "#rail"}
			}
		},
		{
			"from": [14.25, 1, 9.85],
			"to": [14.55, 1.5, 10.15],
			"rotation": {"angle": 0, "axis": "y", "origin": [14.9, 1, 9.5]},
			"faces": {
				"north": {"uv": [13.3, 13, 13, 13.5], "texture": "#rail"},
				"east": {"uv": [13.3, 13, 13, 13.5], "texture": "#rail"},
				"south": {"uv": [13.3, 13, 13, 13.5], "texture": "#rail"},
				"west": {"uv": [13.3, 13, 13, 13.5], "texture": "#rail"},
				"up": {"uv": [13.3, 13, 13, 13.5], "texture": "#rail"},
				"down": {"uv": [13.3, 13, 13, 13.5], "texture": "#rail"}
			}
		},
		{
			"from": [10.45, 1, 9.85],
			"to": [10.75, 1.5, 10.15],
			"rotation": {"angle": 0, "axis": "y", "origin": [11.1, 1, 9.5]},
			"faces": {
				"north": {"uv": [13.3, 13, 13, 13.5], "texture": "#rail"},
				"east": {"uv": [13.3, 13, 13, 13.5], "texture": "#rail"},
				"south": {"uv": [13.3, 13, 13, 13.5], "texture": "#rail"},
				"west": {"uv": [13.3, 13, 13, 13.5], "texture": "#rail"},
				"up": {"uv": [13.3, 13, 13, 13.5], "texture": "#rail"},
				"down": {"uv": [13.3, 13, 13, 13.5], "texture": "#rail"}
			}
		},
		{
			"from": [10.2, 1, 9.6],
			"to": [11, 1.25, 10.4],
			"rotation": {"angle": 0, "axis": "y", "origin": [11, 1, 9.5]},
			"faces": {
				"north": {"uv": [13, 15, 12, 16], "texture": "#rail"},
				"east": {"uv": [13, 15, 12, 16], "texture": "#rail"},
				"south": {"uv": [13, 15, 12, 16], "texture": "#rail"},
				"west": {"uv": [13, 15, 12, 16], "texture": "#rail"},
				"up": {"uv": [13, 15, 12, 16], "texture": "#rail"},
				"down": {"uv": [13, 15, 12, 16], "texture": "#rail"}
			}
		},
		{
			"from": [1.2, 1, 9.6],
			"to": [2, 1.25, 10.4],
			"rotation": {"angle": 0, "axis": "y", "origin": [1.2, 1, 9.5]},
			"faces": {
				"north": {"uv": [12, 15, 13, 16], "texture": "#rail"},
				"east": {"uv": [12, 15, 13, 16], "texture": "#rail"},
				"south": {"uv": [12, 15, 13, 16], "texture": "#rail"},
				"west": {"uv": [12, 15, 13, 16], "texture": "#rail"},
				"up": {"uv": [12, 15, 13, 16], "texture": "#rail"},
				"down": {"uv": [12, 15, 13, 16], "texture": "#rail"}
			}
		},
		{
			"from": [1.45, 1, 9.85],
			"to": [1.75, 1.5, 10.15],
			"rotation": {"angle": 0, "axis": "y", "origin": [1.1, 1, 9.5]},
			"faces": {
				"north": {"uv": [13, 13, 13.3, 13.5], "texture": "#rail"},
				"east": {"uv": [13, 13, 13.3, 13.5], "texture": "#rail"},
				"south": {"uv": [13, 13, 13.3, 13.5], "texture": "#rail"},
				"west": {"uv": [13, 13, 13.3, 13.5], "texture": "#rail"},
				"up": {"uv": [13, 13, 13.3, 13.5], "texture": "#rail"},
				"down": {"uv": [13, 13, 13.3, 13.5], "texture": "#rail"}
			}
		},
		{
			"from": [5.25, 1, 9.85],
			"to": [5.55, 1.5, 10.15],
			"rotation": {"angle": 0, "axis": "y", "origin": [4.9, 1, 9.5]},
			"faces": {
				"north": {"uv": [13, 13, 13.3, 13.5], "texture": "#rail"},
				"east": {"uv": [13, 13, 13.3, 13.5], "texture": "#rail"},
				"south": {"uv": [13, 13, 13.3, 13.5], "texture": "#rail"},
				"west": {"uv": [13, 13, 13.3, 13.5], "texture": "#rail"},
				"up": {"uv": [13, 13, 13.3, 13.5], "texture": "#rail"},
				"down": {"uv": [13, 13, 13.3, 13.5], "texture": "#rail"}
			}
		},
		{
			"from": [5, 1, 9.6],
			"to": [5.8, 1.25, 10.4],
			"rotation": {"angle": 0, "axis": "y", "origin": [5, 1, 9.5]},
			"faces": {
				"north": {"uv": [12, 15, 13, 16], "texture": "#rail"},
				"east": {"uv": [12, 15, 13, 16], "texture": "#rail"},
				"south": {"uv": [12, 15, 13, 16], "texture": "#rail"},
				"west": {"uv": [12, 15, 13, 16], "texture": "#rail"},
				"up": {"uv": [12, 15, 13, 16], "texture": "#rail"},
				"down": {"uv": [12, 15, 13, 16], "texture": "#rail"}
			}
		},
		{
			"from": [14, 1, 13.6],
			"to": [14.8, 1.25, 14.4],
			"rotation": {"angle": 0, "axis": "y", "origin": [14.8, 1, 13.5]},
			"faces": {
				"north": {"uv": [13, 15, 12, 16], "texture": "#rail"},
				"east": {"uv": [13, 15, 12, 16], "texture": "#rail"},
				"south": {"uv": [13, 15, 12, 16], "texture": "#rail"},
				"west": {"uv": [13, 15, 12, 16], "texture": "#rail"},
				"up": {"uv": [13, 15, 12, 16], "texture": "#rail"},
				"down": {"uv": [13, 15, 12, 16], "texture": "#rail"}
			}
		},
		{
			"from": [14.25, 1, 13.85],
			"to": [14.55, 1.5, 14.15],
			"rotation": {"angle": 0, "axis": "y", "origin": [14.9, 1, 13.5]},
			"faces": {
				"north": {"uv": [13.3, 13, 13, 13.5], "texture": "#rail"},
				"east": {"uv": [13.3, 13, 13, 13.5], "texture": "#rail"},
				"south": {"uv": [13.3, 13, 13, 13.5], "texture": "#rail"},
				"west": {"uv": [13.3, 13, 13, 13.5], "texture": "#rail"},
				"up": {"uv": [13.3, 13, 13, 13.5], "texture": "#rail"},
				"down": {"uv": [13.3, 13, 13, 13.5], "texture": "#rail"}
			}
		},
		{
			"from": [10.45, 1, 13.85],
			"to": [10.75, 1.5, 14.15],
			"rotation": {"angle": 0, "axis": "y", "origin": [11.1, 1, 13.5]},
			"faces": {
				"north": {"uv": [13.3, 13, 13, 13.5], "texture": "#rail"},
				"east": {"uv": [13.3, 13, 13, 13.5], "texture": "#rail"},
				"south": {"uv": [13.3, 13, 13, 13.5], "texture": "#rail"},
				"west": {"uv": [13.3, 13, 13, 13.5], "texture": "#rail"},
				"up": {"uv": [13.3, 13, 13, 13.5], "texture": "#rail"},
				"down": {"uv": [13.3, 13, 13, 13.5], "texture": "#rail"}
			}
		},
		{
			"from": [10.2, 1, 13.6],
			"to": [11, 1.25, 14.4],
			"rotation": {"angle": 0, "axis": "y", "origin": [11, 1, 13.5]},
			"faces": {
				"north": {"uv": [13, 15, 12, 16], "texture": "#rail"},
				"east": {"uv": [13, 15, 12, 16], "texture": "#rail"},
				"south": {"uv": [13, 15, 12, 16], "texture": "#rail"},
				"west": {"uv": [13, 15, 12, 16], "texture": "#rail"},
				"up": {"uv": [13, 15, 12, 16], "texture": "#rail"},
				"down": {"uv": [13, 15, 12, 16], "texture": "#rail"}
			}
		},
		{
			"from": [1.2, 1, 13.6],
			"to": [2, 1.25, 14.4],
			"rotation": {"angle": 0, "axis": "y", "origin": [1.2, 1, 13.5]},
			"faces": {
				"north": {"uv": [12, 15, 13, 16], "texture": "#rail"},
				"east": {"uv": [12, 15, 13, 16], "texture": "#rail"},
				"south": {"uv": [12, 15, 13, 16], "texture": "#rail"},
				"west": {"uv": [12, 15, 13, 16], "texture": "#rail"},
				"up": {"uv": [12, 15, 13, 16], "texture": "#rail"},
				"down": {"uv": [12, 15, 13, 16], "texture": "#rail"}
			}
		},
		{
			"from": [1.45, 1, 13.85],
			"to": [1.75, 1.5, 14.15],
			"rotation": {"angle": 0, "axis": "y", "origin": [1.1, 1, 13.5]},
			"faces": {
				"north": {"uv": [13, 13, 13.3, 13.5], "texture": "#rail"},
				"east": {"uv": [13, 13, 13.3, 13.5], "texture": "#rail"},
				"south": {"uv": [13, 13, 13.3, 13.5], "texture": "#rail"},
				"west": {"uv": [13, 13, 13.3, 13.5], "texture": "#rail"},
				"up": {"uv": [13, 13, 13.3, 13.5], "texture": "#rail"},
				"down": {"uv": [13, 13, 13.3, 13.5], "texture": "#rail"}
			}
		},
		{
			"from": [5.25, 1, 13.85],
			"to": [5.55, 1.5, 14.15],
			"rotation": {"angle": 0, "axis": "y", "origin": [4.9, 1, 13.5]},
			"faces": {
				"north": {"uv": [13, 13, 13.3, 13.5], "texture": "#rail"},
				"east": {"uv": [13, 13, 13.3, 13.5], "texture": "#rail"},
				"south": {"uv": [13, 13, 13.3, 13.5], "texture": "#rail"},
				"west": {"uv": [13, 13, 13.3, 13.5], "texture": "#rail"},
				"up": {"uv": [13, 13, 13.3, 13.5], "texture": "#rail"},
				"down": {"uv": [13, 13, 13.3, 13.5], "texture": "#rail"}
			}
		},
		{
			"from": [5, 1, 13.6],
			"to": [5.8, 1.25, 14.4],
			"rotation": {"angle": 0, "axis": "y", "origin": [5, 1, 13.5]},
			"faces": {
				"north": {"uv": [12, 15, 13, 16], "texture": "#rail"},
				"east": {"uv": [12, 15, 13, 16], "texture": "#rail"},
				"south": {"uv": [12, 15, 13, 16], "texture": "#rail"},
				"west": {"uv": [12, 15, 13, 16], "texture": "#rail"},
				"up": {"uv": [12, 15, 13, 16], "texture": "#rail"},
				"down": {"uv": [12, 15, 13, 16], "texture": "#rail"}
			}
		},
		{
			"from": [4, -0.1, 0.9],
			"to": [6, 1.1, 3.1],
			"rotation": {"angle": 0, "axis": "y", "origin": [4, 0, 1]},
			"faces": {
				"north": {"uv": [10, 14, 12, 15], "texture": "#3"},
				"east": {"uv": [10, 13, 11, 15], "texture": "#3"},
				"south": {"uv": [12, 13, 10, 14], "texture": "#3"},
				"west": {"uv": [10, 13, 11, 15], "texture": "#3"},
				"up": {"uv": [10, 13, 12, 15], "texture": "#3"},
				"down": {"uv": [10, 13, 12, 15], "texture": "#3"}
			}
		},
		{
			"from": [10, -0.1, 0.9],
			"to": [12, 1.1, 3.1],
			"rotation": {"angle": 0, "axis": "y", "origin": [12, 0, 1]},
			"faces": {
				"north": {"uv": [12, 14, 10, 15], "texture": "#3"},
				"east": {"uv": [11, 13, 10, 15], "texture": "#3"},
				"south": {"uv": [10, 13, 12, 14], "texture": "#3"},
				"west": {"uv": [11, 13, 10, 15], "texture": "#3"},
				"up": {"uv": [4, 13, 6, 15], "texture": "#3"},
				"down": {"uv": [4, 13, 6, 15], "texture": "#3"}
			}
		},
		{
			"from": [10, -0.1, 4.9],
			"to": [12, 1.1, 7.1],
			"rotation": {"angle": 0, "axis": "y", "origin": [12, 0, 7]},
			"faces": {
				"north": {"uv": [12, 13, 10, 14], "texture": "#3"},
				"east": {"uv": [10, 13, 11, 15], "texture": "#3"},
				"south": {"uv": [10, 14, 12, 15], "texture": "#3"},
				"west": {"uv": [10, 13, 11, 15], "texture": "#3"},
				"up": {"uv": [12, 15, 10, 13], "texture": "#3"},
				"down": {"uv": [12, 15, 10, 13], "texture": "#3"}
			}
		},
		{
			"from": [4, -0.1, 4.9],
			"to": [6, 1.1, 7.1],
			"rotation": {"angle": 0, "axis": "y", "origin": [4, 0, 7]},
			"faces": {
				"north": {"uv": [10, 13, 12, 14], "texture": "#3"},
				"east": {"uv": [11, 13, 10, 15], "texture": "#3"},
				"south": {"uv": [12, 14, 10, 15], "texture": "#3"},
				"west": {"uv": [11, 13, 10, 15], "texture": "#3"},
				"up": {"uv": [6, 15, 4, 13], "texture": "#3"},
				"down": {"uv": [6, 15, 4, 13], "texture": "#3"}
			}
		},
		{
			"from": [4, -0.1, 8.9],
			"to": [6, 1.1, 11.1],
			"rotation": {"angle": 0, "axis": "y", "origin": [4, 0, 9]},
			"faces": {
				"north": {"uv": [10, 14, 12, 15], "texture": "#3"},
				"east": {"uv": [10, 13, 11, 15], "texture": "#3"},
				"south": {"uv": [12, 13, 10, 14], "texture": "#3"},
				"west": {"uv": [10, 13, 11, 15], "texture": "#3"},
				"up": {"uv": [10, 13, 12, 15], "texture": "#3"},
				"down": {"uv": [10, 13, 12, 15], "texture": "#3"}
			}
		},
		{
			"from": [10, -0.1, 8.9],
			"to": [12, 1.1, 11.1],
			"rotation": {"angle": 0, "axis": "y", "origin": [12, 0, 9]},
			"faces": {
				"north": {"uv": [12, 14, 10, 15], "texture": "#3"},
				"east": {"uv": [11, 13, 10, 15], "texture": "#3"},
				"south": {"uv": [10, 13, 12, 14], "texture": "#3"},
				"west": {"uv": [11, 13, 10, 15], "texture": "#3"},
				"up": {"uv": [4, 13, 6, 15], "texture": "#3"},
				"down": {"uv": [4, 13, 6, 15], "texture": "#3"}
			}
		},
		{
			"from": [10, -0.1, 12.9],
			"to": [12, 1.1, 15.1],
			"rotation": {"angle": 0, "axis": "y", "origin": [12, 0, 15]},
			"faces": {
				"north": {"uv": [12, 13, 10, 14], "texture": "#3"},
				"east": {"uv": [10, 13, 11, 15], "texture": "#3"},
				"south": {"uv": [10, 14, 12, 15], "texture": "#3"},
				"west": {"uv": [10, 13, 11, 15], "texture": "#3"},
				"up": {"uv": [12, 15, 10, 13], "texture": "#3"},
				"down": {"uv": [12, 15, 10, 13], "texture": "#3"}
			}
		},
		{
			"from": [4, -0.1, 12.9],
			"to": [6, 1.1, 15.1],
			"rotation": {"angle": 0, "axis": "y", "origin": [4, 0, 15]},
			"faces": {
				"north": {"uv": [10, 13, 12, 14], "texture": "#3"},
				"east": {"uv": [11, 13, 10, 15], "texture": "#3"},
				"south": {"uv": [12, 14, 10, 15], "texture": "#3"},
				"west": {"uv": [11, 13, 10, 15], "texture": "#3"},
				"up": {"uv": [6, 15, 4, 13], "texture": "#3"},
				"down": {"uv": [6, 15, 4, 13], "texture": "#3"}
			}
		},
		{
			"from": [7, 0.1, 3],
			"to": [9, 0.5, 13],
			"rotation": {"angle": 0, "axis": "y", "origin": [7, 0, 3]},
			"faces": {
				"north": {"uv": [0, 0, 2, 0.5], "texture": "#3"},
				"east": {"uv": [8, 3, 9, 13], "rotation": 90, "texture": "#3"},
				"south": {"uv": [0, 0, 2, 0.5], "texture": "#3"},
				"west": {"uv": [8, 3, 9, 13], "rotation": 90, "texture": "#3"},
				"up": {"uv": [7, 3, 9, 13], "texture": "#3"},
				"down": {"uv": [7, 3, 9, 13], "texture": "#3"}
			}
		},
		{
			"from": [4, 1, 0],
			"to": [5, 1.75, 16],
			"rotation": {"angle": 0, "axis": "y", "origin": [4, 1, 0]},
			"faces": {
				"north": {"uv": [11, 0, 12, 1], "texture": "#2"},
				"east": {"uv": [11, 0, 12, 16], "rotation": 90, "texture": "#2"},
				"south": {"uv": [11, 15, 12, 16], "texture": "#2"},
				"west": {"uv": [11, 16, 12, 0], "rotation": 90, "texture": "#2"},
				"up": {"uv": [11, 0, 12, 16], "texture": "#2"},
				"down": {"uv": [11, 16, 12, 0], "texture": "#2"}
			}
		},
		{
			"from": [4.05, 1.05, -0.2],
			"to": [4.95, 1.7, 16.2],
			"rotation": {"angle": 0, "axis": "y", "origin": [4, 1, 0]},
			"faces": {
				"north": {"uv": [11, 0, 12, 1], "texture": "#2"},
				"east": {"uv": [11, 0, 12, 16], "rotation": 90, "texture": "#2"},
				"south": {"uv": [11, 15, 12, 16], "texture": "#2"},
				"west": {"uv": [11, 16, 12, 0], "rotation": 90, "texture": "#2"},
				"up": {"uv": [11, 0, 12, 16], "texture": "#2"},
				"down": {"uv": [11, 16, 12, 0], "texture": "#2"}
			}
		},
		{
			"from": [11, 1, 0],
			"to": [12, 1.75, 16],
			"rotation": {"angle": 0, "axis": "y", "origin": [12, 1, 0]},
			"faces": {
				"north": {"uv": [12, 0, 11, 1], "texture": "#2"},
				"east": {"uv": [11, 0, 12, 16], "rotation": 90, "texture": "#2"},
				"south": {"uv": [12, 15, 11, 16], "texture": "#2"},
				"west": {"uv": [11, 16, 12, 0], "rotation": 90, "texture": "#2"},
				"up": {"uv": [12, 0, 11, 16], "texture": "#2"},
				"down": {"uv": [12, 16, 11, 0], "texture": "#2"}
			}
		},
		{
			"from": [11.05, 1.05, -0.2],
			"to": [11.95, 1.7, 16.2],
			"rotation": {"angle": 0, "axis": "y", "origin": [12, 1, 0]},
			"faces": {
				"north": {"uv": [12, 0, 11, 1], "texture": "#2"},
				"east": {"uv": [11, 0, 12, 16], "rotation": 90, "texture": "#2"},
				"south": {"uv": [12, 15, 11, 16], "texture": "#2"},
				"west": {"uv": [11, 16, 12, 0], "rotation": 90, "texture": "#2"},
				"up": {"uv": [12, 0, 11, 16], "texture": "#2"},
				"down": {"uv": [12, 16, 11, 0], "texture": "#2"}
			}
		}
	],
	"groups": [
		{
			"name": "RAIL",
			"origin": [4, 1, 1.5],
			"color": 0,
			"children": [
				0,
				1,
				2,
				3,
				4,
				5,
				6,
				7,
				{
					"name": "BOLTS",
					"origin": [4, 1, 1.5],
					"color": 0,
					"children": [8, 9, 10, 11]
				},
				{
					"name": "BOLTS",
					"origin": [4, 1, 1.5],
					"color": 0,
					"children": [12, 13, 14, 15]
				},
				{
					"name": "BOLTS",
					"origin": [4, 1, 1.5],
					"color": 0,
					"children": [16, 17, 18, 19]
				},
				{
					"name": "BOLTS",
					"origin": [4, 1, 1.5],
					"color": 0,
					"children": [20, 21, 22, 23]
				},
				{
					"name": "BOLTS",
					"origin": [4, 1, 1.5],
					"color": 0,
					"children": [24, 25, 26, 27]
				},
				{
					"name": "BOLTS",
					"origin": [4, 1, 1.5],
					"color": 0,
					"children": [28, 29, 30, 31]
				},
				{
					"name": "BOLTS",
					"origin": [4, 1, 1.5],
					"color": 0,
					"children": [32, 33, 34, 35]
				},
				{
					"name": "BOLTS",
					"origin": [4, 1, 1.5],
					"color": 0,
					"children": [36, 37, 38, 39]
				}
			]
		},
		{
			"name": "Activator Parts",
			"origin": [7, 0, 3],
			"color": 0,
			"children": [40, 41, 42, 43, 44, 45, 46, 47, 48]
		},
		{
			"name": "The GOLD",
			"origin": [4, 1, 0],
			"color": 0,
			"children": [49, 50]
		},
		{
			"name": "The GOLD",
			"origin": [4, 1, 0],
			"color": 0,
			"children": [51, 52]
		}
	]
}