{
	"format_version": "1.21.6",
	"credit": "Made with Blockbench",
	"parent": "minecraft:block/template_rail_raised_sw",
	"textures": {
		"1": "block/furnace_log_unlit",
		"3": "block/activator_rail_on",
		"4": "block/powered_rail_on",
		"particle": "block/powered_rail_on",
		"rail": "block/rail"
	},
	"elements": [
		{
			"from": [2, 6.75, -4.2],
			"to": [4, 8, 18.4],
			"rotation": {"angle": 45, "axis": "x", "origin": [8, 6.9375, 9.9]},
			"faces": {
				"north": {"uv": [4, 16, 2, 15], "texture": "#rail"},
				"east": {"uv": [13, 16, 12, 0], "rotation": 90, "texture": "#rail"},
				"south": {"uv": [2, 1, 4, 0], "texture": "#rail"},
				"west": {"uv": [3, 16, 2, 0], "rotation": 90, "texture": "#rail"},
				"up": {"uv": [2, 0, 4, 16], "texture": "#rail"},
				"down": {"uv": [2, 0, 4, 16], "texture": "#rail"}
			}
		},
		{
			"from": [12, 6.75, -4.2],
			"to": [14, 8, 18.4],
			"rotation": {"angle": 45, "axis": "x", "origin": [8, 6.9375, 9.9]},
			"faces": {
				"north": {"uv": [14, 16, 12, 15], "texture": "#rail"},
				"east": {"uv": [13, 16, 14, 0], "rotation": 90, "texture": "#rail"},
				"south": {"uv": [12, 1, 14, 0], "texture": "#rail"},
				"west": {"uv": [13, 16, 12, 0], "rotation": 90, "texture": "#rail"},
				"up": {"uv": [12, 0, 14, 16], "texture": "#rail"},
				"down": {"uv": [12, 0, 14, 16], "texture": "#rail"}
			}
		},
		{
			"from": [2.05, 6.8, -4.7],
			"to": [3.95, 7.95, 18.9],
			"rotation": {"angle": 45, "axis": "x", "origin": [8, 6.9375, 9.9]},
			"faces": {
				"north": {"uv": [4, 16, 2, 15], "texture": "#rail"},
				"east": {"uv": [13, 16, 12, 0], "rotation": 90, "texture": "#rail"},
				"south": {"uv": [2, 1, 4, 0], "texture": "#rail"},
				"west": {"uv": [3, 16, 2, 0], "rotation": 90, "texture": "#rail"},
				"up": {"uv": [2, 0, 4, 16], "texture": "#rail"},
				"down": {"uv": [2, 0, 4, 16], "texture": "#rail"}
			}
		},
		{
			"from": [12.05, 6.8, -4.7],
			"to": [13.95, 7.95, 18.9],
			"rotation": {"angle": 45, "axis": "x", "origin": [8, 6.9375, 9.9]},
			"faces": {
				"north": {"uv": [14, 16, 12, 15], "texture": "#rail"},
				"east": {"uv": [13, 16, 14, 0], "rotation": 90, "texture": "#rail"},
				"south": {"uv": [12, 1, 14, 0], "texture": "#rail"},
				"west": {"uv": [13, 16, 12, 0], "rotation": 90, "texture": "#rail"},
				"up": {"uv": [12, 0, 14, 16], "texture": "#rail"},
				"down": {"uv": [12, 0, 14, 16], "texture": "#rail"}
			}
		},
		{
			"from": [1, 6, 3.9],
			"to": [15, 7, 5.9],
			"rotation": {"angle": 45, "axis": "x", "origin": [8, 6.9375, 9.9]},
			"faces": {
				"north": {"uv": [1, 1, 15, 2], "texture": "#1"},
				"east": {"uv": [14, 13, 15, 15], "rotation": 90, "texture": "#rail"},
				"south": {"uv": [1, 1, 15, 2], "texture": "#1"},
				"west": {"uv": [14, 13, 15, 15], "rotation": 90, "texture": "#rail"},
				"up": {"uv": [1, 13, 15, 15], "texture": "#rail"},
				"down": {"uv": [1, 0, 15, 2], "texture": "#1"}
			}
		},
		{
			"from": [1, 6, 7.9],
			"to": [15, 7, 9.9],
			"rotation": {"angle": 45, "axis": "x", "origin": [8, 6.9375, 9.9]},
			"faces": {
				"north": {"uv": [1, 1, 15, 2], "texture": "#1"},
				"east": {"uv": [14, 13, 15, 15], "rotation": 90, "texture": "#rail"},
				"south": {"uv": [1, 1, 15, 2], "texture": "#1"},
				"west": {"uv": [14, 13, 15, 15], "rotation": 90, "texture": "#rail"},
				"up": {"uv": [1, 13, 15, 15], "texture": "#rail"},
				"down": {"uv": [1, 0, 15, 2], "texture": "#1"}
			}
		},
		{
			"from": [1, 6, 11.65],
			"to": [15, 7, 13.65],
			"rotation": {"angle": 45, "axis": "x", "origin": [8, 6.9375, 9.9]},
			"faces": {
				"north": {"uv": [1, 1, 15, 2], "texture": "#1"},
				"east": {"uv": [14, 13, 15, 15], "rotation": 90, "texture": "#rail"},
				"south": {"uv": [1, 1, 15, 2], "texture": "#1"},
				"west": {"uv": [14, 13, 15, 15], "rotation": 90, "texture": "#rail"},
				"up": {"uv": [1, 13, 15, 15], "texture": "#rail"},
				"down": {"uv": [1, 0, 15, 2], "texture": "#1"}
			}
		},
		{
			"from": [1, 6, -3.6],
			"to": [15, 7, -1.6],
			"rotation": {"angle": 45, "axis": "x", "origin": [8, 6.9375, 9.9]},
			"faces": {
				"north": {"uv": [1, 1, 15, 2], "texture": "#1"},
				"east": {"uv": [14, 13, 15, 15], "rotation": 90, "texture": "#rail"},
				"south": {"uv": [1, 1, 15, 2], "texture": "#1"},
				"west": {"uv": [14, 13, 15, 15], "rotation": 90, "texture": "#rail"},
				"up": {"uv": [1, 13, 15, 15], "texture": "#rail"},
				"down": {"uv": [1, 0, 15, 2], "texture": "#1"}
			}
		},
		{
			"from": [1.2, 7, -3],
			"to": [2, 7.25, -2.2],
			"rotation": {"angle": 45, "axis": "x", "origin": [8, 6.9375, 9.9]},
			"faces": {
				"north": {"uv": [12, 15, 13, 16], "texture": "#rail"},
				"east": {"uv": [12, 15, 13, 16], "texture": "#rail"},
				"south": {"uv": [12, 15, 13, 16], "texture": "#rail"},
				"west": {"uv": [12, 15, 13, 16], "texture": "#rail"},
				"up": {"uv": [12, 15, 13, 16], "texture": "#rail"},
				"down": {"uv": [12, 15, 13, 16], "texture": "#rail"}
			}
		},
		{
			"from": [1.45, 7, -2.75],
			"to": [1.75, 7.5, -2.45],
			"rotation": {"angle": 45, "axis": "x", "origin": [8, 6.9375, 9.9]},
			"faces": {
				"north": {"uv": [13, 13, 13.3, 13.5], "texture": "#rail"},
				"east": {"uv": [13, 13, 13.3, 13.5], "texture": "#rail"},
				"south": {"uv": [13, 13, 13.3, 13.5], "texture": "#rail"},
				"west": {"uv": [13, 13, 13.3, 13.5], "texture": "#rail"},
				"up": {"uv": [13, 13, 13.3, 13.5], "texture": "#rail"},
				"down": {"uv": [13, 13, 13.3, 13.5], "texture": "#rail"}
			}
		},
		{
			"from": [5.25, 7, -2.75],
			"to": [5.55, 7.5, -2.45],
			"rotation": {"angle": 45, "axis": "x", "origin": [9, 6.9375, 9.9]},
			"faces": {
				"north": {"uv": [13, 13, 13.3, 13.5], "texture": "#rail"},
				"east": {"uv": [13, 13, 13.3, 13.5], "texture": "#rail"},
				"south": {"uv": [13, 13, 13.3, 13.5], "texture": "#rail"},
				"west": {"uv": [13, 13, 13.3, 13.5], "texture": "#rail"},
				"up": {"uv": [13, 13, 13.3, 13.5], "texture": "#rail"},
				"down": {"uv": [13, 13, 13.3, 13.5], "texture": "#rail"}
			}
		},
		{
			"from": [5, 7, -3],
			"to": [5.8, 7.25, -2.2],
			"rotation": {"angle": 45, "axis": "x", "origin": [9, 6.9375, 9.9]},
			"faces": {
				"north": {"uv": [12, 15, 13, 16], "texture": "#rail"},
				"east": {"uv": [12, 15, 13, 16], "texture": "#rail"},
				"south": {"uv": [12, 15, 13, 16], "texture": "#rail"},
				"west": {"uv": [12, 15, 13, 16], "texture": "#rail"},
				"up": {"uv": [12, 15, 13, 16], "texture": "#rail"},
				"down": {"uv": [12, 15, 13, 16], "texture": "#rail"}
			}
		},
		{
			"from": [14, 7, -3],
			"to": [14.8, 7.25, -2.2],
			"rotation": {"angle": 45, "axis": "x", "origin": [8, 6.9375, 9.9]},
			"faces": {
				"north": {"uv": [13, 15, 12, 16], "texture": "#rail"},
				"east": {"uv": [13, 15, 12, 16], "texture": "#rail"},
				"south": {"uv": [13, 15, 12, 16], "texture": "#rail"},
				"west": {"uv": [13, 15, 12, 16], "texture": "#rail"},
				"up": {"uv": [13, 15, 12, 16], "texture": "#rail"},
				"down": {"uv": [13, 15, 12, 16], "texture": "#rail"}
			}
		},
		{
			"from": [14.25, 7, -2.75],
			"to": [14.55, 7.5, -2.45],
			"rotation": {"angle": 45, "axis": "x", "origin": [8, 6.9375, 9.9]},
			"faces": {
				"north": {"uv": [13.3, 13, 13, 13.5], "texture": "#rail"},
				"east": {"uv": [13.3, 13, 13, 13.5], "texture": "#rail"},
				"south": {"uv": [13.3, 13, 13, 13.5], "texture": "#rail"},
				"west": {"uv": [13.3, 13, 13, 13.5], "texture": "#rail"},
				"up": {"uv": [13.3, 13, 13, 13.5], "texture": "#rail"},
				"down": {"uv": [13.3, 13, 13, 13.5], "texture": "#rail"}
			}
		},
		{
			"from": [10.45, 7, -2.75],
			"to": [10.75, 7.5, -2.45],
			"rotation": {"angle": 45, "axis": "x", "origin": [7, 6.9375, 9.9]},
			"faces": {
				"north": {"uv": [13.3, 13, 13, 13.5], "texture": "#rail"},
				"east": {"uv": [13.3, 13, 13, 13.5], "texture": "#rail"},
				"south": {"uv": [13.3, 13, 13, 13.5], "texture": "#rail"},
				"west": {"uv": [13.3, 13, 13, 13.5], "texture": "#rail"},
				"up": {"uv": [13.3, 13, 13, 13.5], "texture": "#rail"},
				"down": {"uv": [13.3, 13, 13, 13.5], "texture": "#rail"}
			}
		},
		{
			"from": [10.2, 7, -3],
			"to": [11, 7.25, -2.2],
			"rotation": {"angle": 45, "axis": "x", "origin": [7, 6.9375, 9.9]},
			"faces": {
				"north": {"uv": [13, 15, 12, 16], "texture": "#rail"},
				"east": {"uv": [13, 15, 12, 16], "texture": "#rail"},
				"south": {"uv": [13, 15, 12, 16], "texture": "#rail"},
				"west": {"uv": [13, 15, 12, 16], "texture": "#rail"},
				"up": {"uv": [13, 15, 12, 16], "texture": "#rail"},
				"down": {"uv": [13, 15, 12, 16], "texture": "#rail"}
			}
		},
		{
			"from": [14, 7, 4.5],
			"to": [14.8, 7.25, 5.3],
			"rotation": {"angle": 45, "axis": "x", "origin": [8, 6.9375, 9.9]},
			"faces": {
				"north": {"uv": [13, 15, 12, 16], "texture": "#rail"},
				"east": {"uv": [13, 15, 12, 16], "texture": "#rail"},
				"south": {"uv": [13, 15, 12, 16], "texture": "#rail"},
				"west": {"uv": [13, 15, 12, 16], "texture": "#rail"},
				"up": {"uv": [13, 15, 12, 16], "texture": "#rail"},
				"down": {"uv": [13, 15, 12, 16], "texture": "#rail"}
			}
		},
		{
			"from": [14.25, 7, 4.75],
			"to": [14.55, 7.5, 5.05],
			"rotation": {"angle": 45, "axis": "x", "origin": [8, 6.9375, 9.9]},
			"faces": {
				"north": {"uv": [13.3, 13, 13, 13.5], "texture": "#rail"},
				"east": {"uv": [13.3, 13, 13, 13.5], "texture": "#rail"},
				"south": {"uv": [13.3, 13, 13, 13.5], "texture": "#rail"},
				"west": {"uv": [13.3, 13, 13, 13.5], "texture": "#rail"},
				"up": {"uv": [13.3, 13, 13, 13.5], "texture": "#rail"},
				"down": {"uv": [13.3, 13, 13, 13.5], "texture": "#rail"}
			}
		},
		{
			"from": [10.45, 7, 4.75],
			"to": [10.75, 7.5, 5.05],
			"rotation": {"angle": 45, "axis": "x", "origin": [7, 6.9375, 9.9]},
			"faces": {
				"north": {"uv": [13.3, 13, 13, 13.5], "texture": "#rail"},
				"east": {"uv": [13.3, 13, 13, 13.5], "texture": "#rail"},
				"south": {"uv": [13.3, 13, 13, 13.5], "texture": "#rail"},
				"west": {"uv": [13.3, 13, 13, 13.5], "texture": "#rail"},
				"up": {"uv": [13.3, 13, 13, 13.5], "texture": "#rail"},
				"down": {"uv": [13.3, 13, 13, 13.5], "texture": "#rail"}
			}
		},
		{
			"from": [10.2, 7, 4.5],
			"to": [11, 7.25, 5.3],
			"rotation": {"angle": 45, "axis": "x", "origin": [7, 6.9375, 9.9]},
			"faces": {
				"north": {"uv": [13, 15, 12, 16], "texture": "#rail"},
				"east": {"uv": [13, 15, 12, 16], "texture": "#rail"},
				"south": {"uv": [13, 15, 12, 16], "texture": "#rail"},
				"west": {"uv": [13, 15, 12, 16], "texture": "#rail"},
				"up": {"uv": [13, 15, 12, 16], "texture": "#rail"},
				"down": {"uv": [13, 15, 12, 16], "texture": "#rail"}
			}
		},
		{
			"from": [1.2, 7, 4.5],
			"to": [2, 7.25, 5.3],
			"rotation": {"angle": 45, "axis": "x", "origin": [8, 6.9375, 9.9]},
			"faces": {
				"north": {"uv": [12, 15, 13, 16], "texture": "#rail"},
				"east": {"uv": [12, 15, 13, 16], "texture": "#rail"},
				"south": {"uv": [12, 15, 13, 16], "texture": "#rail"},
				"west": {"uv": [12, 15, 13, 16], "texture": "#rail"},
				"up": {"uv": [12, 15, 13, 16], "texture": "#rail"},
				"down": {"uv": [12, 15, 13, 16], "texture": "#rail"}
			}
		},
		{
			"from": [1.45, 7, 4.75],
			"to": [1.75, 7.5, 5.05],
			"rotation": {"angle": 45, "axis": "x", "origin": [8, 6.9375, 9.9]},
			"faces": {
				"north": {"uv": [13, 13, 13.3, 13.5], "texture": "#rail"},
				"east": {"uv": [13, 13, 13.3, 13.5], "texture": "#rail"},
				"south": {"uv": [13, 13, 13.3, 13.5], "texture": "#rail"},
				"west": {"uv": [13, 13, 13.3, 13.5], "texture": "#rail"},
				"up": {"uv": [13, 13, 13.3, 13.5], "texture": "#rail"},
				"down": {"uv": [13, 13, 13.3, 13.5], "texture": "#rail"}
			}
		},
		{
			"from": [5.25, 7, 4.75],
			"to": [5.55, 7.5, 5.05],
			"rotation": {"angle": 45, "axis": "x", "origin": [9, 6.9375, 9.9]},
			"faces": {
				"north": {"uv": [13, 13, 13.3, 13.5], "texture": "#rail"},
				"east": {"uv": [13, 13, 13.3, 13.5], "texture": "#rail"},
				"south": {"uv": [13, 13, 13.3, 13.5], "texture": "#rail"},
				"west": {"uv": [13, 13, 13.3, 13.5], "texture": "#rail"},
				"up": {"uv": [13, 13, 13.3, 13.5], "texture": "#rail"},
				"down": {"uv": [13, 13, 13.3, 13.5], "texture": "#rail"}
			}
		},
		{
			"from": [5, 7, 4.5],
			"to": [5.8, 7.25, 5.3],
			"rotation": {"angle": 45, "axis": "x", "origin": [9, 6.9375, 9.9]},
			"faces": {
				"north": {"uv": [12, 15, 13, 16], "texture": "#rail"},
				"east": {"uv": [12, 15, 13, 16], "texture": "#rail"},
				"south": {"uv": [12, 15, 13, 16], "texture": "#rail"},
				"west": {"uv": [12, 15, 13, 16], "texture": "#rail"},
				"up": {"uv": [12, 15, 13, 16], "texture": "#rail"},
				"down": {"uv": [12, 15, 13, 16], "texture": "#rail"}
			}
		},
		{
			"from": [14, 7, 8.5],
			"to": [14.8, 7.25, 9.3],
			"rotation": {"angle": 45, "axis": "x", "origin": [8, 6.9375, 9.9]},
			"faces": {
				"north": {"uv": [13, 15, 12, 16], "texture": "#rail"},
				"east": {"uv": [13, 15, 12, 16], "texture": "#rail"},
				"south": {"uv": [13, 15, 12, 16], "texture": "#rail"},
				"west": {"uv": [13, 15, 12, 16], "texture": "#rail"},
				"up": {"uv": [13, 15, 12, 16], "texture": "#rail"},
				"down": {"uv": [13, 15, 12, 16], "texture": "#rail"}
			}
		},
		{
			"from": [14.25, 7, 8.75],
			"to": [14.55, 7.5, 9.05],
			"rotation": {"angle": 45, "axis": "x", "origin": [8, 6.9375, 9.9]},
			"faces": {
				"north": {"uv": [13.3, 13, 13, 13.5], "texture": "#rail"},
				"east": {"uv": [13.3, 13, 13, 13.5], "texture": "#rail"},
				"south": {"uv": [13.3, 13, 13, 13.5], "texture": "#rail"},
				"west": {"uv": [13.3, 13, 13, 13.5], "texture": "#rail"},
				"up": {"uv": [13.3, 13, 13, 13.5], "texture": "#rail"},
				"down": {"uv": [13.3, 13, 13, 13.5], "texture": "#rail"}
			}
		},
		{
			"from": [10.45, 7, 8.75],
			"to": [10.75, 7.5, 9.05],
			"rotation": {"angle": 45, "axis": "x", "origin": [7, 6.9375, 9.9]},
			"faces": {
				"north": {"uv": [13.3, 13, 13, 13.5], "texture": "#rail"},
				"east": {"uv": [13.3, 13, 13, 13.5], "texture": "#rail"},
				"south": {"uv": [13.3, 13, 13, 13.5], "texture": "#rail"},
				"west": {"uv": [13.3, 13, 13, 13.5], "texture": "#rail"},
				"up": {"uv": [13.3, 13, 13, 13.5], "texture": "#rail"},
				"down": {"uv": [13.3, 13, 13, 13.5], "texture": "#rail"}
			}
		},
		{
			"from": [10.2, 7, 8.5],
			"to": [11, 7.25, 9.3],
			"rotation": {"angle": 45, "axis": "x", "origin": [7, 6.9375, 9.9]},
			"faces": {
				"north": {"uv": [13, 15, 12, 16], "texture": "#rail"},
				"east": {"uv": [13, 15, 12, 16], "texture": "#rail"},
				"south": {"uv": [13, 15, 12, 16], "texture": "#rail"},
				"west": {"uv": [13, 15, 12, 16], "texture": "#rail"},
				"up": {"uv": [13, 15, 12, 16], "texture": "#rail"},
				"down": {"uv": [13, 15, 12, 16], "texture": "#rail"}
			}
		},
		{
			"from": [1.2, 7, 8.5],
			"to": [2, 7.25, 9.3],
			"rotation": {"angle": 45, "axis": "x", "origin": [8, 6.9375, 9.9]},
			"faces": {
				"north": {"uv": [12, 15, 13, 16], "texture": "#rail"},
				"east": {"uv": [12, 15, 13, 16], "texture": "#rail"},
				"south": {"uv": [12, 15, 13, 16], "texture": "#rail"},
				"west": {"uv": [12, 15, 13, 16], "texture": "#rail"},
				"up": {"uv": [12, 15, 13, 16], "texture": "#rail"},
				"down": {"uv": [12, 15, 13, 16], "texture": "#rail"}
			}
		},
		{
			"from": [1.45, 7, 8.75],
			"to": [1.75, 7.5, 9.05],
			"rotation": {"angle": 45, "axis": "x", "origin": [8, 6.9375, 9.9]},
			"faces": {
				"north": {"uv": [13, 13, 13.3, 13.5], "texture": "#rail"},
				"east": {"uv": [13, 13, 13.3, 13.5], "texture": "#rail"},
				"south": {"uv": [13, 13, 13.3, 13.5], "texture": "#rail"},
				"west": {"uv": [13, 13, 13.3, 13.5], "texture": "#rail"},
				"up": {"uv": [13, 13, 13.3, 13.5], "texture": "#rail"},
				"down": {"uv": [13, 13, 13.3, 13.5], "texture": "#rail"}
			}
		},
		{
			"from": [5.25, 7, 8.75],
			"to": [5.55, 7.5, 9.05],
			"rotation": {"angle": 45, "axis": "x", "origin": [9, 6.9375, 9.9]},
			"faces": {
				"north": {"uv": [13, 13, 13.3, 13.5], "texture": "#rail"},
				"east": {"uv": [13, 13, 13.3, 13.5], "texture": "#rail"},
				"south": {"uv": [13, 13, 13.3, 13.5], "texture": "#rail"},
				"west": {"uv": [13, 13, 13.3, 13.5], "texture": "#rail"},
				"up": {"uv": [13, 13, 13.3, 13.5], "texture": "#rail"},
				"down": {"uv": [13, 13, 13.3, 13.5], "texture": "#rail"}
			}
		},
		{
			"from": [5, 7, 8.5],
			"to": [5.8, 7.25, 9.3],
			"rotation": {"angle": 45, "axis": "x", "origin": [9, 6.9375, 9.9]},
			"faces": {
				"north": {"uv": [12, 15, 13, 16], "texture": "#rail"},
				"east": {"uv": [12, 15, 13, 16], "texture": "#rail"},
				"south": {"uv": [12, 15, 13, 16], "texture": "#rail"},
				"west": {"uv": [12, 15, 13, 16], "texture": "#rail"},
				"up": {"uv": [12, 15, 13, 16], "texture": "#rail"},
				"down": {"uv": [12, 15, 13, 16], "texture": "#rail"}
			}
		},
		{
			"from": [14, 7, 12.25],
			"to": [14.8, 7.25, 13.05],
			"rotation": {"angle": 45, "axis": "x", "origin": [8, 6.9375, 9.9]},
			"faces": {
				"north": {"uv": [13, 15, 12, 16], "texture": "#rail"},
				"east": {"uv": [13, 15, 12, 16], "texture": "#rail"},
				"south": {"uv": [13, 15, 12, 16], "texture": "#rail"},
				"west": {"uv": [13, 15, 12, 16], "texture": "#rail"},
				"up": {"uv": [13, 15, 12, 16], "texture": "#rail"},
				"down": {"uv": [13, 15, 12, 16], "texture": "#rail"}
			}
		},
		{
			"from": [14.25, 7, 12.5],
			"to": [14.55, 7.5, 12.8],
			"rotation": {"angle": 45, "axis": "x", "origin": [8, 6.9375, 9.9]},
			"faces": {
				"north": {"uv": [13.3, 13, 13, 13.5], "texture": "#rail"},
				"east": {"uv": [13.3, 13, 13, 13.5], "texture": "#rail"},
				"south": {"uv": [13.3, 13, 13, 13.5], "texture": "#rail"},
				"west": {"uv": [13.3, 13, 13, 13.5], "texture": "#rail"},
				"up": {"uv": [13.3, 13, 13, 13.5], "texture": "#rail"},
				"down": {"uv": [13.3, 13, 13, 13.5], "texture": "#rail"}
			}
		},
		{
			"from": [10.45, 7, 12.5],
			"to": [10.75, 7.5, 12.8],
			"rotation": {"angle": 45, "axis": "x", "origin": [7, 6.9375, 9.9]},
			"faces": {
				"north": {"uv": [13.3, 13, 13, 13.5], "texture": "#rail"},
				"east": {"uv": [13.3, 13, 13, 13.5], "texture": "#rail"},
				"south": {"uv": [13.3, 13, 13, 13.5], "texture": "#rail"},
				"west": {"uv": [13.3, 13, 13, 13.5], "texture": "#rail"},
				"up": {"uv": [13.3, 13, 13, 13.5], "texture": "#rail"},
				"down": {"uv": [13.3, 13, 13, 13.5], "texture": "#rail"}
			}
		},
		{
			"from": [10.2, 7, 12.25],
			"to": [11, 7.25, 13.05],
			"rotation": {"angle": 45, "axis": "x", "origin": [7, 6.9375, 9.9]},
			"faces": {
				"north": {"uv": [13, 15, 12, 16], "texture": "#rail"},
				"east": {"uv": [13, 15, 12, 16], "texture": "#rail"},
				"south": {"uv": [13, 15, 12, 16], "texture": "#rail"},
				"west": {"uv": [13, 15, 12, 16], "texture": "#rail"},
				"up": {"uv": [13, 15, 12, 16], "texture": "#rail"},
				"down": {"uv": [13, 15, 12, 16], "texture": "#rail"}
			}
		},
		{
			"from": [1.2, 7, 12.25],
			"to": [2, 7.25, 13.05],
			"rotation": {"angle": 45, "axis": "x", "origin": [8, 6.9375, 9.9]},
			"faces": {
				"north": {"uv": [12, 15, 13, 16], "texture": "#rail"},
				"east": {"uv": [12, 15, 13, 16], "texture": "#rail"},
				"south": {"uv": [12, 15, 13, 16], "texture": "#rail"},
				"west": {"uv": [12, 15, 13, 16], "texture": "#rail"},
				"up": {"uv": [12, 15, 13, 16], "texture": "#rail"},
				"down": {"uv": [12, 15, 13, 16], "texture": "#rail"}
			}
		},
		{
			"from": [1.45, 7, 12.5],
			"to": [1.75, 7.5, 12.8],
			"rotation": {"angle": 45, "axis": "x", "origin": [8, 6.9375, 9.9]},
			"faces": {
				"north": {"uv": [13, 13, 13.3, 13.5], "texture": "#rail"},
				"east": {"uv": [13, 13, 13.3, 13.5], "texture": "#rail"},
				"south": {"uv": [13, 13, 13.3, 13.5], "texture": "#rail"},
				"west": {"uv": [13, 13, 13.3, 13.5], "texture": "#rail"},
				"up": {"uv": [13, 13, 13.3, 13.5], "texture": "#rail"},
				"down": {"uv": [13, 13, 13.3, 13.5], "texture": "#rail"}
			}
		},
		{
			"from": [5.25, 7, 12.5],
			"to": [5.55, 7.5, 12.8],
			"rotation": {"angle": 45, "axis": "x", "origin": [9, 6.9375, 9.9]},
			"faces": {
				"north": {"uv": [13, 13, 13.3, 13.5], "texture": "#rail"},
				"east": {"uv": [13, 13, 13.3, 13.5], "texture": "#rail"},
				"south": {"uv": [13, 13, 13.3, 13.5], "texture": "#rail"},
				"west": {"uv": [13, 13, 13.3, 13.5], "texture": "#rail"},
				"up": {"uv": [13, 13, 13.3, 13.5], "texture": "#rail"},
				"down": {"uv": [13, 13, 13.3, 13.5], "texture": "#rail"}
			}
		},
		{
			"from": [5, 7, 12.25],
			"to": [5.8, 7.25, 13.05],
			"rotation": {"angle": 45, "axis": "x", "origin": [9, 6.9375, 9.9]},
			"faces": {
				"north": {"uv": [12, 15, 13, 16], "texture": "#rail"},
				"east": {"uv": [12, 15, 13, 16], "texture": "#rail"},
				"south": {"uv": [12, 15, 13, 16], "texture": "#rail"},
				"west": {"uv": [12, 15, 13, 16], "texture": "#rail"},
				"up": {"uv": [12, 15, 13, 16], "texture": "#rail"},
				"down": {"uv": [12, 15, 13, 16], "texture": "#rail"}
			}
		},
		{
			"from": [1, 6, 15.4],
			"to": [15, 7, 17.4],
			"rotation": {"angle": 45, "axis": "x", "origin": [8, 6.9375, 9.9]},
			"faces": {
				"north": {"uv": [1, 1, 15, 2], "texture": "#1"},
				"east": {"uv": [14, 13, 15, 15], "rotation": 90, "texture": "#rail"},
				"south": {"uv": [1, 1, 15, 2], "texture": "#1"},
				"west": {"uv": [14, 13, 15, 15], "rotation": 90, "texture": "#rail"},
				"up": {"uv": [1, 13, 15, 15], "texture": "#rail"},
				"down": {"uv": [1, 0, 15, 2], "texture": "#1"}
			}
		},
		{
			"from": [1.2, 7, 16],
			"to": [2, 7.25, 16.8],
			"rotation": {"angle": 45, "axis": "x", "origin": [8, 6.9375, 9.9]},
			"faces": {
				"north": {"uv": [12, 15, 13, 16], "texture": "#rail"},
				"east": {"uv": [12, 15, 13, 16], "texture": "#rail"},
				"south": {"uv": [12, 15, 13, 16], "texture": "#rail"},
				"west": {"uv": [12, 15, 13, 16], "texture": "#rail"},
				"up": {"uv": [12, 15, 13, 16], "texture": "#rail"},
				"down": {"uv": [12, 15, 13, 16], "texture": "#rail"}
			}
		},
		{
			"from": [1.45, 7, 16.25],
			"to": [1.75, 7.5, 16.55],
			"rotation": {"angle": 45, "axis": "x", "origin": [8, 6.9375, 9.9]},
			"faces": {
				"north": {"uv": [13, 13, 13.3, 13.5], "texture": "#rail"},
				"east": {"uv": [13, 13, 13.3, 13.5], "texture": "#rail"},
				"south": {"uv": [13, 13, 13.3, 13.5], "texture": "#rail"},
				"west": {"uv": [13, 13, 13.3, 13.5], "texture": "#rail"},
				"up": {"uv": [13, 13, 13.3, 13.5], "texture": "#rail"},
				"down": {"uv": [13, 13, 13.3, 13.5], "texture": "#rail"}
			}
		},
		{
			"from": [5.25, 7, 16.25],
			"to": [5.55, 7.5, 16.55],
			"rotation": {"angle": 45, "axis": "x", "origin": [9, 6.9375, 9.9]},
			"faces": {
				"north": {"uv": [13, 13, 13.3, 13.5], "texture": "#rail"},
				"east": {"uv": [13, 13, 13.3, 13.5], "texture": "#rail"},
				"south": {"uv": [13, 13, 13.3, 13.5], "texture": "#rail"},
				"west": {"uv": [13, 13, 13.3, 13.5], "texture": "#rail"},
				"up": {"uv": [13, 13, 13.3, 13.5], "texture": "#rail"},
				"down": {"uv": [13, 13, 13.3, 13.5], "texture": "#rail"}
			}
		},
		{
			"from": [5, 7, 16],
			"to": [5.8, 7.25, 16.8],
			"rotation": {"angle": 45, "axis": "x", "origin": [9, 6.9375, 9.9]},
			"faces": {
				"north": {"uv": [12, 15, 13, 16], "texture": "#rail"},
				"east": {"uv": [12, 15, 13, 16], "texture": "#rail"},
				"south": {"uv": [12, 15, 13, 16], "texture": "#rail"},
				"west": {"uv": [12, 15, 13, 16], "texture": "#rail"},
				"up": {"uv": [12, 15, 13, 16], "texture": "#rail"},
				"down": {"uv": [12, 15, 13, 16], "texture": "#rail"}
			}
		},
		{
			"from": [14, 7, 16],
			"to": [14.8, 7.25, 16.8],
			"rotation": {"angle": 45, "axis": "x", "origin": [8, 6.9375, 9.9]},
			"faces": {
				"north": {"uv": [13, 15, 12, 16], "texture": "#rail"},
				"east": {"uv": [13, 15, 12, 16], "texture": "#rail"},
				"south": {"uv": [13, 15, 12, 16], "texture": "#rail"},
				"west": {"uv": [13, 15, 12, 16], "texture": "#rail"},
				"up": {"uv": [13, 15, 12, 16], "texture": "#rail"},
				"down": {"uv": [13, 15, 12, 16], "texture": "#rail"}
			}
		},
		{
			"from": [14.25, 7, 16.25],
			"to": [14.55, 7.5, 16.55],
			"rotation": {"angle": 45, "axis": "x", "origin": [8, 6.9375, 9.9]},
			"faces": {
				"north": {"uv": [13.3, 13, 13, 13.5], "texture": "#rail"},
				"east": {"uv": [13.3, 13, 13, 13.5], "texture": "#rail"},
				"south": {"uv": [13.3, 13, 13, 13.5], "texture": "#rail"},
				"west": {"uv": [13.3, 13, 13, 13.5], "texture": "#rail"},
				"up": {"uv": [13.3, 13, 13, 13.5], "texture": "#rail"},
				"down": {"uv": [13.3, 13, 13, 13.5], "texture": "#rail"}
			}
		},
		{
			"from": [10.45, 7, 16.25],
			"to": [10.75, 7.5, 16.55],
			"rotation": {"angle": 45, "axis": "x", "origin": [7, 6.9375, 9.9]},
			"faces": {
				"north": {"uv": [13.3, 13, 13, 13.5], "texture": "#rail"},
				"east": {"uv": [13.3, 13, 13, 13.5], "texture": "#rail"},
				"south": {"uv": [13.3, 13, 13, 13.5], "texture": "#rail"},
				"west": {"uv": [13.3, 13, 13, 13.5], "texture": "#rail"},
				"up": {"uv": [13.3, 13, 13, 13.5], "texture": "#rail"},
				"down": {"uv": [13.3, 13, 13, 13.5], "texture": "#rail"}
			}
		},
		{
			"from": [10.2, 7, 16],
			"to": [11, 7.25, 16.8],
			"rotation": {"angle": 45, "axis": "x", "origin": [7, 6.9375, 9.9]},
			"faces": {
				"north": {"uv": [13, 15, 12, 16], "texture": "#rail"},
				"east": {"uv": [13, 15, 12, 16], "texture": "#rail"},
				"south": {"uv": [13, 15, 12, 16], "texture": "#rail"},
				"west": {"uv": [13, 15, 12, 16], "texture": "#rail"},
				"up": {"uv": [13, 15, 12, 16], "texture": "#rail"},
				"down": {"uv": [13, 15, 12, 16], "texture": "#rail"}
			}
		},
		{
			"from": [1, 6, 0.15],
			"to": [15, 7, 2.15],
			"rotation": {"angle": 45, "axis": "x", "origin": [8, 6.9375, 9.9]},
			"faces": {
				"north": {"uv": [1, 1, 15, 2], "texture": "#1"},
				"east": {"uv": [14, 13, 15, 15], "rotation": 90, "texture": "#rail"},
				"south": {"uv": [1, 1, 15, 2], "texture": "#1"},
				"west": {"uv": [14, 13, 15, 15], "rotation": 90, "texture": "#rail"},
				"up": {"uv": [1, 13, 15, 15], "texture": "#rail"},
				"down": {"uv": [1, 0, 15, 2], "texture": "#1"}
			}
		},
		{
			"from": [1.2, 7, 0.75],
			"to": [2, 7.25, 1.55],
			"rotation": {"angle": 45, "axis": "x", "origin": [8, 6.9375, 9.9]},
			"faces": {
				"north": {"uv": [12, 15, 13, 16], "texture": "#rail"},
				"east": {"uv": [12, 15, 13, 16], "texture": "#rail"},
				"south": {"uv": [12, 15, 13, 16], "texture": "#rail"},
				"west": {"uv": [12, 15, 13, 16], "texture": "#rail"},
				"up": {"uv": [12, 15, 13, 16], "texture": "#rail"},
				"down": {"uv": [12, 15, 13, 16], "texture": "#rail"}
			}
		},
		{
			"from": [1.45, 7, 1],
			"to": [1.75, 7.5, 1.3],
			"rotation": {"angle": 45, "axis": "x", "origin": [8, 6.9375, 9.9]},
			"faces": {
				"north": {"uv": [13, 13, 13.3, 13.5], "texture": "#rail"},
				"east": {"uv": [13, 13, 13.3, 13.5], "texture": "#rail"},
				"south": {"uv": [13, 13, 13.3, 13.5], "texture": "#rail"},
				"west": {"uv": [13, 13, 13.3, 13.5], "texture": "#rail"},
				"up": {"uv": [13, 13, 13.3, 13.5], "texture": "#rail"},
				"down": {"uv": [13, 13, 13.3, 13.5], "texture": "#rail"}
			}
		},
		{
			"from": [5.25, 7, 1],
			"to": [5.55, 7.5, 1.3],
			"rotation": {"angle": 45, "axis": "x", "origin": [9, 6.9375, 9.9]},
			"faces": {
				"north": {"uv": [13, 13, 13.3, 13.5], "texture": "#rail"},
				"east": {"uv": [13, 13, 13.3, 13.5], "texture": "#rail"},
				"south": {"uv": [13, 13, 13.3, 13.5], "texture": "#rail"},
				"west": {"uv": [13, 13, 13.3, 13.5], "texture": "#rail"},
				"up": {"uv": [13, 13, 13.3, 13.5], "texture": "#rail"},
				"down": {"uv": [13, 13, 13.3, 13.5], "texture": "#rail"}
			}
		},
		{
			"from": [5, 7, 0.75],
			"to": [5.8, 7.25, 1.55],
			"rotation": {"angle": 45, "axis": "x", "origin": [9, 6.9375, 9.9]},
			"faces": {
				"north": {"uv": [12, 15, 13, 16], "texture": "#rail"},
				"east": {"uv": [12, 15, 13, 16], "texture": "#rail"},
				"south": {"uv": [12, 15, 13, 16], "texture": "#rail"},
				"west": {"uv": [12, 15, 13, 16], "texture": "#rail"},
				"up": {"uv": [12, 15, 13, 16], "texture": "#rail"},
				"down": {"uv": [12, 15, 13, 16], "texture": "#rail"}
			}
		},
		{
			"from": [14, 7, 0.75],
			"to": [14.8, 7.25, 1.55],
			"rotation": {"angle": 45, "axis": "x", "origin": [8, 6.9375, 9.9]},
			"faces": {
				"north": {"uv": [13, 15, 12, 16], "texture": "#rail"},
				"east": {"uv": [13, 15, 12, 16], "texture": "#rail"},
				"south": {"uv": [13, 15, 12, 16], "texture": "#rail"},
				"west": {"uv": [13, 15, 12, 16], "texture": "#rail"},
				"up": {"uv": [13, 15, 12, 16], "texture": "#rail"},
				"down": {"uv": [13, 15, 12, 16], "texture": "#rail"}
			}
		},
		{
			"from": [14.25, 7, 1],
			"to": [14.55, 7.5, 1.3],
			"rotation": {"angle": 45, "axis": "x", "origin": [8, 6.9375, 9.9]},
			"faces": {
				"north": {"uv": [13.3, 13, 13, 13.5], "texture": "#rail"},
				"east": {"uv": [13.3, 13, 13, 13.5], "texture": "#rail"},
				"south": {"uv": [13.3, 13, 13, 13.5], "texture": "#rail"},
				"west": {"uv": [13.3, 13, 13, 13.5], "texture": "#rail"},
				"up": {"uv": [13.3, 13, 13, 13.5], "texture": "#rail"},
				"down": {"uv": [13.3, 13, 13, 13.5], "texture": "#rail"}
			}
		},
		{
			"from": [10.45, 7, 1],
			"to": [10.75, 7.5, 1.3],
			"rotation": {"angle": 45, "axis": "x", "origin": [7, 6.9375, 9.9]},
			"faces": {
				"north": {"uv": [13.3, 13, 13, 13.5], "texture": "#rail"},
				"east": {"uv": [13.3, 13, 13, 13.5], "texture": "#rail"},
				"south": {"uv": [13.3, 13, 13, 13.5], "texture": "#rail"},
				"west": {"uv": [13.3, 13, 13, 13.5], "texture": "#rail"},
				"up": {"uv": [13.3, 13, 13, 13.5], "texture": "#rail"},
				"down": {"uv": [13.3, 13, 13, 13.5], "texture": "#rail"}
			}
		},
		{
			"from": [10.2, 7, 0.75],
			"to": [11, 7.25, 1.55],
			"rotation": {"angle": 45, "axis": "x", "origin": [7, 6.9375, 9.9]},
			"faces": {
				"north": {"uv": [13, 15, 12, 16], "texture": "#rail"},
				"east": {"uv": [13, 15, 12, 16], "texture": "#rail"},
				"south": {"uv": [13, 15, 12, 16], "texture": "#rail"},
				"west": {"uv": [13, 15, 12, 16], "texture": "#rail"},
				"up": {"uv": [13, 15, 12, 16], "texture": "#rail"},
				"down": {"uv": [13, 15, 12, 16], "texture": "#rail"}
			}
		},
		{
			"from": [4, 5.9, 15.3],
			"to": [6, 7.1, 17.5],
			"rotation": {"angle": 45, "axis": "x", "origin": [8, 6.9375, 9.9]},
			"faces": {
				"north": {"uv": [12, 14, 10, 13], "texture": "#3"},
				"east": {"uv": [11, 13, 10, 15], "rotation": 90, "texture": "#3"},
				"south": {"uv": [12, 15, 10, 14], "texture": "#3"},
				"west": {"uv": [12, 15, 11, 13], "rotation": 90, "texture": "#3"},
				"up": {"uv": [10, 13, 12, 15], "texture": "#3"},
				"down": {"uv": [10, 13, 12, 15], "texture": "#3"}
			}
		},
		{
			"from": [7, 6.1, 9.9],
			"to": [9, 6.5, 11.9],
			"rotation": {"angle": 45, "axis": "x", "origin": [11, 6.9375, 9.9]},
			"faces": {
				"north": {"uv": [12, 14, 10, 13], "texture": "#3"},
				"east": {"uv": [11, 13, 10, 15], "rotation": 90, "texture": "#3"},
				"south": {"uv": [12, 15, 10, 14], "texture": "#3"},
				"west": {"uv": [12, 15, 11, 13], "rotation": 90, "texture": "#3"},
				"up": {"uv": [9, 7, 7, 9], "texture": "#3"},
				"down": {"uv": [10, 13, 12, 15], "texture": "#3"}
			}
		},
		{
			"from": [7, 6.1, 2.15],
			"to": [9, 6.5, 3.9],
			"rotation": {"angle": 45, "axis": "x", "origin": [11, 6.9375, 9.9]},
			"faces": {
				"north": {"uv": [12, 14, 10, 13], "texture": "#3"},
				"east": {"uv": [11, 13, 10, 15], "rotation": 90, "texture": "#3"},
				"south": {"uv": [12, 15, 10, 14], "texture": "#3"},
				"west": {"uv": [12, 15, 11, 13], "rotation": 90, "texture": "#3"},
				"up": {"uv": [9, 11, 7, 13], "texture": "#3"},
				"down": {"uv": [10, 13, 12, 15], "texture": "#3"}
			}
		},
		{
			"from": [7, 6.1, -1.6],
			"to": [9, 6.5, 0.4],
			"rotation": {"angle": 45, "axis": "x", "origin": [11, 6.9375, 9.9]},
			"faces": {
				"north": {"uv": [12, 14, 10, 13], "texture": "#3"},
				"east": {"uv": [11, 13, 10, 15], "rotation": 90, "texture": "#3"},
				"south": {"uv": [12, 15, 10, 14], "texture": "#3"},
				"west": {"uv": [12, 15, 11, 13], "rotation": 90, "texture": "#3"},
				"up": {"uv": [9, 7, 7, 9], "texture": "#3"},
				"down": {"uv": [10, 13, 12, 15], "texture": "#3"}
			}
		},
		{
			"from": [7, 6.1, 5.9],
			"to": [9, 6.5, 7.9],
			"rotation": {"angle": 45, "axis": "x", "origin": [11, 6.9375, 9.9]},
			"faces": {
				"north": {"uv": [12, 14, 10, 13], "texture": "#3"},
				"east": {"uv": [11, 13, 10, 15], "rotation": 90, "texture": "#3"},
				"south": {"uv": [12, 15, 10, 14], "texture": "#3"},
				"west": {"uv": [12, 15, 11, 13], "rotation": 90, "texture": "#3"},
				"up": {"uv": [9, 7, 7, 9], "texture": "#3"},
				"down": {"uv": [10, 13, 12, 15], "texture": "#3"}
			}
		},
		{
			"from": [7, 6.1, 13.65],
			"to": [9, 6.5, 15.4],
			"rotation": {"angle": 45, "axis": "x", "origin": [11, 6.9375, 9.9]},
			"faces": {
				"north": {"uv": [12, 14, 10, 13], "texture": "#3"},
				"east": {"uv": [11, 13, 10, 15], "rotation": 90, "texture": "#3"},
				"south": {"uv": [12, 15, 10, 14], "texture": "#3"},
				"west": {"uv": [12, 15, 11, 13], "rotation": 90, "texture": "#3"},
				"up": {"uv": [9, 11, 7, 13], "texture": "#3"},
				"down": {"uv": [10, 13, 12, 15], "texture": "#3"}
			}
		},
		{
			"from": [10, 5.9, 15.3],
			"to": [12, 7.1, 17.5],
			"rotation": {"angle": 45, "axis": "x", "origin": [8, 6.9375, 9.9]},
			"faces": {
				"north": {"uv": [10, 14, 12, 13], "texture": "#3"},
				"east": {"uv": [12, 13, 11, 15], "rotation": 90, "texture": "#3"},
				"south": {"uv": [10, 15, 12, 14], "texture": "#3"},
				"west": {"uv": [11, 15, 10, 13], "rotation": 90, "texture": "#3"},
				"up": {"uv": [12, 13, 10, 15], "texture": "#3"},
				"down": {"uv": [12, 13, 10, 15], "texture": "#3"}
			}
		},
		{
			"from": [4, 5.9, 11.55],
			"to": [6, 7.1, 13.75],
			"rotation": {"angle": 45, "axis": "x", "origin": [8, 6.9375, 9.9]},
			"faces": {
				"north": {"uv": [12, 14, 10, 13], "texture": "#3"},
				"east": {"uv": [11, 13, 10, 15], "rotation": 90, "texture": "#3"},
				"south": {"uv": [12, 15, 10, 14], "texture": "#3"},
				"west": {"uv": [12, 15, 11, 13], "rotation": 90, "texture": "#3"},
				"up": {"uv": [10, 13, 12, 15], "texture": "#3"},
				"down": {"uv": [10, 13, 12, 15], "texture": "#3"}
			}
		},
		{
			"from": [10, 5.9, 11.55],
			"to": [12, 7.1, 13.75],
			"rotation": {"angle": 45, "axis": "x", "origin": [8, 6.9375, 9.9]},
			"faces": {
				"north": {"uv": [10, 14, 12, 13], "texture": "#3"},
				"east": {"uv": [12, 13, 11, 15], "rotation": 90, "texture": "#3"},
				"south": {"uv": [10, 15, 12, 14], "texture": "#3"},
				"west": {"uv": [11, 15, 10, 13], "rotation": 90, "texture": "#3"},
				"up": {"uv": [12, 13, 10, 15], "texture": "#3"},
				"down": {"uv": [12, 13, 10, 15], "texture": "#3"}
			}
		},
		{
			"from": [10, 5.9, 3.8],
			"to": [12, 7.1, 6],
			"rotation": {"angle": 45, "axis": "x", "origin": [8, 6.9375, 9.9]},
			"faces": {
				"north": {"uv": [10, 14, 12, 13], "texture": "#3"},
				"east": {"uv": [12, 13, 11, 15], "rotation": 90, "texture": "#3"},
				"south": {"uv": [10, 15, 12, 14], "texture": "#3"},
				"west": {"uv": [11, 15, 10, 13], "rotation": 90, "texture": "#3"},
				"up": {"uv": [12, 13, 10, 15], "texture": "#3"},
				"down": {"uv": [12, 13, 10, 15], "texture": "#3"}
			}
		},
		{
			"from": [4, 5.9, 3.8],
			"to": [6, 7.1, 6],
			"rotation": {"angle": 45, "axis": "x", "origin": [8, 6.9375, 9.9]},
			"faces": {
				"north": {"uv": [12, 14, 10, 13], "texture": "#3"},
				"east": {"uv": [11, 13, 10, 15], "rotation": 90, "texture": "#3"},
				"south": {"uv": [12, 15, 10, 14], "texture": "#3"},
				"west": {"uv": [12, 15, 11, 13], "rotation": 90, "texture": "#3"},
				"up": {"uv": [10, 13, 12, 15], "texture": "#3"},
				"down": {"uv": [10, 13, 12, 15], "texture": "#3"}
			}
		},
		{
			"from": [10, 5.9, 0.05],
			"to": [12, 7.1, 2.25],
			"rotation": {"angle": 45, "axis": "x", "origin": [8, 6.9375, 9.9]},
			"faces": {
				"north": {"uv": [10, 14, 12, 13], "texture": "#3"},
				"east": {"uv": [12, 13, 11, 15], "rotation": 90, "texture": "#3"},
				"south": {"uv": [10, 15, 12, 14], "texture": "#3"},
				"west": {"uv": [11, 15, 10, 13], "rotation": 90, "texture": "#3"},
				"up": {"uv": [12, 13, 10, 15], "texture": "#3"},
				"down": {"uv": [12, 13, 10, 15], "texture": "#3"}
			}
		},
		{
			"from": [4, 5.9, 0.05],
			"to": [6, 7.1, 2.25],
			"rotation": {"angle": 45, "axis": "x", "origin": [8, 6.9375, 9.9]},
			"faces": {
				"north": {"uv": [12, 14, 10, 13], "texture": "#3"},
				"east": {"uv": [11, 13, 10, 15], "rotation": 90, "texture": "#3"},
				"south": {"uv": [12, 15, 10, 14], "texture": "#3"},
				"west": {"uv": [12, 15, 11, 13], "rotation": 90, "texture": "#3"},
				"up": {"uv": [10, 13, 12, 15], "texture": "#3"},
				"down": {"uv": [10, 13, 12, 15], "texture": "#3"}
			}
		},
		{
			"from": [10, 5.9, -3.7],
			"to": [12, 7.1, -1.5],
			"rotation": {"angle": 45, "axis": "x", "origin": [8, 6.9375, 9.9]},
			"faces": {
				"north": {"uv": [10, 14, 12, 13], "texture": "#3"},
				"east": {"uv": [12, 13, 11, 15], "rotation": 90, "texture": "#3"},
				"south": {"uv": [10, 15, 12, 14], "texture": "#3"},
				"west": {"uv": [11, 15, 10, 13], "rotation": 90, "texture": "#3"},
				"up": {"uv": [12, 13, 10, 15], "texture": "#3"},
				"down": {"uv": [12, 13, 10, 15], "texture": "#3"}
			}
		},
		{
			"from": [4, 5.9, -3.7],
			"to": [6, 7.1, -1.5],
			"rotation": {"angle": 45, "axis": "x", "origin": [8, 6.9375, 9.9]},
			"faces": {
				"north": {"uv": [12, 14, 10, 13], "texture": "#3"},
				"east": {"uv": [11, 13, 10, 15], "rotation": 90, "texture": "#3"},
				"south": {"uv": [12, 15, 10, 14], "texture": "#3"},
				"west": {"uv": [12, 15, 11, 13], "rotation": 90, "texture": "#3"},
				"up": {"uv": [10, 13, 12, 15], "texture": "#3"},
				"down": {"uv": [10, 13, 12, 15], "texture": "#3"}
			}
		},
		{
			"from": [4, 5.9, 7.8],
			"to": [6, 7.1, 10],
			"rotation": {"angle": 45, "axis": "x", "origin": [8, 6.9375, 9.9]},
			"faces": {
				"north": {"uv": [12, 14, 10, 13], "texture": "#3"},
				"east": {"uv": [11, 13, 10, 15], "rotation": 90, "texture": "#3"},
				"south": {"uv": [12, 15, 10, 14], "texture": "#3"},
				"west": {"uv": [12, 15, 11, 13], "rotation": 90, "texture": "#3"},
				"up": {"uv": [10, 13, 12, 15], "texture": "#3"},
				"down": {"uv": [10, 13, 12, 15], "texture": "#3"}
			}
		},
		{
			"from": [10, 5.9, 7.8],
			"to": [12, 7.1, 10],
			"rotation": {"angle": 45, "axis": "x", "origin": [8, 6.9375, 9.9]},
			"faces": {
				"north": {"uv": [10, 14, 12, 13], "texture": "#3"},
				"east": {"uv": [12, 13, 11, 15], "rotation": 90, "texture": "#3"},
				"south": {"uv": [10, 15, 12, 14], "texture": "#3"},
				"west": {"uv": [11, 15, 10, 13], "rotation": 90, "texture": "#3"},
				"up": {"uv": [12, 13, 10, 15], "texture": "#3"},
				"down": {"uv": [12, 13, 10, 15], "texture": "#3"}
			}
		},
		{
			"from": [11.05, 6.8, -4.55],
			"to": [11.95, 7.7, 18.65],
			"rotation": {"angle": 45, "axis": "x", "origin": [6, 6.9375, 9.9]},
			"faces": {
				"north": {"uv": [11, 16, 12, 15], "texture": "#4"},
				"east": {"uv": [12, 0, 11, 16], "rotation": 90, "texture": "#4"},
				"south": {"uv": [11, 16, 12, 15], "texture": "#4"},
				"west": {"uv": [12, 16, 11, 0], "rotation": 90, "texture": "#4"},
				"up": {"uv": [12, 0, 11, 16], "texture": "#4"},
				"down": {"uv": [12, 16, 11, 0], "texture": "#4"}
			}
		},
		{
			"from": [11, 6.75, -4.2],
			"to": [12, 7.75, 18.4],
			"rotation": {"angle": 45, "axis": "x", "origin": [6, 6.9375, 9.9]},
			"faces": {
				"north": {"uv": [11, 16, 12, 15], "texture": "#4"},
				"east": {"uv": [12, 0, 11, 16], "rotation": 90, "texture": "#4"},
				"south": {"uv": [11, 16, 12, 15], "texture": "#4"},
				"west": {"uv": [12, 16, 11, 0], "rotation": 90, "texture": "#4"},
				"up": {"uv": [12, 0, 11, 16], "texture": "#4"},
				"down": {"uv": [12, 16, 11, 0], "texture": "#4"}
			}
		},
		{
			"from": [4, 6.75, -4.2],
			"to": [5, 7.75, 18.4],
			"rotation": {"angle": 45, "axis": "x", "origin": [10, 6.9375, 9.9]},
			"faces": {
				"north": {"uv": [12, 16, 11, 15], "texture": "#4"},
				"east": {"uv": [12, 0, 11, 16], "rotation": 90, "texture": "#4"},
				"south": {"uv": [12, 16, 11, 15], "texture": "#4"},
				"west": {"uv": [12, 16, 11, 0], "rotation": 90, "texture": "#4"},
				"up": {"uv": [11, 0, 12, 16], "texture": "#4"},
				"down": {"uv": [11, 16, 12, 0], "texture": "#4"}
			}
		},
		{
			"from": [4.05, 6.8, -4.55],
			"to": [4.95, 7.7, 18.65],
			"rotation": {"angle": 45, "axis": "x", "origin": [10, 6.9375, 9.9]},
			"faces": {
				"north": {"uv": [12, 16, 11, 15], "texture": "#4"},
				"east": {"uv": [12, 0, 11, 16], "rotation": 90, "texture": "#4"},
				"south": {"uv": [12, 16, 11, 15], "texture": "#4"},
				"west": {"uv": [12, 16, 11, 0], "rotation": 90, "texture": "#4"},
				"up": {"uv": [11, 0, 12, 16], "texture": "#4"},
				"down": {"uv": [11, 16, 12, 0], "texture": "#4"}
			}
		}
	],
	"groups": [
		{
			"name": "RAIL",
			"origin": [4, 1, 1.5],
			"color": 0,
			"children": [
				0,
				1,
				2,
				3,
				4,
				5,
				6,
				{
					"name": "PRAZEC",
					"origin": [4, 1, 1.5],
					"color": 0,
					"children": [
						7,
						{
							"name": "BOLTS",
							"origin": [4, 1, 1.5],
							"color": 0,
							"children": [8, 9, 10, 11]
						},
						{
							"name": "BOLTS",
							"origin": [4, 1, 1.5],
							"color": 0,
							"children": [12, 13, 14, 15]
						}
					]
				},
				{
					"name": "BOLTS",
					"origin": [4, 1, 1.5],
					"color": 0,
					"children": [16, 17, 18, 19]
				},
				{
					"name": "BOLTS",
					"origin": [4, 1, 1.5],
					"color": 0,
					"children": [20, 21, 22, 23]
				},
				{
					"name": "BOLTS",
					"origin": [4, 1, 1.5],
					"color": 0,
					"children": [24, 25, 26, 27]
				},
				{
					"name": "BOLTS",
					"origin": [4, 1, 1.5],
					"color": 0,
					"children": [28, 29, 30, 31]
				},
				{
					"name": "BOLTS",
					"origin": [4, 1, 1.5],
					"color": 0,
					"children": [32, 33, 34, 35]
				},
				{
					"name": "BOLTS",
					"origin": [4, 1, 1.5],
					"color": 0,
					"children": [36, 37, 38, 39]
				},
				{
					"name": "PRAZEC",
					"origin": [4, 1, 1.5],
					"color": 0,
					"children": [
						40,
						{
							"name": "BOLTS",
							"origin": [4, 1, 1.5],
							"color": 0,
							"children": [41, 42, 43, 44]
						},
						{
							"name": "BOLTS",
							"origin": [4, 1, 1.5],
							"color": 0,
							"children": [45, 46, 47, 48]
						}
					]
				}
			]
		},
		{
			"name": "PRAZEC",
			"origin": [4, 1, 1.5],
			"color": 0,
			"children": [
				49,
				{
					"name": "BOLTS",
					"origin": [4, 1, 1.5],
					"color": 0,
					"children": [50, 51, 52, 53]
				},
				{
					"name": "BOLTS",
					"origin": [4, 1, 1.5],
					"color": 0,
					"children": [54, 55, 56, 57]
				}
			]
		},
		{
			"name": "ACTIVATOR PARTS",
			"origin": [8, 6.9375, 6.1],
			"color": 0,
			"children": [58, 59, 60, 61, 62, 63, 64, 65, 66, 67, 68, 69, 70, 71, 72, 73, 74]
		},
		{
			"name": "The GOLD",
			"origin": [10, 6.9375, 6.1],
			"color": 0,
			"children": [75, 76, 77, 78]
		}
	]
}