{
	"format_version": "1.21.6",
	"credit": "Made with Blockbench",
	"parent": "block/cube_column",
	"textures": {
		"end": "block/pumpkin_top",
		"particle": "block/pumpkin_side",
		"side": "block/pumpkin_side",
		"stem": "block/pumpkin_top_stem"
	},
	"elements": [
		{
			"from": [0, 0, 0],
			"to": [16, 16, 16],
			"faces": {
				"north": {"uv": [0, 0, 16, 16], "texture": "#side", "cullface": "north"},
				"east": {"uv": [0, 0, 16, 16], "texture": "#side", "cullface": "east"},
				"south": {"uv": [0, 0, 16, 16], "texture": "#side", "cullface": "south"},
				"west": {"uv": [0, 0, 16, 16], "texture": "#side", "cullface": "west"},
				"up": {"uv": [16, 16, 0, 0], "texture": "#end", "cullface": "up"},
				"down": {"uv": [0, 0, 16, 16], "texture": "#side", "cullface": "down"}
			}
		},
		{
			"from": [6.26421, 15.8, 6.33579],
			"to": [7.66421, 16.95, 7.73579],
			"rotation": {"angle": 0, "axis": "y", "origin": [12.66421, 16.05, 6.33579]},
			"faces": {
				"north": {"uv": [0, 0, 1, 5], "rotation": 90, "texture": "#stem", "cullface": "up"},
				"east": {"uv": [1, 0, 2, 1], "rotation": 90, "texture": "#stem", "cullface": "up"},
				"south": {"uv": [1, 0, 2, 5], "rotation": 90, "texture": "#stem", "cullface": "up"},
				"west": {"uv": [2, 1, 0, 0], "rotation": 270, "texture": "#stem", "cullface": "up"},
				"up": {"uv": [2, 1, 0, 0], "rotation": 270, "texture": "#stem", "cullface": "up"},
				"down": {"uv": [2, 5, 0, 0], "rotation": 90, "texture": "#stem", "cullface": "up"}
			}
		},
		{
			"from": [9.78553, 16, 9.88553],
			"to": [11.18553, 16.95, 11.28553],
			"rotation": {"angle": 0, "axis": "y", "origin": [4.78553, 16, 11.28553]},
			"faces": {
				"north": {"uv": [1, 0, 2, 5], "rotation": 90, "texture": "#stem", "cullface": "up"},
				"east": {"uv": [1, 2, 2, 0], "rotation": 90, "texture": "#stem", "cullface": "up"},
				"south": {"uv": [0, 0, 1, 5], "rotation": 90, "texture": "#stem", "cullface": "up"},
				"west": {"uv": [1, 0, 2, 1], "rotation": 90, "texture": "#stem", "cullface": "up"},
				"up": {"uv": [0, 0, 2, 5], "rotation": 270, "texture": "#stem", "cullface": "up"},
				"down": {"uv": [0, 0, 2, 5], "rotation": 90, "texture": "#stem", "cullface": "up"}
			}
		},
		{
			"from": [6.25, 16, 7.75],
			"to": [8.25, 17, 12.75],
			"rotation": {"angle": 45, "axis": "y", "origin": [6.25, 16, 7.75]},
			"faces": {
				"north": {"uv": [1, 0, 2, 1], "rotation": 90, "texture": "#stem", "cullface": "up"},
				"east": {"uv": [1, 0, 2, 5], "rotation": 90, "texture": "#stem", "cullface": "up"},
				"south": {"uv": [1, 2, 2, 0], "rotation": 90, "texture": "#stem", "cullface": "up"},
				"west": {"uv": [0, 0, 1, 5], "rotation": 90, "texture": "#stem", "cullface": "up"},
				"up": {"uv": [0, 0, 2, 5], "texture": "#stem", "cullface": "up"},
				"down": {"uv": [0, 0, 2, 5], "texture": "#stem", "cullface": "up"}
			}
		}
	],
	"display": {
		"firstperson_righthand": {
			"rotation": [0, 135, 0],
			"scale": [0.4, 0.4, 0.4]
		}
	}
}