{
	"format_version": "1.21.6",
	"credit": "Made with Blockbench",
	"ambientocclusion": false,
	"textures": {
		"1": "block/rail_wood",
		"2": "block/furnace_log_unlit",
		"particle": "block/rail_corner"
	},
	"elements": [
		{
			"from": [12.05, 0.8, 14.1],
			"to": [13.95, 1.95, 16.3],
			"rotation": {"angle": 0, "axis": "y", "origin": [12, 0, 0]},
			"faces": {
				"north": {"uv": [14, 16, 12, 15], "texture": "#1"},
				"east": {"uv": [13, 16, 14, 14], "rotation": 90, "texture": "#1"},
				"south": {"uv": [12, 1, 14, 0], "texture": "#1"},
				"west": {"uv": [13, 16, 12, 14], "rotation": 90, "texture": "#1"},
				"up": {"uv": [12, 14, 14, 16], "texture": "#1"},
				"down": {"uv": [12, 14, 14, 16], "texture": "#1"}
			}
		},
		{
			"from": [12, 0.75, 13.75],
			"to": [14, 2, 16],
			"rotation": {"angle": 0, "axis": "y", "origin": [12, 0, 0]},
			"faces": {
				"north": {"uv": [14, 16, 12, 15], "texture": "#1"},
				"east": {"uv": [13, 16, 14, 14], "rotation": 90, "texture": "#1"},
				"south": {"uv": [12, 1, 14, 0], "texture": "#1"},
				"west": {"uv": [13, 16, 12, 14], "rotation": 90, "texture": "#1"},
				"up": {"uv": [12, 14, 14, 16], "texture": "#1"},
				"down": {"uv": [12, 14, 14, 16], "texture": "#1"}
			}
		},
		{
			"from": [13.75, 0.75, 12],
			"to": [16, 2, 14],
			"rotation": {"angle": 0, "axis": "y", "origin": [15, 0, 15]},
			"faces": {
				"north": {"uv": [13, 16, 12, 14], "rotation": 90, "texture": "#1"},
				"east": {"uv": [14, 16, 12, 15], "texture": "#1"},
				"south": {"uv": [13, 16, 14, 14], "rotation": 90, "texture": "#1"},
				"west": {"uv": [12, 1, 14, 0], "texture": "#1"},
				"up": {"uv": [12, 10, 14, 12], "rotation": 90, "texture": "#1"},
				"down": {"uv": [12, 14, 14, 16], "rotation": 270, "texture": "#1"}
			}
		},
		{
			"from": [13.75, 0.75, 12],
			"to": [16.25, 1.98, 14],
			"rotation": {"angle": 45, "axis": "y", "origin": [15, 0, 15]},
			"faces": {
				"north": {"uv": [13, 16, 12, 14], "rotation": 90, "texture": "#1"},
				"east": {"uv": [14, 16, 12, 15], "texture": "#1"},
				"south": {"uv": [13, 16, 14, 14], "rotation": 90, "texture": "#1"},
				"west": {"uv": [12, 1, 14, 0], "texture": "#1"},
				"up": {"uv": [12.45, 12, 14, 14], "rotation": 90, "texture": "#1"},
				"down": {"uv": [12, 14, 14, 16], "rotation": 270, "texture": "#1"}
			}
		},
		{
			"from": [2.05, 0.8, 14.1],
			"to": [3.95, 1.95, 16.3],
			"rotation": {"angle": 0, "axis": "y", "origin": [14, 0, 14]},
			"faces": {
				"north": {"uv": [12, 16, 14, 15], "texture": "#1"},
				"east": {"uv": [13, 14, 12, 16], "rotation": 90, "texture": "#1"},
				"south": {"uv": [14, 1, 12, 0], "texture": "#1"},
				"west": {"uv": [13, 14, 14, 16], "rotation": 90, "texture": "#1"},
				"up": {"uv": [14, 14, 12, 16], "texture": "#1"},
				"down": {"uv": [14, 14, 12, 16], "texture": "#1"}
			}
		},
		{
			"from": [12.2, 0.8, 2.05],
			"to": [16.3, 1.95, 3.95],
			"rotation": {"angle": 0, "axis": "y", "origin": [14, 0, 14]},
			"faces": {
				"north": {"uv": [13, 14, 14, 16], "rotation": 90, "texture": "#1"},
				"east": {"uv": [12, 16, 14, 15], "texture": "#1"},
				"south": {"uv": [13, 14, 12, 16], "rotation": 90, "texture": "#1"},
				"west": {"uv": [14, 1, 12, 0], "texture": "#1"},
				"up": {"uv": [14, 14, 12, 16], "rotation": 90, "texture": "#1"},
				"down": {"uv": [14, 14, 12, 16], "rotation": 270, "texture": "#1"}
			}
		},
		{
			"from": [15.2, 0.8, 12.05],
			"to": [16.3, 1.95, 13.95],
			"rotation": {"angle": 0, "axis": "y", "origin": [14, 0, 2]},
			"faces": {
				"north": {"uv": [13, 16, 12, 14], "rotation": 90, "texture": "#1"},
				"east": {"uv": [14, 16, 12, 15], "texture": "#1"},
				"south": {"uv": [13, 16, 14, 14], "rotation": 90, "texture": "#1"},
				"west": {"uv": [12, 1, 14, 0], "texture": "#1"},
				"up": {"uv": [12, 14, 14, 16], "rotation": 90, "texture": "#1"},
				"down": {"uv": [12, 14, 14, 16], "rotation": 270, "texture": "#1"}
			}
		},
		{
			"from": [2, 0.75, 11.65],
			"to": [4, 2, 16],
			"rotation": {"angle": 0, "axis": "y", "origin": [14, 0, 14]},
			"faces": {
				"north": {"uv": [12, 16, 14, 15], "texture": "#1"},
				"east": {"uv": [3, 12, 4, 16], "rotation": 90, "texture": "#1"},
				"south": {"uv": [14, 1, 12, 0], "texture": "#1"},
				"west": {"uv": [2, 12, 3, 16], "rotation": 90, "texture": "#1"},
				"up": {"uv": [2, 12, 4, 16], "texture": "#1"},
				"down": {"uv": [2, 12, 4, 16], "texture": "#1"}
			}
		},
		{
			"from": [2, 0.75, 11.55],
			"to": [4, 1.99, 16.45],
			"rotation": {"angle": -22.5, "axis": "y", "origin": [14, 0, 14]},
			"faces": {
				"north": {"uv": [12, 16, 14, 15], "texture": "#1"},
				"east": {"uv": [3, 12, 4, 16], "rotation": 90, "texture": "#1"},
				"south": {"uv": [14, 1, 12, 0], "texture": "#1"},
				"west": {"uv": [2, 12, 3, 16], "rotation": 90, "texture": "#1"},
				"up": {"uv": [2, 12, 4, 16], "texture": "#1"},
				"down": {"uv": [2, 12, 4, 16], "texture": "#1"}
			}
		},
		{
			"from": [2, 0.75, 11.65],
			"to": [4, 2, 16.35],
			"rotation": {"angle": -45, "axis": "y", "origin": [14, 0, 14]},
			"faces": {
				"north": {"uv": [12, 16, 14, 15], "texture": "#1"},
				"east": {"uv": [3, 12, 4, 16], "rotation": 90, "texture": "#1"},
				"south": {"uv": [14, 1, 12, 0], "texture": "#1"},
				"west": {"uv": [2, 12, 3, 16], "rotation": 90, "texture": "#1"},
				"up": {"uv": [2, 12, 4, 16], "texture": "#1"},
				"down": {"uv": [2, 12, 4, 16], "texture": "#1"}
			}
		},
		{
			"from": [11.55, 0.75, 2],
			"to": [16.35, 1.99, 4],
			"rotation": {"angle": 22.5, "axis": "y", "origin": [14, 0, 14]},
			"faces": {
				"north": {"uv": [2, 12, 3, 16], "rotation": 90, "texture": "#1"},
				"east": {"uv": [12, 16, 14, 15], "texture": "#1"},
				"south": {"uv": [3, 12, 4, 16], "rotation": 90, "texture": "#1"},
				"west": {"uv": [14, 1, 12, 0], "texture": "#1"},
				"up": {"uv": [2, 12, 4, 16], "rotation": 90, "texture": "#1"},
				"down": {"uv": [2, 12, 4, 16], "rotation": 270, "texture": "#1"}
			}
		},
		{
			"from": [11.55, 0.75, 2],
			"to": [16, 2, 4],
			"rotation": {"angle": 0, "axis": "y", "origin": [14, 0, 14]},
			"faces": {
				"north": {"uv": [2, 12, 3, 16], "rotation": 90, "texture": "#1"},
				"east": {"uv": [12, 16, 14, 15], "texture": "#1"},
				"south": {"uv": [3, 12, 4, 16], "rotation": 90, "texture": "#1"},
				"west": {"uv": [14, 1, 12, 0], "texture": "#1"},
				"up": {"uv": [2, 12, 4, 16], "rotation": 90, "texture": "#1"},
				"down": {"uv": [2, 12, 4, 16], "rotation": 270, "texture": "#1"}
			}
		},
		{
			"from": [13, -0.05, 1],
			"to": [15, 0.95, 14],
			"rotation": {"angle": 22.5, "axis": "y", "origin": [14, 0, 14]},
			"faces": {
				"north": {"uv": [14, 13, 15, 15], "rotation": 90, "texture": "#1"},
				"east": {"uv": [1, 1, 14, 2], "texture": "#2"},
				"south": {"uv": [14, 13, 15, 15], "rotation": 90, "texture": "#1"},
				"west": {"uv": [1, 1, 14, 2], "texture": "#2"},
				"up": {"uv": [1, 5, 14, 7], "rotation": 90, "texture": "#1"},
				"down": {"uv": [1, 5, 14, 7], "rotation": 90, "texture": "#1"}
			}
		},
		{
			"from": [13, 0, 1],
			"to": [15, 1, 13],
			"rotation": {"angle": 0, "axis": "y", "origin": [14, 0, 14]},
			"faces": {
				"north": {"uv": [14, 13, 15, 15], "rotation": 90, "texture": "#1"},
				"east": {"uv": [3, 1, 15, 2], "texture": "#2"},
				"south": {"uv": [14, 13, 15, 15], "rotation": 90, "texture": "#1"},
				"west": {"uv": [3, 1, 15, 2], "texture": "#2"},
				"up": {"uv": [1, 1, 13, 3], "rotation": 90, "texture": "#1"},
				"down": {"uv": [1, 1, 13, 3], "rotation": 90, "texture": "#1"}
			}
		},
		{
			"from": [1, -0.03, 13],
			"to": [14, 0.97, 15],
			"rotation": {"angle": -45, "axis": "y", "origin": [14, 0, 14]},
			"faces": {
				"north": {"uv": [1, 1, 14, 2], "texture": "#2"},
				"east": {"uv": [14, 13, 15, 15], "rotation": 90, "texture": "#1"},
				"south": {"uv": [1, 1, 14, 2], "texture": "#2"},
				"west": {"uv": [14, 13, 15, 15], "rotation": 90, "texture": "#1"},
				"up": {"uv": [14, 1, 1, 3], "texture": "#1"},
				"down": {"uv": [14, 1, 1, 3], "texture": "#1"}
			}
		},
		{
			"from": [1, -0.01, 13],
			"to": [14, 0.99, 15],
			"rotation": {"angle": -22.5, "axis": "y", "origin": [14, 0, 14]},
			"faces": {
				"north": {"uv": [1, 1, 14, 2], "texture": "#2"},
				"east": {"uv": [14, 13, 15, 15], "rotation": 90, "texture": "#1"},
				"south": {"uv": [1, 1, 14, 2], "texture": "#2"},
				"west": {"uv": [14, 13, 15, 15], "rotation": 90, "texture": "#1"},
				"up": {"uv": [14, 1, 1, 3], "texture": "#1"},
				"down": {"uv": [14, 1, 1, 3], "texture": "#1"}
			}
		},
		{
			"from": [1, 0, 13],
			"to": [15, 1, 15],
			"rotation": {"angle": 0, "axis": "y", "origin": [14, 0, 14]},
			"faces": {
				"north": {"uv": [1, 1, 15, 2], "texture": "#2"},
				"east": {"uv": [14, 13, 15, 15], "rotation": 90, "texture": "#1"},
				"south": {"uv": [1, 1, 15, 2], "texture": "#2"},
				"west": {"uv": [14, 13, 15, 15], "rotation": 90, "texture": "#1"},
				"up": {"uv": [1, 1, 15, 3], "texture": "#1"},
				"down": {"uv": [1, 0, 15, 2], "texture": "#2"}
			}
		},
		{
			"from": [1.2, 1, 13.6],
			"to": [2, 1.25, 14.4],
			"rotation": {"angle": 0, "axis": "y", "origin": [14, 1, 14]},
			"faces": {
				"north": {"uv": [12, 15, 13, 16], "texture": "#1"},
				"east": {"uv": [12, 15, 13, 16], "texture": "#1"},
				"south": {"uv": [12, 15, 13, 16], "texture": "#1"},
				"west": {"uv": [12, 15, 13, 16], "texture": "#1"},
				"up": {"uv": [12, 15, 13, 16], "texture": "#1"},
				"down": {"uv": [12, 15, 13, 16], "texture": "#1"}
			}
		},
		{
			"from": [1.45, 1, 13.85],
			"to": [1.75, 1.5, 14.15],
			"rotation": {"angle": 0, "axis": "y", "origin": [14, 1, 14]},
			"faces": {
				"north": {"uv": [13, 13, 13.3, 13.5], "texture": "#1"},
				"east": {"uv": [13, 13, 13.3, 13.5], "texture": "#1"},
				"south": {"uv": [13, 13, 13.3, 13.5], "texture": "#1"},
				"west": {"uv": [13, 13, 13.3, 13.5], "texture": "#1"},
				"up": {"uv": [13, 13, 13.3, 13.5], "texture": "#1"},
				"down": {"uv": [13, 13, 13.3, 13.5], "texture": "#1"}
			}
		},
		{
			"from": [4.25, 1, 13.85],
			"to": [4.55, 1.5, 14.15],
			"rotation": {"angle": 0, "axis": "y", "origin": [14, 1, 14]},
			"faces": {
				"north": {"uv": [13, 13, 13.3, 13.5], "texture": "#1"},
				"east": {"uv": [13, 13, 13.3, 13.5], "texture": "#1"},
				"south": {"uv": [13, 13, 13.3, 13.5], "texture": "#1"},
				"west": {"uv": [13, 13, 13.3, 13.5], "texture": "#1"},
				"up": {"uv": [13, 13, 13.3, 13.5], "texture": "#1"},
				"down": {"uv": [13, 13, 13.3, 13.5], "texture": "#1"}
			}
		},
		{
			"from": [4, 1, 13.6],
			"to": [4.8, 1.25, 14.4],
			"rotation": {"angle": 0, "axis": "y", "origin": [14, 1, 14]},
			"faces": {
				"north": {"uv": [12, 15, 13, 16], "texture": "#1"},
				"east": {"uv": [12, 15, 13, 16], "texture": "#1"},
				"south": {"uv": [12, 15, 13, 16], "texture": "#1"},
				"west": {"uv": [12, 15, 13, 16], "texture": "#1"},
				"up": {"uv": [12, 15, 13, 16], "texture": "#1"},
				"down": {"uv": [12, 15, 13, 16], "texture": "#1"}
			}
		},
		{
			"from": [1.2, 1, 13.6],
			"to": [2, 1.25, 14.4],
			"rotation": {"angle": -22.5, "axis": "y", "origin": [14, 1, 14]},
			"faces": {
				"north": {"uv": [12, 15, 13, 16], "texture": "#1"},
				"east": {"uv": [12, 15, 13, 16], "texture": "#1"},
				"south": {"uv": [12, 15, 13, 16], "texture": "#1"},
				"west": {"uv": [12, 15, 13, 16], "texture": "#1"},
				"up": {"uv": [12, 15, 13, 16], "texture": "#1"},
				"down": {"uv": [12, 15, 13, 16], "texture": "#1"}
			}
		},
		{
			"from": [1.45, 1, 13.85],
			"to": [1.75, 1.5, 14.15],
			"rotation": {"angle": -22.5, "axis": "y", "origin": [14, 1, 14]},
			"faces": {
				"north": {"uv": [13, 13, 13.3, 13.5], "texture": "#1"},
				"east": {"uv": [13, 13, 13.3, 13.5], "texture": "#1"},
				"south": {"uv": [13, 13, 13.3, 13.5], "texture": "#1"},
				"west": {"uv": [13, 13, 13.3, 13.5], "texture": "#1"},
				"up": {"uv": [13, 13, 13.3, 13.5], "texture": "#1"},
				"down": {"uv": [13, 13, 13.3, 13.5], "texture": "#1"}
			}
		},
		{
			"from": [4.25, 1, 13.85],
			"to": [4.55, 1.5, 14.15],
			"rotation": {"angle": -22.5, "axis": "y", "origin": [14, 1, 14]},
			"faces": {
				"north": {"uv": [13, 13, 13.3, 13.5], "texture": "#1"},
				"east": {"uv": [13, 13, 13.3, 13.5], "texture": "#1"},
				"south": {"uv": [13, 13, 13.3, 13.5], "texture": "#1"},
				"west": {"uv": [13, 13, 13.3, 13.5], "texture": "#1"},
				"up": {"uv": [13, 13, 13.3, 13.5], "texture": "#1"},
				"down": {"uv": [13, 13, 13.3, 13.5], "texture": "#1"}
			}
		},
		{
			"from": [4, 1, 13.6],
			"to": [4.8, 1.25, 14.4],
			"rotation": {"angle": -22.5, "axis": "y", "origin": [14, 1, 14]},
			"faces": {
				"north": {"uv": [12, 15, 13, 16], "texture": "#1"},
				"east": {"uv": [12, 15, 13, 16], "texture": "#1"},
				"south": {"uv": [12, 15, 13, 16], "texture": "#1"},
				"west": {"uv": [12, 15, 13, 16], "texture": "#1"},
				"up": {"uv": [12, 15, 13, 16], "texture": "#1"},
				"down": {"uv": [12, 15, 13, 16], "texture": "#1"}
			}
		},
		{
			"from": [13.6, 1, 1.2],
			"to": [14.4, 1.25, 2],
			"rotation": {"angle": 22.5, "axis": "y", "origin": [14, 1, 14]},
			"faces": {
				"north": {"uv": [12, 15, 13, 16], "texture": "#1"},
				"east": {"uv": [12, 15, 13, 16], "texture": "#1"},
				"south": {"uv": [12, 15, 13, 16], "texture": "#1"},
				"west": {"uv": [12, 15, 13, 16], "texture": "#1"},
				"up": {"uv": [12, 15, 13, 16], "rotation": 90, "texture": "#1"},
				"down": {"uv": [12, 15, 13, 16], "rotation": 270, "texture": "#1"}
			}
		},
		{
			"from": [13.85, 1, 1.45],
			"to": [14.15, 1.5, 1.75],
			"rotation": {"angle": 22.5, "axis": "y", "origin": [14, 1, 14]},
			"faces": {
				"north": {"uv": [13, 13, 13.3, 13.5], "texture": "#1"},
				"east": {"uv": [13, 13, 13.3, 13.5], "texture": "#1"},
				"south": {"uv": [13, 13, 13.3, 13.5], "texture": "#1"},
				"west": {"uv": [13, 13, 13.3, 13.5], "texture": "#1"},
				"up": {"uv": [13, 13, 13.3, 13.5], "rotation": 90, "texture": "#1"},
				"down": {"uv": [13, 13, 13.3, 13.5], "rotation": 270, "texture": "#1"}
			}
		},
		{
			"from": [13.85, 1, 4.25],
			"to": [14.15, 1.5, 4.55],
			"rotation": {"angle": 22.5, "axis": "y", "origin": [14, 1, 14]},
			"faces": {
				"north": {"uv": [13, 13, 13.3, 13.5], "texture": "#1"},
				"east": {"uv": [13, 13, 13.3, 13.5], "texture": "#1"},
				"south": {"uv": [13, 13, 13.3, 13.5], "texture": "#1"},
				"west": {"uv": [13, 13, 13.3, 13.5], "texture": "#1"},
				"up": {"uv": [13, 13, 13.3, 13.5], "rotation": 90, "texture": "#1"},
				"down": {"uv": [13, 13, 13.3, 13.5], "rotation": 270, "texture": "#1"}
			}
		},
		{
			"from": [13.6, 1, 4],
			"to": [14.4, 1.25, 4.8],
			"rotation": {"angle": 22.5, "axis": "y", "origin": [14, 1, 14]},
			"faces": {
				"north": {"uv": [12, 15, 13, 16], "texture": "#1"},
				"east": {"uv": [12, 15, 13, 16], "texture": "#1"},
				"south": {"uv": [12, 15, 13, 16], "texture": "#1"},
				"west": {"uv": [12, 15, 13, 16], "texture": "#1"},
				"up": {"uv": [12, 15, 13, 16], "rotation": 90, "texture": "#1"},
				"down": {"uv": [12, 15, 13, 16], "rotation": 270, "texture": "#1"}
			}
		},
		{
			"from": [1.2, 1, 13.6],
			"to": [2, 1.25, 14.4],
			"rotation": {"angle": -45, "axis": "y", "origin": [14, 1, 14]},
			"faces": {
				"north": {"uv": [12, 15, 13, 16], "texture": "#1"},
				"east": {"uv": [12, 15, 13, 16], "texture": "#1"},
				"south": {"uv": [12, 15, 13, 16], "texture": "#1"},
				"west": {"uv": [12, 15, 13, 16], "texture": "#1"},
				"up": {"uv": [12, 15, 13, 16], "texture": "#1"},
				"down": {"uv": [12, 15, 13, 16], "texture": "#1"}
			}
		},
		{
			"from": [1.45, 1, 13.85],
			"to": [1.75, 1.5, 14.15],
			"rotation": {"angle": -45, "axis": "y", "origin": [14, 1, 14]},
			"faces": {
				"north": {"uv": [13, 13, 13.3, 13.5], "texture": "#1"},
				"east": {"uv": [13, 13, 13.3, 13.5], "texture": "#1"},
				"south": {"uv": [13, 13, 13.3, 13.5], "texture": "#1"},
				"west": {"uv": [13, 13, 13.3, 13.5], "texture": "#1"},
				"up": {"uv": [13, 13, 13.3, 13.5], "texture": "#1"},
				"down": {"uv": [13, 13, 13.3, 13.5], "texture": "#1"}
			}
		},
		{
			"from": [4.25, 1, 13.85],
			"to": [4.55, 1.5, 14.15],
			"rotation": {"angle": -45, "axis": "y", "origin": [14, 1, 14]},
			"faces": {
				"north": {"uv": [13, 13, 13.3, 13.5], "texture": "#1"},
				"east": {"uv": [13, 13, 13.3, 13.5], "texture": "#1"},
				"south": {"uv": [13, 13, 13.3, 13.5], "texture": "#1"},
				"west": {"uv": [13, 13, 13.3, 13.5], "texture": "#1"},
				"up": {"uv": [13, 13, 13.3, 13.5], "texture": "#1"},
				"down": {"uv": [13, 13, 13.3, 13.5], "texture": "#1"}
			}
		},
		{
			"from": [4, 1, 13.6],
			"to": [4.8, 1.25, 14.4],
			"rotation": {"angle": -45, "axis": "y", "origin": [14, 1, 14]},
			"faces": {
				"north": {"uv": [12, 15, 13, 16], "texture": "#1"},
				"east": {"uv": [12, 15, 13, 16], "texture": "#1"},
				"south": {"uv": [12, 15, 13, 16], "texture": "#1"},
				"west": {"uv": [12, 15, 13, 16], "texture": "#1"},
				"up": {"uv": [12, 15, 13, 16], "texture": "#1"},
				"down": {"uv": [12, 15, 13, 16], "texture": "#1"}
			}
		},
		{
			"from": [13.6, 1, 1.2],
			"to": [14.4, 1.25, 2],
			"rotation": {"angle": 0, "axis": "y", "origin": [14, 1, 14]},
			"faces": {
				"north": {"uv": [12, 15, 13, 16], "texture": "#1"},
				"east": {"uv": [12, 15, 13, 16], "texture": "#1"},
				"south": {"uv": [12, 15, 13, 16], "texture": "#1"},
				"west": {"uv": [12, 15, 13, 16], "texture": "#1"},
				"up": {"uv": [12, 15, 13, 16], "rotation": 90, "texture": "#1"},
				"down": {"uv": [12, 15, 13, 16], "rotation": 270, "texture": "#1"}
			}
		},
		{
			"from": [13.85, 1, 1.45],
			"to": [14.15, 1.5, 1.75],
			"rotation": {"angle": 0, "axis": "y", "origin": [14, 1, 14]},
			"faces": {
				"north": {"uv": [13, 13, 13.3, 13.5], "texture": "#1"},
				"east": {"uv": [13, 13, 13.3, 13.5], "texture": "#1"},
				"south": {"uv": [13, 13, 13.3, 13.5], "texture": "#1"},
				"west": {"uv": [13, 13, 13.3, 13.5], "texture": "#1"},
				"up": {"uv": [13, 13, 13.3, 13.5], "rotation": 90, "texture": "#1"},
				"down": {"uv": [13, 13, 13.3, 13.5], "rotation": 270, "texture": "#1"}
			}
		},
		{
			"from": [13.85, 1, 4.25],
			"to": [14.15, 1.5, 4.55],
			"rotation": {"angle": 0, "axis": "y", "origin": [14, 1, 14]},
			"faces": {
				"north": {"uv": [13, 13, 13.3, 13.5], "texture": "#1"},
				"east": {"uv": [13, 13, 13.3, 13.5], "texture": "#1"},
				"south": {"uv": [13, 13, 13.3, 13.5], "texture": "#1"},
				"west": {"uv": [13, 13, 13.3, 13.5], "texture": "#1"},
				"up": {"uv": [13, 13, 13.3, 13.5], "rotation": 90, "texture": "#1"},
				"down": {"uv": [13, 13, 13.3, 13.5], "rotation": 270, "texture": "#1"}
			}
		},
		{
			"from": [13.6, 1, 4],
			"to": [14.4, 1.25, 4.8],
			"rotation": {"angle": 0, "axis": "y", "origin": [14, 1, 14]},
			"faces": {
				"north": {"uv": [12, 15, 13, 16], "texture": "#1"},
				"east": {"uv": [12, 15, 13, 16], "texture": "#1"},
				"south": {"uv": [12, 15, 13, 16], "texture": "#1"},
				"west": {"uv": [12, 15, 13, 16], "texture": "#1"},
				"up": {"uv": [12, 15, 13, 16], "rotation": 90, "texture": "#1"},
				"down": {"uv": [12, 15, 13, 16], "rotation": 270, "texture": "#1"}
			}
		},
		{
			"from": [13.8, 1, 11.2],
			"to": [14.6, 1.25, 12],
			"rotation": {"angle": 0, "axis": "y", "origin": [14.2, 1, 14]},
			"faces": {
				"north": {"uv": [12, 15, 13, 16], "texture": "#1"},
				"east": {"uv": [12, 15, 13, 16], "texture": "#1"},
				"south": {"uv": [12, 15, 13, 16], "texture": "#1"},
				"west": {"uv": [12, 15, 13, 16], "texture": "#1"},
				"up": {"uv": [12, 15, 13, 16], "rotation": 90, "texture": "#1"},
				"down": {"uv": [12, 15, 13, 16], "rotation": 270, "texture": "#1"}
			}
		},
		{
			"from": [14.05, 1, 11.45],
			"to": [14.35, 1.5, 11.75],
			"rotation": {"angle": 0, "axis": "y", "origin": [14.2, 1, 14]},
			"faces": {
				"north": {"uv": [13, 13, 13.3, 13.5], "texture": "#1"},
				"east": {"uv": [13, 13, 13.3, 13.5], "texture": "#1"},
				"south": {"uv": [13, 13, 13.3, 13.5], "texture": "#1"},
				"west": {"uv": [13, 13, 13.3, 13.5], "texture": "#1"},
				"up": {"uv": [13, 13, 13.3, 13.5], "rotation": 90, "texture": "#1"},
				"down": {"uv": [13, 13, 13.3, 13.5], "rotation": 270, "texture": "#1"}
			}
		},
		{
			"from": [11.2, 1, 13.8],
			"to": [12, 1.25, 14.6],
			"rotation": {"angle": 0, "axis": "y", "origin": [14, 1, 14.2]},
			"faces": {
				"north": {"uv": [12, 15, 13, 16], "texture": "#1"},
				"east": {"uv": [12, 15, 13, 16], "texture": "#1"},
				"south": {"uv": [12, 15, 13, 16], "texture": "#1"},
				"west": {"uv": [12, 15, 13, 16], "texture": "#1"},
				"up": {"uv": [12, 15, 13, 16], "texture": "#1"},
				"down": {"uv": [12, 15, 13, 16], "texture": "#1"}
			}
		},
		{
			"from": [11.45, 1, 14.05],
			"to": [11.75, 1.5, 14.35],
			"rotation": {"angle": 0, "axis": "y", "origin": [14, 1, 14.2]},
			"faces": {
				"north": {"uv": [13, 13, 13.3, 13.5], "texture": "#1"},
				"east": {"uv": [13, 13, 13.3, 13.5], "texture": "#1"},
				"south": {"uv": [13, 13, 13.3, 13.5], "texture": "#1"},
				"west": {"uv": [13, 13, 13.3, 13.5], "texture": "#1"},
				"up": {"uv": [13, 13, 13.3, 13.5], "texture": "#1"},
				"down": {"uv": [13, 13, 13.3, 13.5], "texture": "#1"}
			}
		},
		{
			"from": [11.6, 1, 13.6],
			"to": [12.4, 1.25, 14.4],
			"rotation": {"angle": -45, "axis": "y", "origin": [14, 1, 14]},
			"faces": {
				"north": {"uv": [12, 15, 13, 16], "texture": "#1"},
				"east": {"uv": [12, 15, 13, 16], "texture": "#1"},
				"south": {"uv": [12, 15, 13, 16], "texture": "#1"},
				"west": {"uv": [12, 15, 13, 16], "texture": "#1"},
				"up": {"uv": [12, 15, 13, 16], "texture": "#1"},
				"down": {"uv": [12, 15, 13, 16], "texture": "#1"}
			}
		},
		{
			"from": [11.85, 1, 13.85],
			"to": [12.15, 1.5, 14.15],
			"rotation": {"angle": -45, "axis": "y", "origin": [14, 1, 14]},
			"faces": {
				"north": {"uv": [13, 13, 13.3, 13.5], "texture": "#1"},
				"east": {"uv": [13, 13, 13.3, 13.5], "texture": "#1"},
				"south": {"uv": [13, 13, 13.3, 13.5], "texture": "#1"},
				"west": {"uv": [13, 13, 13.3, 13.5], "texture": "#1"},
				"up": {"uv": [13, 13, 13.3, 13.5], "texture": "#1"},
				"down": {"uv": [13, 13, 13.3, 13.5], "texture": "#1"}
			}
		}
	],
	"groups": [
		{
			"name": "RAIL",
			"origin": [4, 1, 1.5],
			"color": 0,
			"children": [0, 1, 2, 3, 4, 5, 6, 7, 8, 9, 10, 11, 12, 13, 14, 15, 16]
		},
		{
			"name": "BOLTS",
			"origin": [4, 1, 1.5],
			"color": 0,
			"children": [17, 18, 19, 20]
		},
		{
			"name": "BOLTS",
			"origin": [4, 1, 1.5],
			"color": 0,
			"children": [21, 22, 23, 24]
		},
		{
			"name": "BOLTS",
			"origin": [4, 1, 1.5],
			"color": 0,
			"children": [25, 26, 27, 28]
		},
		{
			"name": "BOLTS",
			"origin": [4, 1, 1.5],
			"color": 0,
			"children": [29, 30, 31, 32]
		},
		{
			"name": "BOLTS",
			"origin": [4, 1, 1.5],
			"color": 0,
			"children": [33, 34, 35, 36]
		},
		{
			"name": "INNER BOLTS",
			"origin": [4, 1, 1.5],
			"color": 0,
			"children": [37, 38]
		},
		{
			"name": "INNER BOLTS",
			"origin": [4, 1, 1.5],
			"color": 0,
			"children": [39, 40]
		},
		{
			"name": "INNER BOLTS",
			"origin": [4, 1, 1.5],
			"color": 0,
			"children": [41, 42]
		}
	]
}