{
	"format_version": "1.21.6",
	"credit": "Made with Blockbench",
	"parent": "minecraft:block/template_rail_raised_sw",
	"textures": {
		"1": "block/furnace_log_unlit",
		"particle": "block/furnace_log_unlit",
		"rail": "block/rail"
	},
	"elements": [
		{
			"from": [2, 6.75, -2.4],
			"to": [4, 8, 20.2],
			"rotation": {"angle": -45, "axis": "x", "origin": [8, 6.9375, 6.1]},
			"faces": {
				"north": {"uv": [4, 1, 2, 0], "texture": "#rail"},
				"east": {"uv": [13, 0, 12, 16], "rotation": 90, "texture": "#rail"},
				"south": {"uv": [2, 16, 4, 15], "texture": "#rail"},
				"west": {"uv": [3, 0, 2, 16], "rotation": 90, "texture": "#rail"},
				"up": {"uv": [2, 16, 4, 0], "texture": "#rail"},
				"down": {"uv": [2, 16, 4, 0], "texture": "#rail"}
			}
		},
		{
			"from": [12, 6.75, -2.4],
			"to": [14, 8, 20.2],
			"rotation": {"angle": -45, "axis": "x", "origin": [8, 6.9375, 6.1]},
			"faces": {
				"north": {"uv": [14, 1, 12, 0], "texture": "#rail"},
				"east": {"uv": [13, 0, 14, 16], "rotation": 90, "texture": "#rail"},
				"south": {"uv": [12, 16, 14, 15], "texture": "#rail"},
				"west": {"uv": [13, 0, 12, 16], "rotation": 90, "texture": "#rail"},
				"up": {"uv": [12, 16, 14, 0], "texture": "#rail"},
				"down": {"uv": [12, 16, 14, 0], "texture": "#rail"}
			}
		},
		{
			"from": [2.05, 6.8, -2.9],
			"to": [3.95, 7.95, 20.7],
			"rotation": {"angle": -45, "axis": "x", "origin": [8, 6.9375, 6.1]},
			"faces": {
				"north": {"uv": [4, 1, 2, 0], "texture": "#rail"},
				"east": {"uv": [13, 0, 12, 16], "rotation": 90, "texture": "#rail"},
				"south": {"uv": [2, 16, 4, 15], "texture": "#rail"},
				"west": {"uv": [3, 0, 2, 16], "rotation": 90, "texture": "#rail"},
				"up": {"uv": [2, 16, 4, 0], "texture": "#rail"},
				"down": {"uv": [2, 16, 4, 0], "texture": "#rail"}
			}
		},
		{
			"from": [12.05, 6.8, -2.9],
			"to": [13.95, 7.95, 20.7],
			"rotation": {"angle": -45, "axis": "x", "origin": [8, 6.9375, 6.1]},
			"faces": {
				"north": {"uv": [14, 1, 12, 0], "texture": "#rail"},
				"east": {"uv": [13, 0, 14, 16], "rotation": 90, "texture": "#rail"},
				"south": {"uv": [12, 16, 14, 15], "texture": "#rail"},
				"west": {"uv": [13, 0, 12, 16], "rotation": 90, "texture": "#rail"},
				"up": {"uv": [12, 16, 14, 0], "texture": "#rail"},
				"down": {"uv": [12, 16, 14, 0], "texture": "#rail"}
			}
		},
		{
			"from": [1, 6, 10.1],
			"to": [15, 7, 12.1],
			"rotation": {"angle": -45, "axis": "x", "origin": [8, 6.9375, 6.1]},
			"faces": {
				"north": {"uv": [15, 1, 1, 2], "texture": "#1"},
				"east": {"uv": [14, 15, 15, 13], "rotation": 90, "texture": "#rail"},
				"south": {"uv": [15, 1, 1, 2], "texture": "#1"},
				"west": {"uv": [14, 15, 15, 13], "rotation": 90, "texture": "#rail"},
				"up": {"uv": [1, 15, 15, 13], "texture": "#rail"},
				"down": {"uv": [1, 2, 15, 0], "texture": "#1"}
			}
		},
		{
			"from": [1, 6, 6.1],
			"to": [15, 7, 8.1],
			"rotation": {"angle": -45, "axis": "x", "origin": [8, 6.9375, 6.1]},
			"faces": {
				"north": {"uv": [15, 1, 1, 2], "texture": "#1"},
				"east": {"uv": [14, 15, 15, 13], "rotation": 90, "texture": "#rail"},
				"south": {"uv": [15, 1, 1, 2], "texture": "#1"},
				"west": {"uv": [14, 15, 15, 13], "rotation": 90, "texture": "#rail"},
				"up": {"uv": [1, 15, 15, 13], "texture": "#rail"},
				"down": {"uv": [1, 2, 15, 0], "texture": "#1"}
			}
		},
		{
			"from": [1, 6, 2.35],
			"to": [15, 7, 4.35],
			"rotation": {"angle": -45, "axis": "x", "origin": [8, 6.9375, 6.1]},
			"faces": {
				"north": {"uv": [15, 1, 1, 2], "texture": "#1"},
				"east": {"uv": [14, 15, 15, 13], "rotation": 90, "texture": "#rail"},
				"south": {"uv": [15, 1, 1, 2], "texture": "#1"},
				"west": {"uv": [14, 15, 15, 13], "rotation": 90, "texture": "#rail"},
				"up": {"uv": [1, 15, 15, 13], "texture": "#rail"},
				"down": {"uv": [1, 2, 15, 0], "texture": "#1"}
			}
		},
		{
			"from": [1, 6, 17.6],
			"to": [15, 7, 19.6],
			"rotation": {"angle": -45, "axis": "x", "origin": [8, 6.9375, 6.1]},
			"faces": {
				"north": {"uv": [15, 1, 1, 2], "texture": "#1"},
				"east": {"uv": [14, 15, 15, 13], "rotation": 90, "texture": "#rail"},
				"south": {"uv": [15, 1, 1, 2], "texture": "#1"},
				"west": {"uv": [14, 15, 15, 13], "rotation": 90, "texture": "#rail"},
				"up": {"uv": [1, 15, 15, 13], "texture": "#rail"},
				"down": {"uv": [1, 2, 15, 0], "texture": "#1"}
			}
		},
		{
			"from": [1.2, 7, 18.2],
			"to": [2, 7.25, 19],
			"rotation": {"angle": -45, "axis": "x", "origin": [8, 6.9375, 6.1]},
			"faces": {
				"north": {"uv": [13, 15, 12, 16], "texture": "#rail"},
				"east": {"uv": [13, 15, 12, 16], "texture": "#rail"},
				"south": {"uv": [13, 15, 12, 16], "texture": "#rail"},
				"west": {"uv": [13, 15, 12, 16], "texture": "#rail"},
				"up": {"uv": [12, 16, 13, 15], "texture": "#rail"},
				"down": {"uv": [12, 16, 13, 15], "texture": "#rail"}
			}
		},
		{
			"from": [1.45, 7, 18.95],
			"to": [1.75, 7.5, 18.25],
			"rotation": {"angle": -45, "axis": "x", "origin": [8, 6.9375, 6.1]},
			"faces": {
				"north": {"uv": [13.3, 13, 13, 13.5], "texture": "#rail"},
				"east": {"uv": [13.3, 13, 13, 13.5], "texture": "#rail"},
				"south": {"uv": [13.3, 13, 13, 13.5], "texture": "#rail"},
				"west": {"uv": [13.3, 13, 13, 13.5], "texture": "#rail"},
				"up": {"uv": [13, 13.5, 13.3, 13], "texture": "#rail"},
				"down": {"uv": [13, 13.5, 13.3, 13], "texture": "#rail"}
			}
		},
		{
			"from": [4.25, 7, 18.95],
			"to": [4.55, 7.5, 18.25],
			"rotation": {"angle": -45, "axis": "x", "origin": [8, 6.9375, 6.1]},
			"faces": {
				"north": {"uv": [13.3, 13, 13, 13.5], "texture": "#rail"},
				"east": {"uv": [13.3, 13, 13, 13.5], "texture": "#rail"},
				"south": {"uv": [13.3, 13, 13, 13.5], "texture": "#rail"},
				"west": {"uv": [13.3, 13, 13, 13.5], "texture": "#rail"},
				"up": {"uv": [13, 13.5, 13.3, 13], "texture": "#rail"},
				"down": {"uv": [13, 13.5, 13.3, 13], "texture": "#rail"}
			}
		},
		{
			"from": [4, 7, 18.2],
			"to": [4.8, 7.25, 19],
			"rotation": {"angle": -45, "axis": "x", "origin": [8, 6.9375, 6.1]},
			"faces": {
				"north": {"uv": [13, 15, 12, 16], "texture": "#rail"},
				"east": {"uv": [13, 15, 12, 16], "texture": "#rail"},
				"south": {"uv": [13, 15, 12, 16], "texture": "#rail"},
				"west": {"uv": [13, 15, 12, 16], "texture": "#rail"},
				"up": {"uv": [12, 16, 13, 15], "texture": "#rail"},
				"down": {"uv": [12, 16, 13, 15], "texture": "#rail"}
			}
		},
		{
			"from": [14, 7, 18.2],
			"to": [14.8, 7.25, 19],
			"rotation": {"angle": -45, "axis": "x", "origin": [8, 6.9375, 6.1]},
			"faces": {
				"north": {"uv": [12, 15, 13, 16], "texture": "#rail"},
				"east": {"uv": [12, 15, 13, 16], "texture": "#rail"},
				"south": {"uv": [12, 15, 13, 16], "texture": "#rail"},
				"west": {"uv": [12, 15, 13, 16], "texture": "#rail"},
				"up": {"uv": [13, 16, 12, 15], "texture": "#rail"},
				"down": {"uv": [13, 16, 12, 15], "texture": "#rail"}
			}
		},
		{
			"from": [14.25, 7, 18.95],
			"to": [14.55, 7.5, 18.25],
			"rotation": {"angle": -45, "axis": "x", "origin": [8, 6.9375, 6.1]},
			"faces": {
				"north": {"uv": [13, 13, 13.3, 13.5], "texture": "#rail"},
				"east": {"uv": [13, 13, 13.3, 13.5], "texture": "#rail"},
				"south": {"uv": [13, 13, 13.3, 13.5], "texture": "#rail"},
				"west": {"uv": [13, 13, 13.3, 13.5], "texture": "#rail"},
				"up": {"uv": [13.3, 13.5, 13, 13], "texture": "#rail"},
				"down": {"uv": [13.3, 13.5, 13, 13], "texture": "#rail"}
			}
		},
		{
			"from": [11.45, 7, 18.95],
			"to": [11.75, 7.5, 18.25],
			"rotation": {"angle": -45, "axis": "x", "origin": [8, 6.9375, 6.1]},
			"faces": {
				"north": {"uv": [13, 13, 13.3, 13.5], "texture": "#rail"},
				"east": {"uv": [13, 13, 13.3, 13.5], "texture": "#rail"},
				"south": {"uv": [13, 13, 13.3, 13.5], "texture": "#rail"},
				"west": {"uv": [13, 13, 13.3, 13.5], "texture": "#rail"},
				"up": {"uv": [13.3, 13.5, 13, 13], "texture": "#rail"},
				"down": {"uv": [13.3, 13.5, 13, 13], "texture": "#rail"}
			}
		},
		{
			"from": [11.2, 7, 18.2],
			"to": [12, 7.25, 19],
			"rotation": {"angle": -45, "axis": "x", "origin": [8, 6.9375, 6.1]},
			"faces": {
				"north": {"uv": [12, 15, 13, 16], "texture": "#rail"},
				"east": {"uv": [12, 15, 13, 16], "texture": "#rail"},
				"south": {"uv": [12, 15, 13, 16], "texture": "#rail"},
				"west": {"uv": [12, 15, 13, 16], "texture": "#rail"},
				"up": {"uv": [13, 16, 12, 15], "texture": "#rail"},
				"down": {"uv": [13, 16, 12, 15], "texture": "#rail"}
			}
		},
		{
			"from": [14, 7, 10.7],
			"to": [14.8, 7.25, 11.5],
			"rotation": {"angle": -45, "axis": "x", "origin": [8, 6.9375, 6.1]},
			"faces": {
				"north": {"uv": [12, 15, 13, 16], "texture": "#rail"},
				"east": {"uv": [12, 15, 13, 16], "texture": "#rail"},
				"south": {"uv": [12, 15, 13, 16], "texture": "#rail"},
				"west": {"uv": [12, 15, 13, 16], "texture": "#rail"},
				"up": {"uv": [13, 16, 12, 15], "texture": "#rail"},
				"down": {"uv": [13, 16, 12, 15], "texture": "#rail"}
			}
		},
		{
			"from": [14.25, 7, 10.95],
			"to": [14.55, 7.5, 11.25],
			"rotation": {"angle": -45, "axis": "x", "origin": [8, 6.9375, 6.1]},
			"faces": {
				"north": {"uv": [13, 13, 13.3, 13.5], "texture": "#rail"},
				"east": {"uv": [13, 13, 13.3, 13.5], "texture": "#rail"},
				"south": {"uv": [13, 13, 13.3, 13.5], "texture": "#rail"},
				"west": {"uv": [13, 13, 13.3, 13.5], "texture": "#rail"},
				"up": {"uv": [13.3, 13.5, 13, 13], "texture": "#rail"},
				"down": {"uv": [13.3, 13.5, 13, 13], "texture": "#rail"}
			}
		},
		{
			"from": [11.45, 7, 10.95],
			"to": [11.75, 7.5, 11.25],
			"rotation": {"angle": -45, "axis": "x", "origin": [8, 6.9375, 6.1]},
			"faces": {
				"north": {"uv": [13, 13, 13.3, 13.5], "texture": "#rail"},
				"east": {"uv": [13, 13, 13.3, 13.5], "texture": "#rail"},
				"south": {"uv": [13, 13, 13.3, 13.5], "texture": "#rail"},
				"west": {"uv": [13, 13, 13.3, 13.5], "texture": "#rail"},
				"up": {"uv": [13.3, 13.5, 13, 13], "texture": "#rail"},
				"down": {"uv": [13.3, 13.5, 13, 13], "texture": "#rail"}
			}
		},
		{
			"from": [11.2, 7, 10.7],
			"to": [12, 7.25, 11.5],
			"rotation": {"angle": -45, "axis": "x", "origin": [8, 6.9375, 6.1]},
			"faces": {
				"north": {"uv": [12, 15, 13, 16], "texture": "#rail"},
				"east": {"uv": [12, 15, 13, 16], "texture": "#rail"},
				"south": {"uv": [12, 15, 13, 16], "texture": "#rail"},
				"west": {"uv": [12, 15, 13, 16], "texture": "#rail"},
				"up": {"uv": [13, 16, 12, 15], "texture": "#rail"},
				"down": {"uv": [13, 16, 12, 15], "texture": "#rail"}
			}
		},
		{
			"from": [1.2, 7, 10.7],
			"to": [2, 7.25, 11.5],
			"rotation": {"angle": -45, "axis": "x", "origin": [8, 6.9375, 6.1]},
			"faces": {
				"north": {"uv": [13, 15, 12, 16], "texture": "#rail"},
				"east": {"uv": [13, 15, 12, 16], "texture": "#rail"},
				"south": {"uv": [13, 15, 12, 16], "texture": "#rail"},
				"west": {"uv": [13, 15, 12, 16], "texture": "#rail"},
				"up": {"uv": [12, 16, 13, 15], "texture": "#rail"},
				"down": {"uv": [12, 16, 13, 15], "texture": "#rail"}
			}
		},
		{
			"from": [1.45, 7, 10.95],
			"to": [1.75, 7.5, 11.25],
			"rotation": {"angle": -45, "axis": "x", "origin": [8, 6.9375, 6.1]},
			"faces": {
				"north": {"uv": [13.3, 13, 13, 13.5], "texture": "#rail"},
				"east": {"uv": [13.3, 13, 13, 13.5], "texture": "#rail"},
				"south": {"uv": [13.3, 13, 13, 13.5], "texture": "#rail"},
				"west": {"uv": [13.3, 13, 13, 13.5], "texture": "#rail"},
				"up": {"uv": [13, 13.5, 13.3, 13], "texture": "#rail"},
				"down": {"uv": [13, 13.5, 13.3, 13], "texture": "#rail"}
			}
		},
		{
			"from": [4.25, 7, 10.95],
			"to": [4.55, 7.5, 11.25],
			"rotation": {"angle": -45, "axis": "x", "origin": [8, 6.9375, 6.1]},
			"faces": {
				"north": {"uv": [13.3, 13, 13, 13.5], "texture": "#rail"},
				"east": {"uv": [13.3, 13, 13, 13.5], "texture": "#rail"},
				"south": {"uv": [13.3, 13, 13, 13.5], "texture": "#rail"},
				"west": {"uv": [13.3, 13, 13, 13.5], "texture": "#rail"},
				"up": {"uv": [13, 13.5, 13.3, 13], "texture": "#rail"},
				"down": {"uv": [13, 13.5, 13.3, 13], "texture": "#rail"}
			}
		},
		{
			"from": [4, 7, 10.7],
			"to": [4.8, 7.25, 11.5],
			"rotation": {"angle": -45, "axis": "x", "origin": [8, 6.9375, 6.1]},
			"faces": {
				"north": {"uv": [13, 15, 12, 16], "texture": "#rail"},
				"east": {"uv": [13, 15, 12, 16], "texture": "#rail"},
				"south": {"uv": [13, 15, 12, 16], "texture": "#rail"},
				"west": {"uv": [13, 15, 12, 16], "texture": "#rail"},
				"up": {"uv": [12, 16, 13, 15], "texture": "#rail"},
				"down": {"uv": [12, 16, 13, 15], "texture": "#rail"}
			}
		},
		{
			"from": [14, 7, 6.7],
			"to": [14.8, 7.25, 7.5],
			"rotation": {"angle": -45, "axis": "x", "origin": [8, 6.9375, 6.1]},
			"faces": {
				"north": {"uv": [12, 15, 13, 16], "texture": "#rail"},
				"east": {"uv": [12, 15, 13, 16], "texture": "#rail"},
				"south": {"uv": [12, 15, 13, 16], "texture": "#rail"},
				"west": {"uv": [12, 15, 13, 16], "texture": "#rail"},
				"up": {"uv": [13, 16, 12, 15], "texture": "#rail"},
				"down": {"uv": [13, 16, 12, 15], "texture": "#rail"}
			}
		},
		{
			"from": [14.25, 7, 6.95],
			"to": [14.55, 7.5, 7.25],
			"rotation": {"angle": -45, "axis": "x", "origin": [8, 6.9375, 6.1]},
			"faces": {
				"north": {"uv": [13, 13, 13.3, 13.5], "texture": "#rail"},
				"east": {"uv": [13, 13, 13.3, 13.5], "texture": "#rail"},
				"south": {"uv": [13, 13, 13.3, 13.5], "texture": "#rail"},
				"west": {"uv": [13, 13, 13.3, 13.5], "texture": "#rail"},
				"up": {"uv": [13.3, 13.5, 13, 13], "texture": "#rail"},
				"down": {"uv": [13.3, 13.5, 13, 13], "texture": "#rail"}
			}
		},
		{
			"from": [11.45, 7, 6.95],
			"to": [11.75, 7.5, 7.25],
			"rotation": {"angle": -45, "axis": "x", "origin": [8, 6.9375, 6.1]},
			"faces": {
				"north": {"uv": [13, 13, 13.3, 13.5], "texture": "#rail"},
				"east": {"uv": [13, 13, 13.3, 13.5], "texture": "#rail"},
				"south": {"uv": [13, 13, 13.3, 13.5], "texture": "#rail"},
				"west": {"uv": [13, 13, 13.3, 13.5], "texture": "#rail"},
				"up": {"uv": [13.3, 13.5, 13, 13], "texture": "#rail"},
				"down": {"uv": [13.3, 13.5, 13, 13], "texture": "#rail"}
			}
		},
		{
			"from": [11.2, 7, 6.7],
			"to": [12, 7.25, 7.5],
			"rotation": {"angle": -45, "axis": "x", "origin": [8, 6.9375, 6.1]},
			"faces": {
				"north": {"uv": [12, 15, 13, 16], "texture": "#rail"},
				"east": {"uv": [12, 15, 13, 16], "texture": "#rail"},
				"south": {"uv": [12, 15, 13, 16], "texture": "#rail"},
				"west": {"uv": [12, 15, 13, 16], "texture": "#rail"},
				"up": {"uv": [13, 16, 12, 15], "texture": "#rail"},
				"down": {"uv": [13, 16, 12, 15], "texture": "#rail"}
			}
		},
		{
			"from": [1.2, 7, 6.7],
			"to": [2, 7.25, 7.5],
			"rotation": {"angle": -45, "axis": "x", "origin": [8, 6.9375, 6.1]},
			"faces": {
				"north": {"uv": [13, 15, 12, 16], "texture": "#rail"},
				"east": {"uv": [13, 15, 12, 16], "texture": "#rail"},
				"south": {"uv": [13, 15, 12, 16], "texture": "#rail"},
				"west": {"uv": [13, 15, 12, 16], "texture": "#rail"},
				"up": {"uv": [12, 16, 13, 15], "texture": "#rail"},
				"down": {"uv": [12, 16, 13, 15], "texture": "#rail"}
			}
		},
		{
			"from": [1.45, 7, 6.95],
			"to": [1.75, 7.5, 7.25],
			"rotation": {"angle": -45, "axis": "x", "origin": [8, 6.9375, 6.1]},
			"faces": {
				"north": {"uv": [13.3, 13, 13, 13.5], "texture": "#rail"},
				"east": {"uv": [13.3, 13, 13, 13.5], "texture": "#rail"},
				"south": {"uv": [13.3, 13, 13, 13.5], "texture": "#rail"},
				"west": {"uv": [13.3, 13, 13, 13.5], "texture": "#rail"},
				"up": {"uv": [13, 13.5, 13.3, 13], "texture": "#rail"},
				"down": {"uv": [13, 13.5, 13.3, 13], "texture": "#rail"}
			}
		},
		{
			"from": [4.25, 7, 6.95],
			"to": [4.55, 7.5, 7.25],
			"rotation": {"angle": -45, "axis": "x", "origin": [8, 6.9375, 6.1]},
			"faces": {
				"north": {"uv": [13.3, 13, 13, 13.5], "texture": "#rail"},
				"east": {"uv": [13.3, 13, 13, 13.5], "texture": "#rail"},
				"south": {"uv": [13.3, 13, 13, 13.5], "texture": "#rail"},
				"west": {"uv": [13.3, 13, 13, 13.5], "texture": "#rail"},
				"up": {"uv": [13, 13.5, 13.3, 13], "texture": "#rail"},
				"down": {"uv": [13, 13.5, 13.3, 13], "texture": "#rail"}
			}
		},
		{
			"from": [4, 7, 6.7],
			"to": [4.8, 7.25, 7.5],
			"rotation": {"angle": -45, "axis": "x", "origin": [8, 6.9375, 6.1]},
			"faces": {
				"north": {"uv": [13, 15, 12, 16], "texture": "#rail"},
				"east": {"uv": [13, 15, 12, 16], "texture": "#rail"},
				"south": {"uv": [13, 15, 12, 16], "texture": "#rail"},
				"west": {"uv": [13, 15, 12, 16], "texture": "#rail"},
				"up": {"uv": [12, 16, 13, 15], "texture": "#rail"},
				"down": {"uv": [12, 16, 13, 15], "texture": "#rail"}
			}
		},
		{
			"from": [14, 7, 2.95],
			"to": [14.8, 7.25, 3.75],
			"rotation": {"angle": -45, "axis": "x", "origin": [8, 6.9375, 6.1]},
			"faces": {
				"north": {"uv": [12, 15, 13, 16], "texture": "#rail"},
				"east": {"uv": [12, 15, 13, 16], "texture": "#rail"},
				"south": {"uv": [12, 15, 13, 16], "texture": "#rail"},
				"west": {"uv": [12, 15, 13, 16], "texture": "#rail"},
				"up": {"uv": [13, 16, 12, 15], "texture": "#rail"},
				"down": {"uv": [13, 16, 12, 15], "texture": "#rail"}
			}
		},
		{
			"from": [14.25, 7, 3.2],
			"to": [14.55, 7.5, 3.5],
			"rotation": {"angle": -45, "axis": "x", "origin": [8, 6.9375, 6.1]},
			"faces": {
				"north": {"uv": [13, 13, 13.3, 13.5], "texture": "#rail"},
				"east": {"uv": [13, 13, 13.3, 13.5], "texture": "#rail"},
				"south": {"uv": [13, 13, 13.3, 13.5], "texture": "#rail"},
				"west": {"uv": [13, 13, 13.3, 13.5], "texture": "#rail"},
				"up": {"uv": [13.3, 13.5, 13, 13], "texture": "#rail"},
				"down": {"uv": [13.3, 13.5, 13, 13], "texture": "#rail"}
			}
		},
		{
			"from": [11.45, 7, 3.2],
			"to": [11.75, 7.5, 3.5],
			"rotation": {"angle": -45, "axis": "x", "origin": [8, 6.9375, 6.1]},
			"faces": {
				"north": {"uv": [13, 13, 13.3, 13.5], "texture": "#rail"},
				"east": {"uv": [13, 13, 13.3, 13.5], "texture": "#rail"},
				"south": {"uv": [13, 13, 13.3, 13.5], "texture": "#rail"},
				"west": {"uv": [13, 13, 13.3, 13.5], "texture": "#rail"},
				"up": {"uv": [13.3, 13.5, 13, 13], "texture": "#rail"},
				"down": {"uv": [13.3, 13.5, 13, 13], "texture": "#rail"}
			}
		},
		{
			"from": [11.2, 7, 2.95],
			"to": [12, 7.25, 3.75],
			"rotation": {"angle": -45, "axis": "x", "origin": [8, 6.9375, 6.1]},
			"faces": {
				"north": {"uv": [12, 15, 13, 16], "texture": "#rail"},
				"east": {"uv": [12, 15, 13, 16], "texture": "#rail"},
				"south": {"uv": [12, 15, 13, 16], "texture": "#rail"},
				"west": {"uv": [12, 15, 13, 16], "texture": "#rail"},
				"up": {"uv": [13, 16, 12, 15], "texture": "#rail"},
				"down": {"uv": [13, 16, 12, 15], "texture": "#rail"}
			}
		},
		{
			"from": [1.2, 7, 2.95],
			"to": [2, 7.25, 3.75],
			"rotation": {"angle": -45, "axis": "x", "origin": [8, 6.9375, 6.1]},
			"faces": {
				"north": {"uv": [13, 15, 12, 16], "texture": "#rail"},
				"east": {"uv": [13, 15, 12, 16], "texture": "#rail"},
				"south": {"uv": [13, 15, 12, 16], "texture": "#rail"},
				"west": {"uv": [13, 15, 12, 16], "texture": "#rail"},
				"up": {"uv": [12, 16, 13, 15], "texture": "#rail"},
				"down": {"uv": [12, 16, 13, 15], "texture": "#rail"}
			}
		},
		{
			"from": [1.45, 7, 3.2],
			"to": [1.75, 7.5, 3.5],
			"rotation": {"angle": -45, "axis": "x", "origin": [8, 6.9375, 6.1]},
			"faces": {
				"north": {"uv": [13.3, 13, 13, 13.5], "texture": "#rail"},
				"east": {"uv": [13.3, 13, 13, 13.5], "texture": "#rail"},
				"south": {"uv": [13.3, 13, 13, 13.5], "texture": "#rail"},
				"west": {"uv": [13.3, 13, 13, 13.5], "texture": "#rail"},
				"up": {"uv": [13, 13.5, 13.3, 13], "texture": "#rail"},
				"down": {"uv": [13, 13.5, 13.3, 13], "texture": "#rail"}
			}
		},
		{
			"from": [4.25, 7, 3.2],
			"to": [4.55, 7.5, 3.5],
			"rotation": {"angle": -45, "axis": "x", "origin": [8, 6.9375, 6.1]},
			"faces": {
				"north": {"uv": [13.3, 13, 13, 13.5], "texture": "#rail"},
				"east": {"uv": [13.3, 13, 13, 13.5], "texture": "#rail"},
				"south": {"uv": [13.3, 13, 13, 13.5], "texture": "#rail"},
				"west": {"uv": [13.3, 13, 13, 13.5], "texture": "#rail"},
				"up": {"uv": [13, 13.5, 13.3, 13], "texture": "#rail"},
				"down": {"uv": [13, 13.5, 13.3, 13], "texture": "#rail"}
			}
		},
		{
			"from": [4, 7, 2.95],
			"to": [4.8, 7.25, 3.75],
			"rotation": {"angle": -45, "axis": "x", "origin": [8, 6.9375, 6.1]},
			"faces": {
				"north": {"uv": [13, 15, 12, 16], "texture": "#rail"},
				"east": {"uv": [13, 15, 12, 16], "texture": "#rail"},
				"south": {"uv": [13, 15, 12, 16], "texture": "#rail"},
				"west": {"uv": [13, 15, 12, 16], "texture": "#rail"},
				"up": {"uv": [12, 16, 13, 15], "texture": "#rail"},
				"down": {"uv": [12, 16, 13, 15], "texture": "#rail"}
			}
		},
		{
			"from": [1, 6, -1.4],
			"to": [15, 7, 0.6],
			"rotation": {"angle": -45, "axis": "x", "origin": [8, 6.9375, 6.1]},
			"faces": {
				"north": {"uv": [15, 1, 1, 2], "texture": "#1"},
				"east": {"uv": [14, 15, 15, 13], "rotation": 90, "texture": "#rail"},
				"south": {"uv": [15, 1, 1, 2], "texture": "#1"},
				"west": {"uv": [14, 15, 15, 13], "rotation": 90, "texture": "#rail"},
				"up": {"uv": [1, 15, 15, 13], "texture": "#rail"},
				"down": {"uv": [1, 2, 15, 0], "texture": "#1"}
			}
		},
		{
			"from": [1.2, 7, -0.8],
			"to": [2, 7.25, 0],
			"rotation": {"angle": -45, "axis": "x", "origin": [8, 6.9375, 6.1]},
			"faces": {
				"north": {"uv": [13, 15, 12, 16], "texture": "#rail"},
				"east": {"uv": [13, 15, 12, 16], "texture": "#rail"},
				"south": {"uv": [13, 15, 12, 16], "texture": "#rail"},
				"west": {"uv": [13, 15, 12, 16], "texture": "#rail"},
				"up": {"uv": [12, 16, 13, 15], "texture": "#rail"},
				"down": {"uv": [12, 16, 13, 15], "texture": "#rail"}
			}
		},
		{
			"from": [1.45, 7, -0.55],
			"to": [1.75, 7.5, -0.25],
			"rotation": {"angle": -45, "axis": "x", "origin": [8, 6.9375, 6.1]},
			"faces": {
				"north": {"uv": [13.3, 13, 13, 13.5], "texture": "#rail"},
				"east": {"uv": [13.3, 13, 13, 13.5], "texture": "#rail"},
				"south": {"uv": [13.3, 13, 13, 13.5], "texture": "#rail"},
				"west": {"uv": [13.3, 13, 13, 13.5], "texture": "#rail"},
				"up": {"uv": [13, 13.5, 13.3, 13], "texture": "#rail"},
				"down": {"uv": [13, 13.5, 13.3, 13], "texture": "#rail"}
			}
		},
		{
			"from": [4.25, 7, -0.55],
			"to": [4.55, 7.5, -0.25],
			"rotation": {"angle": -45, "axis": "x", "origin": [8, 6.9375, 6.1]},
			"faces": {
				"north": {"uv": [13.3, 13, 13, 13.5], "texture": "#rail"},
				"east": {"uv": [13.3, 13, 13, 13.5], "texture": "#rail"},
				"south": {"uv": [13.3, 13, 13, 13.5], "texture": "#rail"},
				"west": {"uv": [13.3, 13, 13, 13.5], "texture": "#rail"},
				"up": {"uv": [13, 13.5, 13.3, 13], "texture": "#rail"},
				"down": {"uv": [13, 13.5, 13.3, 13], "texture": "#rail"}
			}
		},
		{
			"from": [4, 7, -0.8],
			"to": [4.8, 7.25, 0],
			"rotation": {"angle": -45, "axis": "x", "origin": [8, 6.9375, 6.1]},
			"faces": {
				"north": {"uv": [13, 15, 12, 16], "texture": "#rail"},
				"east": {"uv": [13, 15, 12, 16], "texture": "#rail"},
				"south": {"uv": [13, 15, 12, 16], "texture": "#rail"},
				"west": {"uv": [13, 15, 12, 16], "texture": "#rail"},
				"up": {"uv": [12, 16, 13, 15], "texture": "#rail"},
				"down": {"uv": [12, 16, 13, 15], "texture": "#rail"}
			}
		},
		{
			"from": [14, 7, -0.8],
			"to": [14.8, 7.25, 0],
			"rotation": {"angle": -45, "axis": "x", "origin": [8, 6.9375, 6.1]},
			"faces": {
				"north": {"uv": [12, 15, 13, 16], "texture": "#rail"},
				"east": {"uv": [12, 15, 13, 16], "texture": "#rail"},
				"south": {"uv": [12, 15, 13, 16], "texture": "#rail"},
				"west": {"uv": [12, 15, 13, 16], "texture": "#rail"},
				"up": {"uv": [13, 16, 12, 15], "texture": "#rail"},
				"down": {"uv": [13, 16, 12, 15], "texture": "#rail"}
			}
		},
		{
			"from": [14.25, 7, -0.55],
			"to": [14.55, 7.5, -0.25],
			"rotation": {"angle": -45, "axis": "x", "origin": [8, 6.9375, 6.1]},
			"faces": {
				"north": {"uv": [13, 13, 13.3, 13.5], "texture": "#rail"},
				"east": {"uv": [13, 13, 13.3, 13.5], "texture": "#rail"},
				"south": {"uv": [13, 13, 13.3, 13.5], "texture": "#rail"},
				"west": {"uv": [13, 13, 13.3, 13.5], "texture": "#rail"},
				"up": {"uv": [13.3, 13.5, 13, 13], "texture": "#rail"},
				"down": {"uv": [13.3, 13.5, 13, 13], "texture": "#rail"}
			}
		},
		{
			"from": [11.45, 7, -0.55],
			"to": [11.75, 7.5, -0.25],
			"rotation": {"angle": -45, "axis": "x", "origin": [8, 6.9375, 6.1]},
			"faces": {
				"north": {"uv": [13, 13, 13.3, 13.5], "texture": "#rail"},
				"east": {"uv": [13, 13, 13.3, 13.5], "texture": "#rail"},
				"south": {"uv": [13, 13, 13.3, 13.5], "texture": "#rail"},
				"west": {"uv": [13, 13, 13.3, 13.5], "texture": "#rail"},
				"up": {"uv": [13.3, 13.5, 13, 13], "texture": "#rail"},
				"down": {"uv": [13.3, 13.5, 13, 13], "texture": "#rail"}
			}
		},
		{
			"from": [11.2, 7, -0.8],
			"to": [12, 7.25, 0],
			"rotation": {"angle": -45, "axis": "x", "origin": [8, 6.9375, 6.1]},
			"faces": {
				"north": {"uv": [12, 15, 13, 16], "texture": "#rail"},
				"east": {"uv": [12, 15, 13, 16], "texture": "#rail"},
				"south": {"uv": [12, 15, 13, 16], "texture": "#rail"},
				"west": {"uv": [12, 15, 13, 16], "texture": "#rail"},
				"up": {"uv": [13, 16, 12, 15], "texture": "#rail"},
				"down": {"uv": [13, 16, 12, 15], "texture": "#rail"}
			}
		},
		{
			"from": [1, 6, 13.85],
			"to": [15, 7, 15.85],
			"rotation": {"angle": -45, "axis": "x", "origin": [8, 6.9375, 6.1]},
			"faces": {
				"north": {"uv": [15, 1, 1, 2], "texture": "#1"},
				"east": {"uv": [14, 15, 15, 13], "rotation": 90, "texture": "#rail"},
				"south": {"uv": [15, 1, 1, 2], "texture": "#1"},
				"west": {"uv": [14, 15, 15, 13], "rotation": 90, "texture": "#rail"},
				"up": {"uv": [1, 15, 15, 13], "texture": "#rail"},
				"down": {"uv": [1, 2, 15, 0], "texture": "#1"}
			}
		},
		{
			"from": [1.2, 7, 14.45],
			"to": [2, 7.25, 15.25],
			"rotation": {"angle": -45, "axis": "x", "origin": [8, 6.9375, 6.1]},
			"faces": {
				"north": {"uv": [13, 15, 12, 16], "texture": "#rail"},
				"east": {"uv": [13, 15, 12, 16], "texture": "#rail"},
				"south": {"uv": [13, 15, 12, 16], "texture": "#rail"},
				"west": {"uv": [13, 15, 12, 16], "texture": "#rail"},
				"up": {"uv": [12, 16, 13, 15], "texture": "#rail"},
				"down": {"uv": [12, 16, 13, 15], "texture": "#rail"}
			}
		},
		{
			"from": [1.45, 7, 14.7],
			"to": [1.75, 7.5, 15],
			"rotation": {"angle": -45, "axis": "x", "origin": [8, 6.9375, 6.1]},
			"faces": {
				"north": {"uv": [13.3, 13, 13, 13.5], "texture": "#rail"},
				"east": {"uv": [13.3, 13, 13, 13.5], "texture": "#rail"},
				"south": {"uv": [13.3, 13, 13, 13.5], "texture": "#rail"},
				"west": {"uv": [13.3, 13, 13, 13.5], "texture": "#rail"},
				"up": {"uv": [13, 13.5, 13.3, 13], "texture": "#rail"},
				"down": {"uv": [13, 13.5, 13.3, 13], "texture": "#rail"}
			}
		},
		{
			"from": [4.25, 7, 14.7],
			"to": [4.55, 7.5, 15],
			"rotation": {"angle": -45, "axis": "x", "origin": [8, 6.9375, 6.1]},
			"faces": {
				"north": {"uv": [13.3, 13, 13, 13.5], "texture": "#rail"},
				"east": {"uv": [13.3, 13, 13, 13.5], "texture": "#rail"},
				"south": {"uv": [13.3, 13, 13, 13.5], "texture": "#rail"},
				"west": {"uv": [13.3, 13, 13, 13.5], "texture": "#rail"},
				"up": {"uv": [13, 13.5, 13.3, 13], "texture": "#rail"},
				"down": {"uv": [13, 13.5, 13.3, 13], "texture": "#rail"}
			}
		},
		{
			"from": [4, 7, 14.45],
			"to": [4.8, 7.25, 15.25],
			"rotation": {"angle": -45, "axis": "x", "origin": [8, 6.9375, 6.1]},
			"faces": {
				"north": {"uv": [13, 15, 12, 16], "texture": "#rail"},
				"east": {"uv": [13, 15, 12, 16], "texture": "#rail"},
				"south": {"uv": [13, 15, 12, 16], "texture": "#rail"},
				"west": {"uv": [13, 15, 12, 16], "texture": "#rail"},
				"up": {"uv": [12, 16, 13, 15], "texture": "#rail"},
				"down": {"uv": [12, 16, 13, 15], "texture": "#rail"}
			}
		},
		{
			"from": [14, 7, 14.45],
			"to": [14.8, 7.25, 15.25],
			"rotation": {"angle": -45, "axis": "x", "origin": [8, 6.9375, 6.1]},
			"faces": {
				"north": {"uv": [12, 15, 13, 16], "texture": "#rail"},
				"east": {"uv": [12, 15, 13, 16], "texture": "#rail"},
				"south": {"uv": [12, 15, 13, 16], "texture": "#rail"},
				"west": {"uv": [12, 15, 13, 16], "texture": "#rail"},
				"up": {"uv": [13, 16, 12, 15], "texture": "#rail"},
				"down": {"uv": [13, 16, 12, 15], "texture": "#rail"}
			}
		},
		{
			"from": [14.25, 7, 14.7],
			"to": [14.55, 7.5, 15],
			"rotation": {"angle": -45, "axis": "x", "origin": [8, 6.9375, 6.1]},
			"faces": {
				"north": {"uv": [13, 13, 13.3, 13.5], "texture": "#rail"},
				"east": {"uv": [13, 13, 13.3, 13.5], "texture": "#rail"},
				"south": {"uv": [13, 13, 13.3, 13.5], "texture": "#rail"},
				"west": {"uv": [13, 13, 13.3, 13.5], "texture": "#rail"},
				"up": {"uv": [13.3, 13.5, 13, 13], "texture": "#rail"},
				"down": {"uv": [13.3, 13.5, 13, 13], "texture": "#rail"}
			}
		},
		{
			"from": [11.45, 7, 14.7],
			"to": [11.75, 7.5, 15],
			"rotation": {"angle": -45, "axis": "x", "origin": [8, 6.9375, 6.1]},
			"faces": {
				"north": {"uv": [13, 13, 13.3, 13.5], "texture": "#rail"},
				"east": {"uv": [13, 13, 13.3, 13.5], "texture": "#rail"},
				"south": {"uv": [13, 13, 13.3, 13.5], "texture": "#rail"},
				"west": {"uv": [13, 13, 13.3, 13.5], "texture": "#rail"},
				"up": {"uv": [13.3, 13.5, 13, 13], "texture": "#rail"},
				"down": {"uv": [13.3, 13.5, 13, 13], "texture": "#rail"}
			}
		},
		{
			"from": [11.2, 7, 14.45],
			"to": [12, 7.25, 15.25],
			"rotation": {"angle": -45, "axis": "x", "origin": [8, 6.9375, 6.1]},
			"faces": {
				"north": {"uv": [12, 15, 13, 16], "texture": "#rail"},
				"east": {"uv": [12, 15, 13, 16], "texture": "#rail"},
				"south": {"uv": [12, 15, 13, 16], "texture": "#rail"},
				"west": {"uv": [12, 15, 13, 16], "texture": "#rail"},
				"up": {"uv": [13, 16, 12, 15], "texture": "#rail"},
				"down": {"uv": [13, 16, 12, 15], "texture": "#rail"}
			}
		}
	],
	"groups": [
		{
			"name": "RAIL",
			"origin": [4, 1, 1.5],
			"color": 0,
			"children": [
				0,
				1,
				2,
				3,
				4,
				5,
				6,
				{
					"name": "PRAZEC",
					"origin": [4, 1, 1.5],
					"color": 0,
					"children": [
						7,
						{
							"name": "BOLTS",
							"origin": [4, 1, 1.5],
							"color": 0,
							"children": [8, 9, 10, 11]
						},
						{
							"name": "BOLTS",
							"origin": [4, 1, 1.5],
							"color": 0,
							"children": [12, 13, 14, 15]
						}
					]
				},
				{
					"name": "BOLTS",
					"origin": [4, 1, 1.5],
					"color": 0,
					"children": [16, 17, 18, 19]
				},
				{
					"name": "BOLTS",
					"origin": [4, 1, 1.5],
					"color": 0,
					"children": [20, 21, 22, 23]
				},
				{
					"name": "BOLTS",
					"origin": [4, 1, 1.5],
					"color": 0,
					"children": [24, 25, 26, 27]
				},
				{
					"name": "BOLTS",
					"origin": [4, 1, 1.5],
					"color": 0,
					"children": [28, 29, 30, 31]
				},
				{
					"name": "BOLTS",
					"origin": [4, 1, 1.5],
					"color": 0,
					"children": [32, 33, 34, 35]
				},
				{
					"name": "BOLTS",
					"origin": [4, 1, 1.5],
					"color": 0,
					"children": [36, 37, 38, 39]
				},
				{
					"name": "PRAZEC",
					"origin": [4, 1, 1.5],
					"color": 0,
					"children": [
						40,
						{
							"name": "BOLTS",
							"origin": [4, 1, 1.5],
							"color": 0,
							"children": [41, 42, 43, 44]
						},
						{
							"name": "BOLTS",
							"origin": [4, 1, 1.5],
							"color": 0,
							"children": [45, 46, 47, 48]
						}
					]
				}
			]
		},
		{
			"name": "PRAZEC",
			"origin": [4, 1, 1.5],
			"color": 0,
			"children": [
				49,
				{
					"name": "BOLTS",
					"origin": [4, 1, 1.5],
					"color": 0,
					"children": [50, 51, 52, 53]
				},
				{
					"name": "BOLTS",
					"origin": [4, 1, 1.5],
					"color": 0,
					"children": [54, 55, 56, 57]
				}
			]
		}
	]
}