{
	"format_version": "1.21.6",
	"credit": "Made with Blockbench",
	"parent": "minecraft:block/cube_all",
	"textures": {
		"0": "block/redstone_lamp",
		"particle": "block/redstone_lamp"
	},
	"elements": [
		{
			"from": [0.5, 0.5, 0.5],
			"to": [15.5, 15.5, 15.5],
			"faces": {
				"north": {"uv": [0.5, 0.5, 15.5, 15.5], "texture": "#0"},
				"east": {"uv": [0.5, 0.5, 15.5, 15.5], "texture": "#0"},
				"south": {"uv": [0.5, 0.5, 15.5, 15.5], "texture": "#0"},
				"west": {"uv": [0.5, 0.5, 15.5, 15.5], "texture": "#0"},
				"up": {"uv": [0.5, 0.5, 15.5, 15.5], "texture": "#0"},
				"down": {"uv": [0.5, 0.5, 15.5, 15.5], "texture": "#0"}
			}
		},
		{
			"from": [0, 0, 0],
			"to": [1, 16, 1],
			"faces": {
				"north": {"uv": [0, 0, 1, 16], "texture": "#0"},
				"east": {"uv": [0, 0, 1, 2], "texture": "#0"},
				"south": {"uv": [0, 0, 1, 2], "texture": "#0"},
				"west": {"uv": [0, 0, 1, 2], "texture": "#0"},
				"up": {"uv": [0, 0, 1, 1], "texture": "#0"},
				"down": {"uv": [0, 0, 1, 1], "texture": "#0"}
			}
		},
		{
			"from": [15, 0, 0],
			"to": [16, 16, 1],
			"rotation": {"angle": 0, "axis": "y", "origin": [16, 0, 0]},
			"faces": {
				"north": {"uv": [1, 0, 0, 16], "texture": "#0"},
				"east": {"uv": [1, 0, 0, 2], "texture": "#0"},
				"south": {"uv": [1, 0, 0, 2], "texture": "#0"},
				"west": {"uv": [1, 0, 0, 2], "texture": "#0"},
				"up": {"uv": [1, 0, 0, 1], "texture": "#0"},
				"down": {"uv": [1, 0, 0, 1], "texture": "#0"}
			}
		},
		{
			"from": [15, 0, 15],
			"to": [16, 16, 16],
			"rotation": {"angle": 0, "axis": "y", "origin": [16, 0, 16]},
			"faces": {
				"north": {"uv": [0, 0, 1, 2], "texture": "#0"},
				"east": {"uv": [0, 0, 1, 2], "texture": "#0"},
				"south": {"uv": [0, 0, 1, 16], "texture": "#0"},
				"west": {"uv": [0, 0, 1, 2], "texture": "#0"},
				"up": {"uv": [1, 1, 0, 0], "texture": "#0"},
				"down": {"uv": [1, 1, 0, 0], "texture": "#0"}
			}
		},
		{
			"from": [0, 0, 15],
			"to": [1, 16, 16],
			"rotation": {"angle": 0, "axis": "y", "origin": [0, 0, 16]},
			"faces": {
				"north": {"uv": [1, 0, 0, 2], "texture": "#0"},
				"east": {"uv": [1, 0, 0, 2], "texture": "#0"},
				"south": {"uv": [1, 0, 0, 16], "texture": "#0"},
				"west": {"uv": [1, 0, 0, 2], "texture": "#0"},
				"up": {"uv": [0, 1, 1, 0], "texture": "#0"},
				"down": {"uv": [0, 1, 1, 0], "texture": "#0"}
			}
		},
		{
			"from": [1, 0, 0],
			"to": [15, 1, 1],
			"faces": {
				"north": {"uv": [0, 0, 14, 1], "texture": "#0"},
				"east": {"uv": [0, 0, 1, 1], "texture": "#0"},
				"south": {"uv": [0, 0, 14, 1], "texture": "#0"},
				"west": {"uv": [0, 0, 1, 1], "texture": "#0"},
				"up": {"uv": [0, 0, 14, 1], "texture": "#0"},
				"down": {"uv": [0, 0, 14, 1], "texture": "#0"}
			}
		},
		{
			"from": [1, 15, 0],
			"to": [15, 16, 1],
			"rotation": {"angle": 0, "axis": "y", "origin": [0, 16, 0]},
			"faces": {
				"north": {"uv": [0, 1, 14, 0], "texture": "#0"},
				"east": {"uv": [0, 1, 1, 0], "texture": "#0"},
				"south": {"uv": [0, 1, 14, 0], "texture": "#0"},
				"west": {"uv": [0, 1, 1, 0], "texture": "#0"},
				"up": {"uv": [0, 1, 14, 0], "texture": "#0"},
				"down": {"uv": [0, 1, 14, 0], "texture": "#0"}
			}
		},
		{
			"from": [1, 15, 15],
			"to": [15, 16, 16],
			"rotation": {"angle": 0, "axis": "y", "origin": [0, 16, 16]},
			"faces": {
				"north": {"uv": [14, 1, 0, 0], "texture": "#0"},
				"east": {"uv": [1, 1, 0, 0], "texture": "#0"},
				"south": {"uv": [14, 1, 0, 0], "texture": "#0"},
				"west": {"uv": [1, 1, 0, 0], "texture": "#0"},
				"up": {"uv": [0, 0, 14, 1], "texture": "#0"},
				"down": {"uv": [0, 0, 14, 1], "texture": "#0"}
			}
		},
		{
			"from": [1, 0, 15],
			"to": [15, 1, 16],
			"rotation": {"angle": 0, "axis": "y", "origin": [0, 0, 16]},
			"faces": {
				"north": {"uv": [14, 0, 0, 1], "texture": "#0"},
				"east": {"uv": [1, 0, 0, 1], "texture": "#0"},
				"south": {"uv": [14, 0, 0, 1], "texture": "#0"},
				"west": {"uv": [1, 0, 0, 1], "texture": "#0"},
				"up": {"uv": [0, 1, 14, 0], "texture": "#0"},
				"down": {"uv": [0, 1, 14, 0], "texture": "#0"}
			}
		},
		{
			"from": [15, 15, 1],
			"to": [16, 16, 15],
			"rotation": {"angle": 0, "axis": "y", "origin": [8, 8, 8]},
			"faces": {
				"north": {"uv": [1, 1, 2, 2], "texture": "#0"},
				"east": {"uv": [2, 0, 16, 1], "texture": "#0"},
				"south": {"uv": [1, 1, 2, 2], "texture": "#0"},
				"west": {"uv": [2, 0, 16, 1], "texture": "#0"},
				"up": {"uv": [0, 0, 14, 1], "rotation": 270, "texture": "#0"},
				"down": {"uv": [0, 0, 14, 1], "rotation": 90, "texture": "#0"}
			}
		},
		{
			"from": [0, 15, 1],
			"to": [1, 16, 15],
			"rotation": {"angle": 0, "axis": "y", "origin": [8, 8, 8]},
			"faces": {
				"north": {"uv": [0, 1, 1, 2], "texture": "#0"},
				"east": {"uv": [0, 0, 14, 1], "texture": "#0"},
				"south": {"uv": [0, 1, 1, 2], "texture": "#0"},
				"west": {"uv": [0, 0, 14, 1], "texture": "#0"},
				"up": {"uv": [0, 0, 14, 1], "rotation": 270, "texture": "#0"},
				"down": {"uv": [0, 0, 14, 1], "rotation": 90, "texture": "#0"}
			}
		},
		{
			"from": [15, 0, 1],
			"to": [16, 1, 15],
			"rotation": {"angle": 0, "axis": "y", "origin": [8, 8, 8]},
			"faces": {
				"north": {"uv": [1, 0, 2, 1], "texture": "#0"},
				"east": {"uv": [2, 0, 16, 1], "texture": "#0"},
				"south": {"uv": [1, 0, 2, 1], "texture": "#0"},
				"west": {"uv": [2, 0, 16, 1], "texture": "#0"},
				"up": {"uv": [0, 0, 14, 1], "rotation": 270, "texture": "#0"},
				"down": {"uv": [0, 0, 14, 1], "rotation": 90, "texture": "#0"}
			}
		},
		{
			"from": [0, 0, 1],
			"to": [1, 1, 15],
			"rotation": {"angle": 0, "axis": "y", "origin": [8, 8, 8]},
			"faces": {
				"north": {"uv": [0, 0, 1, 1], "texture": "#0"},
				"east": {"uv": [0, 0, 14, 1], "texture": "#0"},
				"south": {"uv": [0, 0, 1, 1], "texture": "#0"},
				"west": {"uv": [0, 0, 14, 1], "texture": "#0"},
				"up": {"uv": [0, 0, 14, 1], "rotation": 270, "texture": "#0"},
				"down": {"uv": [0, 0, 14, 1], "rotation": 90, "texture": "#0"}
			}
		},
		{
			"from": [12, 15.1, 7],
			"to": [15, 15.9, 9],
			"rotation": {"angle": 0, "axis": "y", "origin": [8, 7.9, 8]},
			"faces": {
				"north": {"uv": [8, 12, 9, 15], "rotation": 90, "texture": "#0"},
				"east": {"uv": [8, 12, 9, 15], "rotation": 180, "texture": "#0"},
				"south": {"uv": [8.25, 15, 14, 16], "rotation": 180, "texture": "#0"},
				"west": {"uv": [8, 12, 9, 15], "texture": "#0"},
				"up": {"uv": [15, 12, 16, 15], "rotation": 180, "texture": "#0"},
				"down": {"uv": [8, 12, 9, 15], "rotation": 270, "texture": "#0"}
			}
		},
		{
			"from": [1, 15.1, 7],
			"to": [4, 15.9, 9],
			"rotation": {"angle": 0, "axis": "y", "origin": [8, 7.9, 8]},
			"faces": {
				"north": {"uv": [8, 15, 9, 12], "rotation": 90, "texture": "#0"},
				"east": {"uv": [8, 15, 9, 12], "rotation": 180, "texture": "#0"},
				"south": {"uv": [8.25, 15, 14, 16], "rotation": 180, "texture": "#0"},
				"west": {"uv": [8, 15, 9, 12], "texture": "#0"},
				"up": {"uv": [15, 12, 16, 15], "rotation": 180, "texture": "#0"},
				"down": {"uv": [8, 15, 9, 12], "rotation": 270, "texture": "#0"}
			}
		},
		{
			"from": [7, 15.1, 12],
			"to": [9, 15.9, 15],
			"rotation": {"angle": 0, "axis": "y", "origin": [8, 7.9, 8]},
			"faces": {
				"north": {"uv": [9, 15, 8, 12], "rotation": 180, "texture": "#0"},
				"east": {"uv": [9, 15, 8, 12], "rotation": 270, "texture": "#0"},
				"south": {"uv": [9, 15, 8, 12], "texture": "#0"},
				"west": {"uv": [8.25, 15, 14, 16], "rotation": 180, "texture": "#0"},
				"up": {"uv": [15, 12, 16, 15], "rotation": 180, "texture": "#0"},
				"down": {"uv": [9, 15, 8, 12], "texture": "#0"}
			}
		},
		{
			"from": [7, 15.1, 1],
			"to": [9, 15.9, 4],
			"rotation": {"angle": 0, "axis": "y", "origin": [8, 7.9, 8]},
			"faces": {
				"north": {"uv": [9, 12, 8, 15], "rotation": 180, "texture": "#0"},
				"east": {"uv": [9, 12, 8, 15], "rotation": 270, "texture": "#0"},
				"south": {"uv": [9, 12, 8, 15], "texture": "#0"},
				"west": {"uv": [8.25, 15, 14, 16], "rotation": 180, "texture": "#0"},
				"up": {"uv": [15, 12, 16, 15], "rotation": 180, "texture": "#0"},
				"down": {"uv": [9, 12, 8, 15], "texture": "#0"}
			}
		},
		{
			"from": [5.07843, 15.1, 4.17157],
			"to": [10.82843, 15.9, 5.17157],
			"rotation": {"angle": -45, "axis": "y", "origin": [8, 7.9, 8]},
			"faces": {
				"north": {"uv": [8.25, 15, 14, 15.8], "rotation": 180, "texture": "#0"},
				"east": {"uv": [15, 12, 15.8, 13], "rotation": 90, "texture": "#0"},
				"south": {"uv": [8.25, 15, 14, 15.8], "rotation": 180, "texture": "#0"},
				"west": {"uv": [15, 12, 15.8, 13], "rotation": 270, "texture": "#0"},
				"up": {"uv": [8.25, 15, 14, 16], "rotation": 180, "texture": "#0"},
				"down": {"uv": [10.25, 12, 16, 13], "rotation": 180, "texture": "#0"}
			}
		},
		{
			"from": [5.07843, 15.1, 10.82843],
			"to": [10.82843, 15.9, 11.82843],
			"rotation": {"angle": 45, "axis": "y", "origin": [8, 7.9, 8]},
			"faces": {
				"north": {"uv": [10.25, 15, 16, 15.8], "texture": "#0"},
				"east": {"uv": [15, 15, 15.8, 16], "rotation": 90, "texture": "#0"},
				"south": {"uv": [10.25, 15, 16, 15.8], "rotation": 180, "texture": "#0"},
				"west": {"uv": [15, 15, 15.8, 16], "rotation": 270, "texture": "#0"},
				"up": {"uv": [10.25, 15, 16, 16], "rotation": 180, "texture": "#0"},
				"down": {"uv": [10.25, 15, 16, 16], "rotation": 180, "texture": "#0"}
			}
		},
		{
			"from": [5.17157, 15.1, 10.82843],
			"to": [10.92157, 15.9, 11.82843],
			"rotation": {"angle": -45, "axis": "y", "origin": [8, 7.9, 8]},
			"faces": {
				"north": {"uv": [10.25, 15, 16, 15.8], "texture": "#0"},
				"east": {"uv": [15, 15, 15.8, 16], "rotation": 90, "texture": "#0"},
				"south": {"uv": [10.25, 15, 16, 15.8], "rotation": 180, "texture": "#0"},
				"west": {"uv": [15, 15, 15.8, 16], "rotation": 270, "texture": "#0"},
				"up": {"uv": [10.25, 15, 16, 16], "rotation": 180, "texture": "#0"},
				"down": {"uv": [10.25, 15, 16, 16], "rotation": 180, "texture": "#0"}
			}
		},
		{
			"from": [5.17157, 15.1, 4.17157],
			"to": [10.92157, 15.9, 5.17157],
			"rotation": {"angle": 45, "axis": "y", "origin": [8, 7.9, 8]},
			"faces": {
				"north": {"uv": [8.25, 15, 14, 15.8], "rotation": 180, "texture": "#0"},
				"east": {"uv": [15, 12, 15.8, 13], "rotation": 90, "texture": "#0"},
				"south": {"uv": [8.25, 15, 14, 15.8], "rotation": 180, "texture": "#0"},
				"west": {"uv": [15, 12, 15.8, 13], "rotation": 270, "texture": "#0"},
				"up": {"uv": [8.25, 15, 14, 16], "rotation": 180, "texture": "#0"},
				"down": {"uv": [10.25, 12, 16, 13], "rotation": 180, "texture": "#0"}
			}
		},
		{
			"from": [5.87868, 15.2, -1.02817],
			"to": [10.12868, 16, 0.22183],
			"rotation": {"angle": 45, "axis": "y", "origin": [8, 8, 8]},
			"faces": {
				"north": {"uv": [10.25, 15.25, 14.5, 16], "texture": "#0"},
				"east": {"uv": [15, 12, 16, 13.25], "rotation": 90, "texture": "#0"},
				"south": {"uv": [10.25, 15.25, 14.5, 16], "rotation": 180, "texture": "#0"},
				"west": {"uv": [15, 12, 16, 13.25], "rotation": 270, "texture": "#0"},
				"up": {"uv": [10.25, 15.25, 14.5, 16], "rotation": 180, "texture": "#0"},
				"down": {"uv": [10.25, 15.25, 14.5, 16], "rotation": 180, "texture": "#0"}
			}
		},
		{
			"from": [6.87868, 15.2, -2.02817],
			"to": [9.12868, 16, -1.02817],
			"rotation": {"angle": 45, "axis": "y", "origin": [8, 8, 8]},
			"faces": {
				"north": {"uv": [10.25, 15.25, 14.5, 16], "texture": "#0"},
				"east": {"uv": [15, 12, 16, 13.25], "rotation": 90, "texture": "#0"},
				"south": {"uv": [10.25, 15.25, 14.5, 16], "rotation": 180, "texture": "#0"},
				"west": {"uv": [15, 12, 16, 13.25], "rotation": 270, "texture": "#0"},
				"up": {"uv": [10.25, 15.25, 14.5, 16], "rotation": 180, "texture": "#0"},
				"down": {"uv": [10.25, 15.25, 14.5, 16], "rotation": 180, "texture": "#0"}
			}
		},
		{
			"from": [6.87868, 15.2, 17.02817],
			"to": [9.12868, 16, 18.02817],
			"rotation": {"angle": -45, "axis": "y", "origin": [8, 8, 8]},
			"faces": {
				"north": {"uv": [10.25, 16, 14.5, 15.25], "texture": "#0"},
				"east": {"uv": [15, 13.25, 16, 12], "rotation": 90, "texture": "#0"},
				"south": {"uv": [10.25, 16, 14.5, 15.25], "rotation": 180, "texture": "#0"},
				"west": {"uv": [15, 13.25, 16, 12], "rotation": 270, "texture": "#0"},
				"up": {"uv": [10.25, 16, 14.5, 15.25], "rotation": 180, "texture": "#0"},
				"down": {"uv": [10.25, 16, 14.5, 15.25], "rotation": 180, "texture": "#0"}
			}
		},
		{
			"from": [5.87868, 15.2, 15.77817],
			"to": [10.12868, 16, 17.02817],
			"rotation": {"angle": -45, "axis": "y", "origin": [8, 8, 8]},
			"faces": {
				"north": {"uv": [10.25, 16, 14.5, 15.25], "texture": "#0"},
				"east": {"uv": [15, 13.25, 16, 12], "rotation": 90, "texture": "#0"},
				"south": {"uv": [10.25, 16, 14.5, 15.25], "rotation": 180, "texture": "#0"},
				"west": {"uv": [15, 13.25, 16, 12], "rotation": 270, "texture": "#0"},
				"up": {"uv": [10.25, 16, 14.5, 15.25], "rotation": 180, "texture": "#0"},
				"down": {"uv": [10.25, 16, 14.5, 15.25], "rotation": 180, "texture": "#0"}
			}
		},
		{
			"from": [6.87132, 15.2, 17.02817],
			"to": [9.12132, 16, 18.02817],
			"rotation": {"angle": 45, "axis": "y", "origin": [8, 8, 8]},
			"faces": {
				"north": {"uv": [14.5, 16, 10.25, 15.25], "texture": "#0"},
				"east": {"uv": [16, 13.25, 15, 12], "rotation": 90, "texture": "#0"},
				"south": {"uv": [14.5, 16, 10.25, 15.25], "rotation": 180, "texture": "#0"},
				"west": {"uv": [16, 13.25, 15, 12], "rotation": 270, "texture": "#0"},
				"up": {"uv": [14.5, 16, 10.25, 15.25], "rotation": 180, "texture": "#0"},
				"down": {"uv": [14.5, 16, 10.25, 15.25], "rotation": 180, "texture": "#0"}
			}
		},
		{
			"from": [5.87132, 15.2, 15.77817],
			"to": [10.12132, 16, 17.02817],
			"rotation": {"angle": 45, "axis": "y", "origin": [8, 8, 8]},
			"faces": {
				"north": {"uv": [14.5, 16, 10.25, 15.25], "texture": "#0"},
				"east": {"uv": [16, 13.25, 15, 12], "rotation": 90, "texture": "#0"},
				"south": {"uv": [14.5, 16, 10.25, 15.25], "rotation": 180, "texture": "#0"},
				"west": {"uv": [16, 13.25, 15, 12], "rotation": 270, "texture": "#0"},
				"up": {"uv": [14.5, 16, 10.25, 15.25], "rotation": 180, "texture": "#0"},
				"down": {"uv": [14.5, 16, 10.25, 15.25], "rotation": 180, "texture": "#0"}
			}
		},
		{
			"from": [5.87132, 15.2, -1.02817],
			"to": [10.12132, 16, 0.22183],
			"rotation": {"angle": -45, "axis": "y", "origin": [8, 8, 8]},
			"faces": {
				"north": {"uv": [14.5, 15.25, 10.25, 16], "texture": "#0"},
				"east": {"uv": [16, 12, 15, 13.25], "rotation": 90, "texture": "#0"},
				"south": {"uv": [14.5, 15.25, 10.25, 16], "rotation": 180, "texture": "#0"},
				"west": {"uv": [16, 12, 15, 13.25], "rotation": 270, "texture": "#0"},
				"up": {"uv": [14.5, 15.25, 10.25, 16], "rotation": 180, "texture": "#0"},
				"down": {"uv": [14.5, 15.25, 10.25, 16], "rotation": 180, "texture": "#0"}
			}
		},
		{
			"from": [6.87132, 15.2, -2.02817],
			"to": [9.12132, 16, -1.02817],
			"rotation": {"angle": -45, "axis": "y", "origin": [8, 8, 8]},
			"faces": {
				"north": {"uv": [14.5, 15.25, 10.25, 16], "texture": "#0"},
				"east": {"uv": [16, 12, 15, 13.25], "rotation": 90, "texture": "#0"},
				"south": {"uv": [14.5, 15.25, 10.25, 16], "rotation": 180, "texture": "#0"},
				"west": {"uv": [16, 12, 15, 13.25], "rotation": 270, "texture": "#0"},
				"up": {"uv": [14.5, 15.25, 10.25, 16], "rotation": 180, "texture": "#0"},
				"down": {"uv": [14.5, 15.25, 10.25, 16], "rotation": 180, "texture": "#0"}
			}
		},
		{
			"from": [12, 0.1, 7],
			"to": [15, 0.9, 9],
			"rotation": {"angle": 0, "axis": "y", "origin": [8, 8.1, 8]},
			"faces": {
				"north": {"uv": [14, 16, 8.25, 15], "rotation": 180, "texture": "#0"},
				"east": {"uv": [9, 15, 8, 12], "rotation": 180, "texture": "#0"},
				"south": {"uv": [9, 15, 8, 12], "rotation": 90, "texture": "#0"},
				"west": {"uv": [9, 15, 8, 12], "texture": "#0"},
				"up": {"uv": [8, 12, 9, 15], "rotation": 270, "texture": "#0"},
				"down": {"uv": [15, 12, 16, 15], "rotation": 180, "texture": "#0"}
			}
		},
		{
			"from": [1, 0.1, 7],
			"to": [4, 0.9, 9],
			"rotation": {"angle": 0, "axis": "y", "origin": [8, 8.1, 8]},
			"faces": {
				"north": {"uv": [14, 16, 8.25, 15], "rotation": 180, "texture": "#0"},
				"east": {"uv": [9, 12, 8, 15], "rotation": 180, "texture": "#0"},
				"south": {"uv": [9, 12, 8, 15], "rotation": 90, "texture": "#0"},
				"west": {"uv": [9, 12, 8, 15], "texture": "#0"},
				"up": {"uv": [8, 15, 9, 12], "rotation": 270, "texture": "#0"},
				"down": {"uv": [15, 12, 16, 15], "rotation": 180, "texture": "#0"}
			}
		},
		{
			"from": [7, 0.1, 1],
			"to": [9, 0.9, 4],
			"rotation": {"angle": 0, "axis": "y", "origin": [8, 8.1, 8]},
			"faces": {
				"north": {"uv": [8, 12, 9, 15], "texture": "#0"},
				"east": {"uv": [8, 12, 9, 15], "rotation": 270, "texture": "#0"},
				"south": {"uv": [8, 12, 9, 15], "rotation": 180, "texture": "#0"},
				"west": {"uv": [14, 16, 8.25, 15], "rotation": 180, "texture": "#0"},
				"up": {"uv": [9, 15, 8, 12], "texture": "#0"},
				"down": {"uv": [15, 12, 16, 15], "rotation": 180, "texture": "#0"}
			}
		},
		{
			"from": [7, 0.1, 12],
			"to": [9, 0.9, 15],
			"rotation": {"angle": 0, "axis": "y", "origin": [8, 8.1, 8]},
			"faces": {
				"north": {"uv": [8, 15, 9, 12], "texture": "#0"},
				"east": {"uv": [8, 15, 9, 12], "rotation": 270, "texture": "#0"},
				"south": {"uv": [8, 15, 9, 12], "rotation": 180, "texture": "#0"},
				"west": {"uv": [14, 16, 8.25, 15], "rotation": 180, "texture": "#0"},
				"up": {"uv": [9, 12, 8, 15], "texture": "#0"},
				"down": {"uv": [15, 12, 16, 15], "rotation": 180, "texture": "#0"}
			}
		},
		{
			"from": [5.07843, 0.1, 10.82843],
			"to": [10.82843, 0.9, 11.82843],
			"rotation": {"angle": 45, "axis": "y", "origin": [8, 8.1, 8]},
			"faces": {
				"north": {"uv": [14, 15.8, 8.25, 15], "rotation": 180, "texture": "#0"},
				"east": {"uv": [15.8, 13, 15, 12], "rotation": 90, "texture": "#0"},
				"south": {"uv": [14, 15.8, 8.25, 15], "rotation": 180, "texture": "#0"},
				"west": {"uv": [15.8, 13, 15, 12], "rotation": 270, "texture": "#0"},
				"up": {"uv": [10.25, 12, 16, 13], "rotation": 180, "texture": "#0"},
				"down": {"uv": [8.25, 15, 14, 16], "rotation": 180, "texture": "#0"}
			}
		},
		{
			"from": [5.07843, 0.1, 4.17157],
			"to": [10.82843, 0.9, 5.17157],
			"rotation": {"angle": -45, "axis": "y", "origin": [8, 8.1, 8]},
			"faces": {
				"north": {"uv": [16, 15.8, 10.25, 15], "rotation": 180, "texture": "#0"},
				"east": {"uv": [15.8, 16, 15, 15], "rotation": 90, "texture": "#0"},
				"south": {"uv": [16, 15.8, 10.25, 15], "texture": "#0"},
				"west": {"uv": [15.8, 16, 15, 15], "rotation": 270, "texture": "#0"},
				"up": {"uv": [10.25, 15, 16, 16], "rotation": 180, "texture": "#0"},
				"down": {"uv": [10.25, 15, 16, 16], "rotation": 180, "texture": "#0"}
			}
		},
		{
			"from": [5.17157, 0.1, 4.17157],
			"to": [10.92157, 0.9, 5.17157],
			"rotation": {"angle": 45, "axis": "y", "origin": [8, 8.1, 8]},
			"faces": {
				"north": {"uv": [16, 15.8, 10.25, 15], "rotation": 180, "texture": "#0"},
				"east": {"uv": [15.8, 16, 15, 15], "rotation": 90, "texture": "#0"},
				"south": {"uv": [16, 15.8, 10.25, 15], "texture": "#0"},
				"west": {"uv": [15.8, 16, 15, 15], "rotation": 270, "texture": "#0"},
				"up": {"uv": [10.25, 15, 16, 16], "rotation": 180, "texture": "#0"},
				"down": {"uv": [10.25, 15, 16, 16], "rotation": 180, "texture": "#0"}
			}
		},
		{
			"from": [5.17157, 0.1, 10.82843],
			"to": [10.92157, 0.9, 11.82843],
			"rotation": {"angle": -45, "axis": "y", "origin": [8, 8.1, 8]},
			"faces": {
				"north": {"uv": [14, 15.8, 8.25, 15], "rotation": 180, "texture": "#0"},
				"east": {"uv": [15.8, 13, 15, 12], "rotation": 90, "texture": "#0"},
				"south": {"uv": [14, 15.8, 8.25, 15], "rotation": 180, "texture": "#0"},
				"west": {"uv": [15.8, 13, 15, 12], "rotation": 270, "texture": "#0"},
				"up": {"uv": [10.25, 12, 16, 13], "rotation": 180, "texture": "#0"},
				"down": {"uv": [8.25, 15, 14, 16], "rotation": 180, "texture": "#0"}
			}
		},
		{
			"from": [5.87868, 0, 15.77817],
			"to": [10.12868, 0.8, 17.02817],
			"rotation": {"angle": -45, "axis": "y", "origin": [8, 8, 8]},
			"faces": {
				"north": {"uv": [14.5, 16, 10.25, 15.25], "rotation": 180, "texture": "#0"},
				"east": {"uv": [16, 13.25, 15, 12], "rotation": 90, "texture": "#0"},
				"south": {"uv": [14.5, 16, 10.25, 15.25], "texture": "#0"},
				"west": {"uv": [16, 13.25, 15, 12], "rotation": 270, "texture": "#0"},
				"up": {"uv": [10.25, 15.25, 14.5, 16], "rotation": 180, "texture": "#0"},
				"down": {"uv": [10.25, 15.25, 14.5, 16], "rotation": 180, "texture": "#0"}
			}
		},
		{
			"from": [6.87868, 0, 17.02817],
			"to": [9.12868, 0.8, 18.02817],
			"rotation": {"angle": -45, "axis": "y", "origin": [8, 8, 8]},
			"faces": {
				"north": {"uv": [14.5, 16, 10.25, 15.25], "rotation": 180, "texture": "#0"},
				"east": {"uv": [16, 13.25, 15, 12], "rotation": 90, "texture": "#0"},
				"south": {"uv": [14.5, 16, 10.25, 15.25], "texture": "#0"},
				"west": {"uv": [16, 13.25, 15, 12], "rotation": 270, "texture": "#0"},
				"up": {"uv": [10.25, 15.25, 14.5, 16], "rotation": 180, "texture": "#0"},
				"down": {"uv": [10.25, 15.25, 14.5, 16], "rotation": 180, "texture": "#0"}
			}
		},
		{
			"from": [6.87868, 0, -2.02817],
			"to": [9.12868, 0.8, -1.02817],
			"rotation": {"angle": 45, "axis": "y", "origin": [8, 8, 8]},
			"faces": {
				"north": {"uv": [14.5, 15.25, 10.25, 16], "rotation": 180, "texture": "#0"},
				"east": {"uv": [16, 12, 15, 13.25], "rotation": 90, "texture": "#0"},
				"south": {"uv": [14.5, 15.25, 10.25, 16], "texture": "#0"},
				"west": {"uv": [16, 12, 15, 13.25], "rotation": 270, "texture": "#0"},
				"up": {"uv": [10.25, 16, 14.5, 15.25], "rotation": 180, "texture": "#0"},
				"down": {"uv": [10.25, 16, 14.5, 15.25], "rotation": 180, "texture": "#0"}
			}
		},
		{
			"from": [5.87868, 0, -1.02817],
			"to": [10.12868, 0.8, 0.22183],
			"rotation": {"angle": 45, "axis": "y", "origin": [8, 8, 8]},
			"faces": {
				"north": {"uv": [14.5, 15.25, 10.25, 16], "rotation": 180, "texture": "#0"},
				"east": {"uv": [16, 12, 15, 13.25], "rotation": 90, "texture": "#0"},
				"south": {"uv": [14.5, 15.25, 10.25, 16], "texture": "#0"},
				"west": {"uv": [16, 12, 15, 13.25], "rotation": 270, "texture": "#0"},
				"up": {"uv": [10.25, 16, 14.5, 15.25], "rotation": 180, "texture": "#0"},
				"down": {"uv": [10.25, 16, 14.5, 15.25], "rotation": 180, "texture": "#0"}
			}
		},
		{
			"from": [6.87132, 0, -2.02817],
			"to": [9.12132, 0.8, -1.02817],
			"rotation": {"angle": -45, "axis": "y", "origin": [8, 8, 8]},
			"faces": {
				"north": {"uv": [10.25, 15.25, 14.5, 16], "rotation": 180, "texture": "#0"},
				"east": {"uv": [15, 12, 16, 13.25], "rotation": 90, "texture": "#0"},
				"south": {"uv": [10.25, 15.25, 14.5, 16], "texture": "#0"},
				"west": {"uv": [15, 12, 16, 13.25], "rotation": 270, "texture": "#0"},
				"up": {"uv": [14.5, 16, 10.25, 15.25], "rotation": 180, "texture": "#0"},
				"down": {"uv": [14.5, 16, 10.25, 15.25], "rotation": 180, "texture": "#0"}
			}
		},
		{
			"from": [5.87132, 0, -1.02817],
			"to": [10.12132, 0.8, 0.22183],
			"rotation": {"angle": -45, "axis": "y", "origin": [8, 8, 8]},
			"faces": {
				"north": {"uv": [10.25, 15.25, 14.5, 16], "rotation": 180, "texture": "#0"},
				"east": {"uv": [15, 12, 16, 13.25], "rotation": 90, "texture": "#0"},
				"south": {"uv": [10.25, 15.25, 14.5, 16], "texture": "#0"},
				"west": {"uv": [15, 12, 16, 13.25], "rotation": 270, "texture": "#0"},
				"up": {"uv": [14.5, 16, 10.25, 15.25], "rotation": 180, "texture": "#0"},
				"down": {"uv": [14.5, 16, 10.25, 15.25], "rotation": 180, "texture": "#0"}
			}
		},
		{
			"from": [5.87132, 0, 15.77817],
			"to": [10.12132, 0.8, 17.02817],
			"rotation": {"angle": 45, "axis": "y", "origin": [8, 8, 8]},
			"faces": {
				"north": {"uv": [10.25, 16, 14.5, 15.25], "rotation": 180, "texture": "#0"},
				"east": {"uv": [15, 13.25, 16, 12], "rotation": 90, "texture": "#0"},
				"south": {"uv": [10.25, 16, 14.5, 15.25], "texture": "#0"},
				"west": {"uv": [15, 13.25, 16, 12], "rotation": 270, "texture": "#0"},
				"up": {"uv": [14.5, 15.25, 10.25, 16], "rotation": 180, "texture": "#0"},
				"down": {"uv": [14.5, 15.25, 10.25, 16], "rotation": 180, "texture": "#0"}
			}
		},
		{
			"from": [6.87132, 0, 17.02817],
			"to": [9.12132, 0.8, 18.02817],
			"rotation": {"angle": 45, "axis": "y", "origin": [8, 8, 8]},
			"faces": {
				"north": {"uv": [10.25, 16, 14.5, 15.25], "rotation": 180, "texture": "#0"},
				"east": {"uv": [15, 13.25, 16, 12], "rotation": 90, "texture": "#0"},
				"south": {"uv": [10.25, 16, 14.5, 15.25], "texture": "#0"},
				"west": {"uv": [15, 13.25, 16, 12], "rotation": 270, "texture": "#0"},
				"up": {"uv": [14.5, 15.25, 10.25, 16], "rotation": 180, "texture": "#0"},
				"down": {"uv": [14.5, 15.25, 10.25, 16], "rotation": 180, "texture": "#0"}
			}
		},
		{
			"from": [15.1, 12, 7],
			"to": [15.9, 15, 9],
			"rotation": {"angle": 0, "axis": "y", "origin": [8.1, 8, 8]},
			"faces": {
				"north": {"uv": [14, 16, 8.25, 15], "rotation": 270, "texture": "#0"},
				"east": {"uv": [15, 12, 16, 15], "rotation": 90, "texture": "#0"},
				"south": {"uv": [9, 15, 8, 12], "texture": "#0"},
				"west": {"uv": [8, 12, 9, 15], "rotation": 180, "texture": "#0"},
				"up": {"uv": [9, 15, 8, 12], "rotation": 90, "texture": "#0"},
				"down": {"uv": [9, 15, 8, 12], "rotation": 270, "texture": "#0"}
			}
		},
		{
			"from": [15.1, 1, 7],
			"to": [15.9, 4, 9],
			"rotation": {"angle": 0, "axis": "y", "origin": [8.1, 8, 8]},
			"faces": {
				"north": {"uv": [14, 16, 8.25, 15], "rotation": 270, "texture": "#0"},
				"east": {"uv": [15, 12, 16, 15], "rotation": 90, "texture": "#0"},
				"south": {"uv": [9, 12, 8, 15], "texture": "#0"},
				"west": {"uv": [8, 15, 9, 12], "rotation": 180, "texture": "#0"},
				"up": {"uv": [9, 12, 8, 15], "rotation": 90, "texture": "#0"},
				"down": {"uv": [9, 12, 8, 15], "rotation": 270, "texture": "#0"}
			}
		},
		{
			"from": [15.1, 7, 1],
			"to": [15.9, 9, 4],
			"rotation": {"angle": 0, "axis": "y", "origin": [8.1, 8, 8]},
			"faces": {
				"north": {"uv": [8, 12, 9, 15], "rotation": 90, "texture": "#0"},
				"east": {"uv": [15, 12, 16, 15], "rotation": 90, "texture": "#0"},
				"south": {"uv": [8, 12, 9, 15], "rotation": 90, "texture": "#0"},
				"west": {"uv": [9, 15, 8, 12], "rotation": 270, "texture": "#0"},
				"up": {"uv": [8, 12, 9, 15], "rotation": 180, "texture": "#0"},
				"down": {"uv": [14, 16, 8.25, 15], "rotation": 90, "texture": "#0"}
			}
		},
		{
			"from": [15.1, 7, 12],
			"to": [15.9, 9, 15],
			"rotation": {"angle": 0, "axis": "y", "origin": [8.1, 8, 8]},
			"faces": {
				"north": {"uv": [8, 15, 9, 12], "rotation": 90, "texture": "#0"},
				"east": {"uv": [15, 12, 16, 15], "rotation": 90, "texture": "#0"},
				"south": {"uv": [8, 15, 9, 12], "rotation": 90, "texture": "#0"},
				"west": {"uv": [9, 12, 8, 15], "rotation": 270, "texture": "#0"},
				"up": {"uv": [8, 15, 9, 12], "rotation": 180, "texture": "#0"},
				"down": {"uv": [14, 16, 8.25, 15], "rotation": 90, "texture": "#0"}
			}
		},
		{
			"from": [15.1, 5.07843, 10.82843],
			"to": [15.9, 10.82843, 11.82843],
			"rotation": {"angle": -45, "axis": "x", "origin": [8.1, 8, 8]},
			"faces": {
				"north": {"uv": [10.25, 15.2, 16, 16], "rotation": 270, "texture": "#0"},
				"east": {"uv": [8.25, 15, 14, 16], "rotation": 90, "texture": "#0"},
				"south": {"uv": [10.25, 15.2, 16, 16], "rotation": 90, "texture": "#0"},
				"west": {"uv": [10.25, 12, 16, 13], "rotation": 90, "texture": "#0"},
				"up": {"uv": [15.2, 13, 16, 14], "texture": "#0"},
				"down": {"uv": [15.2, 13, 16, 14], "rotation": 180, "texture": "#0"}
			}
		},
		{
			"from": [15.1, 5.07843, 4.17157],
			"to": [15.9, 10.82843, 5.17157],
			"rotation": {"angle": 45, "axis": "x", "origin": [8.1, 8, 8]},
			"faces": {
				"north": {"uv": [10.25, 15.2, 16, 16], "rotation": 270, "texture": "#0"},
				"east": {"uv": [10.25, 15, 16, 16], "rotation": 90, "texture": "#0"},
				"south": {"uv": [10.25, 15.2, 16, 16], "rotation": 270, "texture": "#0"},
				"west": {"uv": [10.25, 15, 16, 16], "rotation": 90, "texture": "#0"},
				"up": {"uv": [15.2, 15, 16, 16], "texture": "#0"},
				"down": {"uv": [15.2, 15, 16, 16], "rotation": 180, "texture": "#0"}
			}
		},
		{
			"from": [15.1, 5.17157, 4.17157],
			"to": [15.9, 10.92157, 5.17157],
			"rotation": {"angle": -45, "axis": "x", "origin": [8.1, 8, 8]},
			"faces": {
				"north": {"uv": [10.25, 15.2, 16, 16], "rotation": 270, "texture": "#0"},
				"east": {"uv": [10.25, 15, 16, 16], "rotation": 90, "texture": "#0"},
				"south": {"uv": [10.25, 15.2, 16, 16], "rotation": 270, "texture": "#0"},
				"west": {"uv": [10.25, 15, 16, 16], "rotation": 90, "texture": "#0"},
				"up": {"uv": [15.2, 15, 16, 16], "texture": "#0"},
				"down": {"uv": [15.2, 15, 16, 16], "rotation": 180, "texture": "#0"}
			}
		},
		{
			"from": [15.1, 5.17157, 10.82843],
			"to": [15.9, 10.92157, 11.82843],
			"rotation": {"angle": 45, "axis": "x", "origin": [8.1, 8, 8]},
			"faces": {
				"north": {"uv": [10.25, 15.2, 16, 16], "rotation": 270, "texture": "#0"},
				"east": {"uv": [8.25, 15, 14, 16], "rotation": 90, "texture": "#0"},
				"south": {"uv": [10.25, 15.2, 16, 16], "rotation": 90, "texture": "#0"},
				"west": {"uv": [10.25, 12, 16, 13], "rotation": 90, "texture": "#0"},
				"up": {"uv": [15.2, 13, 16, 14], "texture": "#0"},
				"down": {"uv": [15.2, 13, 16, 14], "rotation": 180, "texture": "#0"}
			}
		},
		{
			"from": [15.2, 5.87868, 15.77817],
			"to": [16, 10.12868, 17.02817],
			"rotation": {"angle": 45, "axis": "x", "origin": [8.1, 8, 8]},
			"faces": {
				"north": {"uv": [14.5, 16, 10.25, 15.25], "rotation": 270, "texture": "#0"},
				"east": {"uv": [10.25, 15.25, 14.5, 16], "rotation": 90, "texture": "#0"},
				"south": {"uv": [14.5, 16, 10.25, 15.25], "rotation": 270, "texture": "#0"},
				"west": {"uv": [10.25, 15.25, 14.5, 16], "rotation": 90, "texture": "#0"},
				"up": {"uv": [16, 13.25, 15, 12], "texture": "#0"},
				"down": {"uv": [16, 13.25, 15, 12], "rotation": 180, "texture": "#0"}
			}
		},
		{
			"from": [15.2, 6.87868, 17.02817],
			"to": [16, 9.12868, 18.02817],
			"rotation": {"angle": 45, "axis": "x", "origin": [8.1, 8, 8]},
			"faces": {
				"north": {"uv": [14.5, 16, 10.25, 15.25], "rotation": 270, "texture": "#0"},
				"east": {"uv": [10.25, 15.25, 14.5, 16], "rotation": 90, "texture": "#0"},
				"south": {"uv": [14.5, 16, 10.25, 15.25], "rotation": 270, "texture": "#0"},
				"west": {"uv": [10.25, 15.25, 14.5, 16], "rotation": 90, "texture": "#0"},
				"up": {"uv": [16, 13.25, 15, 12], "texture": "#0"},
				"down": {"uv": [16, 13.25, 15, 12], "rotation": 180, "texture": "#0"}
			}
		},
		{
			"from": [15.2, 6.87868, -2.02817],
			"to": [16, 9.12868, -1.02817],
			"rotation": {"angle": -45, "axis": "x", "origin": [8.1, 8, 8]},
			"faces": {
				"north": {"uv": [14.5, 15.25, 10.25, 16], "rotation": 270, "texture": "#0"},
				"east": {"uv": [10.25, 16, 14.5, 15.25], "rotation": 90, "texture": "#0"},
				"south": {"uv": [14.5, 15.25, 10.25, 16], "rotation": 270, "texture": "#0"},
				"west": {"uv": [10.25, 16, 14.5, 15.25], "rotation": 90, "texture": "#0"},
				"up": {"uv": [16, 12, 15, 13.25], "texture": "#0"},
				"down": {"uv": [16, 12, 15, 13.25], "rotation": 180, "texture": "#0"}
			}
		},
		{
			"from": [15.2, 5.87868, -1.02817],
			"to": [16, 10.12868, 0.22183],
			"rotation": {"angle": -45, "axis": "x", "origin": [8.1, 8, 8]},
			"faces": {
				"north": {"uv": [14.5, 15.25, 10.25, 16], "rotation": 270, "texture": "#0"},
				"east": {"uv": [10.25, 16, 14.5, 15.25], "rotation": 90, "texture": "#0"},
				"south": {"uv": [14.5, 15.25, 10.25, 16], "rotation": 270, "texture": "#0"},
				"west": {"uv": [10.25, 16, 14.5, 15.25], "rotation": 90, "texture": "#0"},
				"up": {"uv": [16, 12, 15, 13.25], "texture": "#0"},
				"down": {"uv": [16, 12, 15, 13.25], "rotation": 180, "texture": "#0"}
			}
		},
		{
			"from": [15.2, 6.87132, -2.02817],
			"to": [16, 9.12132, -1.02817],
			"rotation": {"angle": 45, "axis": "x", "origin": [8.1, 8, 8]},
			"faces": {
				"north": {"uv": [10.25, 15.25, 14.5, 16], "rotation": 270, "texture": "#0"},
				"east": {"uv": [14.5, 16, 10.25, 15.25], "rotation": 90, "texture": "#0"},
				"south": {"uv": [10.25, 15.25, 14.5, 16], "rotation": 270, "texture": "#0"},
				"west": {"uv": [14.5, 16, 10.25, 15.25], "rotation": 90, "texture": "#0"},
				"up": {"uv": [15, 12, 16, 13.25], "texture": "#0"},
				"down": {"uv": [15, 12, 16, 13.25], "rotation": 180, "texture": "#0"}
			}
		},
		{
			"from": [15.2, 5.87132, -1.02817],
			"to": [16, 10.12132, 0.22183],
			"rotation": {"angle": 45, "axis": "x", "origin": [8.1, 8, 8]},
			"faces": {
				"north": {"uv": [10.25, 15.25, 14.5, 16], "rotation": 270, "texture": "#0"},
				"east": {"uv": [14.5, 16, 10.25, 15.25], "rotation": 90, "texture": "#0"},
				"south": {"uv": [10.25, 15.25, 14.5, 16], "rotation": 270, "texture": "#0"},
				"west": {"uv": [14.5, 16, 10.25, 15.25], "rotation": 90, "texture": "#0"},
				"up": {"uv": [15, 12, 16, 13.25], "texture": "#0"},
				"down": {"uv": [15, 12, 16, 13.25], "rotation": 180, "texture": "#0"}
			}
		},
		{
			"from": [15.2, 5.87132, 15.77817],
			"to": [16, 10.12132, 17.02817],
			"rotation": {"angle": -45, "axis": "x", "origin": [8.1, 8, 8]},
			"faces": {
				"north": {"uv": [10.25, 16, 14.5, 15.25], "rotation": 270, "texture": "#0"},
				"east": {"uv": [14.5, 15.25, 10.25, 16], "rotation": 90, "texture": "#0"},
				"south": {"uv": [10.25, 16, 14.5, 15.25], "rotation": 270, "texture": "#0"},
				"west": {"uv": [14.5, 15.25, 10.25, 16], "rotation": 90, "texture": "#0"},
				"up": {"uv": [15, 13.25, 16, 12], "texture": "#0"},
				"down": {"uv": [15, 13.25, 16, 12], "rotation": 180, "texture": "#0"}
			}
		},
		{
			"from": [15.2, 6.87132, 17.02817],
			"to": [16, 9.12132, 18.02817],
			"rotation": {"angle": -45, "axis": "x", "origin": [8.1, 8, 8]},
			"faces": {
				"north": {"uv": [10.25, 16, 14.5, 15.25], "rotation": 270, "texture": "#0"},
				"east": {"uv": [14.5, 15.25, 10.25, 16], "rotation": 90, "texture": "#0"},
				"south": {"uv": [10.25, 16, 14.5, 15.25], "rotation": 270, "texture": "#0"},
				"west": {"uv": [14.5, 15.25, 10.25, 16], "rotation": 90, "texture": "#0"},
				"up": {"uv": [15, 13.25, 16, 12], "texture": "#0"},
				"down": {"uv": [15, 13.25, 16, 12], "rotation": 180, "texture": "#0"}
			}
		},
		{
			"from": [0.1, 12, 7],
			"to": [0.9, 15, 9],
			"rotation": {"angle": 0, "axis": "y", "origin": [7.9, 8, 8]},
			"faces": {
				"north": {"uv": [8, 12, 9, 15], "rotation": 180, "texture": "#0"},
				"east": {"uv": [8, 12, 9, 15], "rotation": 180, "texture": "#0"},
				"south": {"uv": [8.25, 15, 14, 16], "rotation": 90, "texture": "#0"},
				"west": {"uv": [15, 12, 16, 15], "rotation": 90, "texture": "#0"},
				"up": {"uv": [8, 12, 9, 15], "rotation": 90, "texture": "#0"},
				"down": {"uv": [8, 12, 9, 15], "rotation": 270, "texture": "#0"}
			}
		},
		{
			"from": [0.1, 1, 7],
			"to": [0.9, 4, 9],
			"rotation": {"angle": 0, "axis": "y", "origin": [7.9, 8, 8]},
			"faces": {
				"north": {"uv": [8, 15, 9, 12], "rotation": 180, "texture": "#0"},
				"east": {"uv": [8, 15, 9, 12], "rotation": 180, "texture": "#0"},
				"south": {"uv": [8.25, 15, 14, 16], "rotation": 90, "texture": "#0"},
				"west": {"uv": [15, 12, 16, 15], "rotation": 90, "texture": "#0"},
				"up": {"uv": [8, 15, 9, 12], "rotation": 90, "texture": "#0"},
				"down": {"uv": [8, 15, 9, 12], "rotation": 270, "texture": "#0"}
			}
		},
		{
			"from": [0.1, 7, 12],
			"to": [0.9, 9, 15],
			"rotation": {"angle": 0, "axis": "y", "origin": [7.9, 8, 8]},
			"faces": {
				"north": {"uv": [9, 15, 8, 12], "rotation": 270, "texture": "#0"},
				"east": {"uv": [9, 15, 8, 12], "rotation": 270, "texture": "#0"},
				"south": {"uv": [9, 15, 8, 12], "rotation": 270, "texture": "#0"},
				"west": {"uv": [15, 12, 16, 15], "rotation": 90, "texture": "#0"},
				"up": {"uv": [9, 15, 8, 12], "rotation": 180, "texture": "#0"},
				"down": {"uv": [8.25, 15, 14, 16], "rotation": 90, "texture": "#0"}
			}
		},
		{
			"from": [0.1, 7, 1],
			"to": [0.9, 9, 4],
			"rotation": {"angle": 0, "axis": "y", "origin": [7.9, 8, 8]},
			"faces": {
				"north": {"uv": [9, 12, 8, 15], "rotation": 270, "texture": "#0"},
				"east": {"uv": [9, 12, 8, 15], "rotation": 270, "texture": "#0"},
				"south": {"uv": [9, 12, 8, 15], "rotation": 270, "texture": "#0"},
				"west": {"uv": [15, 12, 16, 15], "rotation": 90, "texture": "#0"},
				"up": {"uv": [9, 12, 8, 15], "rotation": 180, "texture": "#0"},
				"down": {"uv": [8.25, 15, 14, 16], "rotation": 90, "texture": "#0"}
			}
		},
		{
			"from": [0.1, 5.07843, 4.17157],
			"to": [0.9, 10.82843, 5.17157],
			"rotation": {"angle": 45, "axis": "x", "origin": [7.9, 8, 8]},
			"faces": {
				"north": {"uv": [8.25, 15, 14, 15.8], "rotation": 270, "texture": "#0"},
				"east": {"uv": [10.25, 12, 16, 13], "rotation": 90, "texture": "#0"},
				"south": {"uv": [8.25, 15, 14, 15.8], "rotation": 90, "texture": "#0"},
				"west": {"uv": [8.25, 15, 14, 16], "rotation": 90, "texture": "#0"},
				"up": {"uv": [15, 12, 15.8, 13], "texture": "#0"},
				"down": {"uv": [15, 12, 15.8, 13], "rotation": 180, "texture": "#0"}
			}
		},
		{
			"from": [0.1, 5.07843, 10.82843],
			"to": [0.9, 10.82843, 11.82843],
			"rotation": {"angle": -45, "axis": "x", "origin": [7.9, 8, 8]},
			"faces": {
				"north": {"uv": [10.25, 15, 16, 15.8], "rotation": 90, "texture": "#0"},
				"east": {"uv": [10.25, 15, 16, 16], "rotation": 90, "texture": "#0"},
				"south": {"uv": [10.25, 15, 16, 15.8], "rotation": 90, "texture": "#0"},
				"west": {"uv": [10.25, 15, 16, 16], "rotation": 90, "texture": "#0"},
				"up": {"uv": [15, 15, 15.8, 16], "texture": "#0"},
				"down": {"uv": [15, 15, 15.8, 16], "rotation": 180, "texture": "#0"}
			}
		},
		{
			"from": [0.1, 5.17157, 10.82843],
			"to": [0.9, 10.92157, 11.82843],
			"rotation": {"angle": 45, "axis": "x", "origin": [7.9, 8, 8]},
			"faces": {
				"north": {"uv": [10.25, 15, 16, 15.8], "rotation": 90, "texture": "#0"},
				"east": {"uv": [10.25, 15, 16, 16], "rotation": 90, "texture": "#0"},
				"south": {"uv": [10.25, 15, 16, 15.8], "rotation": 90, "texture": "#0"},
				"west": {"uv": [10.25, 15, 16, 16], "rotation": 90, "texture": "#0"},
				"up": {"uv": [15, 15, 15.8, 16], "texture": "#0"},
				"down": {"uv": [15, 15, 15.8, 16], "rotation": 180, "texture": "#0"}
			}
		},
		{
			"from": [0.1, 5.17157, 4.17157],
			"to": [0.9, 10.92157, 5.17157],
			"rotation": {"angle": -45, "axis": "x", "origin": [7.9, 8, 8]},
			"faces": {
				"north": {"uv": [8.25, 15, 14, 15.8], "rotation": 270, "texture": "#0"},
				"east": {"uv": [10.25, 12, 16, 13], "rotation": 90, "texture": "#0"},
				"south": {"uv": [8.25, 15, 14, 15.8], "rotation": 90, "texture": "#0"},
				"west": {"uv": [8.25, 15, 14, 16], "rotation": 90, "texture": "#0"},
				"up": {"uv": [15, 12, 15.8, 13], "texture": "#0"},
				"down": {"uv": [15, 12, 15.8, 13], "rotation": 180, "texture": "#0"}
			}
		},
		{
			"from": [0, 5.87868, -1.02817],
			"to": [0.8, 10.12868, 0.22183],
			"rotation": {"angle": -45, "axis": "x", "origin": [7.9, 8, 8]},
			"faces": {
				"north": {"uv": [10.25, 15.25, 14.5, 16], "rotation": 90, "texture": "#0"},
				"east": {"uv": [10.25, 15.25, 14.5, 16], "rotation": 90, "texture": "#0"},
				"south": {"uv": [10.25, 15.25, 14.5, 16], "rotation": 90, "texture": "#0"},
				"west": {"uv": [10.25, 15.25, 14.5, 16], "rotation": 90, "texture": "#0"},
				"up": {"uv": [15, 12, 16, 13.25], "texture": "#0"},
				"down": {"uv": [15, 12, 16, 13.25], "rotation": 180, "texture": "#0"}
			}
		},
		{
			"from": [0, 6.87868, -2.02817],
			"to": [0.8, 9.12868, -1.02817],
			"rotation": {"angle": -45, "axis": "x", "origin": [7.9, 8, 8]},
			"faces": {
				"north": {"uv": [10.25, 15.25, 14.5, 16], "rotation": 90, "texture": "#0"},
				"east": {"uv": [10.25, 15.25, 14.5, 16], "rotation": 90, "texture": "#0"},
				"south": {"uv": [10.25, 15.25, 14.5, 16], "rotation": 90, "texture": "#0"},
				"west": {"uv": [10.25, 15.25, 14.5, 16], "rotation": 90, "texture": "#0"},
				"up": {"uv": [15, 12, 16, 13.25], "texture": "#0"},
				"down": {"uv": [15, 12, 16, 13.25], "rotation": 180, "texture": "#0"}
			}
		},
		{
			"from": [0, 6.87868, 17.02817],
			"to": [0.8, 9.12868, 18.02817],
			"rotation": {"angle": 45, "axis": "x", "origin": [7.9, 8, 8]},
			"faces": {
				"north": {"uv": [10.25, 16, 14.5, 15.25], "rotation": 90, "texture": "#0"},
				"east": {"uv": [10.25, 16, 14.5, 15.25], "rotation": 90, "texture": "#0"},
				"south": {"uv": [10.25, 16, 14.5, 15.25], "rotation": 90, "texture": "#0"},
				"west": {"uv": [10.25, 16, 14.5, 15.25], "rotation": 90, "texture": "#0"},
				"up": {"uv": [15, 13.25, 16, 12], "texture": "#0"},
				"down": {"uv": [15, 13.25, 16, 12], "rotation": 180, "texture": "#0"}
			}
		},
		{
			"from": [0, 5.87868, 15.77817],
			"to": [0.8, 10.12868, 17.02817],
			"rotation": {"angle": 45, "axis": "x", "origin": [7.9, 8, 8]},
			"faces": {
				"north": {"uv": [10.25, 16, 14.5, 15.25], "rotation": 90, "texture": "#0"},
				"east": {"uv": [10.25, 16, 14.5, 15.25], "rotation": 90, "texture": "#0"},
				"south": {"uv": [10.25, 16, 14.5, 15.25], "rotation": 90, "texture": "#0"},
				"west": {"uv": [10.25, 16, 14.5, 15.25], "rotation": 90, "texture": "#0"},
				"up": {"uv": [15, 13.25, 16, 12], "texture": "#0"},
				"down": {"uv": [15, 13.25, 16, 12], "rotation": 180, "texture": "#0"}
			}
		},
		{
			"from": [0, 6.87132, 17.02817],
			"to": [0.8, 9.12132, 18.02817],
			"rotation": {"angle": -45, "axis": "x", "origin": [7.9, 8, 8]},
			"faces": {
				"north": {"uv": [14.5, 16, 10.25, 15.25], "rotation": 90, "texture": "#0"},
				"east": {"uv": [14.5, 16, 10.25, 15.25], "rotation": 90, "texture": "#0"},
				"south": {"uv": [14.5, 16, 10.25, 15.25], "rotation": 90, "texture": "#0"},
				"west": {"uv": [14.5, 16, 10.25, 15.25], "rotation": 90, "texture": "#0"},
				"up": {"uv": [16, 13.25, 15, 12], "texture": "#0"},
				"down": {"uv": [16, 13.25, 15, 12], "rotation": 180, "texture": "#0"}
			}
		},
		{
			"from": [0, 5.87132, 15.77817],
			"to": [0.8, 10.12132, 17.02817],
			"rotation": {"angle": -45, "axis": "x", "origin": [7.9, 8, 8]},
			"faces": {
				"north": {"uv": [14.5, 16, 10.25, 15.25], "rotation": 90, "texture": "#0"},
				"east": {"uv": [14.5, 16, 10.25, 15.25], "rotation": 90, "texture": "#0"},
				"south": {"uv": [14.5, 16, 10.25, 15.25], "rotation": 90, "texture": "#0"},
				"west": {"uv": [14.5, 16, 10.25, 15.25], "rotation": 90, "texture": "#0"},
				"up": {"uv": [16, 13.25, 15, 12], "texture": "#0"},
				"down": {"uv": [16, 13.25, 15, 12], "rotation": 180, "texture": "#0"}
			}
		},
		{
			"from": [0, 5.87132, -1.02817],
			"to": [0.8, 10.12132, 0.22183],
			"rotation": {"angle": 45, "axis": "x", "origin": [7.9, 8, 8]},
			"faces": {
				"north": {"uv": [14.5, 15.25, 10.25, 16], "rotation": 90, "texture": "#0"},
				"east": {"uv": [14.5, 15.25, 10.25, 16], "rotation": 90, "texture": "#0"},
				"south": {"uv": [14.5, 15.25, 10.25, 16], "rotation": 90, "texture": "#0"},
				"west": {"uv": [14.5, 15.25, 10.25, 16], "rotation": 90, "texture": "#0"},
				"up": {"uv": [16, 12, 15, 13.25], "texture": "#0"},
				"down": {"uv": [16, 12, 15, 13.25], "rotation": 180, "texture": "#0"}
			}
		},
		{
			"from": [0, 6.87132, -2.02817],
			"to": [0.8, 9.12132, -1.02817],
			"rotation": {"angle": 45, "axis": "x", "origin": [7.9, 8, 8]},
			"faces": {
				"north": {"uv": [14.5, 15.25, 10.25, 16], "rotation": 90, "texture": "#0"},
				"east": {"uv": [14.5, 15.25, 10.25, 16], "rotation": 90, "texture": "#0"},
				"south": {"uv": [14.5, 15.25, 10.25, 16], "rotation": 90, "texture": "#0"},
				"west": {"uv": [14.5, 15.25, 10.25, 16], "rotation": 90, "texture": "#0"},
				"up": {"uv": [16, 12, 15, 13.25], "texture": "#0"},
				"down": {"uv": [16, 12, 15, 13.25], "rotation": 180, "texture": "#0"}
			}
		},
		{
			"from": [7, 12, 0.1],
			"to": [9, 15, 0.9],
			"rotation": {"angle": 0, "axis": "y", "origin": [8, 8, 7.9]},
			"faces": {
				"north": {"uv": [15, 12, 16, 15], "rotation": 90, "texture": "#0"},
				"east": {"uv": [9, 15, 8, 12], "texture": "#0"},
				"south": {"uv": [8, 12, 9, 15], "rotation": 180, "texture": "#0"},
				"west": {"uv": [14, 16, 8.25, 15], "rotation": 270, "texture": "#0"},
				"up": {"uv": [9, 15, 8, 12], "texture": "#0"},
				"down": {"uv": [9, 15, 8, 12], "texture": "#0"}
			}
		},
		{
			"from": [7, 1, 0.1],
			"to": [9, 4, 0.9],
			"rotation": {"angle": 0, "axis": "y", "origin": [8, 8, 7.9]},
			"faces": {
				"north": {"uv": [15, 12, 16, 15], "rotation": 90, "texture": "#0"},
				"east": {"uv": [9, 12, 8, 15], "texture": "#0"},
				"south": {"uv": [8, 15, 9, 12], "rotation": 180, "texture": "#0"},
				"west": {"uv": [14, 16, 8.25, 15], "rotation": 270, "texture": "#0"},
				"up": {"uv": [9, 12, 8, 15], "texture": "#0"},
				"down": {"uv": [9, 12, 8, 15], "texture": "#0"}
			}
		},
		{
			"from": [1, 7, 0.1],
			"to": [4, 9, 0.9],
			"rotation": {"angle": 0, "axis": "y", "origin": [8, 8, 7.9]},
			"faces": {
				"north": {"uv": [15, 12, 16, 15], "rotation": 90, "texture": "#0"},
				"east": {"uv": [8, 12, 9, 15], "rotation": 90, "texture": "#0"},
				"south": {"uv": [9, 15, 8, 12], "rotation": 270, "texture": "#0"},
				"west": {"uv": [8, 12, 9, 15], "rotation": 90, "texture": "#0"},
				"up": {"uv": [8, 12, 9, 15], "rotation": 90, "texture": "#0"},
				"down": {"uv": [14, 16, 8.25, 15], "rotation": 180, "texture": "#0"}
			}
		},
		{
			"from": [12, 7, 0.1],
			"to": [15, 9, 0.9],
			"rotation": {"angle": 0, "axis": "y", "origin": [8, 8, 7.9]},
			"faces": {
				"north": {"uv": [15, 12, 16, 15], "rotation": 90, "texture": "#0"},
				"east": {"uv": [8, 15, 9, 12], "rotation": 90, "texture": "#0"},
				"south": {"uv": [9, 12, 8, 15], "rotation": 270, "texture": "#0"},
				"west": {"uv": [8, 15, 9, 12], "rotation": 90, "texture": "#0"},
				"up": {"uv": [8, 15, 9, 12], "rotation": 90, "texture": "#0"},
				"down": {"uv": [14, 16, 8.25, 15], "rotation": 180, "texture": "#0"}
			}
		},
		{
			"from": [10.82843, 5.07843, 0.1],
			"to": [11.82843, 10.82843, 0.9],
			"rotation": {"angle": -45, "axis": "z", "origin": [8, 8, 7.9]},
			"faces": {
				"north": {"uv": [8.25, 15, 14, 16], "rotation": 90, "texture": "#0"},
				"east": {"uv": [10.25, 15.2, 16, 16], "rotation": 90, "texture": "#0"},
				"south": {"uv": [10.25, 12, 16, 13], "rotation": 90, "texture": "#0"},
				"west": {"uv": [10.25, 15.2, 16, 16], "rotation": 270, "texture": "#0"},
				"up": {"uv": [15.2, 13, 16, 14], "rotation": 270, "texture": "#0"},
				"down": {"uv": [15.2, 13, 16, 14], "rotation": 270, "texture": "#0"}
			}
		},
		{
			"from": [4.17157, 5.07843, 0.1],
			"to": [5.17157, 10.82843, 0.9],
			"rotation": {"angle": 45, "axis": "z", "origin": [8, 8, 7.9]},
			"faces": {
				"north": {"uv": [10.25, 15, 16, 16], "rotation": 90, "texture": "#0"},
				"east": {"uv": [10.25, 15.2, 16, 16], "rotation": 270, "texture": "#0"},
				"south": {"uv": [10.25, 15, 16, 16], "rotation": 90, "texture": "#0"},
				"west": {"uv": [10.25, 15.2, 16, 16], "rotation": 270, "texture": "#0"},
				"up": {"uv": [15.2, 15, 16, 16], "rotation": 270, "texture": "#0"},
				"down": {"uv": [15.2, 15, 16, 16], "rotation": 270, "texture": "#0"}
			}
		},
		{
			"from": [4.17157, 5.17157, 0.1],
			"to": [5.17157, 10.92157, 0.9],
			"rotation": {"angle": -45, "axis": "z", "origin": [8, 8, 7.9]},
			"faces": {
				"north": {"uv": [10.25, 15, 16, 16], "rotation": 90, "texture": "#0"},
				"east": {"uv": [10.25, 15.2, 16, 16], "rotation": 270, "texture": "#0"},
				"south": {"uv": [10.25, 15, 16, 16], "rotation": 90, "texture": "#0"},
				"west": {"uv": [10.25, 15.2, 16, 16], "rotation": 270, "texture": "#0"},
				"up": {"uv": [15.2, 15, 16, 16], "rotation": 270, "texture": "#0"},
				"down": {"uv": [15.2, 15, 16, 16], "rotation": 270, "texture": "#0"}
			}
		},
		{
			"from": [10.82843, 5.17157, 0.1],
			"to": [11.82843, 10.92157, 0.9],
			"rotation": {"angle": 45, "axis": "z", "origin": [8, 8, 7.9]},
			"faces": {
				"north": {"uv": [8.25, 15, 14, 16], "rotation": 90, "texture": "#0"},
				"east": {"uv": [10.25, 15.2, 16, 16], "rotation": 90, "texture": "#0"},
				"south": {"uv": [10.25, 12, 16, 13], "rotation": 90, "texture": "#0"},
				"west": {"uv": [10.25, 15.2, 16, 16], "rotation": 270, "texture": "#0"},
				"up": {"uv": [15.2, 13, 16, 14], "rotation": 270, "texture": "#0"},
				"down": {"uv": [15.2, 13, 16, 14], "rotation": 270, "texture": "#0"}
			}
		},
		{
			"from": [15.77817, 5.87868, 0],
			"to": [17.02817, 10.12868, 0.8],
			"rotation": {"angle": 45, "axis": "z", "origin": [8, 8, 7.9]},
			"faces": {
				"north": {"uv": [10.25, 15.25, 14.5, 16], "rotation": 90, "texture": "#0"},
				"east": {"uv": [14.5, 16, 10.25, 15.25], "rotation": 270, "texture": "#0"},
				"south": {"uv": [10.25, 15.25, 14.5, 16], "rotation": 90, "texture": "#0"},
				"west": {"uv": [14.5, 16, 10.25, 15.25], "rotation": 270, "texture": "#0"},
				"up": {"uv": [16, 13.25, 15, 12], "rotation": 270, "texture": "#0"},
				"down": {"uv": [16, 13.25, 15, 12], "rotation": 270, "texture": "#0"}
			}
		},
		{
			"from": [17.02817, 6.87868, 0],
			"to": [18.02817, 9.12868, 0.8],
			"rotation": {"angle": 45, "axis": "z", "origin": [8, 8, 7.9]},
			"faces": {
				"north": {"uv": [10.25, 15.25, 14.5, 16], "rotation": 90, "texture": "#0"},
				"east": {"uv": [14.5, 16, 10.25, 15.25], "rotation": 270, "texture": "#0"},
				"south": {"uv": [10.25, 15.25, 14.5, 16], "rotation": 90, "texture": "#0"},
				"west": {"uv": [14.5, 16, 10.25, 15.25], "rotation": 270, "texture": "#0"},
				"up": {"uv": [16, 13.25, 15, 12], "rotation": 270, "texture": "#0"},
				"down": {"uv": [16, 13.25, 15, 12], "rotation": 270, "texture": "#0"}
			}
		},
		{
			"from": [-2.02817, 6.87868, 0],
			"to": [-1.02817, 9.12868, 0.8],
			"rotation": {"angle": -45, "axis": "z", "origin": [8, 8, 7.9]},
			"faces": {
				"north": {"uv": [10.25, 16, 14.5, 15.25], "rotation": 90, "texture": "#0"},
				"east": {"uv": [14.5, 15.25, 10.25, 16], "rotation": 270, "texture": "#0"},
				"south": {"uv": [10.25, 16, 14.5, 15.25], "rotation": 90, "texture": "#0"},
				"west": {"uv": [14.5, 15.25, 10.25, 16], "rotation": 270, "texture": "#0"},
				"up": {"uv": [16, 12, 15, 13.25], "rotation": 270, "texture": "#0"},
				"down": {"uv": [16, 12, 15, 13.25], "rotation": 270, "texture": "#0"}
			}
		},
		{
			"from": [-1.02817, 5.87868, 0],
			"to": [0.22183, 10.12868, 0.8],
			"rotation": {"angle": -45, "axis": "z", "origin": [8, 8, 7.9]},
			"faces": {
				"north": {"uv": [10.25, 16, 14.5, 15.25], "rotation": 90, "texture": "#0"},
				"east": {"uv": [14.5, 15.25, 10.25, 16], "rotation": 270, "texture": "#0"},
				"south": {"uv": [10.25, 16, 14.5, 15.25], "rotation": 90, "texture": "#0"},
				"west": {"uv": [14.5, 15.25, 10.25, 16], "rotation": 270, "texture": "#0"},
				"up": {"uv": [16, 12, 15, 13.25], "rotation": 270, "texture": "#0"},
				"down": {"uv": [16, 12, 15, 13.25], "rotation": 270, "texture": "#0"}
			}
		},
		{
			"from": [-2.02817, 6.87132, 0],
			"to": [-1.02817, 9.12132, 0.8],
			"rotation": {"angle": 45, "axis": "z", "origin": [8, 8, 7.9]},
			"faces": {
				"north": {"uv": [14.5, 16, 10.25, 15.25], "rotation": 90, "texture": "#0"},
				"east": {"uv": [10.25, 15.25, 14.5, 16], "rotation": 270, "texture": "#0"},
				"south": {"uv": [14.5, 16, 10.25, 15.25], "rotation": 90, "texture": "#0"},
				"west": {"uv": [10.25, 15.25, 14.5, 16], "rotation": 270, "texture": "#0"},
				"up": {"uv": [15, 12, 16, 13.25], "rotation": 270, "texture": "#0"},
				"down": {"uv": [15, 12, 16, 13.25], "rotation": 270, "texture": "#0"}
			}
		},
		{
			"from": [-1.02817, 5.87132, 0],
			"to": [0.22183, 10.12132, 0.8],
			"rotation": {"angle": 45, "axis": "z", "origin": [8, 8, 7.9]},
			"faces": {
				"north": {"uv": [14.5, 16, 10.25, 15.25], "rotation": 90, "texture": "#0"},
				"east": {"uv": [10.25, 15.25, 14.5, 16], "rotation": 270, "texture": "#0"},
				"south": {"uv": [14.5, 16, 10.25, 15.25], "rotation": 90, "texture": "#0"},
				"west": {"uv": [10.25, 15.25, 14.5, 16], "rotation": 270, "texture": "#0"},
				"up": {"uv": [15, 12, 16, 13.25], "rotation": 270, "texture": "#0"},
				"down": {"uv": [15, 12, 16, 13.25], "rotation": 270, "texture": "#0"}
			}
		},
		{
			"from": [15.77817, 5.87132, 0],
			"to": [17.02817, 10.12132, 0.8],
			"rotation": {"angle": -45, "axis": "z", "origin": [8, 8, 7.9]},
			"faces": {
				"north": {"uv": [14.5, 15.25, 10.25, 16], "rotation": 90, "texture": "#0"},
				"east": {"uv": [10.25, 16, 14.5, 15.25], "rotation": 270, "texture": "#0"},
				"south": {"uv": [14.5, 15.25, 10.25, 16], "rotation": 90, "texture": "#0"},
				"west": {"uv": [10.25, 16, 14.5, 15.25], "rotation": 270, "texture": "#0"},
				"up": {"uv": [15, 13.25, 16, 12], "rotation": 270, "texture": "#0"},
				"down": {"uv": [15, 13.25, 16, 12], "rotation": 270, "texture": "#0"}
			}
		},
		{
			"from": [17.02817, 6.87132, 0],
			"to": [18.02817, 9.12132, 0.8],
			"rotation": {"angle": -45, "axis": "z", "origin": [8, 8, 7.9]},
			"faces": {
				"north": {"uv": [14.5, 15.25, 10.25, 16], "rotation": 90, "texture": "#0"},
				"east": {"uv": [10.25, 16, 14.5, 15.25], "rotation": 270, "texture": "#0"},
				"south": {"uv": [14.5, 15.25, 10.25, 16], "rotation": 90, "texture": "#0"},
				"west": {"uv": [10.25, 16, 14.5, 15.25], "rotation": 270, "texture": "#0"},
				"up": {"uv": [15, 13.25, 16, 12], "rotation": 270, "texture": "#0"},
				"down": {"uv": [15, 13.25, 16, 12], "rotation": 270, "texture": "#0"}
			}
		},
		{
			"from": [7, 12, 15.1],
			"to": [9, 15, 15.9],
			"rotation": {"angle": 0, "axis": "y", "origin": [8, 8, 8.1]},
			"faces": {
				"north": {"uv": [8, 12, 9, 15], "rotation": 180, "texture": "#0"},
				"east": {"uv": [8.25, 15, 14, 16], "rotation": 90, "texture": "#0"},
				"south": {"uv": [15, 12, 16, 15], "rotation": 90, "texture": "#0"},
				"west": {"uv": [8, 12, 9, 15], "rotation": 180, "texture": "#0"},
				"up": {"uv": [8, 12, 9, 15], "texture": "#0"},
				"down": {"uv": [8, 12, 9, 15], "texture": "#0"}
			}
		},
		{
			"from": [7, 1, 15.1],
			"to": [9, 4, 15.9],
			"rotation": {"angle": 0, "axis": "y", "origin": [8, 8, 8.1]},
			"faces": {
				"north": {"uv": [8, 15, 9, 12], "rotation": 180, "texture": "#0"},
				"east": {"uv": [8.25, 15, 14, 16], "rotation": 90, "texture": "#0"},
				"south": {"uv": [15, 12, 16, 15], "rotation": 90, "texture": "#0"},
				"west": {"uv": [8, 15, 9, 12], "rotation": 180, "texture": "#0"},
				"up": {"uv": [8, 15, 9, 12], "texture": "#0"},
				"down": {"uv": [8, 15, 9, 12], "texture": "#0"}
			}
		},
		{
			"from": [12, 7, 15.1],
			"to": [15, 9, 15.9],
			"rotation": {"angle": 0, "axis": "y", "origin": [8, 8, 8.1]},
			"faces": {
				"north": {"uv": [9, 15, 8, 12], "rotation": 270, "texture": "#0"},
				"east": {"uv": [9, 15, 8, 12], "rotation": 270, "texture": "#0"},
				"south": {"uv": [15, 12, 16, 15], "rotation": 90, "texture": "#0"},
				"west": {"uv": [9, 15, 8, 12], "rotation": 270, "texture": "#0"},
				"up": {"uv": [9, 15, 8, 12], "rotation": 90, "texture": "#0"},
				"down": {"uv": [8.25, 15, 14, 16], "rotation": 180, "texture": "#0"}
			}
		},
		{
			"from": [1, 7, 15.1],
			"to": [4, 9, 15.9],
			"rotation": {"angle": 0, "axis": "y", "origin": [8, 8, 8.1]},
			"faces": {
				"north": {"uv": [9, 12, 8, 15], "rotation": 270, "texture": "#0"},
				"east": {"uv": [9, 12, 8, 15], "rotation": 270, "texture": "#0"},
				"south": {"uv": [15, 12, 16, 15], "rotation": 90, "texture": "#0"},
				"west": {"uv": [9, 12, 8, 15], "rotation": 270, "texture": "#0"},
				"up": {"uv": [9, 12, 8, 15], "rotation": 90, "texture": "#0"},
				"down": {"uv": [8.25, 15, 14, 16], "rotation": 180, "texture": "#0"}
			}
		},
		{
			"from": [4.17157, 5.07843, 15.1],
			"to": [5.17157, 10.82843, 15.9],
			"rotation": {"angle": 45, "axis": "z", "origin": [8, 8, 8.1]},
			"faces": {
				"north": {"uv": [10.25, 12, 16, 13], "rotation": 90, "texture": "#0"},
				"east": {"uv": [8.25, 15, 14, 15.8], "rotation": 90, "texture": "#0"},
				"south": {"uv": [8.25, 15, 14, 16], "rotation": 90, "texture": "#0"},
				"west": {"uv": [8.25, 15, 14, 15.8], "rotation": 270, "texture": "#0"},
				"up": {"uv": [15, 12, 15.8, 13], "rotation": 270, "texture": "#0"},
				"down": {"uv": [15, 12, 15.8, 13], "rotation": 270, "texture": "#0"}
			}
		},
		{
			"from": [10.82843, 5.07843, 15.1],
			"to": [11.82843, 10.82843, 15.9],
			"rotation": {"angle": -45, "axis": "z", "origin": [8, 8, 8.1]},
			"faces": {
				"north": {"uv": [10.25, 15, 16, 16], "rotation": 90, "texture": "#0"},
				"east": {"uv": [10.25, 15, 16, 15.8], "rotation": 90, "texture": "#0"},
				"south": {"uv": [10.25, 15, 16, 16], "rotation": 90, "texture": "#0"},
				"west": {"uv": [10.25, 15, 16, 15.8], "rotation": 90, "texture": "#0"},
				"up": {"uv": [15, 15, 15.8, 16], "rotation": 270, "texture": "#0"},
				"down": {"uv": [15, 15, 15.8, 16], "rotation": 270, "texture": "#0"}
			}
		},
		{
			"from": [10.82843, 5.17157, 15.1],
			"to": [11.82843, 10.92157, 15.9],
			"rotation": {"angle": 45, "axis": "z", "origin": [8, 8, 8.1]},
			"faces": {
				"north": {"uv": [10.25, 15, 16, 16], "rotation": 90, "texture": "#0"},
				"east": {"uv": [10.25, 15, 16, 15.8], "rotation": 90, "texture": "#0"},
				"south": {"uv": [10.25, 15, 16, 16], "rotation": 90, "texture": "#0"},
				"west": {"uv": [10.25, 15, 16, 15.8], "rotation": 90, "texture": "#0"},
				"up": {"uv": [15, 15, 15.8, 16], "rotation": 270, "texture": "#0"},
				"down": {"uv": [15, 15, 15.8, 16], "rotation": 270, "texture": "#0"}
			}
		},
		{
			"from": [4.17157, 5.17157, 15.1],
			"to": [5.17157, 10.92157, 15.9],
			"rotation": {"angle": -45, "axis": "z", "origin": [8, 8, 8.1]},
			"faces": {
				"north": {"uv": [10.25, 12, 16, 13], "rotation": 90, "texture": "#0"},
				"east": {"uv": [8.25, 15, 14, 15.8], "rotation": 90, "texture": "#0"},
				"south": {"uv": [8.25, 15, 14, 16], "rotation": 90, "texture": "#0"},
				"west": {"uv": [8.25, 15, 14, 15.8], "rotation": 270, "texture": "#0"},
				"up": {"uv": [15, 12, 15.8, 13], "rotation": 270, "texture": "#0"},
				"down": {"uv": [15, 12, 15.8, 13], "rotation": 270, "texture": "#0"}
			}
		},
		{
			"from": [-1.02817, 5.87868, 15.2],
			"to": [0.22183, 10.12868, 16],
			"rotation": {"angle": -45, "axis": "z", "origin": [8, 8, 8.1]},
			"faces": {
				"north": {"uv": [10.25, 15.25, 14.5, 16], "rotation": 90, "texture": "#0"},
				"east": {"uv": [10.25, 15.25, 14.5, 16], "rotation": 90, "texture": "#0"},
				"south": {"uv": [10.25, 15.25, 14.5, 16], "rotation": 90, "texture": "#0"},
				"west": {"uv": [10.25, 15.25, 14.5, 16], "rotation": 90, "texture": "#0"},
				"up": {"uv": [15, 12, 16, 13.25], "rotation": 270, "texture": "#0"},
				"down": {"uv": [15, 12, 16, 13.25], "rotation": 270, "texture": "#0"}
			}
		},
		{
			"from": [-2.02817, 6.87868, 15.2],
			"to": [-1.02817, 9.12868, 16],
			"rotation": {"angle": -45, "axis": "z", "origin": [8, 8, 8.1]},
			"faces": {
				"north": {"uv": [10.25, 15.25, 14.5, 16], "rotation": 90, "texture": "#0"},
				"east": {"uv": [10.25, 15.25, 14.5, 16], "rotation": 90, "texture": "#0"},
				"south": {"uv": [10.25, 15.25, 14.5, 16], "rotation": 90, "texture": "#0"},
				"west": {"uv": [10.25, 15.25, 14.5, 16], "rotation": 90, "texture": "#0"},
				"up": {"uv": [15, 12, 16, 13.25], "rotation": 270, "texture": "#0"},
				"down": {"uv": [15, 12, 16, 13.25], "rotation": 270, "texture": "#0"}
			}
		},
		{
			"from": [17.02817, 6.87868, 15.2],
			"to": [18.02817, 9.12868, 16],
			"rotation": {"angle": 45, "axis": "z", "origin": [8, 8, 8.1]},
			"faces": {
				"north": {"uv": [10.25, 16, 14.5, 15.25], "rotation": 90, "texture": "#0"},
				"east": {"uv": [10.25, 16, 14.5, 15.25], "rotation": 90, "texture": "#0"},
				"south": {"uv": [10.25, 16, 14.5, 15.25], "rotation": 90, "texture": "#0"},
				"west": {"uv": [10.25, 16, 14.5, 15.25], "rotation": 90, "texture": "#0"},
				"up": {"uv": [15, 13.25, 16, 12], "rotation": 270, "texture": "#0"},
				"down": {"uv": [15, 13.25, 16, 12], "rotation": 270, "texture": "#0"}
			}
		},
		{
			"from": [15.77817, 5.87868, 15.2],
			"to": [17.02817, 10.12868, 16],
			"rotation": {"angle": 45, "axis": "z", "origin": [8, 8, 8.1]},
			"faces": {
				"north": {"uv": [10.25, 16, 14.5, 15.25], "rotation": 90, "texture": "#0"},
				"east": {"uv": [10.25, 16, 14.5, 15.25], "rotation": 90, "texture": "#0"},
				"south": {"uv": [10.25, 16, 14.5, 15.25], "rotation": 90, "texture": "#0"},
				"west": {"uv": [10.25, 16, 14.5, 15.25], "rotation": 90, "texture": "#0"},
				"up": {"uv": [15, 13.25, 16, 12], "rotation": 270, "texture": "#0"},
				"down": {"uv": [15, 13.25, 16, 12], "rotation": 270, "texture": "#0"}
			}
		},
		{
			"from": [17.02817, 6.87132, 15.2],
			"to": [18.02817, 9.12132, 16],
			"rotation": {"angle": -45, "axis": "z", "origin": [8, 8, 8.1]},
			"faces": {
				"north": {"uv": [14.5, 16, 10.25, 15.25], "rotation": 90, "texture": "#0"},
				"east": {"uv": [14.5, 16, 10.25, 15.25], "rotation": 90, "texture": "#0"},
				"south": {"uv": [14.5, 16, 10.25, 15.25], "rotation": 90, "texture": "#0"},
				"west": {"uv": [14.5, 16, 10.25, 15.25], "rotation": 90, "texture": "#0"},
				"up": {"uv": [16, 13.25, 15, 12], "rotation": 270, "texture": "#0"},
				"down": {"uv": [16, 13.25, 15, 12], "rotation": 270, "texture": "#0"}
			}
		},
		{
			"from": [15.77817, 5.87132, 15.2],
			"to": [17.02817, 10.12132, 16],
			"rotation": {"angle": -45, "axis": "z", "origin": [8, 8, 8.1]},
			"faces": {
				"north": {"uv": [14.5, 16, 10.25, 15.25], "rotation": 90, "texture": "#0"},
				"east": {"uv": [14.5, 16, 10.25, 15.25], "rotation": 90, "texture": "#0"},
				"south": {"uv": [14.5, 16, 10.25, 15.25], "rotation": 90, "texture": "#0"},
				"west": {"uv": [14.5, 16, 10.25, 15.25], "rotation": 90, "texture": "#0"},
				"up": {"uv": [16, 13.25, 15, 12], "rotation": 270, "texture": "#0"},
				"down": {"uv": [16, 13.25, 15, 12], "rotation": 270, "texture": "#0"}
			}
		},
		{
			"from": [-1.02817, 5.87132, 15.2],
			"to": [0.22183, 10.12132, 16],
			"rotation": {"angle": 45, "axis": "z", "origin": [8, 8, 8.1]},
			"faces": {
				"north": {"uv": [14.5, 15.25, 10.25, 16], "rotation": 90, "texture": "#0"},
				"east": {"uv": [14.5, 15.25, 10.25, 16], "rotation": 90, "texture": "#0"},
				"south": {"uv": [14.5, 15.25, 10.25, 16], "rotation": 90, "texture": "#0"},
				"west": {"uv": [14.5, 15.25, 10.25, 16], "rotation": 90, "texture": "#0"},
				"up": {"uv": [16, 12, 15, 13.25], "rotation": 270, "texture": "#0"},
				"down": {"uv": [16, 12, 15, 13.25], "rotation": 270, "texture": "#0"}
			}
		},
		{
			"from": [-2.02817, 6.87132, 15.2],
			"to": [-1.02817, 9.12132, 16],
			"rotation": {"angle": 45, "axis": "z", "origin": [8, 8, 8.1]},
			"faces": {
				"north": {"uv": [14.5, 15.25, 10.25, 16], "rotation": 90, "texture": "#0"},
				"east": {"uv": [14.5, 15.25, 10.25, 16], "rotation": 90, "texture": "#0"},
				"south": {"uv": [14.5, 15.25, 10.25, 16], "rotation": 90, "texture": "#0"},
				"west": {"uv": [14.5, 15.25, 10.25, 16], "rotation": 90, "texture": "#0"},
				"up": {"uv": [16, 12, 15, 13.25], "rotation": 270, "texture": "#0"},
				"down": {"uv": [16, 12, 15, 13.25], "rotation": 270, "texture": "#0"}
			}
		}
	],
	"groups": [
		0,
		{
			"name": "The FRAME",
			"origin": [8, 8, 8],
			"color": 0,
			"children": [1, 2, 3, 4, 5, 6, 7, 8, 9, 10, 11, 12]
		},
		{
			"name": "The SIDE",
			"origin": [4, 1, 0],
			"color": 0,
			"children": [13, 14, 15, 16, 17, 18, 19, 20, 21, 22, 23, 24, 25, 26, 27, 28]
		},
		{
			"name": "The SIDE",
			"origin": [4, 1, 0],
			"color": 0,
			"children": [29, 30, 31, 32, 33, 34, 35, 36, 37, 38, 39, 40, 41, 42, 43, 44]
		},
		{
			"name": "The SIDE",
			"origin": [4, 1, 0],
			"color": 0,
			"children": [45, 46, 47, 48, 49, 50, 51, 52, 53, 54, 55, 56, 57, 58, 59, 60]
		},
		{
			"name": "The SIDE",
			"origin": [4, 1, 0],
			"color": 0,
			"children": [61, 62, 63, 64, 65, 66, 67, 68, 69, 70, 71, 72, 73, 74, 75, 76]
		},
		{
			"name": "The SIDE",
			"origin": [4, 1, 0],
			"color": 0,
			"children": [77, 78, 79, 80, 81, 82, 83, 84, 85, 86, 87, 88, 89, 90, 91, 92]
		},
		{
			"name": "The SIDE",
			"origin": [4, 1, 0],
			"color": 0,
			"children": [93, 94, 95, 96, 97, 98, 99, 100, 101, 102, 103, 104, 105, 106, 107, 108]
		}
	]
}