{
	"format_version": "1.21.6",
	"credit": "Made with Blockbench",
	"parent": "minecraft:block/tinted_cross",
	"textures": {
		"cross": "block/short_grass"
	},
	"elements": [
		{
			"from": [8, 0, 1.04],
			"to": [8, 13.92, 14.96],
			"rotation": {"angle": -22.5, "axis": "y", "origin": [8, 0, 8]},
			"faces": {
				"east": {"uv": [0, 0, 16, 16], "texture": "#cross", "tintindex": 0},
				"west": {"uv": [0, 0, 16, 16], "texture": "#cross", "tintindex": 0}
			}
		},
		{
			"from": [1.04, 0, 8],
			"to": [14.96, 13.92, 8],
			"rotation": {"angle": -22.5, "axis": "y", "origin": [8, 0, 8]},
			"faces": {
				"north": {"uv": [0, 0, 16, 16], "texture": "#cross", "tintindex": 0},
				"south": {"uv": [0, 0, 16, 16], "texture": "#cross", "tintindex": 0}
			}
		},
		{
			"from": [9.74, 0, 1.04],
			"to": [9.74, 13.92, 14.96],
			"rotation": {"angle": 22.5, "axis": "z", "origin": [9.74, 0, 8]},
			"faces": {
				"east": {"uv": [0, 0, 16, 16], "texture": "#cross", "tintindex": 0},
				"west": {"uv": [0, 0, 16, 16], "texture": "#cross", "tintindex": 0}
			}
		},
		{
			"from": [6.26, 0, 1.04],
			"to": [6.26, 13.92, 14.96],
			"rotation": {"angle": -22.5, "axis": "z", "origin": [6.26, 0, 8]},
			"faces": {
				"east": {"uv": [16, 0, 0, 16], "texture": "#cross", "tintindex": 0},
				"west": {"uv": [16, 0, 0, 16], "texture": "#cross", "tintindex": 0}
			}
		},
		{
			"from": [1.04, -0.1764, 8.85318],
			"to": [14.96, 13.7436, 8.85318],
			"rotation": {"angle": 22.5, "axis": "x", "origin": [8, 6.4302, 8]},
			"faces": {
				"north": {"uv": [0, 0, 16, 16], "texture": "#cross", "tintindex": 0},
				"south": {"uv": [0, 0, 16, 16], "texture": "#cross", "tintindex": 0}
			}
		},
		{
			"from": [1.04, -0.1764, 7.14682],
			"to": [14.96, 13.7436, 7.14682],
			"rotation": {"angle": -22.5, "axis": "x", "origin": [8, 6.4302, 8]},
			"faces": {
				"north": {"uv": [0, 0, 16, 16], "texture": "#cross", "tintindex": 0},
				"south": {"uv": [0, 0, 16, 16], "texture": "#cross", "tintindex": 0}
			}
		}
	]
}