{
	"format_version": "1.21.6",
	"credit": "Made with Blockbench",
	"parent": "minecraft:block/orientable_with_bottom",
	"textures": {
		"4": "block/furnace_inside",
		"bottom": "block/smoker_bottom",
		"front": "block/smoker_front",
		"side": "block/smoker_side",
		"top": "block/smoker_top",
		"particle": "block/furnace_inside"
	},
	"elements": [
		{
			"from": [0, 0, 0],
			"to": [16, 1, 16],
			"faces": {
				"north": {"uv": [0, 0, 16, 1], "texture": "#front"},
				"east": {"uv": [0, 0, 16, 1], "texture": "#side"},
				"south": {"uv": [0, 0, 16, 1], "texture": "#side"},
				"west": {"uv": [0, 0, 16, 1], "texture": "#side"},
				"up": {"uv": [0, 0, 16, 16], "texture": "#4"},
				"down": {"uv": [0, 0, 16, 16], "texture": "#bottom"}
			}
		},
		{
			"from": [0, 15, 0],
			"to": [4, 16, 16],
			"rotation": {"angle": 0, "axis": "y", "origin": [0, 15, 0]},
			"faces": {
				"north": {"uv": [12, 0, 16, 1], "texture": "#front"},
				"east": {"uv": [0, 11, 16, 12], "texture": "#top"},
				"south": {"uv": [0, 0, 4, 1], "texture": "#side"},
				"west": {"uv": [0, 0, 16, 1], "texture": "#side"},
				"up": {"uv": [0, 0, 4, 16], "texture": "#top"},
				"down": {"uv": [0, 0, 4, 16], "texture": "#4"}
			}
		},
		{
			"from": [12, 15, 0],
			"to": [16, 16, 16],
			"rotation": {"angle": 0, "axis": "y", "origin": [12, 15, 0]},
			"faces": {
				"north": {"uv": [0, 0, 4, 1], "texture": "#front"},
				"east": {"uv": [0, 0, 16, 1], "texture": "#side"},
				"south": {"uv": [12, 0, 16, 1], "texture": "#side"},
				"west": {"uv": [0, 11, 16, 12], "texture": "#top"},
				"up": {"uv": [12, 0, 16, 16], "texture": "#top"},
				"down": {"uv": [0, 0, 4, 16], "texture": "#4"}
			}
		},
		{
			"from": [1, 1, 0],
			"to": [15, 2, 1],
			"rotation": {"angle": 0, "axis": "y", "origin": [1, 1, 0]},
			"faces": {
				"north": {"uv": [1, 14, 15, 15], "texture": "#front"},
				"east": {"uv": [0, 0, 16, 1], "texture": "#side"},
				"south": {"uv": [1, 3, 14, 4], "texture": "#4"},
				"west": {"uv": [0, 0, 16, 1], "texture": "#side"},
				"up": {"uv": [1, 14, 15, 15], "texture": "#front"},
				"down": {"uv": [0, 0, 4, 16], "texture": "#4"}
			}
		},
		{
			"from": [4, 15, 0],
			"to": [12, 16, 4],
			"rotation": {"angle": 0, "axis": "y", "origin": [4, 15, 0]},
			"faces": {
				"north": {"uv": [4, 0, 12, 1], "texture": "#front"},
				"east": {"uv": [0, 0, 16, 1], "texture": "#side"},
				"south": {"uv": [4, 4, 12, 5], "texture": "#top"},
				"west": {"uv": [0, 0, 16, 1], "texture": "#side"},
				"up": {"uv": [4, 0, 12, 4], "texture": "#top"},
				"down": {"uv": [0, 0, 4, 16], "texture": "#4"}
			}
		},
		{
			"from": [2, 6, 0],
			"to": [14, 7, 1],
			"rotation": {"angle": 0, "axis": "y", "origin": [1, 6, 0]},
			"faces": {
				"north": {"uv": [2, 9, 14, 10], "texture": "#front"},
				"east": {"uv": [0, 0, 16, 1], "texture": "#side"},
				"south": {"uv": [1, 3, 14, 4], "texture": "#4"},
				"west": {"uv": [0, 0, 16, 1], "texture": "#side"},
				"up": {"uv": [1, 14, 15, 15], "texture": "#front"},
				"down": {"uv": [2, 9, 14, 10], "texture": "#front"}
			}
		},
		{
			"from": [1, 3.5, 1],
			"to": [15, 4.5, 2],
			"rotation": {"angle": 0, "axis": "y", "origin": [1, 3.5, 1]},
			"faces": {
				"north": {"uv": [1, 14, 15, 15], "texture": "#front"},
				"east": {"uv": [0, 0, 16, 1], "texture": "#side"},
				"south": {"uv": [1, 15, 15, 16], "texture": "#top"},
				"west": {"uv": [0, 0, 16, 1], "texture": "#side"},
				"up": {"uv": [1, 15, 15, 16], "texture": "#4"},
				"down": {"uv": [1, 15, 15, 16], "texture": "#4"}
			}
		},
		{
			"from": [2, 7, -0.5],
			"to": [14, 8, 1],
			"rotation": {"angle": 0, "axis": "y", "origin": [2, 7, 0]},
			"faces": {
				"north": {"uv": [2, 8, 14, 9], "texture": "#front"},
				"east": {"uv": [2, 8, 3, 9], "texture": "#front"},
				"south": {"uv": [6, 0, 10, 1], "texture": "#side"},
				"west": {"uv": [13, 8, 14, 9], "texture": "#front"},
				"up": {"uv": [2, 8, 14, 9], "rotation": 180, "texture": "#front"},
				"down": {"uv": [2, 8, 14, 9], "rotation": 180, "texture": "#front"}
			}
		},
		{
			"from": [2, 8, -0.5],
			"to": [4, 12, 1],
			"rotation": {"angle": 0, "axis": "y", "origin": [2, 8, 0]},
			"faces": {
				"north": {"uv": [12, 4, 14, 8], "texture": "#front"},
				"east": {"uv": [12, 4, 13, 8], "texture": "#front"},
				"south": {"uv": [1, 3, 3, 7], "texture": "#4"},
				"west": {"uv": [13, 4, 14, 8], "texture": "#front"},
				"up": {"uv": [2, 8, 14, 9], "rotation": 180, "texture": "#front"},
				"down": {"uv": [2, 8, 14, 9], "rotation": 180, "texture": "#front"}
			}
		},
		{
			"from": [5.5, 15, 2.5],
			"to": [10.5, 16.55, 4.25],
			"rotation": {"angle": 0, "axis": "y", "origin": [6, 16, 3.25]},
			"faces": {
				"north": {"uv": [14, 9, 13, 13], "rotation": 90, "texture": "#top"},
				"east": {"uv": [13, 7, 11, 9], "rotation": 90, "texture": "#top"},
				"south": {"uv": [13, 6, 11, 10], "rotation": 90, "texture": "#top"},
				"west": {"uv": [13, 7, 11, 9], "rotation": 90, "texture": "#top"},
				"up": {"uv": [14, 8, 12, 13], "rotation": 90, "texture": "#top"},
				"down": {"uv": [1, 3, 3, 7], "rotation": 90, "texture": "#4"}
			}
		},
		{
			"from": [7.09204, 14.9, 5.12619],
			"to": [11.49204, 16.5, 7.12619],
			"rotation": {"angle": -45, "axis": "y", "origin": [12.01789, 15.7625, 7.94831]},
			"faces": {
				"north": {"uv": [14, 9, 13, 13], "rotation": 90, "texture": "#top"},
				"east": {"uv": [13, 7, 11, 9], "rotation": 90, "texture": "#top"},
				"south": {"uv": [13, 6, 11, 10], "rotation": 90, "texture": "#top"},
				"west": {"uv": [13, 7, 11, 9], "rotation": 90, "texture": "#top"},
				"up": {"uv": [14, 7, 12, 13], "rotation": 90, "texture": "#top"},
				"down": {"uv": [1, 3, 3, 7], "rotation": 90, "texture": "#4"}
			}
		},
		{
			"from": [12.80956, 14.9, 8.45462],
			"to": [14.80956, 16.5, 12.95462],
			"rotation": {"angle": -45, "axis": "y", "origin": [12.01789, 15.7625, 7.94831]},
			"faces": {
				"north": {"uv": [13, 7, 11, 9], "rotation": 90, "texture": "#top"},
				"east": {"uv": [14, 9, 13, 13], "rotation": 90, "texture": "#top"},
				"south": {"uv": [13, 7, 11, 9], "rotation": 90, "texture": "#top"},
				"west": {"uv": [13, 6, 11, 10], "rotation": 90, "texture": "#top"},
				"up": {"uv": [14, 7, 12, 13], "rotation": 180, "texture": "#top"},
				"down": {"uv": [1, 3, 3, 7], "texture": "#4"}
			}
		},
		{
			"from": [5.5, 15, 11.75],
			"to": [10.5, 16.55, 13.5],
			"rotation": {"angle": 0, "axis": "y", "origin": [7.75, 16, 12.75]},
			"faces": {
				"north": {"uv": [13, 6, 11, 10], "rotation": 90, "texture": "#top"},
				"east": {"uv": [13, 7, 11, 9], "rotation": 90, "texture": "#top"},
				"south": {"uv": [14, 9, 13, 13], "rotation": 90, "texture": "#top"},
				"west": {"uv": [13, 7, 11, 9], "rotation": 90, "texture": "#top"},
				"up": {"uv": [14, 8, 12, 13], "rotation": 270, "texture": "#top"},
				"down": {"uv": [1, 3, 3, 7], "rotation": 270, "texture": "#4"}
			}
		},
		{
			"from": [11.75, 15, 5.6],
			"to": [13.65, 16.55, 10.35],
			"rotation": {"angle": 0, "axis": "y", "origin": [12.01789, 15.7625, 7.94831]},
			"faces": {
				"north": {"uv": [13, 7, 11, 9], "rotation": 90, "texture": "#top"},
				"east": {"uv": [14, 9, 13, 13], "rotation": 90, "texture": "#top"},
				"south": {"uv": [13, 7, 11, 9], "rotation": 90, "texture": "#top"},
				"west": {"uv": [13, 6, 11, 10], "rotation": 90, "texture": "#top"},
				"up": {"uv": [14, 8, 12, 13], "rotation": 180, "texture": "#top"},
				"down": {"uv": [1, 3, 3, 7], "texture": "#4"}
			}
		},
		{
			"from": [4.54374, 14.9, 8.77043],
			"to": [8.94374, 16.5, 10.77043],
			"rotation": {"angle": -45, "axis": "y", "origin": [4.01789, 15.7625, 7.94831]},
			"faces": {
				"north": {"uv": [13, 6, 11, 10], "rotation": 90, "texture": "#top"},
				"east": {"uv": [13, 7, 11, 9], "rotation": 90, "texture": "#top"},
				"south": {"uv": [14, 9, 13, 13], "rotation": 90, "texture": "#top"},
				"west": {"uv": [13, 7, 11, 9], "rotation": 90, "texture": "#top"},
				"up": {"uv": [14, 7, 12, 13], "rotation": 270, "texture": "#top"},
				"down": {"uv": [1, 3, 3, 7], "rotation": 270, "texture": "#4"}
			}
		},
		{
			"from": [1.22623, 14.9, 2.942],
			"to": [3.22623, 16.5, 7.442],
			"rotation": {"angle": -45, "axis": "y", "origin": [4.01789, 15.7625, 7.94831]},
			"faces": {
				"north": {"uv": [13, 7, 11, 9], "rotation": 90, "texture": "#top"},
				"east": {"uv": [13, 6, 11, 10], "rotation": 90, "texture": "#top"},
				"south": {"uv": [13, 7, 11, 9], "rotation": 90, "texture": "#top"},
				"west": {"uv": [14, 9, 13, 13], "rotation": 90, "texture": "#top"},
				"up": {"uv": [14, 7, 12, 13], "texture": "#top"},
				"down": {"uv": [1, 3, 3, 7], "rotation": 180, "texture": "#4"}
			}
		},
		{
			"from": [2.38579, 15, 5.54663],
			"to": [4.28579, 16.55, 10.29663],
			"rotation": {"angle": 0, "axis": "y", "origin": [4.01789, 15.7625, 7.94831]},
			"faces": {
				"north": {"uv": [13, 7, 11, 9], "rotation": 90, "texture": "#top"},
				"east": {"uv": [13, 6, 11, 10], "rotation": 90, "texture": "#top"},
				"south": {"uv": [13, 7, 11, 9], "rotation": 90, "texture": "#top"},
				"west": {"uv": [14, 9, 13, 13], "rotation": 90, "texture": "#top"},
				"up": {"uv": [14, 8, 12, 13], "texture": "#top"},
				"down": {"uv": [1, 3, 3, 7], "rotation": 180, "texture": "#4"}
			}
		},
		{
			"from": [11, 8, 0.5],
			"to": [13, 12, 2],
			"rotation": {"angle": 0, "axis": "y", "origin": [11, 8, 1]},
			"faces": {
				"north": {"uv": [3, 4, 5, 8], "texture": "#front"},
				"east": {"uv": [2, 4, 3, 8], "texture": "#front"},
				"south": {"uv": [5, 4, 3, 8], "texture": "#front"},
				"west": {"uv": [4, 4, 5, 8], "texture": "#front"},
				"up": {"uv": [3, 4, 5, 5], "texture": "#front"},
				"down": {"uv": [5, 7, 3, 8], "texture": "#front"}
			}
		},
		{
			"from": [13, 8, -0.5],
			"to": [14, 12, 1],
			"rotation": {"angle": 0, "axis": "y", "origin": [13, 8, 0]},
			"faces": {
				"north": {"uv": [2, 4, 3, 8], "texture": "#front"},
				"east": {"uv": [2, 4, 3, 8], "texture": "#front"},
				"south": {"uv": [1, 3, 3, 7], "texture": "#4"},
				"west": {"uv": [2, 4, 3, 8], "texture": "#front"},
				"up": {"uv": [2, 8, 14, 9], "rotation": 180, "texture": "#front"},
				"down": {"uv": [2, 8, 14, 9], "rotation": 180, "texture": "#front"}
			}
		},
		{
			"from": [12, 1, 0.5],
			"to": [13, 7, 1.5],
			"rotation": {"angle": 0, "axis": "y", "origin": [12, 2, 0.5]},
			"faces": {
				"north": {"uv": [2, 9, 3, 15], "texture": "#front"},
				"east": {"uv": [2, 9, 3, 15], "texture": "#front"},
				"south": {"uv": [2, 9, 3, 15], "texture": "#front"},
				"west": {"uv": [2, 9, 3, 15], "texture": "#front"},
				"up": {"uv": [2, 8, 14, 9], "rotation": 180, "texture": "#front"},
				"down": {"uv": [2, 8, 14, 9], "rotation": 180, "texture": "#front"}
			}
		},
		{
			"from": [9, 1, 0.5],
			"to": [10, 7, 1.5],
			"rotation": {"angle": 0, "axis": "y", "origin": [9, 2, 0.5]},
			"faces": {
				"north": {"uv": [2, 9, 3, 15], "texture": "#front"},
				"east": {"uv": [2, 9, 3, 15], "texture": "#front"},
				"south": {"uv": [2, 9, 3, 15], "texture": "#front"},
				"west": {"uv": [2, 9, 3, 15], "texture": "#front"},
				"up": {"uv": [2, 8, 14, 9], "rotation": 180, "texture": "#front"},
				"down": {"uv": [2, 8, 14, 9], "rotation": 180, "texture": "#front"}
			}
		},
		{
			"from": [6, 1, 0.5],
			"to": [7, 7, 1.5],
			"rotation": {"angle": 0, "axis": "y", "origin": [6, 2, 0.5]},
			"faces": {
				"north": {"uv": [2, 9, 3, 15], "texture": "#front"},
				"east": {"uv": [2, 9, 3, 15], "texture": "#front"},
				"south": {"uv": [2, 9, 3, 15], "texture": "#front"},
				"west": {"uv": [2, 9, 3, 15], "texture": "#front"},
				"up": {"uv": [2, 8, 14, 9], "rotation": 180, "texture": "#front"},
				"down": {"uv": [2, 8, 14, 9], "rotation": 180, "texture": "#front"}
			}
		},
		{
			"from": [3, 1, 0.5],
			"to": [4, 7, 1.5],
			"rotation": {"angle": 0, "axis": "y", "origin": [4, 2, 0.5]},
			"faces": {
				"north": {"uv": [2, 9, 3, 15], "texture": "#front"},
				"east": {"uv": [2, 9, 3, 15], "texture": "#front"},
				"south": {"uv": [2, 9, 3, 15], "texture": "#front"},
				"west": {"uv": [2, 9, 3, 15], "texture": "#front"},
				"up": {"uv": [2, 8, 14, 9], "rotation": 180, "texture": "#front"},
				"down": {"uv": [2, 8, 14, 9], "rotation": 180, "texture": "#front"}
			}
		},
		{
			"from": [2, 12, -0.5],
			"to": [14, 13, 1],
			"rotation": {"angle": 0, "axis": "y", "origin": [2, 12, 0]},
			"faces": {
				"north": {"uv": [2, 3, 14, 4], "texture": "#front"},
				"east": {"uv": [2, 3, 3, 4], "texture": "#front"},
				"south": {"uv": [1, 3, 14, 4], "texture": "#4"},
				"west": {"uv": [13, 3, 14, 4], "texture": "#front"},
				"up": {"uv": [2, 8, 14, 9], "rotation": 180, "texture": "#front"},
				"down": {"uv": [2, 3, 14, 4], "rotation": 180, "texture": "#front"}
			}
		},
		{
			"from": [1, 13, 0],
			"to": [15, 15, 1],
			"rotation": {"angle": 0, "axis": "y", "origin": [1, 12, 0]},
			"faces": {
				"north": {"uv": [1, 1, 15, 3], "texture": "#front"},
				"east": {"uv": [0, 0, 16, 1], "texture": "#side"},
				"south": {"uv": [1, 3, 15, 5], "texture": "#4"},
				"west": {"uv": [0, 0, 16, 1], "texture": "#side"},
				"up": {"uv": [1, 14, 15, 15], "texture": "#front"},
				"down": {"uv": [1, 3, 15, 4], "rotation": 180, "texture": "#front"}
			}
		},
		{
			"from": [1, 2, 0],
			"to": [2, 13, 1],
			"rotation": {"angle": 0, "axis": "y", "origin": [1, 12, 0]},
			"faces": {
				"north": {"uv": [14, 3, 15, 14], "texture": "#front"},
				"east": {"uv": [14, 3, 15, 14], "texture": "#front"},
				"south": {"uv": [1, 3, 2, 14], "texture": "#4"},
				"west": {"uv": [0, 0, 16, 1], "texture": "#side"},
				"up": {"uv": [1, 14, 15, 15], "texture": "#front"},
				"down": {"uv": [1, 3, 15, 4], "rotation": 180, "texture": "#front"}
			}
		},
		{
			"from": [14, 2, 0],
			"to": [15, 13, 1],
			"rotation": {"angle": 0, "axis": "y", "origin": [14, 12, 0]},
			"faces": {
				"north": {"uv": [1, 3, 2, 14], "texture": "#front"},
				"east": {"uv": [0, 0, 16, 1], "texture": "#side"},
				"south": {"uv": [1, 3, 2, 14], "texture": "#4"},
				"west": {"uv": [1, 3, 2, 14], "texture": "#front"},
				"up": {"uv": [1, 14, 15, 15], "texture": "#front"},
				"down": {"uv": [1, 3, 15, 4], "rotation": 180, "texture": "#front"}
			}
		},
		{
			"from": [4, 15, 12],
			"to": [12, 16, 16],
			"rotation": {"angle": 0, "axis": "y", "origin": [4, 15, 12]},
			"faces": {
				"north": {"uv": [4, 4, 12, 5], "texture": "#top"},
				"east": {"uv": [0, 0, 16, 1], "texture": "#side"},
				"south": {"uv": [4, 0, 12, 1], "texture": "#side"},
				"west": {"uv": [0, 0, 16, 1], "texture": "#side"},
				"up": {"uv": [4, 12, 12, 16], "texture": "#top"},
				"down": {"uv": [0, 0, 4, 16], "texture": "#4"}
			}
		},
		{
			"from": [0, 1, 0],
			"to": [1, 15, 16],
			"rotation": {"angle": 0, "axis": "y", "origin": [0, 15, 0]},
			"faces": {
				"north": {"uv": [0, 1, 1, 15], "texture": "#front"},
				"east": {"uv": [0, 0, 16, 14], "texture": "#4"},
				"south": {"uv": [0, 0, 1, 14], "texture": "#side"},
				"west": {"uv": [0, 1, 16, 15], "texture": "#side"},
				"up": {"uv": [0, 0, 1, 16], "texture": "#top"},
				"down": {"uv": [0, 0, 1, 16], "texture": "#4"}
			}
		},
		{
			"from": [15, 1, 0],
			"to": [16, 15, 16],
			"rotation": {"angle": 0, "axis": "y", "origin": [15, 15, 0]},
			"faces": {
				"north": {"uv": [0, 1, 1, 15], "texture": "#front"},
				"east": {"uv": [0, 1, 16, 15], "texture": "#side"},
				"south": {"uv": [0, 0, 1, 13], "texture": "#side"},
				"west": {"uv": [0, 0, 16, 13], "texture": "#4"},
				"up": {"uv": [0, 0, 1, 16], "texture": "#top"},
				"down": {"uv": [0, 0, 1, 16], "texture": "#4"}
			}
		},
		{
			"from": [1, 1, 15],
			"to": [15, 15, 16],
			"rotation": {"angle": 0, "axis": "y", "origin": [16, 15, 15]},
			"faces": {
				"north": {"uv": [0, 0, 14, 14], "texture": "#4"},
				"east": {"uv": [0, 0, 1, 14], "texture": "#front"},
				"south": {"uv": [1, 1, 15, 15], "texture": "#side"},
				"west": {"uv": [0, 0, 1, 14], "texture": "#side"},
				"up": {"uv": [0, 0, 1, 14], "rotation": 90, "texture": "#top"},
				"down": {"uv": [0, 0, 1, 14], "rotation": 270, "texture": "#4"}
			}
		},
		{
			"from": [1, 7, 1],
			"to": [15, 8, 15],
			"rotation": {"angle": 0, "axis": "x", "origin": [16, 8, 15]},
			"faces": {
				"north": {"uv": [0, 0, 1, 14], "rotation": 90, "texture": "#4"},
				"east": {"uv": [0, 0, 1, 14], "rotation": 270, "texture": "#front"},
				"south": {"uv": [0, 0, 1, 14], "rotation": 90, "texture": "#top"},
				"west": {"uv": [0, 0, 1, 14], "rotation": 90, "texture": "#side"},
				"up": {"uv": [1, 1, 15, 15], "rotation": 180, "texture": "#4"},
				"down": {"uv": [1, 1, 15, 15], "texture": "#4"}
			}
		}
	]
}