{
	"format_version": "1.21.6",
	"credit": "Made with Blockbench",
	"ambientocclusion": false,
	"textures": {
		"1": "item/iron_ingot",
		"particle": "block/soul_torch",
		"torch": "block/soul_torch"
	},
	"elements": [
		{
			"from": [-1, 3.5, 7],
			"to": [1, 13.5, 9],
			"shade": false,
			"rotation": {"angle": -22.5, "axis": "z", "origin": [0, 3.5, 8]},
			"faces": {
				"north": {"uv": [7, 6, 9, 16], "texture": "#torch"},
				"east": {"uv": [7, 6, 9, 16], "texture": "#torch"},
				"south": {"uv": [7, 6, 9, 16], "texture": "#torch"},
				"west": {"uv": [7, 6, 9, 16], "texture": "#torch"},
				"up": {"uv": [7, 6, 9, 8], "texture": "#torch"},
				"down": {"uv": [7, 13, 9, 15], "texture": "#torch"}
			}
		},
		{
			"from": [-1, 6, 6.5],
			"to": [3, 7, 9.5],
			"rotation": {"angle": 0, "axis": "y", "origin": [0, 6, 7]},
			"faces": {
				"north": {"uv": [1, 13, 5, 14], "texture": "#1"},
				"east": {"uv": [2, 13, 5, 14], "texture": "#1"},
				"south": {"uv": [1, 13, 5, 14], "texture": "#1"},
				"west": {"uv": [1, 13, 4, 14], "texture": "#1"},
				"up": {"uv": [1, 11, 5, 14], "texture": "#1"},
				"down": {"uv": [1, 12, 5, 15], "texture": "#1"}
			}
		}
	]
}