{
	"format_version": "1.21.6",
	"credit": "Made with Blockbench",
	"parent": "minecraft:block/tinted_cross",
	"textures": {
		"cross": "block/sugar_cane"
	},
	"elements": [
		{
			"from": [4.25, 2, 2.5],
			"to": [5, 3, 3.5],
			"rotation": {"angle": -22.5, "axis": "z", "origin": [5, 2, 3.5]},
			"faces": {
				"north": {"uv": [12, 13, 13, 14], "texture": "#cross", "tintindex": 0},
				"east": {"uv": [12, 13, 13, 14], "texture": "#cross", "tintindex": 0},
				"south": {"uv": [12, 13, 13, 14], "texture": "#cross", "tintindex": 0},
				"west": {"uv": [12, 13, 13, 14], "texture": "#cross", "tintindex": 0},
				"up": {"uv": [12, 13, 13, 14], "rotation": 90, "texture": "#cross", "tintindex": 0},
				"down": {"uv": [15, 7, 16, 8], "rotation": 180, "texture": "#cross", "tintindex": 0}
			}
		},
		{
			"from": [3, 0, 2],
			"to": [5, 16, 4],
			"rotation": {"angle": 0, "axis": "y", "origin": [3, 0, 2]},
			"faces": {
				"north": {"uv": [13, 0, 15, 16], "texture": "#cross", "tintindex": 0},
				"east": {"uv": [13, 0, 15, 16], "texture": "#cross", "tintindex": 0},
				"south": {"uv": [13, 0, 15, 16], "texture": "#cross", "tintindex": 0},
				"west": {"uv": [13, 0, 15, 16], "texture": "#cross", "tintindex": 0},
				"up": {"uv": [13, 10, 15, 12], "texture": "#cross", "tintindex": 0},
				"down": {"uv": [13, 10, 15, 12], "texture": "#cross", "tintindex": 0}
			}
		},
		{
			"from": [3, 8, 2.5],
			"to": [4, 10, 3.5],
			"rotation": {"angle": 22.5, "axis": "z", "origin": [3, 8, 2.5]},
			"faces": {
				"north": {"uv": [15, 6, 16, 8], "texture": "#cross", "tintindex": 0},
				"east": {"uv": [15, 6, 16, 8], "texture": "#cross", "tintindex": 0},
				"south": {"uv": [15, 6, 16, 8], "texture": "#cross", "tintindex": 0},
				"west": {"uv": [15, 6, 16, 8], "texture": "#cross", "tintindex": 0},
				"up": {"uv": [15, 6, 16, 7], "texture": "#cross", "tintindex": 0},
				"down": {"uv": [15, 7, 16, 8], "texture": "#cross", "tintindex": 0}
			}
		},
		{
			"from": [12, 0, 3],
			"to": [14, 16, 5],
			"rotation": {"angle": 0, "axis": "y", "origin": [14, 0, 3]},
			"faces": {
				"north": {"uv": [15, 0, 13, 16], "texture": "#cross", "tintindex": 0},
				"east": {"uv": [15, 0, 13, 16], "texture": "#cross", "tintindex": 0},
				"south": {"uv": [15, 0, 13, 16], "texture": "#cross", "tintindex": 0},
				"west": {"uv": [15, 0, 13, 16], "texture": "#cross", "tintindex": 0},
				"up": {"uv": [15, 10, 13, 12], "texture": "#cross", "tintindex": 0},
				"down": {"uv": [15, 10, 13, 12], "texture": "#cross", "tintindex": 0}
			}
		},
		{
			"from": [13, 8, 3.5],
			"to": [14, 10, 4.5],
			"rotation": {"angle": -22.5, "axis": "z", "origin": [14, 8, 3.5]},
			"faces": {
				"north": {"uv": [16, 6, 15, 8], "texture": "#cross", "tintindex": 0},
				"east": {"uv": [16, 6, 15, 8], "texture": "#cross", "tintindex": 0},
				"south": {"uv": [16, 6, 15, 8], "texture": "#cross", "tintindex": 0},
				"west": {"uv": [16, 6, 15, 8], "texture": "#cross", "tintindex": 0},
				"up": {"uv": [16, 6, 15, 7], "texture": "#cross", "tintindex": 0},
				"down": {"uv": [16, 7, 15, 8], "texture": "#cross", "tintindex": 0}
			}
		},
		{
			"from": [12, 2, 3.5],
			"to": [12.75, 3, 4.5],
			"rotation": {"angle": 22.5, "axis": "z", "origin": [12, 2, 4.5]},
			"faces": {
				"north": {"uv": [13, 13, 12, 14], "texture": "#cross", "tintindex": 0},
				"east": {"uv": [13, 13, 12, 14], "texture": "#cross", "tintindex": 0},
				"south": {"uv": [13, 13, 12, 14], "texture": "#cross", "tintindex": 0},
				"west": {"uv": [13, 13, 12, 14], "texture": "#cross", "tintindex": 0},
				"up": {"uv": [12, 14, 13, 13], "rotation": 90, "texture": "#cross", "tintindex": 0},
				"down": {"uv": [16, 7, 15, 8], "rotation": 180, "texture": "#cross", "tintindex": 0}
			}
		},
		{
			"from": [12.03793, 0, 10.96207],
			"to": [14.03793, 16, 12.96207],
			"rotation": {"angle": 0, "axis": "y", "origin": [13.03793, 5.86033, 12]},
			"faces": {
				"north": {"uv": [13, 0, 15, 16], "texture": "#cross", "tintindex": 0},
				"east": {"uv": [13, 0, 15, 16], "texture": "#cross", "tintindex": 0},
				"south": {"uv": [13, 0, 15, 16], "texture": "#cross", "tintindex": 0},
				"west": {"uv": [13, 0, 15, 16], "texture": "#cross", "tintindex": 0},
				"up": {"uv": [15, 12, 13, 10], "rotation": 90, "texture": "#cross", "tintindex": 0},
				"down": {"uv": [15, 12, 13, 10], "rotation": 270, "texture": "#cross", "tintindex": 0}
			}
		},
		{
			"from": [12.53793, 8.2053, 11.07002],
			"to": [13.53793, 10.2053, 12.07002],
			"rotation": {"angle": 22.5, "axis": "x", "origin": [13.03793, 5.86033, 12]},
			"faces": {
				"north": {"uv": [15, 6, 16, 8], "texture": "#cross", "tintindex": 0},
				"east": {"uv": [15, 6, 16, 8], "texture": "#cross", "tintindex": 0},
				"south": {"uv": [15, 6, 16, 8], "texture": "#cross", "tintindex": 0},
				"west": {"uv": [15, 6, 16, 8], "texture": "#cross", "tintindex": 0},
				"up": {"uv": [16, 7, 15, 6], "rotation": 90, "texture": "#cross", "tintindex": 0},
				"down": {"uv": [16, 8, 15, 7], "rotation": 270, "texture": "#cross", "tintindex": 0}
			}
		},
		{
			"from": [12.53793, 2.69105, 9.56379],
			"to": [13.53793, 3.69105, 10.31379],
			"rotation": {"angle": -22.5, "axis": "x", "origin": [13.03793, 5.86033, 12]},
			"faces": {
				"north": {"uv": [12, 13, 13, 14], "texture": "#cross", "tintindex": 0},
				"east": {"uv": [12, 13, 13, 14], "texture": "#cross", "tintindex": 0},
				"south": {"uv": [12, 13, 13, 14], "texture": "#cross", "tintindex": 0},
				"west": {"uv": [12, 13, 13, 14], "texture": "#cross", "tintindex": 0},
				"up": {"uv": [13, 14, 12, 13], "rotation": 180, "texture": "#cross", "tintindex": 0},
				"down": {"uv": [16, 8, 15, 7], "rotation": 90, "texture": "#cross", "tintindex": 0}
			}
		},
		{
			"from": [2.46207, 2.69105, 14.68621],
			"to": [3.46207, 3.69105, 15.43621],
			"rotation": {"angle": 22.5, "axis": "x", "origin": [2.96207, 5.86033, 13]},
			"faces": {
				"north": {"uv": [13, 13, 12, 14], "texture": "#cross", "tintindex": 0},
				"east": {"uv": [13, 13, 12, 14], "texture": "#cross", "tintindex": 0},
				"south": {"uv": [13, 13, 12, 14], "texture": "#cross", "tintindex": 0},
				"west": {"uv": [13, 13, 12, 14], "texture": "#cross", "tintindex": 0},
				"up": {"uv": [13, 13, 12, 14], "rotation": 180, "texture": "#cross", "tintindex": 0},
				"down": {"uv": [15, 8, 16, 7], "rotation": 90, "texture": "#cross", "tintindex": 0}
			}
		},
		{
			"from": [1.96207, 0, 12.03793],
			"to": [3.96207, 16, 14.03793],
			"rotation": {"angle": 0, "axis": "y", "origin": [2.96207, 5.86033, 13]},
			"faces": {
				"north": {"uv": [15, 0, 13, 16], "texture": "#cross", "tintindex": 0},
				"east": {"uv": [15, 0, 13, 16], "texture": "#cross", "tintindex": 0},
				"south": {"uv": [15, 0, 13, 16], "texture": "#cross", "tintindex": 0},
				"west": {"uv": [15, 0, 13, 16], "texture": "#cross", "tintindex": 0},
				"up": {"uv": [13, 12, 15, 10], "rotation": 90, "texture": "#cross", "tintindex": 0},
				"down": {"uv": [13, 12, 15, 10], "rotation": 270, "texture": "#cross", "tintindex": 0}
			}
		},
		{
			"from": [2.46207, 8.2053, 12.92998],
			"to": [3.46207, 10.2053, 13.92998],
			"rotation": {"angle": -22.5, "axis": "x", "origin": [2.96207, 5.86033, 13]},
			"faces": {
				"north": {"uv": [16, 6, 15, 8], "texture": "#cross", "tintindex": 0},
				"east": {"uv": [16, 6, 15, 8], "texture": "#cross", "tintindex": 0},
				"south": {"uv": [16, 6, 15, 8], "texture": "#cross", "tintindex": 0},
				"west": {"uv": [16, 6, 15, 8], "texture": "#cross", "tintindex": 0},
				"up": {"uv": [15, 7, 16, 6], "rotation": 90, "texture": "#cross", "tintindex": 0},
				"down": {"uv": [15, 8, 16, 7], "rotation": 270, "texture": "#cross", "tintindex": 0}
			}
		},
		{
			"from": [5.46207, 3.69105, 11.68621],
			"to": [6.46207, 4.69105, 12.43621],
			"rotation": {"angle": 22.5, "axis": "x", "origin": [5.96207, 6.86033, 10]},
			"faces": {
				"north": {"uv": [13, 13, 12, 14], "texture": "#cross", "tintindex": 0},
				"east": {"uv": [13, 13, 12, 14], "texture": "#cross", "tintindex": 0},
				"south": {"uv": [13, 13, 12, 14], "texture": "#cross", "tintindex": 0},
				"west": {"uv": [13, 13, 12, 14], "texture": "#cross", "tintindex": 0},
				"up": {"uv": [13, 13, 12, 14], "rotation": 180, "texture": "#cross", "tintindex": 0},
				"down": {"uv": [15, 8, 16, 7], "rotation": 90, "texture": "#cross", "tintindex": 0}
			}
		},
		{
			"from": [4.96207, 0, 9.03793],
			"to": [6.96207, 16, 11.03793],
			"rotation": {"angle": 0, "axis": "y", "origin": [5.96207, 5.86033, 10]},
			"faces": {
				"north": {"uv": [15, 0, 13, 16], "texture": "#cross", "tintindex": 0},
				"east": {"uv": [15, 0, 13, 16], "texture": "#cross", "tintindex": 0},
				"south": {"uv": [15, 0, 13, 16], "texture": "#cross", "tintindex": 0},
				"west": {"uv": [15, 0, 13, 16], "texture": "#cross", "tintindex": 0},
				"up": {"uv": [13, 12, 15, 10], "rotation": 90, "texture": "#cross", "tintindex": 0},
				"down": {"uv": [13, 12, 15, 10], "rotation": 270, "texture": "#cross", "tintindex": 0}
			}
		},
		{
			"from": [5.46207, 11.2053, 9.92998],
			"to": [6.46207, 13.2053, 10.92998],
			"rotation": {"angle": -22.5, "axis": "x", "origin": [5.96207, 8.86033, 10]},
			"faces": {
				"north": {"uv": [16, 6, 15, 8], "texture": "#cross", "tintindex": 0},
				"east": {"uv": [16, 6, 15, 8], "texture": "#cross", "tintindex": 0},
				"south": {"uv": [16, 6, 15, 8], "texture": "#cross", "tintindex": 0},
				"west": {"uv": [16, 6, 15, 8], "texture": "#cross", "tintindex": 0},
				"up": {"uv": [15, 7, 16, 6], "rotation": 90, "texture": "#cross", "tintindex": 0},
				"down": {"uv": [15, 8, 16, 7], "rotation": 270, "texture": "#cross", "tintindex": 0}
			}
		},
		{
			"from": [5.0321, 7.2053, 9.5],
			"to": [6.0321, 9.2053, 10.5],
			"rotation": {"angle": -22.5, "axis": "z", "origin": [5.96207, 4.86033, 10]},
			"faces": {
				"north": {"uv": [16, 6, 15, 8], "texture": "#cross", "tintindex": 0},
				"east": {"uv": [16, 6, 15, 8], "texture": "#cross", "tintindex": 0},
				"south": {"uv": [16, 6, 15, 8], "texture": "#cross", "tintindex": 0},
				"west": {"uv": [16, 6, 15, 8], "texture": "#cross", "tintindex": 0},
				"up": {"uv": [15, 7, 16, 6], "rotation": 180, "texture": "#cross", "tintindex": 0},
				"down": {"uv": [15, 8, 16, 7], "rotation": 180, "texture": "#cross", "tintindex": 0}
			}
		},
		{
			"from": [7.47237, 6.76717, 8.44141],
			"to": [8.22237, 7.76717, 9.44141],
			"rotation": {"angle": 22.5, "axis": "z", "origin": [5.40348, 10.86033, 8.5]},
			"faces": {
				"north": {"uv": [13, 13, 12, 14], "texture": "#cross", "tintindex": 0},
				"east": {"uv": [13, 13, 12, 14], "texture": "#cross", "tintindex": 0},
				"south": {"uv": [13, 13, 12, 14], "texture": "#cross", "tintindex": 0},
				"west": {"uv": [13, 13, 12, 14], "texture": "#cross", "tintindex": 0},
				"up": {"uv": [13, 13, 12, 14], "rotation": 90, "texture": "#cross", "tintindex": 0},
				"down": {"uv": [15, 8, 16, 7], "rotation": 180, "texture": "#cross", "tintindex": 0}
			}
		},
		{
			"from": [8.96207, 0, 8.03793],
			"to": [10.96207, 16, 10.03793],
			"rotation": {"angle": 0, "axis": "y", "origin": [10.40348, 7.86033, 9]},
			"faces": {
				"north": {"uv": [15, 0, 13, 16], "texture": "#cross", "tintindex": 0},
				"east": {"uv": [15, 0, 13, 16], "texture": "#cross", "tintindex": 0},
				"south": {"uv": [15, 0, 13, 16], "texture": "#cross", "tintindex": 0},
				"west": {"uv": [15, 0, 13, 16], "texture": "#cross", "tintindex": 0},
				"up": {"uv": [13, 12, 15, 10], "rotation": 90, "texture": "#cross", "tintindex": 0},
				"down": {"uv": [13, 12, 15, 10], "rotation": 270, "texture": "#cross", "tintindex": 0}
			}
		},
		{
			"from": [9.46207, 11.12918, 7.68734],
			"to": [10.46207, 13.12918, 8.68734],
			"rotation": {"angle": 22.5, "axis": "x", "origin": [10.40348, 7.86033, 9]},
			"faces": {
				"north": {"uv": [15, 6, 16, 8], "texture": "#cross", "tintindex": 0},
				"east": {"uv": [15, 6, 16, 8], "texture": "#cross", "tintindex": 0},
				"south": {"uv": [15, 6, 16, 8], "texture": "#cross", "tintindex": 0},
				"west": {"uv": [15, 6, 16, 8], "texture": "#cross", "tintindex": 0},
				"up": {"uv": [16, 7, 15, 6], "rotation": 90, "texture": "#cross", "tintindex": 0},
				"down": {"uv": [16, 8, 15, 7], "rotation": 270, "texture": "#cross", "tintindex": 0}
			}
		},
		{
			"from": [10, 3, 8.5],
			"to": [11, 5, 9.5],
			"rotation": {"angle": -22.5, "axis": "z", "origin": [11, 3, 8.5]},
			"faces": {
				"north": {"uv": [16, 6, 15, 8], "texture": "#cross", "tintindex": 0},
				"east": {"uv": [16, 6, 15, 8], "texture": "#cross", "tintindex": 0},
				"south": {"uv": [16, 6, 15, 8], "texture": "#cross", "tintindex": 0},
				"west": {"uv": [16, 6, 15, 8], "texture": "#cross", "tintindex": 0},
				"up": {"uv": [16, 6, 15, 7], "texture": "#cross", "tintindex": 0},
				"down": {"uv": [16, 7, 15, 8], "texture": "#cross", "tintindex": 0}
			}
		},
		{
			"from": [4.47237, 6.76717, 5.55859],
			"to": [5.22237, 7.76717, 6.55859],
			"rotation": {"angle": 22.5, "axis": "z", "origin": [2.40348, 10.86033, 6.5]},
			"faces": {
				"north": {"uv": [12, 13, 13, 14], "texture": "#cross", "tintindex": 0},
				"east": {"uv": [12, 13, 13, 14], "texture": "#cross", "tintindex": 0},
				"south": {"uv": [12, 13, 13, 14], "texture": "#cross", "tintindex": 0},
				"west": {"uv": [12, 13, 13, 14], "texture": "#cross", "tintindex": 0},
				"up": {"uv": [12, 13, 13, 14], "rotation": 90, "texture": "#cross", "tintindex": 0},
				"down": {"uv": [15, 7, 16, 8], "rotation": 180, "texture": "#cross", "tintindex": 0}
			}
		},
		{
			"from": [5.96207, 0, 4.96207],
			"to": [7.96207, 16, 6.96207],
			"rotation": {"angle": 0, "axis": "y", "origin": [7.40348, 7.86033, 6]},
			"faces": {
				"north": {"uv": [13, 0, 15, 16], "texture": "#cross", "tintindex": 0},
				"east": {"uv": [13, 0, 15, 16], "texture": "#cross", "tintindex": 0},
				"south": {"uv": [13, 0, 15, 16], "texture": "#cross", "tintindex": 0},
				"west": {"uv": [13, 0, 15, 16], "texture": "#cross", "tintindex": 0},
				"up": {"uv": [15, 12, 13, 10], "rotation": 90, "texture": "#cross", "tintindex": 0},
				"down": {"uv": [15, 12, 13, 10], "rotation": 270, "texture": "#cross", "tintindex": 0}
			}
		},
		{
			"from": [6.46207, 11.12918, 6.31266],
			"to": [7.46207, 13.12918, 7.31266],
			"rotation": {"angle": -22.5, "axis": "x", "origin": [7.40348, 7.86033, 6]},
			"faces": {
				"north": {"uv": [16, 6, 15, 8], "texture": "#cross", "tintindex": 0},
				"east": {"uv": [16, 6, 15, 8], "texture": "#cross", "tintindex": 0},
				"south": {"uv": [16, 6, 15, 8], "texture": "#cross", "tintindex": 0},
				"west": {"uv": [16, 6, 15, 8], "texture": "#cross", "tintindex": 0},
				"up": {"uv": [15, 7, 16, 6], "rotation": 90, "texture": "#cross", "tintindex": 0},
				"down": {"uv": [15, 8, 16, 7], "rotation": 270, "texture": "#cross", "tintindex": 0}
			}
		},
		{
			"from": [7, 3, 5.5],
			"to": [8, 5, 6.5],
			"rotation": {"angle": -22.5, "axis": "z", "origin": [8, 3, 6.5]},
			"faces": {
				"north": {"uv": [15, 6, 16, 8], "texture": "#cross", "tintindex": 0},
				"east": {"uv": [15, 6, 16, 8], "texture": "#cross", "tintindex": 0},
				"south": {"uv": [15, 6, 16, 8], "texture": "#cross", "tintindex": 0},
				"west": {"uv": [15, 6, 16, 8], "texture": "#cross", "tintindex": 0},
				"up": {"uv": [16, 7, 15, 6], "texture": "#cross", "tintindex": 0},
				"down": {"uv": [16, 8, 15, 7], "texture": "#cross", "tintindex": 0}
			}
		},
		{
			"from": [2.75, 13, 1.75],
			"to": [5.25, 15, 4.25],
			"rotation": {"angle": 0, "axis": "y", "origin": [3, 13, 2]},
			"faces": {
				"north": {"uv": [13, 9, 15, 11], "texture": "#cross", "tintindex": 0},
				"east": {"uv": [13, 9, 15, 11], "texture": "#cross", "tintindex": 0},
				"south": {"uv": [13, 9, 15, 11], "texture": "#cross", "tintindex": 0},
				"west": {"uv": [13, 9, 15, 11], "texture": "#cross", "tintindex": 0},
				"up": {"uv": [14, 12, 15, 13], "texture": "#cross", "tintindex": 0},
				"down": {"uv": [14, 12, 15, 13], "texture": "#cross", "tintindex": 0}
			}
		},
		{
			"from": [2.75, 5, 1.75],
			"to": [5.25, 7, 4.25],
			"rotation": {"angle": 0, "axis": "y", "origin": [3, 5, 2]},
			"faces": {
				"north": {"uv": [13, 9, 15, 11], "texture": "#cross", "tintindex": 0},
				"east": {"uv": [13, 9, 15, 11], "texture": "#cross", "tintindex": 0},
				"south": {"uv": [13, 9, 15, 11], "texture": "#cross", "tintindex": 0},
				"west": {"uv": [13, 9, 15, 11], "texture": "#cross", "tintindex": 0},
				"up": {"uv": [14, 12, 15, 13], "texture": "#cross", "tintindex": 0},
				"down": {"uv": [14, 12, 15, 13], "texture": "#cross", "tintindex": 0}
			}
		},
		{
			"from": [11.75, 13, 2.75],
			"to": [14.25, 15, 5.25],
			"rotation": {"angle": 0, "axis": "y", "origin": [12, 13, 3]},
			"faces": {
				"north": {"uv": [13, 9, 15, 11], "texture": "#cross", "tintindex": 0},
				"east": {"uv": [13, 9, 15, 11], "texture": "#cross", "tintindex": 0},
				"south": {"uv": [13, 9, 15, 11], "texture": "#cross", "tintindex": 0},
				"west": {"uv": [13, 9, 15, 11], "texture": "#cross", "tintindex": 0},
				"up": {"uv": [14, 12, 15, 13], "texture": "#cross", "tintindex": 0},
				"down": {"uv": [14, 12, 15, 13], "texture": "#cross", "tintindex": 0}
			}
		},
		{
			"from": [11.75, 5, 2.75],
			"to": [14.25, 7, 5.25],
			"rotation": {"angle": 0, "axis": "y", "origin": [12, 5, 3]},
			"faces": {
				"north": {"uv": [13, 9, 15, 11], "texture": "#cross", "tintindex": 0},
				"east": {"uv": [13, 9, 15, 11], "texture": "#cross", "tintindex": 0},
				"south": {"uv": [13, 9, 15, 11], "texture": "#cross", "tintindex": 0},
				"west": {"uv": [13, 9, 15, 11], "texture": "#cross", "tintindex": 0},
				"up": {"uv": [14, 12, 15, 13], "texture": "#cross", "tintindex": 0},
				"down": {"uv": [14, 12, 15, 13], "texture": "#cross", "tintindex": 0}
			}
		},
		{
			"from": [5.75, 13, 4.75],
			"to": [8.25, 15, 7.25],
			"rotation": {"angle": 0, "axis": "y", "origin": [6, 13, 5]},
			"faces": {
				"north": {"uv": [13, 9, 15, 11], "texture": "#cross", "tintindex": 0},
				"east": {"uv": [13, 9, 15, 11], "texture": "#cross", "tintindex": 0},
				"south": {"uv": [13, 9, 15, 11], "texture": "#cross", "tintindex": 0},
				"west": {"uv": [13, 9, 15, 11], "texture": "#cross", "tintindex": 0},
				"up": {"uv": [14, 12, 15, 13], "texture": "#cross", "tintindex": 0},
				"down": {"uv": [14, 12, 15, 13], "texture": "#cross", "tintindex": 0}
			}
		},
		{
			"from": [8.75, 5, 7.75],
			"to": [11.25, 7, 10.25],
			"rotation": {"angle": 0, "axis": "y", "origin": [9, 5, 8]},
			"faces": {
				"north": {"uv": [13, 9, 15, 11], "texture": "#cross", "tintindex": 0},
				"east": {"uv": [13, 9, 15, 11], "texture": "#cross", "tintindex": 0},
				"south": {"uv": [13, 9, 15, 11], "texture": "#cross", "tintindex": 0},
				"west": {"uv": [13, 9, 15, 11], "texture": "#cross", "tintindex": 0},
				"up": {"uv": [14, 12, 15, 13], "texture": "#cross", "tintindex": 0},
				"down": {"uv": [14, 12, 15, 13], "texture": "#cross", "tintindex": 0}
			}
		},
		{
			"from": [8.75, 13, 7.75],
			"to": [11.25, 15, 10.25],
			"rotation": {"angle": 0, "axis": "y", "origin": [9, 13, 8]},
			"faces": {
				"north": {"uv": [13, 9, 15, 11], "texture": "#cross", "tintindex": 0},
				"east": {"uv": [13, 9, 15, 11], "texture": "#cross", "tintindex": 0},
				"south": {"uv": [13, 9, 15, 11], "texture": "#cross", "tintindex": 0},
				"west": {"uv": [13, 9, 15, 11], "texture": "#cross", "tintindex": 0},
				"up": {"uv": [14, 12, 15, 13], "texture": "#cross", "tintindex": 0},
				"down": {"uv": [14, 12, 15, 13], "texture": "#cross", "tintindex": 0}
			}
		},
		{
			"from": [4.75, 5, 8.75],
			"to": [7.25, 7, 11.25],
			"rotation": {"angle": 0, "axis": "y", "origin": [5, 5, 9]},
			"faces": {
				"north": {"uv": [13, 9, 15, 11], "texture": "#cross", "tintindex": 0},
				"east": {"uv": [13, 9, 15, 11], "texture": "#cross", "tintindex": 0},
				"south": {"uv": [13, 9, 15, 11], "texture": "#cross", "tintindex": 0},
				"west": {"uv": [13, 9, 15, 11], "texture": "#cross", "tintindex": 0},
				"up": {"uv": [14, 12, 15, 13], "texture": "#cross", "tintindex": 0},
				"down": {"uv": [14, 12, 15, 13], "texture": "#cross", "tintindex": 0}
			}
		},
		{
			"from": [4.75, 13, 8.75],
			"to": [7.25, 15, 11.25],
			"rotation": {"angle": 0, "axis": "y", "origin": [5, 13, 9]},
			"faces": {
				"north": {"uv": [13, 9, 15, 11], "texture": "#cross", "tintindex": 0},
				"east": {"uv": [13, 9, 15, 11], "texture": "#cross", "tintindex": 0},
				"south": {"uv": [13, 9, 15, 11], "texture": "#cross", "tintindex": 0},
				"west": {"uv": [13, 9, 15, 11], "texture": "#cross", "tintindex": 0},
				"up": {"uv": [14, 12, 15, 13], "texture": "#cross", "tintindex": 0},
				"down": {"uv": [14, 12, 15, 13], "texture": "#cross", "tintindex": 0}
			}
		},
		{
			"from": [1.75, 5, 11.75],
			"to": [4.25, 7, 14.25],
			"rotation": {"angle": 0, "axis": "y", "origin": [2, 5, 12]},
			"faces": {
				"north": {"uv": [13, 9, 15, 11], "texture": "#cross", "tintindex": 0},
				"east": {"uv": [13, 9, 15, 11], "texture": "#cross", "tintindex": 0},
				"south": {"uv": [13, 9, 15, 11], "texture": "#cross", "tintindex": 0},
				"west": {"uv": [13, 9, 15, 11], "texture": "#cross", "tintindex": 0},
				"up": {"uv": [14, 12, 15, 13], "texture": "#cross", "tintindex": 0},
				"down": {"uv": [14, 12, 15, 13], "texture": "#cross", "tintindex": 0}
			}
		},
		{
			"from": [1.75, 13, 11.75],
			"to": [4.25, 15, 14.25],
			"rotation": {"angle": 0, "axis": "y", "origin": [2, 13, 12]},
			"faces": {
				"north": {"uv": [13, 9, 15, 11], "texture": "#cross", "tintindex": 0},
				"east": {"uv": [13, 9, 15, 11], "texture": "#cross", "tintindex": 0},
				"south": {"uv": [13, 9, 15, 11], "texture": "#cross", "tintindex": 0},
				"west": {"uv": [13, 9, 15, 11], "texture": "#cross", "tintindex": 0},
				"up": {"uv": [14, 12, 15, 13], "texture": "#cross", "tintindex": 0},
				"down": {"uv": [14, 12, 15, 13], "texture": "#cross", "tintindex": 0}
			}
		},
		{
			"from": [11.75, 5, 10.75],
			"to": [14.25, 7, 13.25],
			"rotation": {"angle": 0, "axis": "y", "origin": [12, 5, 11]},
			"faces": {
				"north": {"uv": [13, 9, 15, 11], "texture": "#cross", "tintindex": 0},
				"east": {"uv": [13, 9, 15, 11], "texture": "#cross", "tintindex": 0},
				"south": {"uv": [13, 9, 15, 11], "texture": "#cross", "tintindex": 0},
				"west": {"uv": [13, 9, 15, 11], "texture": "#cross", "tintindex": 0},
				"up": {"uv": [14, 12, 15, 13], "texture": "#cross", "tintindex": 0},
				"down": {"uv": [14, 12, 15, 13], "texture": "#cross", "tintindex": 0}
			}
		},
		{
			"from": [11.75, 13, 10.75],
			"to": [14.25, 15, 13.25],
			"rotation": {"angle": 0, "axis": "y", "origin": [12, 13, 11]},
			"faces": {
				"north": {"uv": [13, 9, 15, 11], "texture": "#cross", "tintindex": 0},
				"east": {"uv": [13, 9, 15, 11], "texture": "#cross", "tintindex": 0},
				"south": {"uv": [13, 9, 15, 11], "texture": "#cross", "tintindex": 0},
				"west": {"uv": [13, 9, 15, 11], "texture": "#cross", "tintindex": 0},
				"up": {"uv": [14, 12, 15, 13], "texture": "#cross", "tintindex": 0},
				"down": {"uv": [14, 12, 15, 13], "texture": "#cross", "tintindex": 0}
			}
		},
		{
			"from": [5.75, 5, 4.75],
			"to": [8.25, 7, 7.25],
			"rotation": {"angle": 0, "axis": "y", "origin": [6, 5, 5]},
			"faces": {
				"north": {"uv": [13, 9, 15, 11], "texture": "#cross", "tintindex": 0},
				"east": {"uv": [13, 9, 15, 11], "texture": "#cross", "tintindex": 0},
				"south": {"uv": [13, 9, 15, 11], "texture": "#cross", "tintindex": 0},
				"west": {"uv": [13, 9, 15, 11], "texture": "#cross", "tintindex": 0},
				"up": {"uv": [14, 12, 15, 13], "texture": "#cross", "tintindex": 0},
				"down": {"uv": [14, 12, 15, 13], "texture": "#cross", "tintindex": 0}
			}
		}
	],
	"groups": [
		{
			"name": "The Cane",
			"origin": [2, 8, 3.5],
			"color": 0,
			"children": [0, 1, 2]
		},
		{
			"name": "The Cane",
			"origin": [12, 2, 4.5],
			"color": 0,
			"children": [3, 4, 5]
		},
		{
			"name": "The Cane",
			"origin": [12, 2, 4.5],
			"color": 0,
			"children": [6, 7, 8]
		},
		{
			"name": "The Cane",
			"origin": [2, 8, 3.5],
			"color": 0,
			"children": [9, 10, 11]
		},
		{
			"name": "The Cane",
			"origin": [2, 8, 3.5],
			"color": 0,
			"children": [12, 13, 14, 15]
		},
		{
			"name": "The Cane",
			"origin": [2, 8, 3.5],
			"color": 0,
			"children": [16, 17, 18, 19]
		},
		{
			"name": "The Cane",
			"origin": [2, 8, 3.5],
			"color": 0,
			"children": [20, 21, 22, 23]
		},
		{
			"name": "The Extruded Thingies",
			"origin": [6, 5, 5],
			"color": 0,
			"children": [24, 25, 26, 27, 28, 29, 30, 31, 32, 33, 34, 35, 36, 37]
		}
	]
}