{
	"format_version": "1.21.6",
	"credit": "Made with Blockbench",
	"ambientocclusion": false,
	"textures": {
		"3": "block/sunflower_center_checker",
		"cross": "block/sunflower_top",
		"back": "block/sunflower_back",
		"particle": "block/sunflower_front",
		"front": "block/sunflower_front"
	},
	"elements": [
		{
			"from": [0.8, 0, 8],
			"to": [15.2, 8, 8],
			"shade": false,
			"rotation": {"angle": 45, "axis": "y", "origin": [8, 8, 8], "rescale": true},
			"faces": {
				"north": {"uv": [0, 8, 16, 16], "texture": "#cross"},
				"south": {"uv": [0, 8, 16, 16], "texture": "#cross"}
			}
		},
		{
			"from": [8, 0, 0.8],
			"to": [8, 8, 15.2],
			"shade": false,
			"rotation": {"angle": 45, "axis": "y", "origin": [8, 8, 8], "rescale": true},
			"faces": {
				"east": {"uv": [0, 8, 16, 16], "texture": "#cross"},
				"west": {"uv": [0, 8, 16, 16], "texture": "#cross"}
			}
		},
		{
			"from": [9.35, -1, 1],
			"to": [9.35, 15, 15],
			"shade": false,
			"rotation": {"angle": 22.5, "axis": "z", "origin": [7.75, 8, 8], "rescale": true},
			"faces": {
				"east": {"uv": [0, 0, 2, 1], "texture": "#front"},
				"west": {"uv": [0, 0, 16, 16], "texture": "#back"}
			}
		},
		{
			"from": [10.57182, 2.81868, 6.38],
			"to": [10.57182, 8.48868, 9.62],
			"rotation": {"angle": 22.5, "axis": "z", "origin": [10.81887, 8.48868, 8]},
			"faces": {
				"north": {"uv": [0, 0, 12, 1], "rotation": 270, "texture": "#front"},
				"east": {"uv": [7, 9, 9, 12], "texture": "#front"},
				"south": {"uv": [0, 0, 12, 1], "rotation": 90, "texture": "#front"},
				"west": {"uv": [7, 9, 9, 12], "texture": "#front"},
				"up": {"uv": [0, 0, 6, 1], "rotation": 90, "texture": "#front"},
				"down": {"uv": [0, 0, 6, 1], "rotation": 90, "texture": "#front"}
			}
		},
		{
			"from": [10.57182, 8.48868, 6.38],
			"to": [10.57182, 14.15868, 9.62],
			"rotation": {"angle": 22.5, "axis": "z", "origin": [10.81887, 8.48868, 8]},
			"faces": {
				"north": {"uv": [10, 0, 0, 1], "rotation": 270, "texture": "#front"},
				"east": {"uv": [7, 4, 9, 7], "texture": "#front"},
				"south": {"uv": [10, 0, 0, 1], "rotation": 90, "texture": "#front"},
				"west": {"uv": [7, 4, 9, 7], "texture": "#front"},
				"up": {"uv": [5, 0, 0, 1], "rotation": 90, "texture": "#front"},
				"down": {"uv": [5, 0, 0, 1], "rotation": 90, "texture": "#front"}
			}
		},
		{
			"from": [9.76745, 5.24868, 7.56449],
			"to": [9.76745, 11.72868, 12.42449],
			"rotation": {"angle": 22.5, "axis": "z", "origin": [10.81887, 8.48868, 8]},
			"faces": {
				"north": {"uv": [0, 0, 6, 6], "rotation": 270, "texture": "#front"},
				"east": {"uv": [4, 6, 7, 10], "texture": "#front"},
				"south": {"uv": [0, 0, 6, 6], "rotation": 90, "texture": "#front"},
				"west": {"uv": [7, 6, 4, 10], "texture": "#front"},
				"up": {"uv": [0, 0, 8, 6], "rotation": 90, "texture": "#front"},
				"down": {"uv": [0, 0, 8, 6], "rotation": 90, "texture": "#front"}
			}
		},
		{
			"from": [9.76745, 5.24868, 3.57551],
			"to": [9.76745, 11.72868, 8.43551],
			"rotation": {"angle": 22.5, "axis": "z", "origin": [10.81887, 8.48868, 8]},
			"faces": {
				"north": {"uv": [5, 0, 0, 1], "rotation": 270, "texture": "#front"},
				"east": {"uv": [9, 6, 12, 10], "texture": "#front"},
				"south": {"uv": [5, 0, 0, 1], "rotation": 90, "texture": "#front"},
				"west": {"uv": [12, 6, 9, 10], "texture": "#front"},
				"up": {"uv": [10, 0, 0, 1], "rotation": 90, "texture": "#front"},
				"down": {"uv": [10, 0, 0, 1], "rotation": 90, "texture": "#front"}
			}
		},
		{
			"from": [10.40982, 6.86868, 8],
			"to": [10.40982, 10.10868, 13.67],
			"rotation": {"angle": 22.5, "axis": "z", "origin": [10.81887, 8.48868, 8]},
			"faces": {
				"north": {"uv": [8, 0, 0, 11], "rotation": 270, "texture": "#front"},
				"east": {"uv": [4, 7, 7.5, 9], "texture": "#front"},
				"south": {"uv": [8, 0, 0, 11], "rotation": 90, "texture": "#front"},
				"west": {"uv": [7.5, 7, 4, 9], "texture": "#front"},
				"up": {"uv": [10, 0, 0, 11], "rotation": 90, "texture": "#front"},
				"down": {"uv": [10, 0, 0, 11], "rotation": 90, "texture": "#front"}
			}
		},
		{
			"from": [10.40982, 6.86868, 2.33],
			"to": [10.40982, 10.10868, 8],
			"rotation": {"angle": 22.5, "axis": "z", "origin": [10.81887, 8.48868, 8]},
			"faces": {
				"north": {"uv": [0, 0, 7, 7], "rotation": 270, "texture": "#front"},
				"east": {"uv": [8.5, 7, 12, 9], "texture": "#front"},
				"south": {"uv": [0, 0, 7, 7], "rotation": 90, "texture": "#front"},
				"west": {"uv": [12, 7, 8.5, 9], "texture": "#front"},
				"up": {"uv": [0, 0, 9, 7], "rotation": 90, "texture": "#front"},
				"down": {"uv": [0, 0, 9, 7], "rotation": 90, "texture": "#front"}
			}
		},
		{
			"from": [9.76745, 8.05317, 5.57],
			"to": [9.76745, 13.72317, 10.43],
			"rotation": {"angle": 0, "axis": "z", "origin": [10.81887, 8.48868, 8]},
			"faces": {
				"north": {"uv": [0, 0, 13, 1], "rotation": 270, "texture": "#front"},
				"east": {"uv": [9, 4, 6, 7.5], "texture": "#front"},
				"south": {"uv": [0, 0, 13, 1], "rotation": 90, "texture": "#front"},
				"west": {"uv": [10, 12, 7, 8.5], "texture": "#front"},
				"up": {"uv": [0, 0, 6.5, 1], "rotation": 90, "texture": "#front"},
				"down": {"uv": [0, 0, 6.5, 1], "rotation": 90, "texture": "#front"}
			}
		},
		{
			"from": [9.76745, 3.2542, 5.57],
			"to": [9.76745, 8.9242, 10.43],
			"rotation": {"angle": 45, "axis": "z", "origin": [10.81887, 8.48868, 8]},
			"faces": {
				"north": {"uv": [9, 0, 0, 1], "rotation": 270, "texture": "#front"},
				"east": {"uv": [10, 8.5, 7, 12], "texture": "#front"},
				"south": {"uv": [9, 0, 0, 1], "rotation": 90, "texture": "#front"},
				"west": {"uv": [10, 8.5, 7, 12], "texture": "#front"},
				"up": {"uv": [4.5, 0, 0, 1], "rotation": 90, "texture": "#front"},
				"down": {"uv": [4.5, 0, 0, 1], "rotation": 90, "texture": "#front"}
			}
		},
		{
			"from": [10.53942, 6.46368, 5.975],
			"to": [11.51142, 10.51368, 10.025],
			"rotation": {"angle": 22.5, "axis": "z", "origin": [10.81887, 8.48868, 8]},
			"faces": {
				"north": {"uv": [6.5, 9, 9.5, 9.5], "rotation": 90, "texture": "#front"},
				"east": {"uv": [6.5, 6.5, 9.5, 9.5], "rotation": 90, "texture": "#front"},
				"south": {"uv": [6.5, 9, 9.5, 9.5], "rotation": 90, "texture": "#front"},
				"west": {"uv": [6, 4, 9, 7], "rotation": 90, "texture": "#front"},
				"up": {"uv": [6.5, 9, 9.5, 9.5], "rotation": 90, "texture": "#front"},
				"down": {"uv": [6.5, 9, 9.5, 9.5], "rotation": 90, "texture": "#front"}
			}
		},
		{
			"from": [10.70142, 6.22068, 5.732],
			"to": [11.75442, 10.75668, 10.268],
			"rotation": {"angle": 22.5, "axis": "z", "origin": [10.81887, 8.48868, 8]},
			"faces": {
				"north": {"uv": [9, 4, 6, 5], "rotation": 270, "texture": "#3"},
				"east": {"uv": [6, 4, 9, 7], "rotation": 90, "texture": "#3"},
				"south": {"uv": [6, 6, 9, 7], "rotation": 90, "texture": "#3"},
				"west": {"uv": [6, 4, 9, 7], "rotation": 90, "texture": "#3"},
				"up": {"uv": [6, 4, 7, 7], "rotation": 180, "texture": "#3"},
				"down": {"uv": [8, 4, 9, 7], "rotation": 180, "texture": "#3"}
			}
		},
		{
			"from": [8.5, 6.75, 7.5],
			"to": [10.25, 7.75, 8.5],
			"rotation": {"angle": 22.5, "axis": "z", "origin": [7.75, 6.25, 7]},
			"faces": {
				"north": {"uv": [8, 9, 9, 6.5], "rotation": 90, "texture": "#cross"},
				"east": {"uv": [8, 6, 9, 8], "rotation": 90, "texture": "#cross"},
				"south": {"uv": [8, 6.5, 9, 9], "rotation": 90, "texture": "#cross"},
				"west": {"uv": [8, 5, 9, 6], "rotation": 90, "texture": "#cross"},
				"up": {"uv": [8, 6.5, 9, 9], "rotation": 90, "texture": "#cross"},
				"down": {"uv": [8, 6.5, 9, 9], "rotation": 90, "texture": "#cross"}
			}
		}
	]
}