{
	"format_version": "1.21.6",
	"credit": "Made with Blockbench",
	"parent": "minecraft:block/tinted_cross",
	"textures": {
		"1": "block/furnace_log_unlit",
		"4": "block/sweet_berry_bush_stage1",
		"6": "block/sweet_berry_bush_stage3",
		"particle": "block/bush",
		"outside": "block/sweet_berry_bush_stage3_outside"
	},
	"elements": [
		{
			"from": [3, 2, 3],
			"to": [13, 12, 13],
			"rotation": {"angle": 0, "axis": "y", "origin": [3, 2, 3]},
			"faces": {
				"north": {"uv": [3, 3, 13, 13], "texture": "#6"},
				"east": {"uv": [3, 3, 13, 13], "texture": "#6"},
				"south": {"uv": [3, 3, 13, 13], "texture": "#6"},
				"west": {"uv": [3, 3, 13, 13], "texture": "#6"},
				"up": {"uv": [3, 3, 13, 13], "texture": "#6"},
				"down": {"uv": [13, 15, 14, 16], "texture": "#6"}
			}
		},
		{
			"from": [7, 0, 7],
			"to": [9, 4, 9],
			"rotation": {"angle": 0, "axis": "y", "origin": [7, 0, 7]},
			"faces": {
				"north": {"uv": [10, 0, 12, 4], "texture": "#1"},
				"east": {"uv": [10, 0, 12, 4], "texture": "#1"},
				"south": {"uv": [10, 0, 12, 4], "texture": "#1"},
				"west": {"uv": [10, 0, 12, 4], "texture": "#1"},
				"up": {"uv": [7, 2, 9, 4], "texture": "#1"},
				"down": {"uv": [7, 2, 9, 4], "texture": "#1"}
			}
		},
		{
			"from": [2.5, 1.5, 2.5],
			"to": [13.5, 12.5, 13.5],
			"rotation": {"angle": 0, "axis": "y", "origin": [3, 2, 3]},
			"faces": {
				"north": {"uv": [4, 3, 14, 13], "texture": "#outside"},
				"east": {"uv": [4, 3, 14, 13], "texture": "#outside"},
				"south": {"uv": [4, 3, 14, 13], "texture": "#outside"},
				"west": {"uv": [4, 3, 14, 13], "texture": "#outside"},
				"up": {"uv": [4, 3, 14, 13], "texture": "#outside"},
				"down": {"uv": [15, 15, 16, 16], "texture": "#outside"}
			}
		},
		{
			"from": [3, 4, 3],
			"to": [13, 4, 13],
			"rotation": {"angle": 0, "axis": "y", "origin": [3, 4, 3]},
			"faces": {
				"north": {"uv": [0, 0, 10, 0], "texture": "#missing"},
				"east": {"uv": [0, 0, 10, 0], "texture": "#missing"},
				"south": {"uv": [0, 0, 10, 0], "texture": "#missing"},
				"west": {"uv": [0, 0, 10, 0], "texture": "#missing"},
				"up": {"uv": [3, 3, 13, 13], "texture": "#4"},
				"down": {"uv": [3, 4, 13, 14], "texture": "#4"}
			}
		},
		{
			"from": [13.5, 1.5, 2.5],
			"to": [2.5, 12.5, 13.5],
			"rotation": {"angle": 0, "axis": "y", "origin": [3, 2, 3]},
			"faces": {
				"north": {"uv": [4, 3, 14, 13], "texture": "#outside"},
				"east": {"uv": [4, 3, 14, 13], "texture": "#outside"},
				"south": {"uv": [4, 3, 14, 13], "texture": "#outside"},
				"west": {"uv": [4, 3, 14, 13], "texture": "#outside"},
				"up": {"uv": [4, 3, 14, 13], "texture": "#outside"},
				"down": {"uv": [15, 15, 16, 16], "texture": "#outside"}
			}
		},
		{
			"from": [3, 2, 13],
			"to": [13, 12, 3],
			"rotation": {"angle": 0, "axis": "y", "origin": [3, 2, 3]},
			"faces": {
				"north": {"uv": [4, 6, 14, 16], "texture": "#6"},
				"east": {"uv": [4, 6, 14, 16], "texture": "#6"},
				"south": {"uv": [4, 6, 14, 16], "texture": "#6"},
				"west": {"uv": [4, 6, 14, 16], "texture": "#6"},
				"up": {"uv": [4, 6, 14, 16], "texture": "#6"},
				"down": {"uv": [13, 15, 14, 16], "texture": "#6"}
			}
		}
	]
}