{
	"format_version": "1.21.6",
	"credit": "Made with Blockbench",
	"parent": "minecraft:block/tinted_cross",
	"textures": {
		"1": "block/furnace_log_unlit",
		"4": "block/sweet_berry_bush_stage1",
		"particle": "block/bush",
		"outside": "block/sweet_berry_bush_stage3_outside"
	},
	"elements": [
		{
			"from": [4.5, 1.5, 4.5],
			"to": [11.5, 8.5, 11.5],
			"rotation": {"angle": 0, "axis": "y", "origin": [3, 1, 3]},
			"faces": {
				"north": {"uv": [3, 3, 13, 13], "texture": "#4"},
				"east": {"uv": [3, 3, 13, 13], "texture": "#4"},
				"south": {"uv": [3, 3, 13, 13], "texture": "#4"},
				"west": {"uv": [3, 3, 13, 13], "texture": "#4"},
				"up": {"uv": [3, 3, 13, 13], "texture": "#4"},
				"down": {"uv": [13, 15, 14, 16], "texture": "#4"}
			}
		},
		{
			"from": [7.5, 0, 7.5],
			"to": [8.5, 2, 8.5],
			"rotation": {"angle": 0, "axis": "y", "origin": [7, 0, 7]},
			"faces": {
				"north": {"uv": [10, 0, 12, 4], "texture": "#1"},
				"east": {"uv": [10, 0, 12, 4], "texture": "#1"},
				"south": {"uv": [10, 0, 12, 4], "texture": "#1"},
				"west": {"uv": [10, 0, 12, 4], "texture": "#1"},
				"up": {"uv": [7, 2, 9, 4], "texture": "#1"},
				"down": {"uv": [7, 2, 9, 4], "texture": "#1"}
			}
		},
		{
			"from": [4, 1, 4],
			"to": [12, 9, 12],
			"rotation": {"angle": 0, "axis": "y", "origin": [3, 1, 3]},
			"faces": {
				"north": {"uv": [4, 3, 12, 11], "texture": "#outside"},
				"east": {"uv": [4, 3, 12, 11], "texture": "#outside"},
				"south": {"uv": [4, 3, 12, 11], "texture": "#outside"},
				"west": {"uv": [4, 3, 12, 11], "texture": "#outside"},
				"up": {"uv": [4, 3, 12, 11], "texture": "#outside"},
				"down": {"uv": [15, 15, 16, 16], "texture": "#outside"}
			}
		},
		{
			"from": [4.5, 2, 4.5],
			"to": [11.5, 2, 11.5],
			"rotation": {"angle": 0, "axis": "y", "origin": [3, 2, 3]},
			"faces": {
				"north": {"uv": [0, 0, 10, 0], "texture": "#missing"},
				"east": {"uv": [0, 0, 10, 0], "texture": "#missing"},
				"south": {"uv": [0, 0, 10, 0], "texture": "#missing"},
				"west": {"uv": [0, 0, 10, 0], "texture": "#missing"},
				"up": {"uv": [3, 3, 13, 13], "texture": "#4"},
				"down": {"uv": [3, 4, 13, 14], "texture": "#4"}
			}
		},
		{
			"from": [4.5, 1.5, 11.5],
			"to": [11.5, 8.5, 4.5],
			"rotation": {"angle": 0, "axis": "y", "origin": [3, 1, 3]},
			"faces": {
				"north": {"uv": [4, 6, 14, 16], "texture": "#4"},
				"east": {"uv": [4, 6, 14, 16], "texture": "#4"},
				"south": {"uv": [4, 6, 14, 16], "texture": "#4"},
				"west": {"uv": [4, 6, 14, 16], "texture": "#4"},
				"up": {"uv": [4, 6, 14, 16], "texture": "#4"},
				"down": {"uv": [13, 15, 14, 16], "texture": "#4"}
			}
		},
		{
			"from": [12, 1, 4],
			"to": [4, 9, 12],
			"rotation": {"angle": 0, "axis": "y", "origin": [3, 1, 3]},
			"faces": {
				"north": {"uv": [4, 3, 12, 11], "texture": "#outside"},
				"east": {"uv": [4, 3, 12, 11], "texture": "#outside"},
				"south": {"uv": [4, 3, 12, 11], "texture": "#outside"},
				"west": {"uv": [4, 3, 12, 11], "texture": "#outside"},
				"up": {"uv": [4, 3, 12, 11], "texture": "#outside"},
				"down": {"uv": [15, 15, 16, 16], "texture": "#outside"}
			}
		}
	]
}