{
	"format_version": "1.21.6",
	"credit": "Made with Blockbench",
	"parent": "minecraft:block/tinted_cross",
	"textures": {
		"3": "block/sweet_berry_bush_stage0_outside",
		"particle": "block/bush"
	},
	"elements": [
		{
			"from": [5, 0.5, 5],
			"to": [11, 6.5, 11],
			"rotation": {"angle": 0, "axis": "y", "origin": [7, 0, 7]},
			"faces": {
				"north": {"uv": [5, 10, 11, 16], "texture": "#3"},
				"east": {"uv": [5, 10, 11, 16], "texture": "#3"},
				"south": {"uv": [5, 10, 11, 16], "texture": "#3"},
				"west": {"uv": [5, 10, 11, 16], "texture": "#3"},
				"up": {"uv": [5, 10, 11, 16], "texture": "#3"},
				"down": {"uv": [5, 10, 11, 16], "texture": "#3"}
			}
		},
		{
			"from": [4.5, 0, 4.5],
			"to": [11.5, 7, 11.5],
			"rotation": {"angle": 0, "axis": "y", "origin": [7, 0, 7]},
			"faces": {
				"north": {"uv": [5, 10, 11, 16], "texture": "#3"},
				"east": {"uv": [5, 10, 11, 16], "texture": "#3"},
				"south": {"uv": [5, 10, 11, 16], "texture": "#3"},
				"west": {"uv": [5, 10, 11, 16], "texture": "#3"},
				"up": {"uv": [5, 10, 11, 16], "texture": "#3"},
				"down": {"uv": [5, 10, 11, 16], "texture": "#3"}
			}
		},
		{
			"from": [5, 0.5, 11],
			"to": [11, 6.5, 5],
			"rotation": {"angle": 0, "axis": "y", "origin": [7, 0, 7]},
			"faces": {
				"north": {"uv": [5, 10, 11, 16], "texture": "#3"},
				"east": {"uv": [5, 10, 11, 16], "texture": "#3"},
				"south": {"uv": [5, 10, 11, 16], "texture": "#3"},
				"west": {"uv": [5, 10, 11, 16], "texture": "#3"},
				"up": {"uv": [5, 10, 11, 16], "texture": "#3"},
				"down": {"uv": [5, 10, 11, 16], "texture": "#3"}
			}
		},
		{
			"from": [4.5, 0.05, 11.5],
			"to": [11.5, 7, 4.5],
			"rotation": {"angle": 0, "axis": "y", "origin": [7, 0, 7]},
			"faces": {
				"north": {"uv": [5, 10, 11, 16], "texture": "#3"},
				"east": {"uv": [5, 10, 11, 16], "texture": "#3"},
				"south": {"uv": [5, 10, 11, 16], "texture": "#3"},
				"west": {"uv": [5, 10, 11, 16], "texture": "#3"},
				"up": {"uv": [5, 10, 11, 16], "texture": "#3"},
				"down": {"uv": [5, 10, 11, 16], "texture": "#3"}
			}
		}
	]
}