{
	"format_version": "1.21.6",
	"credit": "Made with Blockbench",
	"parent": "minecraft:block/tinted_cross",
	"textures": {
		"1": "block/tall_grass_top",
		"2": "block/short_grass",
		"particle": "block/tall_grass_bottom",
		"cross": "block/tall_grass_bottom"
	},
	"elements": [
		{
			"from": [8, 0, 0.56],
			"to": [8, 14.88, 15.44],
			"rotation": {"angle": 45, "axis": "y", "origin": [8, 0, 8]},
			"faces": {
				"east": {"uv": [0, 0, 16, 16], "texture": "#cross", "tintindex": 0},
				"west": {"uv": [0, 0, 16, 16], "texture": "#cross", "tintindex": 0}
			}
		},
		{
			"from": [8, 14.88, 0.56],
			"to": [8, 28.365, 15.44],
			"rotation": {"angle": 45, "axis": "y", "origin": [8, 0, 8]},
			"faces": {
				"east": {"uv": [0, 0, 16, 16], "texture": "#1", "tintindex": 0},
				"west": {"uv": [0, 0, 16, 16], "texture": "#1", "tintindex": 0}
			}
		},
		{
			"from": [0.56, 0, 8],
			"to": [15.44, 14.88, 8],
			"rotation": {"angle": 45, "axis": "y", "origin": [8, 0, 8]},
			"faces": {
				"north": {"uv": [0, 0, 16, 16], "texture": "#cross", "tintindex": 0},
				"south": {"uv": [0, 0, 16, 16], "texture": "#cross", "tintindex": 0}
			}
		},
		{
			"from": [0.56, 14.88, 8],
			"to": [15.44, 28.365, 8],
			"rotation": {"angle": 45, "axis": "y", "origin": [8, 0, 8]},
			"faces": {
				"north": {"uv": [0, 0, 16, 16], "texture": "#1", "tintindex": 0},
				"south": {"uv": [0, 0, 16, 16], "texture": "#1", "tintindex": 0}
			}
		},
		{
			"from": [0.56, 0, 9.86],
			"to": [15.44, 14.88, 9.86],
			"rotation": {"angle": -22.5, "axis": "x", "origin": [8, 0, 9.86]},
			"faces": {
				"north": {"uv": [0, 0, 16, 16], "texture": "#2", "tintindex": 0},
				"south": {"uv": [0, 0, 16, 16], "texture": "#2", "tintindex": 0}
			}
		},
		{
			"from": [0.56, 0, 6.14],
			"to": [15.44, 14.88, 6.14],
			"rotation": {"angle": 22.5, "axis": "x", "origin": [8, 0, 6.14]},
			"faces": {
				"north": {"uv": [16, 0, 0, 16], "texture": "#2", "tintindex": 0},
				"south": {"uv": [16, 0, 0, 16], "texture": "#2", "tintindex": 0}
			}
		},
		{
			"from": [7.08798, -0.18857, 0.56],
			"to": [7.08798, 14.69143, 15.44],
			"rotation": {"angle": 22.5, "axis": "z", "origin": [8, 6.87367, 8]},
			"faces": {
				"east": {"uv": [0, 0, 16, 16], "texture": "#2", "tintindex": 0},
				"west": {"uv": [0, 0, 16, 16], "texture": "#2", "tintindex": 0}
			}
		},
		{
			"from": [8.91202, -0.18857, 0.56],
			"to": [8.91202, 14.69143, 15.44],
			"rotation": {"angle": -22.5, "axis": "z", "origin": [8, 6.87367, 8]},
			"faces": {
				"east": {"uv": [0, 0, 16, 16], "texture": "#2", "tintindex": 0},
				"west": {"uv": [0, 0, 16, 16], "texture": "#2", "tintindex": 0}
			}
		},
		{
			"from": [0.56, 0, 8],
			"to": [15.44, 14.88, 8],
			"rotation": {"angle": 0, "axis": "y", "origin": [8, 0, 8]},
			"faces": {
				"north": {"uv": [0, 0, 16, 16], "texture": "#cross", "tintindex": 0},
				"south": {"uv": [0, 0, 16, 16], "texture": "#cross", "tintindex": 0}
			}
		},
		{
			"from": [0.56, 14.88, 8],
			"to": [15.44, 28.365, 8],
			"rotation": {"angle": 0, "axis": "y", "origin": [8, 0, 8]},
			"faces": {
				"north": {"uv": [0, 0, 16, 16], "texture": "#1", "tintindex": 0},
				"south": {"uv": [0, 0, 16, 16], "texture": "#1", "tintindex": 0}
			}
		},
		{
			"from": [8, 0, 0.56],
			"to": [8, 14.88, 15.44],
			"rotation": {"angle": 0, "axis": "y", "origin": [8, 0, 8]},
			"faces": {
				"east": {"uv": [0, 0, 16, 16], "texture": "#cross", "tintindex": 0},
				"west": {"uv": [0, 0, 16, 16], "texture": "#cross", "tintindex": 0}
			}
		},
		{
			"from": [8, 14.88, 0.56],
			"to": [8, 28.365, 15.44],
			"rotation": {"angle": 0, "axis": "y", "origin": [8, 0, 8]},
			"faces": {
				"east": {"uv": [0, 0, 16, 16], "texture": "#1", "tintindex": 0},
				"west": {"uv": [0, 0, 16, 16], "texture": "#1", "tintindex": 0}
			}
		}
	],
	"groups": [
		{
			"name": "cube",
			"origin": [0, 16, 0],
			"color": 0,
			"children": [0, 1]
		},
		{
			"name": "cube",
			"origin": [0, 16, 0],
			"color": 0,
			"children": [2, 3]
		},
		4,
		5,
		6,
		7,
		{
			"name": "cube",
			"origin": [0, 16, 0],
			"color": 0,
			"children": [8, 9]
		},
		{
			"name": "cube",
			"origin": [0, 16, 0],
			"color": 0,
			"children": [10, 11]
		}
	]
}