{
	"format_version": "1.21.6",
	"credit": "Made with Blockbench",
	"ambientocclusion": false,
	"textures": {
		"particle": "#edge"
	},
	"elements": [
		{
			"from": [7, 0.001, 7],
			"to": [9, 0.001, 9],
			"faces": {
				"north": {"uv": [0, 0, 0, 0], "texture": "#edge"},
				"east": {"uv": [0, 0, 0, 0], "texture": "#edge"},
				"south": {"uv": [0, 0, 0, 0], "texture": "#edge"},
				"west": {"uv": [0, 0, 0, 0], "texture": "#edge"},
				"up": {"uv": [14, 14, 16, 16], "texture": "#edge"},
				"down": {"uv": [14, 14, 16, 16], "texture": "#edge"}
			}
		},
		{
			"from": [7, 15.999, 7],
			"to": [9, 15.999, 9],
			"faces": {
				"north": {"uv": [0, 0, 0, 0], "texture": "#edge"},
				"east": {"uv": [0, 0, 0, 0], "texture": "#edge"},
				"south": {"uv": [0, 0, 0, 0], "texture": "#edge"},
				"west": {"uv": [0, 0, 0, 0], "texture": "#edge"},
				"up": {"uv": [14, 14, 16, 16], "texture": "#edge"},
				"down": {"uv": [14, 14, 16, 16], "texture": "#edge"}
			}
		}
	]
}