{
	"format_version": "1.21.6",
	"credit": "By Ewan Howell",
	"parent": "block/block",
	"textures": {
		"2": "block/stripped_oak_log",
		"3": "block/white_wool",
		"particle": "block/stripped_oak_log"
	},
	"elements": [
		{
			"from": [12.95, -0.05, 12.95],
			"to": [16.05, 3, 16.05],
			"rotation": {"angle": 0, "axis": "y", "origin": [0, 0, -16]},
			"faces": {
				"north": {"uv": [14, 2.25, 14.75, 3], "texture": "#bed"},
				"east": {"uv": [13.25, 2.25, 14, 3], "texture": "#bed", "cullface": "east"},
				"south": {"uv": [12.5, 2.25, 13.25, 3], "texture": "#bed", "cullface": "south"},
				"west": {"uv": [14.75, 2.25, 15.5, 3], "texture": "#bed"},
				"down": {"uv": [14.75, 1.5, 14, 2.25], "rotation": 270, "texture": "#bed", "cullface": "down"}
			}
		},
		{
			"from": [-0.05, -0.05, 12.95],
			"to": [3.05, 3, 16.05],
			"rotation": {"angle": 0, "axis": "y", "origin": [0, 0, -16]},
			"faces": {
				"north": {"uv": [14.75, 5.25, 15.5, 6], "texture": "#bed"},
				"east": {"uv": [14, 5.25, 14.75, 6], "texture": "#bed"},
				"south": {"uv": [13.25, 5.25, 14, 6], "texture": "#bed", "cullface": "south"},
				"west": {"uv": [12.5, 5.25, 13.25, 6], "texture": "#bed", "cullface": "west"},
				"down": {"uv": [14.75, 4.5, 14, 5.25], "rotation": 180, "texture": "#bed", "cullface": "down"}
			}
		},
		{
			"from": [-0.05, 2.95, 0],
			"to": [16.05, 9.1, 16.05],
			"rotation": {"angle": 0, "axis": "y", "origin": [-0.05, 0, -16]},
			"faces": {
				"east": {"uv": [0, 1.5, 1.5, 5.5], "rotation": 270, "texture": "#bed", "cullface": "east"},
				"south": {"uv": [5.5, 1.5, 1.5, 0], "texture": "#bed", "cullface": "south"},
				"west": {"uv": [5.5, 1.5, 7, 5.5], "rotation": 90, "texture": "#bed", "cullface": "west"},
				"up": {"uv": [1.5, 1.5, 5.5, 5.5], "rotation": 180, "texture": "#bed"},
				"down": {"uv": [7, 1.5, 11, 5.5], "texture": "#bed"}
			}
		},
		{
			"from": [14.5, -4, 14.5],
			"to": [17.5, 12, 17.5],
			"rotation": {"angle": 0, "axis": "y", "origin": [17.5, 0, 16.5]},
			"faces": {
				"north": {"uv": [3, 0, 0, 16], "texture": "#2"},
				"east": {"uv": [3, 0, 0, 16], "texture": "#2"},
				"south": {"uv": [3, 0, 0, 16], "texture": "#2"},
				"west": {"uv": [3, 0, 0, 16], "texture": "#2"},
				"up": {"uv": [3, 0, 0, 3], "texture": "#2"},
				"down": {"uv": [3, 13, 0, 16], "texture": "#2"}
			}
		},
		{
			"from": [-1.5, -4, 14.5],
			"to": [1.5, 12, 17.5],
			"rotation": {"angle": 0, "axis": "y", "origin": [-1.5, 0, 16.5]},
			"faces": {
				"north": {"uv": [0, 0, 3, 16], "texture": "#2"},
				"east": {"uv": [0, 0, 3, 16], "texture": "#2"},
				"south": {"uv": [0, 0, 3, 16], "texture": "#2"},
				"west": {"uv": [0, 0, 3, 16], "texture": "#2"},
				"up": {"uv": [0, 0, 3, 3], "texture": "#2"},
				"down": {"uv": [0, 13, 3, 16], "texture": "#2"}
			}
		},
		{
			"from": [2.5, 8.8, 8.25],
			"to": [13.5, 10.8, 14.25],
			"rotation": {"angle": -7.5, "axis": "x", "origin": [8, 10.8, 14.25]},
			"faces": {
				"north": {"uv": [0, 0, 11, 2], "texture": "#3"},
				"east": {"uv": [0, 0, 6, 2], "texture": "#3"},
				"south": {"uv": [0, 0, 11, 2], "texture": "#3"},
				"west": {"uv": [0, 0, 6, 2], "texture": "#3"},
				"up": {"uv": [0, 0, 11, 6], "texture": "#3"},
				"down": {"uv": [0, 0, 11, 6], "texture": "#3"}
			}
		},
		{
			"from": [1.5, 2.65, 15.5],
			"to": [14.5, 7, 16.5],
			"rotation": {"angle": 0, "axis": "y", "origin": [1.5, 3, 15.5]},
			"faces": {
				"north": {"uv": [1, 0, 14, 4], "texture": "#2"},
				"east": {"uv": [0, 0, 1, 4], "texture": "#2"},
				"south": {"uv": [1, 0, 14, 4], "texture": "#2"},
				"west": {"uv": [0, 0, 1, 4], "texture": "#2"},
				"up": {"uv": [1, 0, 14, 1], "texture": "#2"},
				"down": {"uv": [1, 0, 14, 1], "texture": "#2"}
			}
		},
		{
			"from": [-0.5, 2.65, 0],
			"to": [0.5, 7, 14.5],
			"rotation": {"angle": 0, "axis": "y", "origin": [-0.5, 3, 0]},
			"faces": {
				"north": {"uv": [0, 0, 1, 4], "texture": "#2"},
				"east": {"uv": [2, 9, 16, 13], "texture": "#2"},
				"south": {"uv": [0, 0, 1, 4], "texture": "#2"},
				"west": {"uv": [2, 9, 16, 13], "texture": "#2"},
				"up": {"uv": [2, 9, 16, 10], "rotation": 90, "texture": "#2"},
				"down": {"uv": [2, 9, 16, 10], "rotation": 90, "texture": "#2"}
			}
		},
		{
			"from": [15.5, 2.65, 0],
			"to": [16.5, 7, 14.5],
			"rotation": {"angle": 0, "axis": "y", "origin": [16.5, 3, 0]},
			"faces": {
				"north": {"uv": [1, 0, 0, 4], "texture": "#2"},
				"east": {"uv": [16, 9, 2, 13], "texture": "#2"},
				"south": {"uv": [1, 0, 0, 4], "texture": "#2"},
				"west": {"uv": [16, 9, 2, 13], "texture": "#2"},
				"up": {"uv": [2, 10, 16, 9], "rotation": 90, "texture": "#2"},
				"down": {"uv": [2, 10, 16, 9], "rotation": 90, "texture": "#2"}
			}
		}
	]
}