{
	"format_version": "1.21.6",
	"credit": "Made with Blockbench",
	"textures": {
		"particle": "#platform"
	},
	"elements": [
		{
			"from": [0, 0, 0],
			"to": [16, 16, 4],
			"faces": {
				"north": {"uv": [0, 0, 16, 16], "texture": "#platform", "cullface": "north"},
				"east": {"uv": [0, 0, 16, 4], "rotation": 90, "texture": "#side", "cullface": "east"},
				"south": {"uv": [0, 0, 16, 16], "texture": "#unsticky"},
				"west": {"uv": [0, 0, 16, 4], "rotation": 270, "texture": "#side", "cullface": "west"},
				"up": {"uv": [0, 0, 16, 4], "texture": "#side", "cullface": "up"},
				"down": {"uv": [0, 0, 16, 4], "rotation": 180, "texture": "#side", "cullface": "down"}
			}
		},
		{
			"from": [6, 6, 4],
			"to": [10, 10, 20.5],
			"faces": {
				"east": {"uv": [0, 0, 16, 4], "texture": "#side"},
				"west": {"uv": [16, 4, 0, 0], "texture": "#side"},
				"up": {"uv": [0, 0, 16, 4], "rotation": 270, "texture": "#side"},
				"down": {"uv": [0, 0, 16, 4], "rotation": 90, "texture": "#side"}
			}
		},
		{
			"from": [14, 14, -0.25],
			"to": [16.25, 16.25, 4.25],
			"rotation": {"angle": 0, "axis": "y", "origin": [16, 14.25, 0]},
			"faces": {
				"north": {"uv": [16, 14, 14, 16], "texture": "#platform"},
				"east": {"uv": [0, 0, 2, 4], "rotation": 90, "texture": "#side"},
				"south": {"uv": [2, 14, 0, 16], "texture": "#unsticky"},
				"west": {"uv": [16, 4, 14, 0], "rotation": 90, "texture": "#side"},
				"up": {"uv": [16, 0, 14, 4], "texture": "#side"},
				"down": {"uv": [16, 4, 14, 0], "texture": "#side"}
			}
		},
		{
			"from": [7, 14, -0.25],
			"to": [9, 16.25, 4.25],
			"rotation": {"angle": 0, "axis": "y", "origin": [7, 14.25, 0]},
			"faces": {
				"north": {"uv": [7, 0, 9, 2], "texture": "#platform"},
				"east": {"uv": [16, 0, 14, 4], "rotation": 90, "texture": "#side"},
				"south": {"uv": [7, 0, 9, 2], "texture": "#unsticky"},
				"west": {"uv": [0, 4, 2, 0], "rotation": 90, "texture": "#side"},
				"up": {"uv": [7, 0, 9, 4], "texture": "#side"},
				"down": {"uv": [14, 4, 16, 0], "texture": "#side"}
			}
		},
		{
			"from": [-0.25, 14, -0.25],
			"to": [2, 16.25, 4.25],
			"rotation": {"angle": 0, "axis": "y", "origin": [0, 14.25, 0]},
			"faces": {
				"north": {"uv": [14, 14, 16, 16], "texture": "#platform"},
				"east": {"uv": [16, 0, 14, 4], "rotation": 90, "texture": "#side"},
				"south": {"uv": [0, 14, 2, 16], "texture": "#unsticky"},
				"west": {"uv": [0, 4, 2, 0], "rotation": 90, "texture": "#side"},
				"up": {"uv": [14, 0, 16, 4], "texture": "#side"},
				"down": {"uv": [14, 4, 16, 0], "texture": "#side"}
			}
		},
		{
			"from": [-0.25, 7, -0.25],
			"to": [2, 9, 4.25],
			"rotation": {"angle": 0, "axis": "y", "origin": [8, 8, 2]},
			"faces": {
				"north": {"uv": [7, 0, 9, 2], "rotation": 270, "texture": "#platform"},
				"east": {"uv": [7, 0, 9, 4], "rotation": 90, "texture": "#side"},
				"south": {"uv": [7, 0, 9, 2], "rotation": 90, "texture": "#unsticky"},
				"west": {"uv": [14, 4, 16, 0], "rotation": 90, "texture": "#side"},
				"up": {"uv": [0, 4, 2, 0], "rotation": 180, "texture": "#side"},
				"down": {"uv": [16, 0, 14, 4], "rotation": 180, "texture": "#side"}
			}
		},
		{
			"from": [-0.25, -0.25, -0.25],
			"to": [2, 2, 4.25],
			"faces": {
				"north": {"uv": [14, 14, 16, 16], "texture": "#platform"},
				"east": {"uv": [16, 0, 14, 4], "rotation": 90, "texture": "#side"},
				"south": {"uv": [0, 14, 2, 16], "texture": "#unsticky"},
				"west": {"uv": [0, 4, 2, 0], "rotation": 90, "texture": "#side"},
				"up": {"uv": [14, 0, 16, 4], "texture": "#side"},
				"down": {"uv": [14, 4, 16, 0], "texture": "#side"}
			}
		},
		{
			"from": [7, -0.25, -0.25],
			"to": [9, 2, 4.25],
			"rotation": {"angle": 0, "axis": "y", "origin": [7, 0, 0]},
			"faces": {
				"north": {"uv": [7, 0, 9, 2], "texture": "#platform"},
				"east": {"uv": [16, 0, 14, 4], "rotation": 90, "texture": "#side"},
				"south": {"uv": [7, 0, 9, 2], "texture": "#unsticky"},
				"west": {"uv": [0, 4, 2, 0], "rotation": 90, "texture": "#side"},
				"up": {"uv": [7, 0, 9, 4], "texture": "#side"},
				"down": {"uv": [14, 4, 16, 0], "texture": "#side"}
			}
		},
		{
			"from": [14, -0.25, -0.25],
			"to": [16.25, 2, 4.25],
			"rotation": {"angle": 0, "axis": "y", "origin": [16, 0, 0]},
			"faces": {
				"north": {"uv": [16, 14, 14, 16], "texture": "#platform"},
				"east": {"uv": [0, 0, 2, 4], "rotation": 90, "texture": "#side"},
				"south": {"uv": [2, 14, 0, 16], "texture": "#unsticky"},
				"west": {"uv": [16, 4, 14, 0], "rotation": 90, "texture": "#side"},
				"up": {"uv": [16, 0, 14, 4], "texture": "#side"},
				"down": {"uv": [16, 4, 14, 0], "texture": "#side"}
			}
		},
		{
			"from": [14, 7, -0.25],
			"to": [16.25, 9, 4.25],
			"rotation": {"angle": 0, "axis": "y", "origin": [8, 8, 2]},
			"faces": {
				"north": {"uv": [7, 0, 9, 2], "rotation": 270, "texture": "#platform"},
				"east": {"uv": [7, 0, 9, 4], "rotation": 90, "texture": "#side"},
				"south": {"uv": [7, 0, 9, 2], "rotation": 90, "texture": "#unsticky"},
				"west": {"uv": [14, 4, 16, 0], "rotation": 90, "texture": "#side"},
				"up": {"uv": [0, 4, 2, 0], "rotation": 180, "texture": "#side"},
				"down": {"uv": [16, 0, 14, 4], "rotation": 180, "texture": "#side"}
			}
		}
	]
}