{
	"format_version": "1.21.6",
	"credit": "Made with Blockbench",
	"ambientocclusion": false,
	"textures": {
		"particle": "#bars"
	},
	"elements": [
		{
			"from": [8, 0, 8],
			"to": [8, 16, 16],
			"faces": {
				"east": {"uv": [0, 0, 8, 16], "texture": "#bars"},
				"west": {"uv": [8, 0, 0, 16], "texture": "#bars"}
			}
		},
		{
			"from": [7.05, 0, 8],
			"to": [8.95, 16, 9],
			"rotation": {"angle": 0, "axis": "y", "origin": [7, 0, 8]},
			"faces": {
				"north": {"uv": [9, 0, 7, 16], "texture": "#bars"},
				"east": {"uv": [7, 0, 8, 16], "texture": "#bars"},
				"south": {"uv": [9, 0, 7, 16], "texture": "#bars"},
				"west": {"uv": [7, 0, 8, 16], "texture": "#bars"},
				"up": {"uv": [7, 0, 9, 1], "texture": "#bars"},
				"down": {"uv": [7, 15, 9, 16], "texture": "#bars"}
			}
		},
		{
			"from": [7, 0, 12],
			"to": [9, 16, 14],
			"rotation": {"angle": 0, "axis": "y", "origin": [7, 0, 12]},
			"faces": {
				"north": {"uv": [12, 0, 14, 16], "texture": "#bars"},
				"east": {"uv": [12, 0, 14, 16], "texture": "#bars"},
				"south": {"uv": [12, 0, 14, 16], "texture": "#bars"},
				"west": {"uv": [12, 0, 14, 16], "texture": "#bars"},
				"up": {"uv": [7, 0, 9, 1], "texture": "#bars"},
				"down": {"uv": [2, 14, 4, 16], "texture": "#bars"}
			}
		},
		{
			"from": [7.5, 12, 9],
			"to": [8.5, 14, 12],
			"rotation": {"angle": 0, "axis": "y", "origin": [7.5, 12, 9]},
			"faces": {
				"north": {"uv": [0, 0, 1, 2], "texture": "#bars"},
				"east": {"uv": [4, 2, 7, 4], "texture": "#bars"},
				"south": {"uv": [0, 0, 1, 2], "texture": "#bars"},
				"west": {"uv": [4, 2, 7, 4], "texture": "#bars"},
				"up": {"uv": [7, 2, 4, 3], "rotation": 90, "texture": "#bars"},
				"down": {"uv": [7, 3, 4, 4], "rotation": 90, "texture": "#bars"}
			}
		},
		{
			"from": [7.5, 7, 14],
			"to": [8.5, 9, 16],
			"rotation": {"angle": 0, "axis": "y", "origin": [7.5, 7, 14]},
			"faces": {
				"north": {"uv": [15, 7, 16, 9], "texture": "#bars"},
				"east": {"uv": [14, 7, 16, 9], "texture": "#bars"},
				"south": {"uv": [15, 7, 16, 9], "texture": "#bars"},
				"west": {"uv": [16, 7, 14, 9], "texture": "#bars"},
				"up": {"uv": [16, 7, 14, 8], "rotation": 90, "texture": "#bars"},
				"down": {"uv": [14, 8, 16, 9], "rotation": 90, "texture": "#bars"}
			}
		}
	]
}