{
	"format_version": "1.21.6",
	"credit": "By Ewan Howell",
	"parent": "block/block",
	"textures": {
		"3": "block/stripped_oak_log",
		"particle": "block/stripped_oak_log"
	},
	"elements": [
		{
			"from": [12.95, -0.05, -0.05],
			"to": [16.05, 3, 3.05],
			"faces": {
				"north": {"uv": [13.25, 0.75, 14, 1.5], "texture": "#bed", "cullface": "north"},
				"east": {"uv": [12.5, 0.75, 13.25, 1.5], "texture": "#bed", "cullface": "east"},
				"south": {"uv": [14.75, 0.75, 15.5, 1.5], "texture": "#bed"},
				"west": {"uv": [14, 0.75, 14.75, 1.5], "texture": "#bed"},
				"down": {"uv": [14.75, 0, 14, 0.75], "texture": "#bed", "cullface": "down"}
			}
		},
		{
			"from": [-0.05, -0.05, -0.05],
			"to": [3.05, 3, 3.05],
			"faces": {
				"north": {"uv": [12.5, 3.75, 13.25, 4.5], "texture": "#bed", "cullface": "north"},
				"east": {"uv": [14.75, 3.75, 15.5, 4.5], "texture": "#bed"},
				"south": {"uv": [14, 3.75, 14.75, 4.5], "texture": "#bed"},
				"west": {"uv": [13.25, 3.75, 14, 4.5], "texture": "#bed", "cullface": "west"},
				"down": {"uv": [14.75, 3, 14, 3.75], "rotation": 90, "texture": "#bed", "cullface": "down"}
			}
		},
		{
			"from": [-0.05, 2.95, -0.05],
			"to": [16.05, 9.1, 16],
			"faces": {
				"north": {"uv": [9.5, 5.5, 5.5, 7], "rotation": 180, "texture": "#bed", "cullface": "north"},
				"east": {"uv": [0, 7, 1.5, 11], "rotation": 270, "texture": "#bed", "cullface": "east"},
				"west": {"uv": [5.5, 7, 7, 11], "rotation": 90, "texture": "#bed", "cullface": "west"},
				"up": {"uv": [1.5, 7, 5.5, 11], "rotation": 180, "texture": "#bed"},
				"down": {"uv": [7, 7, 11, 11], "texture": "#bed"}
			}
		},
		{
			"from": [14.5, -4, -1.5],
			"to": [17.5, 12, 1.5],
			"rotation": {"angle": 0, "axis": "y", "origin": [17.5, 0, -0.5]},
			"faces": {
				"north": {"uv": [0, 0, 3, 16], "texture": "#3"},
				"east": {"uv": [0, 0, 3, 16], "texture": "#3"},
				"south": {"uv": [0, 0, 3, 16], "texture": "#3"},
				"west": {"uv": [0, 0, 3, 16], "texture": "#3"},
				"up": {"uv": [3, 3, 0, 0], "texture": "#3"},
				"down": {"uv": [3, 16, 0, 13], "texture": "#3"}
			}
		},
		{
			"from": [-1.5, -4, -1.5],
			"to": [1.5, 12, 1.5],
			"rotation": {"angle": 0, "axis": "y", "origin": [-1.5, 0, -0.5]},
			"faces": {
				"north": {"uv": [3, 0, 0, 16], "texture": "#3"},
				"east": {"uv": [3, 0, 0, 16], "texture": "#3"},
				"south": {"uv": [3, 0, 0, 16], "texture": "#3"},
				"west": {"uv": [3, 0, 0, 16], "texture": "#3"},
				"up": {"uv": [0, 3, 3, 0], "texture": "#3"},
				"down": {"uv": [0, 16, 3, 13], "texture": "#3"}
			}
		},
		{
			"from": [1.5, 2.65, -0.5],
			"to": [14.5, 7, 0.5],
			"rotation": {"angle": 0, "axis": "y", "origin": [1.5, 3, 0.5]},
			"faces": {
				"north": {"uv": [14, 0, 1, 4], "texture": "#3"},
				"east": {"uv": [1, 0, 0, 4], "texture": "#3"},
				"south": {"uv": [14, 0, 1, 4], "texture": "#3"},
				"west": {"uv": [1, 0, 0, 4], "texture": "#3"},
				"up": {"uv": [1, 1, 14, 0], "texture": "#3"},
				"down": {"uv": [1, 1, 14, 0], "texture": "#3"}
			}
		},
		{
			"from": [15.5, 2.65, 1.5],
			"to": [16.5, 7, 16],
			"rotation": {"angle": 0, "axis": "y", "origin": [16.5, 3, 16]},
			"faces": {
				"north": {"uv": [0, 0, 1, 4], "texture": "#3"},
				"east": {"uv": [2, 9, 16, 13], "texture": "#3"},
				"south": {"uv": [0, 0, 1, 4], "texture": "#3"},
				"west": {"uv": [2, 9, 16, 13], "texture": "#3"},
				"up": {"uv": [16, 10, 2, 9], "rotation": 90, "texture": "#3"},
				"down": {"uv": [16, 10, 2, 9], "rotation": 90, "texture": "#3"}
			}
		},
		{
			"from": [-0.5, 2.65, 1.5],
			"to": [0.5, 7, 16],
			"rotation": {"angle": 0, "axis": "y", "origin": [-0.5, 3, 16]},
			"faces": {
				"north": {"uv": [1, 0, 0, 4], "texture": "#3"},
				"east": {"uv": [16, 9, 2, 13], "texture": "#3"},
				"south": {"uv": [1, 0, 0, 4], "texture": "#3"},
				"west": {"uv": [16, 9, 2, 13], "texture": "#3"},
				"up": {"uv": [16, 9, 2, 10], "rotation": 90, "texture": "#3"},
				"down": {"uv": [16, 9, 2, 10], "rotation": 90, "texture": "#3"}
			}
		}
	]
}