{
	"format_version": "1.21.6",
	"credit": "Made with Blockbench",
	"ambientocclusion": false,
	"textures": {
		"particle": "#bars"
	},
	"elements": [
		{
			"from": [7, 0, 8],
			"to": [9, 16, 9],
			"rotation": {"angle": 0, "axis": "y", "origin": [7, 0, 8]},
			"faces": {
				"north": {"uv": [7, 0, 9, 16], "texture": "#bars"},
				"east": {"uv": [7, 0, 8, 16], "texture": "#bars"},
				"south": {"uv": [9, 0, 7, 16], "texture": "#bars"},
				"west": {"uv": [8, 0, 9, 16], "texture": "#bars"},
				"up": {"uv": [7, 0, 9, 1], "texture": "#bars"},
				"down": {"uv": [7, 15, 9, 16], "texture": "#bars"}
			}
		}
	]
}