{
	"format_version": "1.21.6",
	"credit": "Made with Blockbench",
	"parent": "minecraft:block/cross",
	"textures": {
		"cross": "block/torchflower_crop_stage1"
	},
	"elements": [
		{
			"from": [0, 0, 8],
			"to": [16, 9, 8],
			"rotation": {"angle": -45, "axis": "y", "origin": [8, 0, 8]},
			"faces": {
				"north": {"uv": [0, 7, 16, 16], "texture": "#cross"},
				"east": {"uv": [0, 0, 0, 16], "texture": "#missing"},
				"south": {"uv": [0, 7, 16, 16], "texture": "#cross"},
				"west": {"uv": [0, 0, 0, 16], "texture": "#missing"},
				"up": {"uv": [0, 0, 16, 0], "texture": "#missing"},
				"down": {"uv": [0, 0, 16, 0], "texture": "#missing"}
			}
		},
		{
			"from": [0, 0, 8],
			"to": [16, 9, 8],
			"rotation": {"angle": 45, "axis": "y", "origin": [8, 0, 8]},
			"faces": {
				"north": {"uv": [0, 7, 16, 16], "texture": "#cross"},
				"east": {"uv": [0, 0, 0, 16], "texture": "#missing"},
				"south": {"uv": [0, 7, 16, 16], "texture": "#cross"},
				"west": {"uv": [0, 0, 0, 16], "texture": "#missing"},
				"up": {"uv": [0, 0, 16, 0], "texture": "#missing"},
				"down": {"uv": [0, 0, 16, 0], "texture": "#missing"}
			}
		},
		{
			"from": [6.5, 6, 6.5],
			"to": [9.5, 9, 9.5],
			"rotation": {"angle": 0, "axis": "y", "origin": [6.5, 6, 7]},
			"faces": {
				"north": {"uv": [7, 6, 10, 9], "texture": "#cross"},
				"east": {"uv": [7, 6, 10, 9], "texture": "#cross"},
				"south": {"uv": [7, 6, 10, 9], "texture": "#cross"},
				"west": {"uv": [7, 6, 10, 9], "texture": "#cross"},
				"up": {"uv": [7, 6, 10, 9], "texture": "#cross"},
				"down": {"uv": [7, 6, 10, 9], "texture": "#cross"}
			}
		},
		{
			"from": [7, 9, 7],
			"to": [9, 10, 9],
			"rotation": {"angle": 0, "axis": "y", "origin": [6.5, 6, 7]},
			"faces": {
				"north": {"uv": [7, 8, 9, 9], "texture": "#cross"},
				"east": {"uv": [7, 8, 9, 9], "texture": "#cross"},
				"south": {"uv": [7, 8, 9, 9], "texture": "#cross"},
				"west": {"uv": [7, 8, 9, 9], "texture": "#cross"},
				"up": {"uv": [7, 7, 9, 9], "texture": "#cross"},
				"down": {"uv": [7, 9, 10, 12], "texture": "#cross"}
			}
		}
	]
}