{
	"format_version": "1.21.6",
	"credit": "Made with Blockbench",
	"parent": "minecraft:block/cross",
	"textures": {
		"cross": "block/torchflower_block"
	},
	"elements": [
		{
			"from": [6, 9, 6],
			"to": [10, 13, 10],
			"rotation": {"angle": 45, "axis": "y", "origin": [8, 9, 8]},
			"faces": {
				"north": {"uv": [6, 3, 10, 7], "texture": "#cross"},
				"east": {"uv": [6, 3, 10, 7], "texture": "#cross"},
				"south": {"uv": [6, 3, 10, 7], "texture": "#cross"},
				"west": {"uv": [6, 3, 10, 7], "texture": "#cross"},
				"up": {"uv": [6, 2, 9, 5], "texture": "#cross"},
				"down": {"uv": [12, 0, 16, 4], "texture": "#cross"}
			}
		},
		{
			"from": [6.5, 13, 6.5],
			"to": [9.5, 14, 9.5],
			"rotation": {"angle": 45, "axis": "y", "origin": [8, 13, 8]},
			"faces": {
				"north": {"uv": [6, 2, 9, 3], "texture": "#cross"},
				"east": {"uv": [6, 2, 9, 3], "texture": "#cross"},
				"south": {"uv": [6, 2, 9, 3], "texture": "#cross"},
				"west": {"uv": [6, 2, 9, 3], "texture": "#cross"},
				"up": {"uv": [6, 2, 9, 5], "texture": "#cross"},
				"down": {"uv": [6, 2, 9, 5], "texture": "#cross"}
			}
		},
		{
			"from": [7, 14, 7],
			"to": [9, 15, 9],
			"rotation": {"angle": 45, "axis": "y", "origin": [8, 14, 8]},
			"faces": {
				"north": {"uv": [7, 1, 9, 2], "texture": "#cross"},
				"east": {"uv": [7, 1, 9, 2], "texture": "#cross"},
				"south": {"uv": [7, 1, 9, 2], "texture": "#cross"},
				"west": {"uv": [7, 1, 9, 2], "texture": "#cross"},
				"up": {"uv": [8, 2, 10, 4], "texture": "#cross"},
				"down": {"uv": [7, 1, 9, 2], "texture": "#cross"}
			}
		},
		{
			"from": [7, 8, 7],
			"to": [9, 9, 9],
			"rotation": {"angle": 45, "axis": "y", "origin": [8, 8, 8]},
			"faces": {
				"north": {"uv": [7, 7, 9, 8], "texture": "#cross"},
				"east": {"uv": [7, 7, 9, 8], "texture": "#cross"},
				"south": {"uv": [7, 7, 9, 8], "texture": "#cross"},
				"west": {"uv": [7, 7, 9, 8], "texture": "#cross"},
				"up": {"uv": [8, 2, 10, 4], "texture": "#cross"},
				"down": {"uv": [7, 6, 9, 8], "texture": "#cross"}
			}
		},
		{
			"from": [0.5, 0, 8],
			"to": [16.5, 9, 8],
			"rotation": {"angle": -45, "axis": "y", "origin": [8, 0, 8]},
			"faces": {
				"north": {"uv": [0, 7, 16, 16], "texture": "#cross"},
				"east": {"uv": [0, 0, 0, 9], "texture": "#missing"},
				"south": {"uv": [16, 7, 0, 16], "texture": "#cross"},
				"west": {"uv": [0, 0, 0, 9], "texture": "#missing"},
				"up": {"uv": [0, 0, 16, 0], "texture": "#missing"},
				"down": {"uv": [0, 0, 16, 0], "texture": "#missing"}
			}
		},
		{
			"from": [0.5, 0, 8],
			"to": [16.5, 9, 8],
			"rotation": {"angle": 45, "axis": "y", "origin": [8, 0, 8]},
			"faces": {
				"north": {"uv": [0, 7, 16, 16], "texture": "#cross"},
				"east": {"uv": [0, 0, 0, 9], "texture": "#missing"},
				"south": {"uv": [16, 7, 0, 16], "texture": "#cross"},
				"west": {"uv": [0, 0, 0, 9], "texture": "#missing"},
				"up": {"uv": [0, 0, 16, 0], "texture": "#missing"},
				"down": {"uv": [0, 0, 16, 0], "texture": "#missing"}
			}
		},
		{
			"from": [5.75, 8.75, 5.75],
			"to": [10.25, 13.25, 10.25],
			"rotation": {"angle": 45, "axis": "y", "origin": [8, 9, 8]},
			"faces": {
				"north": {"uv": [0, 2, 4, 6], "texture": "#cross"},
				"east": {"uv": [0, 2, 4, 6], "texture": "#cross"},
				"south": {"uv": [0, 2, 4, 6], "texture": "#cross"},
				"west": {"uv": [0, 2, 4, 6], "texture": "#cross"},
				"up": {"uv": [0, 0, 4, 4], "texture": "#cross"},
				"down": {"uv": [12, 3, 16, 7], "texture": "#cross"}
			}
		},
		{
			"from": [6.25, 13, 6.25],
			"to": [9.75, 14.25, 9.75],
			"rotation": {"angle": 45, "axis": "y", "origin": [8, 13, 8]},
			"faces": {
				"north": {"uv": [0, 1, 3, 2], "texture": "#cross"},
				"east": {"uv": [0, 1, 3, 2], "texture": "#cross"},
				"south": {"uv": [0, 1, 3, 2], "texture": "#cross"},
				"west": {"uv": [0, 1, 3, 2], "texture": "#cross"},
				"up": {"uv": [0, 1, 3, 4], "texture": "#cross"},
				"down": {"uv": [0, 6, 2, 7], "texture": "#cross"}
			}
		},
		{
			"from": [6.75, 14, 6.75],
			"to": [9.25, 15.25, 9.25],
			"rotation": {"angle": 45, "axis": "y", "origin": [8, 14, 8]},
			"faces": {
				"north": {"uv": [0, 0, 2, 1], "texture": "#cross"},
				"east": {"uv": [2, 0, 0, 1], "texture": "#cross"},
				"south": {"uv": [0, 0, 2, 1], "texture": "#cross"},
				"west": {"uv": [2, 0, 0, 1], "texture": "#cross"},
				"up": {"uv": [2, 1, 4, 3], "texture": "#cross"},
				"down": {"uv": [0, 6, 2, 7], "texture": "#cross"}
			}
		},
		{
			"from": [6.75, 7.75, 6.75],
			"to": [9.25, 9, 9.25],
			"rotation": {"angle": 45, "axis": "y", "origin": [8, 8, 8]},
			"faces": {
				"north": {"uv": [14, 6, 12, 7], "texture": "#cross"},
				"east": {"uv": [12, 6, 14, 7], "texture": "#cross"},
				"south": {"uv": [14, 6, 12, 7], "texture": "#cross"},
				"west": {"uv": [12, 6, 14, 7], "texture": "#cross"},
				"up": {"uv": [0, 6, 2, 7], "texture": "#cross"},
				"down": {"uv": [12, 5, 14, 7], "texture": "#cross"}
			}
		}
	],
	"groups": [
		{
			"name": "Květ",
			"origin": [8, 8, 8],
			"color": 0,
			"children": [0, 1, 2, 3]
		},
		{
			"name": "OUTLINE",
			"origin": [8, 8, 8],
			"color": 0,
			"children": [4, 5]
		},
		{
			"name": "Outer Layer",
			"origin": [8, 8, 8],
			"color": 0,
			"children": [6, 7, 8, 9]
		}
	]
}