{
	"format_version": "1.21.6",
	"credit": "Made with Blockbench",
	"parent": "minecraft:block/cube_all",
	"textures": {
		"0": "block/weathered_copper_bulb",
		"particle": "block/weathered_copper_bulb"
	},
	"elements": [
		{
			"from": [1, 1, 1],
			"to": [15, 15, 15],
			"rotation": {"angle": 0, "axis": "y", "origin": [1, 1, 1]},
			"faces": {
				"north": {"uv": [1, 1, 15, 15], "texture": "#0"},
				"east": {"uv": [1, 1, 15, 15], "texture": "#0"},
				"south": {"uv": [1, 1, 15, 15], "texture": "#0"},
				"west": {"uv": [1, 1, 15, 15], "texture": "#0"},
				"up": {"uv": [1, 1, 15, 15], "texture": "#0"},
				"down": {"uv": [1, 1, 15, 15], "texture": "#0"}
			}
		},
		{
			"from": [0, 0, 15],
			"to": [1, 16, 16],
			"rotation": {"angle": 0, "axis": "y", "origin": [0, 0, 16]},
			"faces": {
				"north": {"uv": [16, 0, 15, 16], "texture": "#0"},
				"east": {"uv": [16, 0, 15, 16], "texture": "#0"},
				"south": {"uv": [16, 0, 15, 16], "texture": "#0"},
				"west": {"uv": [16, 0, 15, 16], "texture": "#0"},
				"up": {"uv": [15, 1, 16, 0], "texture": "#0"},
				"down": {"uv": [15, 16, 16, 15], "texture": "#0"}
			}
		},
		{
			"from": [0, 15, 1],
			"to": [1, 16, 15],
			"rotation": {"angle": 0, "axis": "y", "origin": [8, 8, 8]},
			"faces": {
				"north": {"uv": [15, 1, 16, 0], "rotation": 180, "texture": "#0"},
				"east": {"uv": [1, 1, 15, 0], "rotation": 180, "texture": "#0"},
				"south": {"uv": [15, 16, 16, 15], "texture": "#0"},
				"west": {"uv": [15, 1, 1, 0], "rotation": 180, "texture": "#0"},
				"up": {"uv": [1, 0, 15, 1], "rotation": 90, "texture": "#0"},
				"down": {"uv": [15, 0, 1, 1], "rotation": 90, "texture": "#0"}
			}
		},
		{
			"from": [0, 0, 0],
			"to": [1, 16, 1],
			"faces": {
				"north": {"uv": [0, 0, 1, 16], "texture": "#0"},
				"east": {"uv": [0, 0, 1, 16], "texture": "#0"},
				"south": {"uv": [0, 0, 1, 16], "texture": "#0"},
				"west": {"uv": [0, 0, 1, 16], "texture": "#0"},
				"up": {"uv": [0, 0, 1, 1], "texture": "#0"},
				"down": {"uv": [0, 15, 1, 16], "texture": "#0"}
			}
		},
		{
			"from": [0, 0, 1],
			"to": [1, 1, 15],
			"rotation": {"angle": 0, "axis": "y", "origin": [8, 8, 8]},
			"faces": {
				"north": {"uv": [15, 0, 16, 1], "rotation": 180, "texture": "#0"},
				"east": {"uv": [1, 16, 15, 15], "rotation": 180, "texture": "#0"},
				"south": {"uv": [15, 15, 16, 16], "texture": "#0"},
				"west": {"uv": [15, 16, 1, 15], "rotation": 180, "texture": "#0"},
				"up": {"uv": [1, 15, 15, 16], "rotation": 90, "texture": "#0"},
				"down": {"uv": [15, 15, 1, 16], "rotation": 90, "texture": "#0"}
			}
		},
		{
			"from": [15, 0, 0],
			"to": [16, 16, 1],
			"rotation": {"angle": 0, "axis": "y", "origin": [16, 0, 0]},
			"faces": {
				"north": {"uv": [16, 0, 15, 16], "texture": "#0"},
				"east": {"uv": [16, 0, 15, 16], "texture": "#0"},
				"south": {"uv": [16, 0, 15, 16], "texture": "#0"},
				"west": {"uv": [16, 0, 15, 16], "texture": "#0"},
				"up": {"uv": [16, 0, 15, 1], "texture": "#0"},
				"down": {"uv": [16, 15, 15, 16], "texture": "#0"}
			}
		},
		{
			"from": [15, 15, 1],
			"to": [16, 16, 15],
			"rotation": {"angle": 0, "axis": "y", "origin": [8, 8, 8]},
			"faces": {
				"north": {"uv": [15, 16, 16, 15], "texture": "#0"},
				"east": {"uv": [15, 1, 1, 0], "rotation": 180, "texture": "#0"},
				"south": {"uv": [15, 1, 16, 0], "rotation": 180, "texture": "#0"},
				"west": {"uv": [1, 1, 15, 0], "rotation": 180, "texture": "#0"},
				"up": {"uv": [15, 1, 1, 0], "rotation": 90, "texture": "#0"},
				"down": {"uv": [1, 1, 15, 0], "rotation": 90, "texture": "#0"}
			}
		},
		{
			"from": [1, 0, 0],
			"to": [15, 1, 1],
			"rotation": {"angle": 0, "axis": "y", "origin": [8, 8, 8]},
			"faces": {
				"north": {"uv": [1, 16, 15, 15], "rotation": 180, "texture": "#0"},
				"east": {"uv": [16, 15, 15, 16], "texture": "#0"},
				"south": {"uv": [15, 16, 1, 15], "rotation": 180, "texture": "#0"},
				"west": {"uv": [16, 0, 15, 1], "rotation": 180, "texture": "#0"},
				"up": {"uv": [15, 15, 1, 16], "rotation": 180, "texture": "#0"},
				"down": {"uv": [1, 15, 15, 16], "texture": "#0"}
			}
		},
		{
			"from": [1, 15, 0],
			"to": [15, 16, 1],
			"rotation": {"angle": 0, "axis": "y", "origin": [8, 8, 8]},
			"faces": {
				"north": {"uv": [1, 1, 15, 0], "rotation": 180, "texture": "#0"},
				"east": {"uv": [16, 16, 15, 15], "texture": "#0"},
				"south": {"uv": [15, 1, 1, 0], "rotation": 180, "texture": "#0"},
				"west": {"uv": [16, 1, 15, 0], "rotation": 180, "texture": "#0"},
				"up": {"uv": [15, 0, 1, 1], "rotation": 180, "texture": "#0"},
				"down": {"uv": [1, 0, 15, 1], "texture": "#0"}
			}
		},
		{
			"from": [1, 0, 15],
			"to": [15, 1, 16],
			"rotation": {"angle": 0, "axis": "y", "origin": [8, 8, 8]},
			"faces": {
				"north": {"uv": [15, 16, 1, 15], "rotation": 180, "texture": "#0"},
				"east": {"uv": [16, 0, 15, 1], "rotation": 180, "texture": "#0"},
				"south": {"uv": [1, 16, 15, 15], "rotation": 180, "texture": "#0"},
				"west": {"uv": [16, 15, 15, 16], "texture": "#0"},
				"up": {"uv": [1, 16, 15, 15], "rotation": 180, "texture": "#0"},
				"down": {"uv": [15, 16, 1, 15], "texture": "#0"}
			}
		},
		{
			"from": [1, 15, 15],
			"to": [15, 16, 16],
			"rotation": {"angle": 0, "axis": "y", "origin": [8, 8, 8]},
			"faces": {
				"north": {"uv": [15, 1, 1, 0], "rotation": 180, "texture": "#0"},
				"east": {"uv": [16, 1, 15, 0], "rotation": 180, "texture": "#0"},
				"south": {"uv": [1, 1, 15, 0], "rotation": 180, "texture": "#0"},
				"west": {"uv": [16, 16, 15, 15], "texture": "#0"},
				"up": {"uv": [1, 1, 15, 0], "rotation": 180, "texture": "#0"},
				"down": {"uv": [15, 1, 1, 0], "texture": "#0"}
			}
		},
		{
			"from": [15, 0, 15],
			"to": [16, 16, 16],
			"rotation": {"angle": 0, "axis": "y", "origin": [16, 0, 16]},
			"faces": {
				"north": {"uv": [0, 0, 1, 16], "texture": "#0"},
				"east": {"uv": [0, 0, 1, 16], "texture": "#0"},
				"south": {"uv": [0, 0, 1, 16], "texture": "#0"},
				"west": {"uv": [0, 0, 1, 16], "texture": "#0"},
				"up": {"uv": [1, 1, 0, 0], "texture": "#0"},
				"down": {"uv": [1, 16, 0, 15], "texture": "#0"}
			}
		},
		{
			"from": [15, 0, 1],
			"to": [16, 1, 15],
			"rotation": {"angle": 0, "axis": "y", "origin": [8, 8, 8]},
			"faces": {
				"north": {"uv": [15, 15, 16, 16], "texture": "#0"},
				"east": {"uv": [15, 16, 1, 15], "rotation": 180, "texture": "#0"},
				"south": {"uv": [15, 0, 16, 1], "rotation": 180, "texture": "#0"},
				"west": {"uv": [1, 16, 15, 15], "rotation": 180, "texture": "#0"},
				"up": {"uv": [15, 16, 1, 15], "rotation": 90, "texture": "#0"},
				"down": {"uv": [1, 16, 15, 15], "rotation": 90, "texture": "#0"}
			}
		},
		{
			"from": [15, 12, 12],
			"to": [15.75, 15, 15],
			"rotation": {"angle": 0, "axis": "y", "origin": [16, 12, 15]},
			"faces": {
				"north": {"uv": [3, 1, 4, 4], "texture": "#0"},
				"east": {"uv": [1, 1, 4, 4], "texture": "#0"},
				"south": {"uv": [1, 12, 2, 15], "texture": "#0"},
				"west": {"uv": [4, 12, 1, 15], "texture": "#0"},
				"up": {"uv": [4, 13, 1, 12], "rotation": 90, "texture": "#0"},
				"down": {"uv": [4, 4, 1, 3], "rotation": 90, "texture": "#0"}
			}
		},
		{
			"from": [15, 12, 1],
			"to": [15.75, 15, 4],
			"rotation": {"angle": 0, "axis": "y", "origin": [16, 12, 4]},
			"faces": {
				"north": {"uv": [3, 12, 4, 15], "texture": "#0"},
				"east": {"uv": [12, 12, 15, 15], "texture": "#0"},
				"south": {"uv": [12, 1, 13, 4], "texture": "#0"},
				"west": {"uv": [4, 12, 1, 15], "texture": "#0"},
				"up": {"uv": [15, 13, 12, 12], "rotation": 90, "texture": "#0"},
				"down": {"uv": [15, 4, 12, 3], "rotation": 90, "texture": "#0"}
			}
		},
		{
			"from": [15, 1, 1],
			"to": [15.75, 4, 4],
			"rotation": {"angle": 0, "axis": "y", "origin": [16, 1, 4]},
			"faces": {
				"north": {"uv": [3, 12, 4, 15], "texture": "#0"},
				"east": {"uv": [12, 12, 15, 15], "texture": "#0"},
				"south": {"uv": [12, 12, 13, 15], "texture": "#0"},
				"west": {"uv": [4, 12, 1, 15], "texture": "#0"},
				"up": {"uv": [15, 13, 12, 12], "rotation": 90, "texture": "#0"},
				"down": {"uv": [4, 15, 1, 14], "rotation": 90, "texture": "#0"}
			}
		},
		{
			"from": [15, 1, 12],
			"to": [15.75, 4, 15],
			"rotation": {"angle": 0, "axis": "y", "origin": [16, 1, 15]},
			"faces": {
				"north": {"uv": [3, 12, 4, 15], "texture": "#0"},
				"east": {"uv": [1, 12, 4, 15], "texture": "#0"},
				"south": {"uv": [1, 12, 2, 15], "texture": "#0"},
				"west": {"uv": [4, 12, 1, 15], "texture": "#0"},
				"up": {"uv": [4, 13, 1, 12], "rotation": 90, "texture": "#0"},
				"down": {"uv": [4, 15, 1, 14], "rotation": 90, "texture": "#0"}
			}
		},
		{
			"from": [15, 9, 7],
			"to": [15.75, 15, 9],
			"rotation": {"angle": 0, "axis": "y", "origin": [16, 15, 9]},
			"faces": {
				"north": {"uv": [8, 1, 9, 7], "texture": "#0"},
				"east": {"uv": [7, 1, 9, 7], "texture": "#0"},
				"south": {"uv": [7, 1, 8, 7], "texture": "#0"},
				"west": {"uv": [7, 1, 9, 7], "texture": "#0"},
				"up": {"uv": [9, 2, 7, 1], "rotation": 90, "texture": "#0"},
				"down": {"uv": [9, 7, 7, 6], "rotation": 90, "texture": "#0"}
			}
		},
		{
			"from": [15, 7, 9],
			"to": [15.75, 9, 15],
			"rotation": {"angle": 0, "axis": "y", "origin": [15.375, 8, 8]},
			"faces": {
				"north": {"uv": [6, 7, 7, 9], "rotation": 90, "texture": "#0"},
				"east": {"uv": [1, 7, 7, 9], "texture": "#0"},
				"south": {"uv": [7, 1, 9, 2], "rotation": 270, "texture": "#0"},
				"west": {"uv": [7, 1, 9, 7], "rotation": 90, "texture": "#0"},
				"up": {"uv": [7, 8, 1, 7], "rotation": 90, "texture": "#0"},
				"down": {"uv": [1, 9, 7, 8], "rotation": 90, "texture": "#0"}
			}
		},
		{
			"from": [14.7, 8, 9],
			"to": [15.7, 10, 9.7],
			"rotation": {"angle": -45, "axis": "x", "origin": [15.7, 9, 9]},
			"faces": {
				"north": {"uv": [9, 6, 8, 7], "texture": "#0"},
				"east": {"uv": [9, 6, 8, 7], "texture": "#0"},
				"south": {"uv": [9, 6, 8, 7], "texture": "#0"},
				"west": {"uv": [9, 6, 8, 7], "texture": "#0"},
				"up": {"uv": [9, 6, 8, 7], "texture": "#0"},
				"down": {"uv": [9, 6, 8, 7], "texture": "#0"}
			}
		},
		{
			"from": [15, 1, 7],
			"to": [15.75, 7, 9],
			"rotation": {"angle": 0, "axis": "y", "origin": [16, 1, 9]},
			"faces": {
				"north": {"uv": [8, 9, 9, 15], "texture": "#0"},
				"east": {"uv": [7, 9, 9, 15], "texture": "#0"},
				"south": {"uv": [7, 9, 8, 15], "texture": "#0"},
				"west": {"uv": [7, 9, 9, 15], "texture": "#0"},
				"up": {"uv": [9, 10, 7, 9], "texture": "#0"},
				"down": {"uv": [9, 15, 7, 14], "texture": "#0"}
			}
		},
		{
			"from": [14.7, 6, 9],
			"to": [15.7, 8, 9.7],
			"rotation": {"angle": 45, "axis": "x", "origin": [15.7, 7, 9]},
			"faces": {
				"north": {"uv": [8, 10, 7, 9], "texture": "#0"},
				"east": {"uv": [8, 10, 7, 9], "texture": "#0"},
				"south": {"uv": [8, 10, 7, 9], "texture": "#0"},
				"west": {"uv": [9, 7, 8, 6], "texture": "#0"},
				"up": {"uv": [7, 9, 8, 10], "texture": "#0"},
				"down": {"uv": [7, 9, 8, 10], "texture": "#0"}
			}
		},
		{
			"from": [14.7, 6, 6.3],
			"to": [15.7, 8, 7],
			"rotation": {"angle": -45, "axis": "x", "origin": [15.7, 7, 7]},
			"faces": {
				"north": {"uv": [7, 10, 8, 9], "texture": "#0"},
				"east": {"uv": [7, 10, 8, 9], "texture": "#0"},
				"south": {"uv": [7, 10, 8, 9], "texture": "#0"},
				"west": {"uv": [8, 7, 9, 6], "texture": "#0"},
				"up": {"uv": [7, 10, 8, 9], "texture": "#0"},
				"down": {"uv": [7, 10, 8, 9], "texture": "#0"}
			}
		},
		{
			"from": [15, 7, 1],
			"to": [15.75, 9, 7],
			"rotation": {"angle": 0, "axis": "y", "origin": [15.375, 8, 8]},
			"faces": {
				"north": {"uv": [7, 14, 9, 15], "texture": "#0"},
				"east": {"uv": [9, 7, 15, 9], "texture": "#0"},
				"south": {"uv": [9, 7, 10, 9], "rotation": 180, "texture": "#0"},
				"west": {"uv": [7, 9, 9, 15], "rotation": 90, "texture": "#0"},
				"up": {"uv": [15, 8, 9, 7], "rotation": 90, "texture": "#0"},
				"down": {"uv": [9, 9, 15, 8], "rotation": 90, "texture": "#0"}
			}
		},
		{
			"from": [14.7, 8, 6.3],
			"to": [15.7, 10, 7],
			"rotation": {"angle": 45, "axis": "x", "origin": [15.7, 9, 7]},
			"faces": {
				"north": {"uv": [8, 6, 9, 7], "texture": "#0"},
				"east": {"uv": [8, 6, 9, 7], "texture": "#0"},
				"south": {"uv": [8, 6, 9, 7], "texture": "#0"},
				"west": {"uv": [8, 6, 9, 7], "texture": "#0"},
				"up": {"uv": [9, 7, 8, 6], "texture": "#0"},
				"down": {"uv": [9, 7, 8, 6], "texture": "#0"}
			}
		},
		{
			"from": [0.25, 12, 1],
			"to": [1, 15, 4],
			"rotation": {"angle": 0, "axis": "y", "origin": [8, 8, 8]},
			"faces": {
				"north": {"uv": [1, 12, 2, 15], "texture": "#0"},
				"east": {"uv": [4, 12, 1, 15], "texture": "#0"},
				"south": {"uv": [3, 1, 4, 4], "texture": "#0"},
				"west": {"uv": [1, 1, 4, 4], "texture": "#0"},
				"up": {"uv": [1, 12, 4, 13], "rotation": 90, "texture": "#0"},
				"down": {"uv": [1, 3, 4, 4], "rotation": 90, "texture": "#0"}
			}
		},
		{
			"from": [0.25, 12, 12],
			"to": [1, 15, 15],
			"rotation": {"angle": 0, "axis": "y", "origin": [8, 8, 8]},
			"faces": {
				"north": {"uv": [12, 1, 13, 4], "texture": "#0"},
				"east": {"uv": [4, 12, 1, 15], "texture": "#0"},
				"south": {"uv": [3, 12, 4, 15], "texture": "#0"},
				"west": {"uv": [12, 12, 15, 15], "texture": "#0"},
				"up": {"uv": [12, 12, 15, 13], "rotation": 90, "texture": "#0"},
				"down": {"uv": [12, 3, 15, 4], "rotation": 90, "texture": "#0"}
			}
		},
		{
			"from": [0.25, 1, 12],
			"to": [1, 4, 15],
			"rotation": {"angle": 0, "axis": "y", "origin": [8, 8, 8]},
			"faces": {
				"north": {"uv": [12, 12, 13, 15], "texture": "#0"},
				"east": {"uv": [4, 12, 1, 15], "texture": "#0"},
				"south": {"uv": [3, 12, 4, 15], "texture": "#0"},
				"west": {"uv": [12, 12, 15, 15], "texture": "#0"},
				"up": {"uv": [12, 12, 15, 13], "rotation": 90, "texture": "#0"},
				"down": {"uv": [1, 14, 4, 15], "rotation": 90, "texture": "#0"}
			}
		},
		{
			"from": [0.25, 1, 1],
			"to": [1, 4, 4],
			"rotation": {"angle": 0, "axis": "y", "origin": [8, 8, 8]},
			"faces": {
				"north": {"uv": [1, 12, 2, 15], "texture": "#0"},
				"east": {"uv": [4, 12, 1, 15], "texture": "#0"},
				"south": {"uv": [3, 12, 4, 15], "texture": "#0"},
				"west": {"uv": [1, 12, 4, 15], "texture": "#0"},
				"up": {"uv": [1, 12, 4, 13], "rotation": 90, "texture": "#0"},
				"down": {"uv": [1, 14, 4, 15], "rotation": 90, "texture": "#0"}
			}
		},
		{
			"from": [0.25, 9, 7],
			"to": [1, 15, 9],
			"rotation": {"angle": 0, "axis": "y", "origin": [8, 8, 8]},
			"faces": {
				"north": {"uv": [7, 1, 8, 7], "texture": "#0"},
				"east": {"uv": [7, 1, 9, 7], "texture": "#0"},
				"south": {"uv": [8, 1, 9, 7], "texture": "#0"},
				"west": {"uv": [7, 1, 9, 7], "texture": "#0"},
				"up": {"uv": [7, 1, 9, 2], "rotation": 90, "texture": "#0"},
				"down": {"uv": [7, 6, 9, 7], "rotation": 90, "texture": "#0"}
			}
		},
		{
			"from": [0.25, 7, 1],
			"to": [1, 9, 7],
			"rotation": {"angle": 0, "axis": "y", "origin": [8, 8, 8]},
			"faces": {
				"north": {"uv": [7, 1, 9, 2], "rotation": 270, "texture": "#0"},
				"east": {"uv": [7, 1, 9, 7], "rotation": 90, "texture": "#0"},
				"south": {"uv": [6, 7, 7, 9], "rotation": 90, "texture": "#0"},
				"west": {"uv": [1, 7, 7, 9], "texture": "#0"},
				"up": {"uv": [1, 7, 7, 8], "rotation": 90, "texture": "#0"},
				"down": {"uv": [7, 8, 1, 9], "rotation": 90, "texture": "#0"}
			}
		},
		{
			"from": [0.3, 7, 5.88579],
			"to": [1.3, 9, 6.58579],
			"rotation": {"angle": 45, "axis": "x", "origin": [8, 8, 8]},
			"faces": {
				"north": {"uv": [9, 6, 8, 7], "texture": "#0"},
				"east": {"uv": [9, 6, 8, 7], "texture": "#0"},
				"south": {"uv": [9, 6, 8, 7], "texture": "#0"},
				"west": {"uv": [9, 6, 8, 7], "texture": "#0"},
				"up": {"uv": [8, 7, 9, 6], "texture": "#0"},
				"down": {"uv": [8, 7, 9, 6], "texture": "#0"}
			}
		},
		{
			"from": [0.25, 1, 7],
			"to": [1, 7, 9],
			"rotation": {"angle": 0, "axis": "y", "origin": [8, 8, 8]},
			"faces": {
				"north": {"uv": [7, 9, 8, 15], "texture": "#0"},
				"east": {"uv": [7, 9, 9, 15], "texture": "#0"},
				"south": {"uv": [8, 9, 9, 15], "texture": "#0"},
				"west": {"uv": [7, 9, 9, 15], "texture": "#0"},
				"up": {"uv": [7, 9, 9, 10], "texture": "#0"},
				"down": {"uv": [7, 14, 9, 15], "texture": "#0"}
			}
		},
		{
			"from": [0.3, 7, 5.88579],
			"to": [1.3, 9, 6.58579],
			"rotation": {"angle": -45, "axis": "x", "origin": [8, 8, 8]},
			"faces": {
				"north": {"uv": [8, 10, 7, 9], "texture": "#0"},
				"east": {"uv": [9, 7, 8, 6], "texture": "#0"},
				"south": {"uv": [8, 10, 7, 9], "texture": "#0"},
				"west": {"uv": [8, 10, 7, 9], "texture": "#0"},
				"up": {"uv": [8, 10, 7, 9], "texture": "#0"},
				"down": {"uv": [8, 10, 7, 9], "texture": "#0"}
			}
		},
		{
			"from": [0.3, 7, 9.41421],
			"to": [1.3, 9, 10.11421],
			"rotation": {"angle": 45, "axis": "x", "origin": [8, 8, 8]},
			"faces": {
				"north": {"uv": [7, 10, 8, 9], "texture": "#0"},
				"east": {"uv": [8, 7, 9, 6], "texture": "#0"},
				"south": {"uv": [7, 10, 8, 9], "texture": "#0"},
				"west": {"uv": [7, 10, 8, 9], "texture": "#0"},
				"up": {"uv": [8, 9, 7, 10], "texture": "#0"},
				"down": {"uv": [8, 9, 7, 10], "texture": "#0"}
			}
		},
		{
			"from": [0.25, 7, 9],
			"to": [1, 9, 15],
			"rotation": {"angle": 0, "axis": "y", "origin": [8, 8, 8]},
			"faces": {
				"north": {"uv": [9, 7, 10, 9], "rotation": 180, "texture": "#0"},
				"east": {"uv": [7, 9, 9, 15], "rotation": 90, "texture": "#0"},
				"south": {"uv": [7, 14, 9, 15], "texture": "#0"},
				"west": {"uv": [9, 7, 15, 9], "texture": "#0"},
				"up": {"uv": [9, 7, 15, 8], "rotation": 90, "texture": "#0"},
				"down": {"uv": [15, 8, 9, 9], "rotation": 90, "texture": "#0"}
			}
		},
		{
			"from": [0.3, 7, 9.41421],
			"to": [1.3, 9, 10.11421],
			"rotation": {"angle": -45, "axis": "x", "origin": [8, 8, 8]},
			"faces": {
				"north": {"uv": [8, 6, 9, 7], "texture": "#0"},
				"east": {"uv": [8, 6, 9, 7], "texture": "#0"},
				"south": {"uv": [8, 6, 9, 7], "texture": "#0"},
				"west": {"uv": [8, 6, 9, 7], "texture": "#0"},
				"up": {"uv": [8, 6, 9, 7], "texture": "#0"},
				"down": {"uv": [8, 6, 9, 7], "texture": "#0"}
			}
		},
		{
			"from": [1, 0.25, 1],
			"to": [4, 1, 4],
			"rotation": {"angle": 0, "axis": "y", "origin": [8, 8, 8]},
			"faces": {
				"north": {"uv": [1, 12, 2, 15], "rotation": 90, "texture": "#0"},
				"east": {"uv": [1, 3, 4, 4], "texture": "#0"},
				"south": {"uv": [3, 1, 4, 4], "rotation": 270, "texture": "#0"},
				"west": {"uv": [1, 12, 4, 13], "texture": "#0"},
				"up": {"uv": [4, 12, 1, 15], "rotation": 270, "texture": "#0"},
				"down": {"uv": [1, 1, 4, 4], "rotation": 270, "texture": "#0"}
			}
		},
		{
			"from": [1, 0.25, 12],
			"to": [4, 1, 15],
			"rotation": {"angle": 0, "axis": "y", "origin": [8, 8, 8]},
			"faces": {
				"north": {"uv": [12, 1, 13, 4], "rotation": 90, "texture": "#0"},
				"east": {"uv": [12, 3, 15, 4], "texture": "#0"},
				"south": {"uv": [3, 12, 4, 15], "rotation": 270, "texture": "#0"},
				"west": {"uv": [12, 12, 15, 13], "texture": "#0"},
				"up": {"uv": [4, 12, 1, 15], "rotation": 270, "texture": "#0"},
				"down": {"uv": [12, 12, 15, 15], "rotation": 270, "texture": "#0"}
			}
		},
		{
			"from": [12, 0.25, 12],
			"to": [15, 1, 15],
			"rotation": {"angle": 0, "axis": "y", "origin": [8, 8, 8]},
			"faces": {
				"north": {"uv": [12, 12, 13, 15], "rotation": 90, "texture": "#0"},
				"east": {"uv": [1, 14, 4, 15], "texture": "#0"},
				"south": {"uv": [3, 12, 4, 15], "rotation": 270, "texture": "#0"},
				"west": {"uv": [12, 12, 15, 13], "texture": "#0"},
				"up": {"uv": [4, 12, 1, 15], "rotation": 270, "texture": "#0"},
				"down": {"uv": [12, 12, 15, 15], "rotation": 270, "texture": "#0"}
			}
		},
		{
			"from": [12, 0.25, 1],
			"to": [15, 1, 4],
			"rotation": {"angle": 0, "axis": "y", "origin": [8, 8, 8]},
			"faces": {
				"north": {"uv": [1, 12, 2, 15], "rotation": 90, "texture": "#0"},
				"east": {"uv": [1, 14, 4, 15], "texture": "#0"},
				"south": {"uv": [3, 12, 4, 15], "rotation": 270, "texture": "#0"},
				"west": {"uv": [1, 12, 4, 13], "texture": "#0"},
				"up": {"uv": [4, 12, 1, 15], "rotation": 270, "texture": "#0"},
				"down": {"uv": [1, 12, 4, 15], "rotation": 270, "texture": "#0"}
			}
		},
		{
			"from": [1, 0.25, 7],
			"to": [7, 1, 9],
			"rotation": {"angle": 0, "axis": "y", "origin": [8, 8, 8]},
			"faces": {
				"north": {"uv": [7, 1, 8, 7], "rotation": 90, "texture": "#0"},
				"east": {"uv": [7, 6, 9, 7], "texture": "#0"},
				"south": {"uv": [8, 1, 9, 7], "rotation": 270, "texture": "#0"},
				"west": {"uv": [7, 1, 9, 2], "texture": "#0"},
				"up": {"uv": [7, 1, 9, 7], "rotation": 270, "texture": "#0"},
				"down": {"uv": [7, 1, 9, 7], "rotation": 270, "texture": "#0"}
			}
		},
		{
			"from": [7, 0.25, 1],
			"to": [9, 1, 7],
			"rotation": {"angle": 0, "axis": "y", "origin": [8, 8, 8]},
			"faces": {
				"north": {"uv": [7, 1, 9, 2], "texture": "#0"},
				"east": {"uv": [7, 8, 1, 9], "texture": "#0"},
				"south": {"uv": [6, 7, 7, 9], "texture": "#0"},
				"west": {"uv": [1, 7, 7, 8], "texture": "#0"},
				"up": {"uv": [7, 1, 9, 7], "texture": "#0"},
				"down": {"uv": [1, 7, 7, 9], "rotation": 270, "texture": "#0"}
			}
		},
		{
			"from": [7, 0.3, 5.88579],
			"to": [9, 1.3, 6.58579],
			"rotation": {"angle": 45, "axis": "y", "origin": [8, 8, 8]},
			"faces": {
				"north": {"uv": [9, 6, 8, 7], "rotation": 90, "texture": "#0"},
				"east": {"uv": [8, 7, 9, 6], "rotation": 270, "texture": "#0"},
				"south": {"uv": [9, 6, 8, 7], "rotation": 270, "texture": "#0"},
				"west": {"uv": [8, 7, 9, 6], "rotation": 270, "texture": "#0"},
				"up": {"uv": [9, 6, 8, 7], "rotation": 270, "texture": "#0"},
				"down": {"uv": [9, 6, 8, 7], "rotation": 270, "texture": "#0"}
			}
		},
		{
			"from": [9, 0.25, 7],
			"to": [15, 1, 9],
			"rotation": {"angle": 0, "axis": "y", "origin": [8, 8, 8]},
			"faces": {
				"north": {"uv": [7, 9, 8, 15], "rotation": 90, "texture": "#0"},
				"east": {"uv": [7, 14, 9, 15], "rotation": 270, "texture": "#0"},
				"south": {"uv": [8, 9, 9, 15], "rotation": 270, "texture": "#0"},
				"west": {"uv": [7, 9, 9, 10], "rotation": 270, "texture": "#0"},
				"up": {"uv": [7, 9, 9, 15], "rotation": 270, "texture": "#0"},
				"down": {"uv": [7, 9, 9, 15], "rotation": 270, "texture": "#0"}
			}
		},
		{
			"from": [7, 0.3, 5.88579],
			"to": [9, 1.3, 6.58579],
			"rotation": {"angle": -45, "axis": "y", "origin": [8, 8, 8]},
			"faces": {
				"north": {"uv": [8, 10, 7, 9], "rotation": 90, "texture": "#0"},
				"east": {"uv": [8, 10, 7, 9], "rotation": 270, "texture": "#0"},
				"south": {"uv": [8, 10, 7, 9], "rotation": 270, "texture": "#0"},
				"west": {"uv": [8, 10, 7, 9], "rotation": 270, "texture": "#0"},
				"up": {"uv": [9, 7, 8, 6], "rotation": 270, "texture": "#0"},
				"down": {"uv": [8, 10, 7, 9], "rotation": 270, "texture": "#0"}
			}
		},
		{
			"from": [7, 0.3, 9.41421],
			"to": [9, 1.3, 10.11421],
			"rotation": {"angle": 45, "axis": "y", "origin": [8, 8, 8]},
			"faces": {
				"north": {"uv": [7, 10, 8, 9], "rotation": 90, "texture": "#0"},
				"east": {"uv": [8, 9, 7, 10], "rotation": 270, "texture": "#0"},
				"south": {"uv": [7, 10, 8, 9], "rotation": 270, "texture": "#0"},
				"west": {"uv": [8, 9, 7, 10], "rotation": 270, "texture": "#0"},
				"up": {"uv": [8, 7, 9, 6], "rotation": 270, "texture": "#0"},
				"down": {"uv": [7, 10, 8, 9], "rotation": 270, "texture": "#0"}
			}
		},
		{
			"from": [7, 0.25, 9],
			"to": [9, 1, 15],
			"rotation": {"angle": 0, "axis": "y", "origin": [8, 8, 8]},
			"faces": {
				"north": {"uv": [9, 7, 10, 9], "rotation": 270, "texture": "#0"},
				"east": {"uv": [15, 8, 9, 9], "texture": "#0"},
				"south": {"uv": [7, 14, 9, 15], "rotation": 270, "texture": "#0"},
				"west": {"uv": [9, 7, 15, 8], "texture": "#0"},
				"up": {"uv": [7, 9, 9, 15], "texture": "#0"},
				"down": {"uv": [9, 7, 15, 9], "rotation": 270, "texture": "#0"}
			}
		},
		{
			"from": [7, 0.3, 9.41421],
			"to": [9, 1.3, 10.11421],
			"rotation": {"angle": -45, "axis": "y", "origin": [8, 8, 8]},
			"faces": {
				"north": {"uv": [8, 6, 9, 7], "rotation": 90, "texture": "#0"},
				"east": {"uv": [8, 6, 9, 7], "rotation": 270, "texture": "#0"},
				"south": {"uv": [8, 6, 9, 7], "rotation": 270, "texture": "#0"},
				"west": {"uv": [8, 6, 9, 7], "rotation": 270, "texture": "#0"},
				"up": {"uv": [8, 6, 9, 7], "rotation": 270, "texture": "#0"},
				"down": {"uv": [8, 6, 9, 7], "rotation": 270, "texture": "#0"}
			}
		},
		{
			"from": [1, 15, 12],
			"to": [4, 15.75, 15],
			"rotation": {"angle": 0, "axis": "y", "origin": [8, 8, 8]},
			"faces": {
				"north": {"uv": [3, 1, 4, 4], "rotation": 90, "texture": "#0"},
				"east": {"uv": [4, 4, 1, 3], "texture": "#0"},
				"south": {"uv": [1, 12, 2, 15], "rotation": 270, "texture": "#0"},
				"west": {"uv": [4, 13, 1, 12], "texture": "#0"},
				"up": {"uv": [1, 1, 4, 4], "rotation": 270, "texture": "#0"},
				"down": {"uv": [4, 12, 1, 15], "rotation": 270, "texture": "#0"}
			}
		},
		{
			"from": [1, 15, 1],
			"to": [4, 15.75, 4],
			"rotation": {"angle": 0, "axis": "y", "origin": [8, 8, 8]},
			"faces": {
				"north": {"uv": [3, 12, 4, 15], "rotation": 90, "texture": "#0"},
				"east": {"uv": [15, 4, 12, 3], "texture": "#0"},
				"south": {"uv": [12, 1, 13, 4], "rotation": 270, "texture": "#0"},
				"west": {"uv": [15, 13, 12, 12], "texture": "#0"},
				"up": {"uv": [12, 12, 15, 15], "rotation": 270, "texture": "#0"},
				"down": {"uv": [4, 12, 1, 15], "rotation": 270, "texture": "#0"}
			}
		},
		{
			"from": [12, 15, 1],
			"to": [15, 15.75, 4],
			"rotation": {"angle": 0, "axis": "y", "origin": [8, 8, 8]},
			"faces": {
				"north": {"uv": [3, 12, 4, 15], "rotation": 90, "texture": "#0"},
				"east": {"uv": [4, 15, 1, 14], "texture": "#0"},
				"south": {"uv": [12, 12, 13, 15], "rotation": 270, "texture": "#0"},
				"west": {"uv": [15, 13, 12, 12], "texture": "#0"},
				"up": {"uv": [12, 12, 15, 15], "rotation": 270, "texture": "#0"},
				"down": {"uv": [4, 12, 1, 15], "rotation": 270, "texture": "#0"}
			}
		},
		{
			"from": [12, 15, 12],
			"to": [15, 15.75, 15],
			"rotation": {"angle": 0, "axis": "y", "origin": [8, 8, 8]},
			"faces": {
				"north": {"uv": [3, 12, 4, 15], "rotation": 90, "texture": "#0"},
				"east": {"uv": [4, 15, 1, 14], "texture": "#0"},
				"south": {"uv": [1, 12, 2, 15], "rotation": 270, "texture": "#0"},
				"west": {"uv": [4, 13, 1, 12], "texture": "#0"},
				"up": {"uv": [1, 12, 4, 15], "rotation": 270, "texture": "#0"},
				"down": {"uv": [4, 12, 1, 15], "rotation": 270, "texture": "#0"}
			}
		},
		{
			"from": [1, 15, 7],
			"to": [7, 15.75, 9],
			"rotation": {"angle": 0, "axis": "y", "origin": [8, 8, 8]},
			"faces": {
				"north": {"uv": [8, 1, 9, 7], "rotation": 90, "texture": "#0"},
				"east": {"uv": [9, 7, 7, 6], "texture": "#0"},
				"south": {"uv": [7, 1, 8, 7], "rotation": 270, "texture": "#0"},
				"west": {"uv": [9, 2, 7, 1], "texture": "#0"},
				"up": {"uv": [7, 1, 9, 7], "rotation": 270, "texture": "#0"},
				"down": {"uv": [7, 1, 9, 7], "rotation": 270, "texture": "#0"}
			}
		},
		{
			"from": [7, 15, 9],
			"to": [9, 15.75, 15],
			"rotation": {"angle": 0, "axis": "y", "origin": [8, 8, 8]},
			"faces": {
				"north": {"uv": [6, 7, 7, 9], "rotation": 180, "texture": "#0"},
				"east": {"uv": [1, 9, 7, 8], "texture": "#0"},
				"south": {"uv": [7, 1, 9, 2], "rotation": 180, "texture": "#0"},
				"west": {"uv": [7, 8, 1, 7], "texture": "#0"},
				"up": {"uv": [1, 7, 7, 9], "rotation": 270, "texture": "#0"},
				"down": {"uv": [7, 1, 9, 7], "texture": "#0"}
			}
		},
		{
			"from": [7, 14.7, 9.41421],
			"to": [9, 15.7, 10.11421],
			"rotation": {"angle": -45, "axis": "y", "origin": [8, 8, 8]},
			"faces": {
				"north": {"uv": [9, 6, 8, 7], "rotation": 90, "texture": "#0"},
				"east": {"uv": [9, 6, 8, 7], "rotation": 270, "texture": "#0"},
				"south": {"uv": [9, 6, 8, 7], "rotation": 270, "texture": "#0"},
				"west": {"uv": [9, 6, 8, 7], "rotation": 270, "texture": "#0"},
				"up": {"uv": [9, 6, 8, 7], "rotation": 270, "texture": "#0"},
				"down": {"uv": [9, 6, 8, 7], "rotation": 270, "texture": "#0"}
			}
		},
		{
			"from": [9, 15, 7],
			"to": [15, 15.75, 9],
			"rotation": {"angle": 0, "axis": "y", "origin": [8, 8, 8]},
			"faces": {
				"north": {"uv": [8, 9, 9, 15], "rotation": 90, "texture": "#0"},
				"east": {"uv": [9, 15, 7, 14], "rotation": 270, "texture": "#0"},
				"south": {"uv": [7, 9, 8, 15], "rotation": 270, "texture": "#0"},
				"west": {"uv": [9, 10, 7, 9], "rotation": 270, "texture": "#0"},
				"up": {"uv": [7, 9, 9, 15], "rotation": 270, "texture": "#0"},
				"down": {"uv": [7, 9, 9, 15], "rotation": 270, "texture": "#0"}
			}
		},
		{
			"from": [7, 14.7, 9.41421],
			"to": [9, 15.7, 10.11421],
			"rotation": {"angle": 45, "axis": "y", "origin": [8, 8, 8]},
			"faces": {
				"north": {"uv": [8, 10, 7, 9], "rotation": 90, "texture": "#0"},
				"east": {"uv": [7, 9, 8, 10], "rotation": 270, "texture": "#0"},
				"south": {"uv": [8, 10, 7, 9], "rotation": 270, "texture": "#0"},
				"west": {"uv": [7, 9, 8, 10], "rotation": 270, "texture": "#0"},
				"up": {"uv": [8, 10, 7, 9], "rotation": 270, "texture": "#0"},
				"down": {"uv": [9, 7, 8, 6], "rotation": 270, "texture": "#0"}
			}
		},
		{
			"from": [7, 14.7, 5.88579],
			"to": [9, 15.7, 6.58579],
			"rotation": {"angle": -45, "axis": "y", "origin": [8, 8, 8]},
			"faces": {
				"north": {"uv": [7, 10, 8, 9], "rotation": 90, "texture": "#0"},
				"east": {"uv": [7, 10, 8, 9], "rotation": 270, "texture": "#0"},
				"south": {"uv": [7, 10, 8, 9], "rotation": 270, "texture": "#0"},
				"west": {"uv": [7, 10, 8, 9], "rotation": 270, "texture": "#0"},
				"up": {"uv": [7, 10, 8, 9], "rotation": 270, "texture": "#0"},
				"down": {"uv": [8, 7, 9, 6], "rotation": 270, "texture": "#0"}
			}
		},
		{
			"from": [7, 15, 1],
			"to": [9, 15.75, 7],
			"rotation": {"angle": 0, "axis": "y", "origin": [8, 8, 8]},
			"faces": {
				"north": {"uv": [7, 14, 9, 15], "rotation": 90, "texture": "#0"},
				"east": {"uv": [9, 9, 15, 8], "texture": "#0"},
				"south": {"uv": [9, 7, 10, 9], "rotation": 90, "texture": "#0"},
				"west": {"uv": [15, 8, 9, 7], "texture": "#0"},
				"up": {"uv": [9, 7, 15, 9], "rotation": 270, "texture": "#0"},
				"down": {"uv": [7, 9, 9, 15], "texture": "#0"}
			}
		},
		{
			"from": [7, 14.7, 5.88579],
			"to": [9, 15.7, 6.58579],
			"rotation": {"angle": 45, "axis": "y", "origin": [8, 8, 8]},
			"faces": {
				"north": {"uv": [8, 6, 9, 7], "rotation": 90, "texture": "#0"},
				"east": {"uv": [9, 7, 8, 6], "rotation": 270, "texture": "#0"},
				"south": {"uv": [8, 6, 9, 7], "rotation": 270, "texture": "#0"},
				"west": {"uv": [9, 7, 8, 6], "rotation": 270, "texture": "#0"},
				"up": {"uv": [8, 6, 9, 7], "rotation": 270, "texture": "#0"},
				"down": {"uv": [8, 6, 9, 7], "rotation": 270, "texture": "#0"}
			}
		},
		{
			"from": [12, 12, 0.25],
			"to": [15, 15, 1],
			"rotation": {"angle": 0, "axis": "y", "origin": [8, 8, 8]},
			"faces": {
				"north": {"uv": [1, 4, 4, 1], "rotation": 90, "texture": "#0"},
				"east": {"uv": [1, 13, 4, 12], "rotation": 90, "texture": "#0"},
				"south": {"uv": [4, 15, 1, 12], "rotation": 270, "texture": "#0"},
				"west": {"uv": [1, 4, 4, 3], "rotation": 270, "texture": "#0"},
				"up": {"uv": [1, 15, 2, 12], "rotation": 270, "texture": "#0"},
				"down": {"uv": [3, 4, 4, 1], "rotation": 270, "texture": "#0"}
			}
		},
		{
			"from": [12, 1, 0.25],
			"to": [15, 4, 1],
			"rotation": {"angle": 0, "axis": "y", "origin": [8, 8, 8]},
			"faces": {
				"north": {"uv": [4, 12, 1, 15], "texture": "#0"},
				"east": {"uv": [12, 13, 15, 12], "rotation": 90, "texture": "#0"},
				"south": {"uv": [4, 15, 1, 12], "rotation": 270, "texture": "#0"},
				"west": {"uv": [12, 4, 15, 3], "rotation": 270, "texture": "#0"},
				"up": {"uv": [12, 4, 13, 1], "rotation": 270, "texture": "#0"},
				"down": {"uv": [3, 15, 4, 12], "rotation": 270, "texture": "#0"}
			}
		},
		{
			"from": [1, 1, 0.25],
			"to": [4, 4, 1],
			"rotation": {"angle": 0, "axis": "y", "origin": [8, 8, 8]},
			"faces": {
				"north": {"uv": [12, 15, 15, 12], "rotation": 90, "texture": "#0"},
				"east": {"uv": [12, 13, 15, 12], "rotation": 90, "texture": "#0"},
				"south": {"uv": [4, 15, 1, 12], "rotation": 270, "texture": "#0"},
				"west": {"uv": [1, 15, 4, 14], "rotation": 270, "texture": "#0"},
				"up": {"uv": [12, 15, 13, 12], "rotation": 270, "texture": "#0"},
				"down": {"uv": [3, 15, 4, 12], "rotation": 270, "texture": "#0"}
			}
		},
		{
			"from": [1, 12, 0.25],
			"to": [4, 15, 1],
			"rotation": {"angle": 0, "axis": "y", "origin": [8, 8, 8]},
			"faces": {
				"north": {"uv": [1, 15, 4, 12], "rotation": 90, "texture": "#0"},
				"east": {"uv": [1, 13, 4, 12], "rotation": 90, "texture": "#0"},
				"south": {"uv": [4, 15, 1, 12], "rotation": 270, "texture": "#0"},
				"west": {"uv": [1, 15, 4, 14], "rotation": 270, "texture": "#0"},
				"up": {"uv": [1, 15, 2, 12], "rotation": 270, "texture": "#0"},
				"down": {"uv": [3, 15, 4, 12], "rotation": 270, "texture": "#0"}
			}
		},
		{
			"from": [9, 7, 0.25],
			"to": [15, 9, 1],
			"rotation": {"angle": 0, "axis": "y", "origin": [8, 8, 8]},
			"faces": {
				"north": {"uv": [7, 7, 9, 1], "rotation": 90, "texture": "#0"},
				"east": {"uv": [7, 2, 9, 1], "rotation": 90, "texture": "#0"},
				"south": {"uv": [7, 7, 9, 1], "rotation": 270, "texture": "#0"},
				"west": {"uv": [7, 7, 9, 6], "rotation": 270, "texture": "#0"},
				"up": {"uv": [7, 7, 8, 1], "rotation": 270, "texture": "#0"},
				"down": {"uv": [8, 7, 9, 1], "rotation": 270, "texture": "#0"}
			}
		},
		{
			"from": [7, 9, 0.25],
			"to": [9, 15, 1],
			"rotation": {"angle": 0, "axis": "y", "origin": [8, 8, 8]},
			"faces": {
				"north": {"uv": [1, 9, 7, 7], "rotation": 90, "texture": "#0"},
				"east": {"uv": [1, 8, 7, 7], "rotation": 90, "texture": "#0"},
				"south": {"uv": [9, 1, 7, 7], "texture": "#0"},
				"west": {"uv": [7, 9, 1, 8], "rotation": 270, "texture": "#0"},
				"up": {"uv": [9, 1, 7, 2], "rotation": 180, "texture": "#0"},
				"down": {"uv": [7, 7, 6, 9], "texture": "#0"}
			}
		},
		{
			"from": [7, 9.41421, 0.3],
			"to": [9, 10.11421, 1.3],
			"rotation": {"angle": -45, "axis": "z", "origin": [8, 8, 8]},
			"faces": {
				"north": {"uv": [9, 7, 8, 6], "rotation": 90, "texture": "#0"},
				"east": {"uv": [9, 7, 8, 6], "texture": "#0"},
				"south": {"uv": [9, 7, 8, 6], "rotation": 270, "texture": "#0"},
				"west": {"uv": [9, 7, 8, 6], "rotation": 180, "texture": "#0"},
				"up": {"uv": [9, 7, 8, 6], "rotation": 270, "texture": "#0"},
				"down": {"uv": [9, 7, 8, 6], "rotation": 270, "texture": "#0"}
			}
		},
		{
			"from": [1, 7, 0.25],
			"to": [7, 9, 1],
			"rotation": {"angle": 0, "axis": "y", "origin": [8, 8, 8]},
			"faces": {
				"north": {"uv": [7, 15, 9, 9], "rotation": 90, "texture": "#0"},
				"east": {"uv": [9, 9, 7, 10], "texture": "#0"},
				"south": {"uv": [7, 15, 9, 9], "rotation": 270, "texture": "#0"},
				"west": {"uv": [9, 14, 7, 15], "rotation": 180, "texture": "#0"},
				"up": {"uv": [7, 15, 8, 9], "rotation": 270, "texture": "#0"},
				"down": {"uv": [8, 15, 9, 9], "rotation": 270, "texture": "#0"}
			}
		},
		{
			"from": [7, 9.41421, 0.3],
			"to": [9, 10.11421, 1.3],
			"rotation": {"angle": 45, "axis": "z", "origin": [8, 8, 8]},
			"faces": {
				"north": {"uv": [8, 9, 7, 10], "rotation": 90, "texture": "#0"},
				"east": {"uv": [7, 10, 8, 9], "texture": "#0"},
				"south": {"uv": [9, 6, 8, 7], "rotation": 270, "texture": "#0"},
				"west": {"uv": [7, 10, 8, 9], "rotation": 180, "texture": "#0"},
				"up": {"uv": [8, 9, 7, 10], "rotation": 270, "texture": "#0"},
				"down": {"uv": [8, 9, 7, 10], "rotation": 270, "texture": "#0"}
			}
		},
		{
			"from": [7, 5.88579, 0.3],
			"to": [9, 6.58579, 1.3],
			"rotation": {"angle": -45, "axis": "z", "origin": [8, 8, 8]},
			"faces": {
				"north": {"uv": [7, 9, 8, 10], "rotation": 90, "texture": "#0"},
				"east": {"uv": [7, 9, 8, 10], "texture": "#0"},
				"south": {"uv": [8, 6, 9, 7], "rotation": 270, "texture": "#0"},
				"west": {"uv": [7, 9, 8, 10], "rotation": 180, "texture": "#0"},
				"up": {"uv": [7, 9, 8, 10], "rotation": 270, "texture": "#0"},
				"down": {"uv": [7, 9, 8, 10], "rotation": 270, "texture": "#0"}
			}
		},
		{
			"from": [7, 1, 0.25],
			"to": [9, 7, 1],
			"rotation": {"angle": 0, "axis": "y", "origin": [8, 8, 8]},
			"faces": {
				"north": {"uv": [9, 9, 15, 7], "rotation": 90, "texture": "#0"},
				"east": {"uv": [9, 8, 15, 7], "rotation": 90, "texture": "#0"},
				"south": {"uv": [9, 9, 7, 15], "texture": "#0"},
				"west": {"uv": [15, 9, 9, 8], "rotation": 270, "texture": "#0"},
				"up": {"uv": [9, 9, 10, 7], "rotation": 90, "texture": "#0"},
				"down": {"uv": [7, 15, 9, 14], "rotation": 270, "texture": "#0"}
			}
		},
		{
			"from": [7, 5.88579, 0.3],
			"to": [9, 6.58579, 1.3],
			"rotation": {"angle": 45, "axis": "z", "origin": [8, 8, 8]},
			"faces": {
				"north": {"uv": [8, 7, 9, 6], "rotation": 90, "texture": "#0"},
				"east": {"uv": [9, 6, 8, 7], "texture": "#0"},
				"south": {"uv": [8, 7, 9, 6], "rotation": 270, "texture": "#0"},
				"west": {"uv": [9, 6, 8, 7], "rotation": 180, "texture": "#0"},
				"up": {"uv": [8, 7, 9, 6], "rotation": 270, "texture": "#0"},
				"down": {"uv": [8, 7, 9, 6], "rotation": 270, "texture": "#0"}
			}
		},
		{
			"from": [1, 12, 15],
			"to": [4, 15, 15.75],
			"rotation": {"angle": 0, "axis": "y", "origin": [8, 8, 8]},
			"faces": {
				"north": {"uv": [1, 12, 4, 15], "rotation": 90, "texture": "#0"},
				"east": {"uv": [1, 4, 4, 3], "rotation": 270, "texture": "#0"},
				"south": {"uv": [4, 1, 1, 4], "rotation": 270, "texture": "#0"},
				"west": {"uv": [1, 13, 4, 12], "rotation": 90, "texture": "#0"},
				"up": {"uv": [2, 12, 1, 15], "rotation": 270, "texture": "#0"},
				"down": {"uv": [4, 1, 3, 4], "rotation": 270, "texture": "#0"}
			}
		},
		{
			"from": [1, 1, 15],
			"to": [4, 4, 15.75],
			"rotation": {"angle": 0, "axis": "y", "origin": [8, 8, 8]},
			"faces": {
				"north": {"uv": [1, 12, 4, 15], "rotation": 90, "texture": "#0"},
				"east": {"uv": [12, 4, 15, 3], "rotation": 270, "texture": "#0"},
				"south": {"uv": [1, 15, 4, 12], "rotation": 180, "texture": "#0"},
				"west": {"uv": [12, 13, 15, 12], "rotation": 90, "texture": "#0"},
				"up": {"uv": [13, 1, 12, 4], "rotation": 270, "texture": "#0"},
				"down": {"uv": [4, 12, 3, 15], "rotation": 270, "texture": "#0"}
			}
		},
		{
			"from": [12, 1, 15],
			"to": [15, 4, 15.75],
			"rotation": {"angle": 0, "axis": "y", "origin": [8, 8, 8]},
			"faces": {
				"north": {"uv": [1, 12, 4, 15], "rotation": 90, "texture": "#0"},
				"east": {"uv": [1, 15, 4, 14], "rotation": 270, "texture": "#0"},
				"south": {"uv": [15, 12, 12, 15], "rotation": 270, "texture": "#0"},
				"west": {"uv": [12, 13, 15, 12], "rotation": 90, "texture": "#0"},
				"up": {"uv": [13, 12, 12, 15], "rotation": 270, "texture": "#0"},
				"down": {"uv": [4, 12, 3, 15], "rotation": 270, "texture": "#0"}
			}
		},
		{
			"from": [12, 12, 15],
			"to": [15, 15, 15.75],
			"rotation": {"angle": 0, "axis": "y", "origin": [8, 8, 8]},
			"faces": {
				"north": {"uv": [1, 12, 4, 15], "rotation": 90, "texture": "#0"},
				"east": {"uv": [1, 15, 4, 14], "rotation": 270, "texture": "#0"},
				"south": {"uv": [4, 12, 1, 15], "rotation": 270, "texture": "#0"},
				"west": {"uv": [1, 13, 4, 12], "rotation": 90, "texture": "#0"},
				"up": {"uv": [2, 12, 1, 15], "rotation": 270, "texture": "#0"},
				"down": {"uv": [4, 12, 3, 15], "rotation": 270, "texture": "#0"}
			}
		},
		{
			"from": [1, 7, 15],
			"to": [7, 9, 15.75],
			"rotation": {"angle": 0, "axis": "y", "origin": [8, 8, 8]},
			"faces": {
				"north": {"uv": [9, 1, 7, 7], "rotation": 90, "texture": "#0"},
				"east": {"uv": [7, 7, 9, 6], "rotation": 270, "texture": "#0"},
				"south": {"uv": [9, 1, 7, 7], "rotation": 270, "texture": "#0"},
				"west": {"uv": [7, 2, 9, 1], "rotation": 90, "texture": "#0"},
				"up": {"uv": [8, 1, 7, 7], "rotation": 270, "texture": "#0"},
				"down": {"uv": [9, 1, 8, 7], "rotation": 270, "texture": "#0"}
			}
		},
		{
			"from": [7, 9, 15],
			"to": [9, 15, 15.75],
			"rotation": {"angle": 0, "axis": "y", "origin": [8, 8, 8]},
			"faces": {
				"north": {"uv": [7, 7, 9, 1], "rotation": 180, "texture": "#0"},
				"east": {"uv": [7, 9, 1, 8], "rotation": 270, "texture": "#0"},
				"south": {"uv": [7, 7, 1, 9], "rotation": 270, "texture": "#0"},
				"west": {"uv": [1, 8, 7, 7], "rotation": 90, "texture": "#0"},
				"up": {"uv": [7, 2, 9, 1], "rotation": 180, "texture": "#0"},
				"down": {"uv": [6, 9, 7, 7], "texture": "#0"}
			}
		},
		{
			"from": [7, 9.41421, 14.7],
			"to": [9, 10.11421, 15.7],
			"rotation": {"angle": 45, "axis": "z", "origin": [8, 8, 8]},
			"faces": {
				"north": {"uv": [8, 6, 9, 7], "rotation": 90, "texture": "#0"},
				"east": {"uv": [9, 7, 8, 6], "rotation": 180, "texture": "#0"},
				"south": {"uv": [8, 6, 9, 7], "rotation": 270, "texture": "#0"},
				"west": {"uv": [9, 7, 8, 6], "texture": "#0"},
				"up": {"uv": [8, 6, 9, 7], "rotation": 270, "texture": "#0"},
				"down": {"uv": [8, 6, 9, 7], "rotation": 270, "texture": "#0"}
			}
		},
		{
			"from": [9, 7, 15],
			"to": [15, 9, 15.75],
			"rotation": {"angle": 0, "axis": "y", "origin": [8, 8, 8]},
			"faces": {
				"north": {"uv": [9, 9, 7, 15], "rotation": 90, "texture": "#0"},
				"east": {"uv": [9, 14, 7, 15], "rotation": 180, "texture": "#0"},
				"south": {"uv": [9, 9, 7, 15], "rotation": 270, "texture": "#0"},
				"west": {"uv": [9, 9, 7, 10], "texture": "#0"},
				"up": {"uv": [8, 9, 7, 15], "rotation": 270, "texture": "#0"},
				"down": {"uv": [9, 9, 8, 15], "rotation": 270, "texture": "#0"}
			}
		},
		{
			"from": [7, 9.41421, 14.7],
			"to": [9, 10.11421, 15.7],
			"rotation": {"angle": -45, "axis": "z", "origin": [8, 8, 8]},
			"faces": {
				"north": {"uv": [8, 7, 9, 6], "rotation": 90, "texture": "#0"},
				"east": {"uv": [7, 10, 8, 9], "rotation": 180, "texture": "#0"},
				"south": {"uv": [7, 10, 8, 9], "rotation": 270, "texture": "#0"},
				"west": {"uv": [7, 10, 8, 9], "texture": "#0"},
				"up": {"uv": [7, 10, 8, 9], "rotation": 270, "texture": "#0"},
				"down": {"uv": [7, 10, 8, 9], "rotation": 270, "texture": "#0"}
			}
		},
		{
			"from": [7, 5.88579, 14.7],
			"to": [9, 6.58579, 15.7],
			"rotation": {"angle": 45, "axis": "z", "origin": [8, 8, 8]},
			"faces": {
				"north": {"uv": [9, 7, 8, 6], "rotation": 90, "texture": "#0"},
				"east": {"uv": [7, 9, 8, 10], "rotation": 180, "texture": "#0"},
				"south": {"uv": [8, 10, 7, 9], "rotation": 270, "texture": "#0"},
				"west": {"uv": [7, 9, 8, 10], "texture": "#0"},
				"up": {"uv": [8, 10, 7, 9], "rotation": 270, "texture": "#0"},
				"down": {"uv": [8, 10, 7, 9], "rotation": 270, "texture": "#0"}
			}
		},
		{
			"from": [7, 1, 15],
			"to": [9, 7, 15.75],
			"rotation": {"angle": 0, "axis": "y", "origin": [8, 8, 8]},
			"faces": {
				"north": {"uv": [7, 15, 9, 9], "rotation": 180, "texture": "#0"},
				"east": {"uv": [15, 9, 9, 8], "rotation": 270, "texture": "#0"},
				"south": {"uv": [15, 7, 9, 9], "rotation": 270, "texture": "#0"},
				"west": {"uv": [9, 8, 15, 7], "rotation": 90, "texture": "#0"},
				"up": {"uv": [10, 7, 9, 9], "rotation": 90, "texture": "#0"},
				"down": {"uv": [9, 14, 7, 15], "rotation": 270, "texture": "#0"}
			}
		},
		{
			"from": [7, 5.88579, 14.7],
			"to": [9, 6.58579, 15.7],
			"rotation": {"angle": -45, "axis": "z", "origin": [8, 8, 8]},
			"faces": {
				"north": {"uv": [9, 6, 8, 7], "rotation": 90, "texture": "#0"},
				"east": {"uv": [9, 6, 8, 7], "rotation": 180, "texture": "#0"},
				"south": {"uv": [9, 6, 8, 7], "rotation": 270, "texture": "#0"},
				"west": {"uv": [9, 6, 8, 7], "texture": "#0"},
				"up": {"uv": [9, 6, 8, 7], "rotation": 270, "texture": "#0"},
				"down": {"uv": [9, 6, 8, 7], "rotation": 270, "texture": "#0"}
			}
		}
	],
	"groups": [
		0,
		{
			"name": "Frame",
			"origin": [0.5, 8, 8],
			"color": 0,
			"children": [1, 2, 3, 4, 5, 6, 7, 8, 9, 10, 11, 12]
		},
		{
			"name": "Face Details",
			"origin": [0.3, 9, 9],
			"color": 0,
			"children": [13, 14, 15, 16, 17, 18, 19, 20, 21, 22, 23, 24]
		},
		{
			"name": "Face Details",
			"origin": [0.3, 9, 9],
			"color": 0,
			"children": [25, 26, 27, 28, 29, 30, 31, 32, 33, 34, 35, 36]
		},
		{
			"name": "Face Details",
			"origin": [0.3, 9, 9],
			"color": 0,
			"children": [37, 38, 39, 40, 41, 42, 43, 44, 45, 46, 47, 48]
		},
		{
			"name": "Face Details",
			"origin": [0.3, 9, 9],
			"color": 0,
			"children": [49, 50, 51, 52, 53, 54, 55, 56, 57, 58, 59, 60]
		},
		{
			"name": "Face Details",
			"origin": [0.3, 9, 9],
			"color": 0,
			"children": [61, 62, 63, 64, 65, 66, 67, 68, 69, 70, 71, 72]
		},
		{
			"name": "Face Details",
			"origin": [0.3, 9, 9],
			"color": 0,
			"children": [73, 74, 75, 76, 77, 78, 79, 80, 81, 82, 83, 84]
		}
	]
}