{
	"format_version": "1.21.6",
	"credit": "Made with Blockbench",
	"parent": "minecraft:block/template_hanging_lantern",
	"textures": {
		"1": "block/weathered_copper_chain",
		"lantern": "block/weathered_copper_lantern",
		"particle": "block/weathered_copper_chain"
	},
	"elements": [
		{
			"from": [5.25, 1.25, 5.25],
			"to": [10.75, 7.75, 10.75],
			"rotation": {"angle": 0, "axis": "y", "origin": [0, 1, 0]},
			"faces": {
				"north": {"uv": [0.25, 2.25, 5.75, 8.75], "texture": "#lantern"},
				"east": {"uv": [0.25, 2.25, 5.75, 8.75], "texture": "#lantern"},
				"south": {"uv": [0.25, 2.25, 5.75, 8.75], "texture": "#lantern"},
				"west": {"uv": [0.25, 2.25, 5.75, 8.75], "texture": "#lantern"},
				"up": {"uv": [0, 9, 6, 15], "texture": "#lantern"},
				"down": {"uv": [0, 9, 6, 15], "texture": "#lantern", "cullface": "down"}
			}
		},
		{
			"from": [6, 8, 6],
			"to": [10, 10, 10],
			"rotation": {"angle": 0, "axis": "y", "origin": [0, 1, 0]},
			"faces": {
				"north": {"uv": [1, 0, 5, 2], "texture": "#lantern"},
				"east": {"uv": [1, 0, 5, 2], "texture": "#lantern"},
				"south": {"uv": [1, 0, 5, 2], "texture": "#lantern"},
				"west": {"uv": [1, 0, 5, 2], "texture": "#lantern"},
				"up": {"uv": [1, 10, 5, 14], "texture": "#lantern"},
				"down": {"uv": [0, 0, 0, 0], "texture": "#lantern"}
			}
		},
		{
			"from": [5, 1, 5],
			"to": [11, 2, 11],
			"rotation": {"angle": 0, "axis": "y", "origin": [5, 1, 5]},
			"faces": {
				"north": {"uv": [0, 8, 6, 9], "texture": "#lantern"},
				"east": {"uv": [0, 8, 6, 9], "texture": "#lantern"},
				"south": {"uv": [0, 8, 6, 9], "texture": "#lantern"},
				"west": {"uv": [0, 8, 6, 9], "texture": "#lantern"},
				"up": {"uv": [0, 9, 6, 15], "texture": "#lantern"},
				"down": {"uv": [0, 9, 6, 15], "texture": "#lantern"}
			}
		},
		{
			"from": [5, 7, 5],
			"to": [11, 8, 11],
			"rotation": {"angle": 0, "axis": "y", "origin": [5, 7, 5]},
			"faces": {
				"north": {"uv": [0, 8, 6, 9], "texture": "#lantern"},
				"east": {"uv": [0, 8, 6, 9], "texture": "#lantern"},
				"south": {"uv": [0, 8, 6, 9], "texture": "#lantern"},
				"west": {"uv": [0, 8, 6, 9], "texture": "#lantern"},
				"up": {"uv": [0, 9, 6, 15], "texture": "#lantern"},
				"down": {"uv": [0, 9, 6, 15], "texture": "#lantern"}
			}
		},
		{
			"from": [10, 2, 5],
			"to": [11, 7, 6],
			"rotation": {"angle": 0, "axis": "y", "origin": [11, 1, 5]},
			"faces": {
				"north": {"uv": [5, 3, 6, 8], "texture": "#lantern"},
				"east": {"uv": [5, 3, 6, 8], "texture": "#lantern"},
				"south": {"uv": [5, 3, 6, 8], "texture": "#lantern"},
				"west": {"uv": [5, 3, 6, 8], "texture": "#lantern"},
				"up": {"uv": [5, 2, 6, 3], "texture": "#lantern"},
				"down": {"uv": [5, 2, 6, 3], "texture": "#lantern"}
			}
		},
		{
			"from": [5, 2, 5],
			"to": [6, 7, 6],
			"rotation": {"angle": 0, "axis": "y", "origin": [5, 1, 5]},
			"faces": {
				"north": {"uv": [6, 3, 5, 8], "texture": "#lantern"},
				"east": {"uv": [6, 3, 5, 8], "texture": "#lantern"},
				"south": {"uv": [6, 3, 5, 8], "texture": "#lantern"},
				"west": {"uv": [6, 3, 5, 8], "texture": "#lantern"},
				"up": {"uv": [6, 2, 5, 3], "texture": "#lantern"},
				"down": {"uv": [6, 2, 5, 3], "texture": "#lantern"}
			}
		},
		{
			"from": [10, 2, 10],
			"to": [11, 7, 11],
			"rotation": {"angle": 0, "axis": "y", "origin": [11, 1, 11]},
			"faces": {
				"north": {"uv": [6, 3, 5, 8], "texture": "#lantern"},
				"east": {"uv": [6, 3, 5, 8], "texture": "#lantern"},
				"south": {"uv": [6, 3, 5, 8], "texture": "#lantern"},
				"west": {"uv": [6, 3, 5, 8], "texture": "#lantern"},
				"up": {"uv": [5, 3, 6, 2], "texture": "#lantern"},
				"down": {"uv": [5, 3, 6, 2], "texture": "#lantern"}
			}
		},
		{
			"from": [5, 2, 10],
			"to": [6, 7, 11],
			"rotation": {"angle": 0, "axis": "y", "origin": [5, 1, 11]},
			"faces": {
				"north": {"uv": [5, 3, 6, 8], "texture": "#lantern"},
				"east": {"uv": [5, 3, 6, 8], "texture": "#lantern"},
				"south": {"uv": [5, 3, 6, 8], "texture": "#lantern"},
				"west": {"uv": [5, 3, 6, 8], "texture": "#lantern"},
				"up": {"uv": [6, 3, 5, 2], "texture": "#lantern"},
				"down": {"uv": [6, 3, 5, 2], "texture": "#lantern"}
			}
		},
		{
			"from": [8.5, 10, 7.75],
			"to": [9.5, 12, 8.25],
			"rotation": {"angle": -45, "axis": "y", "origin": [8, 5, 8]},
			"faces": {
				"north": {"uv": [3, 14, 4, 16], "texture": "#1"},
				"east": {"uv": [3, 14, 4, 16], "texture": "#1"},
				"south": {"uv": [3, 14, 4, 16], "texture": "#1"},
				"west": {"uv": [3, 14, 4, 16], "texture": "#1"},
				"up": {"uv": [3, 14, 4, 15], "texture": "#1"},
				"down": {"uv": [3, 15, 4, 16], "texture": "#1"}
			}
		},
		{
			"from": [6.5, 10, 7.75],
			"to": [7.5, 12, 8.25],
			"rotation": {"angle": -45, "axis": "y", "origin": [8, 5, 8]},
			"faces": {
				"north": {"uv": [5, 14, 6, 16], "texture": "#1"},
				"east": {"uv": [5, 14, 6, 16], "texture": "#1"},
				"south": {"uv": [5, 14, 6, 16], "texture": "#1"},
				"west": {"uv": [5, 14, 6, 16], "texture": "#1"},
				"up": {"uv": [5, 14, 6, 15], "texture": "#1"},
				"down": {"uv": [5, 15, 6, 16], "texture": "#1"}
			}
		},
		{
			"from": [7.5, 11, 7.75],
			"to": [8.5, 12.05, 8.25],
			"rotation": {"angle": -45, "axis": "y", "origin": [8, 5, 8]},
			"faces": {
				"north": {"uv": [4, 14, 5, 15], "texture": "#1"},
				"east": {"uv": [5, 14, 6, 16], "texture": "#1"},
				"south": {"uv": [4, 14, 5, 15], "texture": "#1"},
				"west": {"uv": [5, 14, 6, 16], "texture": "#1"},
				"up": {"uv": [4, 14, 5, 15], "texture": "#1"},
				"down": {"uv": [4, 14, 5, 15], "texture": "#1"}
			}
		},
		{
			"from": [7.5, 13.9, 7.75],
			"to": [8.5, 15, 8.25],
			"rotation": {"angle": -45, "axis": "y", "origin": [8, 8, 8]},
			"faces": {
				"north": {"uv": [4, 2, 5, 1], "texture": "#1"},
				"east": {"uv": [5, 16, 6, 14], "texture": "#1"},
				"south": {"uv": [4, 2, 5, 1], "texture": "#1"},
				"west": {"uv": [5, 16, 6, 14], "texture": "#1"},
				"up": {"uv": [4, 2, 5, 1], "texture": "#1"},
				"down": {"uv": [4, 2, 5, 1], "texture": "#1"}
			}
		},
		{
			"from": [6.5, 14, 7.75],
			"to": [7.5, 16, 8.25],
			"rotation": {"angle": -45, "axis": "y", "origin": [8, 8, 8]},
			"faces": {
				"north": {"uv": [5, 16, 6, 14], "texture": "#1"},
				"east": {"uv": [5, 16, 6, 14], "texture": "#1"},
				"south": {"uv": [5, 16, 6, 14], "texture": "#1"},
				"west": {"uv": [5, 16, 6, 14], "texture": "#1"},
				"up": {"uv": [5, 16, 6, 15], "texture": "#1"},
				"down": {"uv": [5, 15, 6, 14], "texture": "#1"}
			}
		},
		{
			"from": [8.5, 14, 7.75],
			"to": [9.5, 16, 8.25],
			"rotation": {"angle": -45, "axis": "y", "origin": [8, 8, 8]},
			"faces": {
				"north": {"uv": [3, 2, 4, 0], "texture": "#1"},
				"east": {"uv": [3, 2, 4, 0], "texture": "#1"},
				"south": {"uv": [3, 2, 4, 0], "texture": "#1"},
				"west": {"uv": [3, 2, 4, 0], "texture": "#1"},
				"up": {"uv": [3, 2, 4, 0], "texture": "#1"},
				"down": {"uv": [3, 2, 4, 0], "texture": "#1"}
			}
		},
		{
			"from": [7.75, 14, 7.5],
			"to": [8.25, 15.05, 8.5],
			"rotation": {"angle": -45, "axis": "y", "origin": [8, 10, 8]},
			"faces": {
				"north": {"uv": [5, 14, 6, 16], "texture": "#1"},
				"east": {"uv": [4, 14, 5, 15], "texture": "#1"},
				"south": {"uv": [5, 14, 6, 16], "texture": "#1"},
				"west": {"uv": [4, 9, 5, 10], "texture": "#1"},
				"up": {"uv": [4, 14, 5, 15], "rotation": 270, "texture": "#1"},
				"down": {"uv": [4, 14, 5, 15], "rotation": 90, "texture": "#1"}
			}
		},
		{
			"from": [7.75, 12, 6.5],
			"to": [8.25, 15, 7.5],
			"rotation": {"angle": -45, "axis": "y", "origin": [8, 10, 8]},
			"faces": {
				"north": {"uv": [3, 9, 4, 12], "texture": "#1"},
				"east": {"uv": [3, 9, 4, 12], "texture": "#1"},
				"south": {"uv": [3, 9, 4, 12], "texture": "#1"},
				"west": {"uv": [3, 9, 4, 12], "texture": "#1"},
				"up": {"uv": [3, 14, 4, 15], "rotation": 270, "texture": "#1"},
				"down": {"uv": [3, 15, 4, 16], "rotation": 90, "texture": "#1"}
			}
		},
		{
			"from": [7.75, 11, 6.5],
			"to": [8.25, 12, 9.5],
			"rotation": {"angle": -45, "axis": "y", "origin": [8, 10, 8]},
			"faces": {
				"north": {"uv": [3, 12, 4, 13], "texture": "#1"},
				"east": {"uv": [6, 12, 3, 13], "texture": "#1"},
				"south": {"uv": [5, 12, 6, 13], "texture": "#1"},
				"west": {"uv": [3, 12, 6, 13], "texture": "#1"},
				"up": {"uv": [0, 14, 3, 15], "rotation": 90, "texture": "#1"},
				"down": {"uv": [6, 12, 3, 13], "rotation": 90, "texture": "#1"}
			}
		},
		{
			"from": [7.75, 12, 8.5],
			"to": [8.25, 15, 9.5],
			"rotation": {"angle": -45, "axis": "y", "origin": [8, 10, 8]},
			"faces": {
				"north": {"uv": [5, 9, 6, 12], "texture": "#1"},
				"east": {"uv": [5, 9, 6, 12], "texture": "#1"},
				"south": {"uv": [5, 9, 6, 12], "texture": "#1"},
				"west": {"uv": [5, 9, 6, 12], "texture": "#1"},
				"up": {"uv": [5, 14, 6, 15], "rotation": 270, "texture": "#1"},
				"down": {"uv": [5, 15, 6, 16], "rotation": 90, "texture": "#1"}
			}
		}
	],
	"groups": [
		{
			"name": "The Lantern",
			"origin": [5, 0, 5],
			"color": 0,
			"children": [
				0,
				1,
				2,
				3,
				{
					"name": "The FRAME",
					"origin": [5, 0, 5],
					"color": 0,
					"children": [4, 5, 6, 7]
				}
			]
		},
		{
			"name": "Chain Part",
			"origin": [8.5, 3.25, 5.25],
			"color": 0,
			"children": [8, 9, 10]
		},
		{
			"name": "Chain Part",
			"origin": [9, 0, 5],
			"color": 0,
			"children": [11, 12, 13]
		},
		{
			"name": "Chain Part",
			"origin": [8.5, 4.5, 5.25],
			"color": 0,
			"children": [14, 15, 16, 17]
		}
	]
}