{
  "model": {
    "type": "minecraft:select",
    "property": "minecraft:display_context",
    "cases": [
      {
        "when": "gui",
        "model": {
          "type": "minecraft:select",
          "model": "minecraft:item/totem_of_undying_gui",
          "property": "minecraft:component",
          "component": "minecraft:custom_name",
          "cases": [
            {
              "when": "Totem of Never Dying",
              "model": {
                "type": "minecraft:model",
                "model": "minecraft:item/totem_of_never_dying_gui"
              }
            }
          ],
          "fallback": {
            "type": "minecraft:model",
            "model": "minecraft:item/totem_of_undying_gui"
          }
        }
      }
    ],
    "fallback": {
      "type": "minecraft:select",
      "model": "minecraft:item/totem_of_undying",
      "property": "minecraft:component",
      "component": "minecraft:custom_name",
      "cases": [
        {
          "when": "Totem of Never Dying",
          "model": {
            "type": "minecraft:model",
            "model": "minecraft:item/totem_of_never_dying"
          }
        }
      ],
      "fallback": {
        "type": "minecraft:model",
        "model": "minecraft:item/totem_of_undying"
      }
    }
  }
}